Time,C3,C4,P3,P4,PO3,PO4,O1,O2
0.0,50.0,50.0,50.0,50.0,50.0,50.0,50.0,50.0
0.00390625,50.0,50.0,50.0,50.0,50.0,50.0,50.0,50.0
0.0078125,50.0,50.0,50.0,50.0,50.0,50.0,50.0,50.0
0.01171875,50.0,50.0,50.0,50.0,50.0,50.0,50.0,50.0
0.015625,50.0,50.0,50.0,50.0,50.0,50.0,50.0,50.0
0.01953125,50.0,50.0,50.0,50.0,50.0,50.0,50.0,50.0
0.0234375,50.0,50.0,50.0,50.0,50.0,50.0,50.0,50.0
0.02734375,50.0,50.0,50.0,50.0,50.0,50.0,50.0,50.0
0.03125,50.0,50.0,50.0,50.0,50.0,50.0,50.0,50.0
0.03515625,50.0,50.0,50.0,50.0,50.0,50.0,50.0,50.0
0.0390625,50.0,50.0,50.0,50.0,50.0,50.0,50.0,50.0
0.04296875,50.0,50.0,50.0,50.0,50.0,50.0,50.0,50.0
0.046875,50.0,50.0,50.0,50.0,50.0,50.0,50.0,50.0
0.05078125,50.0,50.0,50.0,50.0,50.0,50.0,50.0,50.0
0.0546875,50.0,50.0,50.0,50.0,50.0,50.0,50.0,50.0
0.05859375,50.0,50.0,50.0,50.0,50.0,50.0,50.0,50.0
0.0625,50.0,50.0,50.0,50.0,50.0,50.0,50.0,50.0
0.06640625,50.0,50.0,50.0,50.0,50.0,50.0,50.0,50.0
0.0703125,50.0,50.0,50.0,50.0,50.0,50.0,50.0,50.0
0.07421875,50.0,50.0,50.0,50.0,50.0,50.0,50.0,50.0
0.078125,50.0,50.0,50.0,50.0,50.0,50.0,50.0,50.0
0.08203125,50.0,50.0,50.0,50.0,50.0,50.0,50.0,50.0
0.0859375,50.0,50.0,50.0,50.0,50.0,50.0,50.0,50.0
0.08984375,50.0,50.0,50.0,50.0,50.0,50.0,50.0,50.0
0.09375,50.0,50.0,50.0,50.0,50.0,50.0,50.0,50.0
0.09765625,50.0,50.0,50.0,50.0,50.0,50.0,50.0,50.0
0.1015625,50.0,50.0,50.0,50.0,50.0,50.0,50.0,50.0
0.10546875,50.0,50.0,50.0,50.0,50.0,50.0,50.0,50.0
0.109375,50.0,50.0,50.0,50.0,50.0,50.0,50.0,50.0
0.11328125,50.0,50.0,50.0,50.0,50.0,50.0,50.0,50.0
0.1171875,50.0,50.0,50.0,50.0,50.0,50.0,50.0,50.0
0.12109375,50.0,50.0,50.0,50.0,50.0,50.0,50.0,50.0
0.125,50.0,50.0,50.0,50.0,50.0,50.0,50.0,50.0
0.12890625,50.0,50.0,50.0,50.0,50.0,50.0,50.0,50.0
0.1328125,50.0,50.0,50.0,50.0,50.0,50.0,50.0,50.0
0.13671875,50.0,50.0,50.0,50.0,50.0,50.0,50.0,50.0
0.140625,50.0,50.0,50.0,50.0,50.0,50.0,50.0,50.0
0.14453125,50.0,50.0,50.0,50.0,50.0,50.0,50.0,50.0
0.1484375,50.0,50.0,50.0,50.0,50.0,50.0,50.0,50.0
0.15234375,50.0,50.0,50.0,50.0,50.0,50.0,50.0,50.0
0.15625,50.0,50.0,50.0,50.0,50.0,50.0,50.0,50.0
0.16015625,50.0,50.0,50.0,50.0,50.0,50.0,50.0,50.0
0.1640625,50.0,50.0,50.0,50.0,50.0,50.0,50.0,50.0
0.16796875,50.0,-50.0,50.0,50.0,50.0,-50.0,50.0,50.0
0.171875,50.0,-50.0,50.0,50.0,50.0,-50.0,50.0,50.0
0.17578125,50.0,-50.0,50.0,50.0,50.0,-50.0,50.0,50.0
0.1796875,50.0,-50.0,50.0,50.0,50.0,-50.0,50.0,50.0
0.18359375,50.0,-50.0,50.0,50.0,50.0,-50.0,50.0,50.0
0.1875,50.0,-50.0,50.0,50.0,50.0,-50.0,50.0,50.0
0.19140625,50.0,-50.0,50.0,50.0,50.0,-50.0,50.0,50.0
0.1953125,50.0,-50.0,50.0,50.0,50.0,-50.0,50.0,50.0
0.19921875,50.0,-50.0,50.0,50.0,50.0,-50.0,50.0,50.0
0.203125,50.0,-50.0,-50.0,50.0,50.0,-50.0,-50.0,50.0
0.20703125,50.0,-50.0,-50.0,50.0,50.0,-50.0,-50.0,50.0
0.2109375,50.0,-50.0,-50.0,50.0,50.0,-50.0,-50.0,50.0
0.21484375,50.0,-50.0,-50.0,50.0,50.0,-50.0,-50.0,50.0
0.21875,50.0,-50.0,-50.0,50.0,50.0,-50.0,-50.0,50.0
0.22265625,50.0,-50.0,-50.0,50.0,50.0,-50.0,-50.0,50.0
0.2265625,50.0,-50.0,-50.0,50.0,50.0,-50.0,-50.0,50.0
0.23046875,50.0,-50.0,-50.0,50.0,50.0,-50.0,-50.0,50.0
0.234375,50.0,-50.0,-50.0,50.0,50.0,-50.0,-50.0,50.0
0.23828125,50.0,-50.0,-50.0,50.0,50.0,-50.0,-50.0,50.0
0.2421875,50.0,-50.0,-50.0,50.0,50.0,-50.0,-50.0,50.0
0.24609375,50.0,-50.0,-50.0,50.0,50.0,-50.0,-50.0,50.0
0.25,-50.0,-50.0,-50.0,50.0,-50.0,-50.0,-50.0,50.0
0.25390625,-50.0,-50.0,-50.0,50.0,-50.0,-50.0,-50.0,50.0
0.2578125,-50.0,-50.0,-50.0,50.0,-50.0,-50.0,-50.0,50.0
0.26171875,-50.0,-50.0,-50.0,50.0,-50.0,-50.0,-50.0,50.0
0.265625,-50.0,-50.0,-50.0,50.0,-50.0,-50.0,-50.0,50.0
0.26953125,-50.0,-50.0,-50.0,50.0,-50.0,-50.0,-50.0,50.0
0.2734375,-50.0,-50.0,-50.0,50.0,-50.0,-50.0,-50.0,50.0
0.27734375,-50.0,-50.0,-50.0,50.0,-50.0,-50.0,-50.0,50.0
0.28125,-50.0,-50.0,-50.0,50.0,-50.0,-50.0,-50.0,50.0
0.28515625,-50.0,-50.0,-50.0,50.0,-50.0,-50.0,-50.0,50.0
0.2890625,-50.0,-50.0,-50.0,50.0,-50.0,-50.0,-50.0,50.0
0.29296875,-50.0,-50.0,-50.0,50.0,-50.0,-50.0,-50.0,50.0
0.296875,-50.0,-50.0,-50.0,50.0,-50.0,-50.0,-50.0,50.0
0.30078125,-50.0,-50.0,-50.0,50.0,-50.0,-50.0,-50.0,50.0
0.3046875,-50.0,-50.0,-50.0,50.0,-50.0,-50.0,-50.0,50.0
0.30859375,-50.0,-50.0,-50.0,50.0,-50.0,-50.0,-50.0,50.0
0.3125,-50.0,-50.0,-50.0,50.0,-50.0,-50.0,-50.0,50.0
0.31640625,-50.0,-50.0,-50.0,50.0,-50.0,-50.0,-50.0,50.0
0.3203125,-50.0,-50.0,-50.0,50.0,-50.0,-50.0,-50.0,50.0
0.32421875,-50.0,-50.0,-50.0,50.0,-50.0,-50.0,-50.0,50.0
0.328125,-50.0,-50.0,-50.0,50.0,-50.0,-50.0,-50.0,50.0
0.33203125,-50.0,-50.0,-50.0,50.0,-50.0,-50.0,-50.0,50.0
0.3359375,-50.0,50.0,-50.0,-50.0,-50.0,50.0,-50.0,-50.0
0.33984375,-50.0,50.0,-50.0,-50.0,-50.0,50.0,-50.0,-50.0
0.34375,-50.0,50.0,-50.0,-50.0,-50.0,50.0,-50.0,-50.0
0.34765625,-50.0,50.0,-50.0,-50.0,-50.0,50.0,-50.0,-50.0
0.3515625,-50.0,50.0,-50.0,-50.0,-50.0,50.0,-50.0,-50.0
0.35546875,-50.0,50.0,-50.0,-50.0,-50.0,50.0,-50.0,-50.0
0.359375,-50.0,50.0,-50.0,-50.0,-50.0,50.0,-50.0,-50.0
0.36328125,-50.0,50.0,-50.0,-50.0,-50.0,50.0,-50.0,-50.0
0.3671875,-50.0,50.0,-50.0,-50.0,-50.0,50.0,-50.0,-50.0
0.37109375,-50.0,50.0,-50.0,-50.0,-50.0,50.0,-50.0,-50.0
0.375,-50.0,50.0,-50.0,-50.0,-50.0,50.0,-50.0,-50.0
0.37890625,-50.0,50.0,-50.0,-50.0,-50.0,50.0,-50.0,-50.0
0.3828125,-50.0,50.0,-50.0,-50.0,-50.0,50.0,-50.0,-50.0
0.38671875,-50.0,50.0,-50.0,-50.0,-50.0,50.0,-50.0,-50.0
0.390625,-50.0,50.0,-50.0,-50.0,-50.0,50.0,-50.0,-50.0
0.39453125,-50.0,50.0,-50.0,-50.0,-50.0,50.0,-50.0,-50.0
0.3984375,-50.0,50.0,-50.0,-50.0,-50.0,50.0,-50.0,-50.0
0.40234375,-50.0,50.0,50.0,-50.0,-50.0,50.0,50.0,-50.0
0.40625,-50.0,50.0,50.0,-50.0,-50.0,50.0,50.0,-50.0
0.41015625,-50.0,50.0,50.0,-50.0,-50.0,50.0,50.0,-50.0
0.4140625,-50.0,50.0,50.0,-50.0,-50.0,50.0,50.0,-50.0
0.41796875,-50.0,50.0,50.0,-50.0,-50.0,50.0,50.0,-50.0
0.421875,-50.0,50.0,50.0,-50.0,-50.0,50.0,50.0,-50.0
0.42578125,-50.0,50.0,50.0,-50.0,-50.0,50.0,50.0,-50.0
0.4296875,-50.0,50.0,50.0,-50.0,-50.0,50.0,50.0,-50.0
0.43359375,-50.0,50.0,50.0,-50.0,-50.0,50.0,50.0,-50.0
0.4375,-50.0,50.0,50.0,-50.0,-50.0,50.0,50.0,-50.0
0.44140625,-50.0,50.0,50.0,-50.0,-50.0,50.0,50.0,-50.0
0.4453125,-50.0,50.0,50.0,-50.0,-50.0,50.0,50.0,-50.0
0.44921875,-50.0,50.0,50.0,-50.0,-50.0,50.0,50.0,-50.0
0.453125,-50.0,50.0,50.0,-50.0,-50.0,50.0,50.0,-50.0
0.45703125,-50.0,50.0,50.0,-50.0,-50.0,50.0,50.0,-50.0
0.4609375,-50.0,50.0,50.0,-50.0,-50.0,50.0,50.0,-50.0
0.46484375,-50.0,50.0,50.0,-50.0,-50.0,50.0,50.0,-50.0
0.46875,-50.0,50.0,50.0,-50.0,-50.0,50.0,50.0,-50.0
0.47265625,-50.0,50.0,50.0,-50.0,-50.0,50.0,50.0,-50.0
0.4765625,-50.0,50.0,50.0,-50.0,-50.0,50.0,50.0,-50.0
0.48046875,-50.0,50.0,50.0,-50.0,-50.0,50.0,50.0,-50.0
0.484375,-50.0,50.0,50.0,-50.0,-50.0,50.0,50.0,-50.0
0.48828125,-50.0,50.0,50.0,-50.0,-50.0,50.0,50.0,-50.0
0.4921875,-50.0,50.0,50.0,-50.0,-50.0,50.0,50.0,-50.0
0.49609375,-50.0,50.0,50.0,-50.0,-50.0,50.0,50.0,-50.0
0.5,50.0,-50.0,50.0,-50.0,50.0,-50.0,50.0,-50.0
0.50390625,50.0,-50.0,50.0,-50.0,50.0,-50.0,50.0,-50.0
0.5078125,50.0,-50.0,50.0,-50.0,50.0,-50.0,50.0,-50.0
0.51171875,50.0,-50.0,50.0,-50.0,50.0,-50.0,50.0,-50.0
0.515625,50.0,-50.0,50.0,-50.0,50.0,-50.0,50.0,-50.0
0.51953125,50.0,-50.0,50.0,-50.0,50.0,-50.0,50.0,-50.0
0.5234375,50.0,-50.0,50.0,-50.0,50.0,-50.0,50.0,-50.0
0.52734375,50.0,-50.0,50.0,-50.0,50.0,-50.0,50.0,-50.0
0.53125,50.0,-50.0,50.0,-50.0,50.0,-50.0,50.0,-50.0
0.53515625,50.0,-50.0,50.0,-50.0,50.0,-50.0,50.0,-50.0
0.5390625,50.0,-50.0,50.0,-50.0,50.0,-50.0,50.0,-50.0
0.54296875,50.0,-50.0,50.0,-50.0,50.0,-50.0,50.0,-50.0
0.546875,50.0,-50.0,50.0,-50.0,50.0,-50.0,50.0,-50.0
0.55078125,50.0,-50.0,50.0,-50.0,50.0,-50.0,50.0,-50.0
0.5546875,50.0,-50.0,50.0,-50.0,50.0,-50.0,50.0,-50.0
0.55859375,50.0,-50.0,50.0,-50.0,50.0,-50.0,50.0,-50.0
0.5625,50.0,-50.0,50.0,-50.0,50.0,-50.0,50.0,-50.0
0.56640625,50.0,-50.0,50.0,-50.0,50.0,-50.0,50.0,-50.0
0.5703125,50.0,-50.0,50.0,-50.0,50.0,-50.0,50.0,-50.0
0.57421875,50.0,-50.0,50.0,-50.0,50.0,-50.0,50.0,-50.0
0.578125,50.0,-50.0,50.0,-50.0,50.0,-50.0,50.0,-50.0
0.58203125,50.0,-50.0,50.0,-50.0,50.0,-50.0,50.0,-50.0
0.5859375,50.0,-50.0,50.0,-50.0,50.0,-50.0,50.0,-50.0
0.58984375,50.0,-50.0,50.0,-50.0,50.0,-50.0,50.0,-50.0
0.59375,50.0,-50.0,50.0,-50.0,50.0,-50.0,50.0,-50.0
0.59765625,50.0,-50.0,50.0,-50.0,50.0,-50.0,50.0,-50.0
0.6015625,50.0,-50.0,-50.0,-50.0,50.0,-50.0,-50.0,-50.0
0.60546875,50.0,-50.0,-50.0,-50.0,50.0,-50.0,-50.0,-50.0
0.609375,50.0,-50.0,-50.0,-50.0,50.0,-50.0,-50.0,-50.0
0.61328125,50.0,-50.0,-50.0,-50.0,50.0,-50.0,-50.0,-50.0
0.6171875,50.0,-50.0,-50.0,-50.0,50.0,-50.0,-50.0,-50.0
0.62109375,50.0,-50.0,-50.0,-50.0,50.0,-50.0,-50.0,-50.0
0.625,50.0,-50.0,-50.0,-50.0,50.0,-50.0,-50.0,-50.0
0.62890625,50.0,-50.0,-50.0,-50.0,50.0,-50.0,-50.0,-50.0
0.6328125,50.0,-50.0,-50.0,-50.0,50.0,-50.0,-50.0,-50.0
0.63671875,50.0,-50.0,-50.0,-50.0,50.0,-50.0,-50.0,-50.0
0.640625,50.0,-50.0,-50.0,-50.0,50.0,-50.0,-50.0,-50.0
0.64453125,50.0,-50.0,-50.0,-50.0,50.0,-50.0,-50.0,-50.0
0.6484375,50.0,-50.0,-50.0,-50.0,50.0,-50.0,-50.0,-50.0
0.65234375,50.0,-50.0,-50.0,-50.0,50.0,-50.0,-50.0,-50.0
0.65625,50.0,-50.0,-50.0,-50.0,50.0,-50.0,-50.0,-50.0
0.66015625,50.0,-50.0,-50.0,-50.0,50.0,-50.0,-50.0,-50.0
0.6640625,50.0,-50.0,-50.0,-50.0,50.0,-50.0,-50.0,-50.0
0.66796875,50.0,50.0,-50.0,50.0,50.0,50.0,-50.0,50.0
0.671875,50.0,50.0,-50.0,50.0,50.0,50.0,-50.0,50.0
0.67578125,50.0,50.0,-50.0,50.0,50.0,50.0,-50.0,50.0
0.6796875,50.0,50.0,-50.0,50.0,50.0,50.0,-50.0,50.0
0.68359375,50.0,50.0,-50.0,50.0,50.0,50.0,-50.0,50.0
0.6875,50.0,50.0,-50.0,50.0,50.0,50.0,-50.0,50.0
0.69140625,50.0,50.0,-50.0,50.0,50.0,50.0,-50.0,50.0
0.6953125,50.0,50.0,-50.0,50.0,50.0,50.0,-50.0,50.0
0.69921875,50.0,50.0,-50.0,50.0,50.0,50.0,-50.0,50.0
0.703125,50.0,50.0,-50.0,50.0,50.0,50.0,-50.0,50.0
0.70703125,50.0,50.0,-50.0,50.0,50.0,50.0,-50.0,50.0
0.7109375,50.0,50.0,-50.0,50.0,50.0,50.0,-50.0,50.0
0.71484375,50.0,50.0,-50.0,50.0,50.0,50.0,-50.0,50.0
0.71875,50.0,50.0,-50.0,50.0,50.0,50.0,-50.0,50.0
0.72265625,50.0,50.0,-50.0,50.0,50.0,50.0,-50.0,50.0
0.7265625,50.0,50.0,-50.0,50.0,50.0,50.0,-50.0,50.0
0.73046875,50.0,50.0,-50.0,50.0,50.0,50.0,-50.0,50.0
0.734375,50.0,50.0,-50.0,50.0,50.0,50.0,-50.0,50.0
0.73828125,50.0,50.0,-50.0,50.0,50.0,50.0,-50.0,50.0
0.7421875,50.0,50.0,-50.0,50.0,50.0,50.0,-50.0,50.0
0.74609375,50.0,50.0,-50.0,50.0,50.0,50.0,-50.0,50.0
0.75,-50.0,50.0,-50.0,50.0,-50.0,50.0,-50.0,50.0
0.75390625,-50.0,50.0,-50.0,50.0,-50.0,50.0,-50.0,50.0
0.7578125,-50.0,50.0,-50.0,50.0,-50.0,50.0,-50.0,50.0
0.76171875,-50.0,50.0,-50.0,50.0,-50.0,50.0,-50.0,50.0
0.765625,-50.0,50.0,-50.0,50.0,-50.0,50.0,-50.0,50.0
0.76953125,-50.0,50.0,-50.0,50.0,-50.0,50.0,-50.0,50.0
0.7734375,-50.0,50.0,-50.0,50.0,-50.0,50.0,-50.0,50.0
0.77734375,-50.0,50.0,-50.0,50.0,-50.0,50.0,-50.0,50.0
0.78125,-50.0,50.0,-50.0,50.0,-50.0,50.0,-50.0,50.0
0.78515625,-50.0,50.0,-50.0,50.0,-50.0,50.0,-50.0,50.0
0.7890625,-50.0,50.0,-50.0,50.0,-50.0,50.0,-50.0,50.0
0.79296875,-50.0,50.0,-50.0,50.0,-50.0,50.0,-50.0,50.0
0.796875,-50.0,50.0,-50.0,50.0,-50.0,50.0,-50.0,50.0
0.80078125,-50.0,50.0,50.0,50.0,-50.0,50.0,50.0,50.0
0.8046875,-50.0,50.0,50.0,50.0,-50.0,50.0,50.0,50.0
0.80859375,-50.0,50.0,50.0,50.0,-50.0,50.0,50.0,50.0
0.8125,-50.0,50.0,50.0,50.0,-50.0,50.0,50.0,50.0
0.81640625,-50.0,50.0,50.0,50.0,-50.0,50.0,50.0,50.0
0.8203125,-50.0,50.0,50.0,50.0,-50.0,50.0,50.0,50.0
0.82421875,-50.0,50.0,50.0,50.0,-50.0,50.0,50.0,50.0
0.828125,-50.0,50.0,50.0,50.0,-50.0,50.0,50.0,50.0
0.83203125,-50.0,50.0,50.0,50.0,-50.0,50.0,50.0,50.0
0.8359375,-50.0,-50.0,50.0,50.0,-50.0,-50.0,50.0,50.0
0.83984375,-50.0,-50.0,50.0,50.0,-50.0,-50.0,50.0,50.0
0.84375,-50.0,-50.0,50.0,50.0,-50.0,-50.0,50.0,50.0
0.84765625,-50.0,-50.0,50.0,50.0,-50.0,-50.0,50.0,50.0
0.8515625,-50.0,-50.0,50.0,50.0,-50.0,-50.0,50.0,50.0
0.85546875,-50.0,-50.0,50.0,50.0,-50.0,-50.0,50.0,50.0
0.859375,-50.0,-50.0,50.0,50.0,-50.0,-50.0,50.0,50.0
0.86328125,-50.0,-50.0,50.0,50.0,-50.0,-50.0,50.0,50.0
0.8671875,-50.0,-50.0,50.0,50.0,-50.0,-50.0,50.0,50.0
0.87109375,-50.0,-50.0,50.0,50.0,-50.0,-50.0,50.0,50.0
0.875,-50.0,-50.0,50.0,50.0,-50.0,-50.0,50.0,50.0
0.87890625,-50.0,-50.0,50.0,50.0,-50.0,-50.0,50.0,50.0
0.8828125,-50.0,-50.0,50.0,50.0,-50.0,-50.0,50.0,50.0
0.88671875,-50.0,-50.0,50.0,50.0,-50.0,-50.0,50.0,50.0
0.890625,-50.0,-50.0,50.0,50.0,-50.0,-50.0,50.0,50.0
0.89453125,-50.0,-50.0,50.0,50.0,-50.0,-50.0,50.0,50.0
0.8984375,-50.0,-50.0,50.0,50.0,-50.0,-50.0,50.0,50.0
0.90234375,-50.0,-50.0,50.0,50.0,-50.0,-50.0,50.0,50.0
0.90625,-50.0,-50.0,50.0,50.0,-50.0,-50.0,50.0,50.0
0.91015625,-50.0,-50.0,50.0,50.0,-50.0,-50.0,50.0,50.0
0.9140625,-50.0,-50.0,50.0,50.0,-50.0,-50.0,50.0,50.0
0.91796875,-50.0,-50.0,50.0,50.0,-50.0,-50.0,50.0,50.0
0.921875,-50.0,-50.0,50.0,50.0,-50.0,-50.0,50.0,50.0
0.92578125,-50.0,-50.0,50.0,50.0,-50.0,-50.0,50.0,50.0
0.9296875,-50.0,-50.0,50.0,50.0,-50.0,-50.0,50.0,50.0
0.93359375,-50.0,-50.0,50.0,50.0,-50.0,-50.0,50.0,50.0
0.9375,-50.0,-50.0,50.0,50.0,-50.0,-50.0,50.0,50.0
0.94140625,-50.0,-50.0,50.0,50.0,-50.0,-50.0,50.0,50.0
0.9453125,-50.0,-50.0,50.0,50.0,-50.0,-50.0,50.0,50.0
0.94921875,-50.0,-50.0,50.0,50.0,-50.0,-50.0,50.0,50.0
0.953125,-50.0,-50.0,50.0,50.0,-50.0,-50.0,50.0,50.0
0.95703125,-50.0,-50.0,50.0,50.0,-50.0,-50.0,50.0,50.0
0.9609375,-50.0,-50.0,50.0,50.0,-50.0,-50.0,50.0,50.0
0.96484375,-50.0,-50.0,50.0,50.0,-50.0,-50.0,50.0,50.0
0.96875,-50.0,-50.0,50.0,50.0,-50.0,-50.0,50.0,50.0
0.97265625,-50.0,-50.0,50.0,50.0,-50.0,-50.0,50.0,50.0
0.9765625,-50.0,-50.0,50.0,50.0,-50.0,-50.0,50.0,50.0
0.98046875,-50.0,-50.0,50.0,50.0,-50.0,-50.0,50.0,50.0
0.984375,-50.0,-50.0,50.0,50.0,-50.0,-50.0,50.0,50.0
0.98828125,-50.0,-50.0,50.0,50.0,-50.0,-50.0,50.0,50.0
0.9921875,-50.0,-50.0,50.0,50.0,-50.0,-50.0,50.0,50.0
0.99609375,-50.0,-50.0,50.0,50.0,-50.0,-50.0,50.0,50.0
1.0,50.0,50.0,-50.0,-50.0,50.0,50.0,-50.0,-50.0
1.00390625,50.0,50.0,-50.0,-50.0,50.0,50.0,-50.0,-50.0
1.0078125,50.0,50.0,-50.0,-50.0,50.0,50.0,-50.0,-50.0
1.01171875,50.0,50.0,-50.0,-50.0,50.0,50.0,-50.0,-50.0
1.015625,50.0,50.0,-50.0,-50.0,50.0,50.0,-50.0,-50.0
1.01953125,50.0,50.0,-50.0,-50.0,50.0,50.0,-50.0,-50.0
1.0234375,50.0,50.0,-50.0,-50.0,50.0,50.0,-50.0,-50.0
1.02734375,50.0,50.0,-50.0,-50.0,50.0,50.0,-50.0,-50.0
1.03125,50.0,50.0,-50.0,-50.0,50.0,50.0,-50.0,-50.0
1.03515625,50.0,50.0,-50.0,-50.0,50.0,50.0,-50.0,-50.0
1.0390625,50.0,50.0,-50.0,-50.0,50.0,50.0,-50.0,-50.0
1.04296875,50.0,50.0,-50.0,-50.0,50.0,50.0,-50.0,-50.0
1.046875,50.0,50.0,-50.0,-50.0,50.0,50.0,-50.0,-50.0
1.05078125,50.0,50.0,-50.0,-50.0,50.0,50.0,-50.0,-50.0
1.0546875,50.0,50.0,-50.0,-50.0,50.0,50.0,-50.0,-50.0
1.05859375,50.0,50.0,-50.0,-50.0,50.0,50.0,-50.0,-50.0
1.0625,50.0,50.0,-50.0,-50.0,50.0,50.0,-50.0,-50.0
1.06640625,50.0,50.0,-50.0,-50.0,50.0,50.0,-50.0,-50.0
1.0703125,50.0,50.0,-50.0,-50.0,50.0,50.0,-50.0,-50.0
1.07421875,50.0,50.0,-50.0,-50.0,50.0,50.0,-50.0,-50.0
1.078125,50.0,50.0,-50.0,-50.0,50.0,50.0,-50.0,-50.0
1.08203125,50.0,50.0,-50.0,-50.0,50.0,50.0,-50.0,-50.0
1.0859375,50.0,50.0,-50.0,-50.0,50.0,50.0,-50.0,-50.0
1.08984375,50.0,50.0,-50.0,-50.0,50.0,50.0,-50.0,-50.0
1.09375,50.0,50.0,-50.0,-50.0,50.0,50.0,-50.0,-50.0
1.09765625,50.0,50.0,-50.0,-50.0,50.0,50.0,-50.0,-50.0
1.1015625,50.0,50.0,-50.0,-50.0,50.0,50.0,-50.0,-50.0
1.10546875,50.0,50.0,-50.0,-50.0,50.0,50.0,-50.0,-50.0
1.109375,50.0,50.0,-50.0,-50.0,50.0,50.0,-50.0,-50.0
1.11328125,50.0,50.0,-50.0,-50.0,50.0,50.0,-50.0,-50.0
1.1171875,50.0,50.0,-50.0,-50.0,50.0,50.0,-50.0,-50.0
1.12109375,50.0,50.0,-50.0,-50.0,50.0,50.0,-50.0,-50.0
1.125,50.0,50.0,-50.0,-50.0,50.0,50.0,-50.0,-50.0
1.12890625,50.0,50.0,-50.0,-50.0,50.0,50.0,-50.0,-50.0
1.1328125,50.0,50.0,-50.0,-50.0,50.0,50.0,-50.0,-50.0
1.13671875,50.0,50.0,-50.0,-50.0,50.0,50.0,-50.0,-50.0
1.140625,50.0,50.0,-50.0,-50.0,50.0,50.0,-50.0,-50.0
1.14453125,50.0,50.0,-50.0,-50.0,50.0,50.0,-50.0,-50.0
1.1484375,50.0,50.0,-50.0,-50.0,50.0,50.0,-50.0,-50.0
1.15234375,50.0,50.0,-50.0,-50.0,50.0,50.0,-50.0,-50.0
1.15625,50.0,50.0,-50.0,-50.0,50.0,50.0,-50.0,-50.0
1.16015625,50.0,50.0,-50.0,-50.0,50.0,50.0,-50.0,-50.0
1.1640625,50.0,50.0,-50.0,-50.0,50.0,50.0,-50.0,-50.0
1.16796875,50.0,-50.0,-50.0,-50.0,50.0,-50.0,-50.0,-50.0
1.171875,50.0,-50.0,-50.0,-50.0,50.0,-50.0,-50.0,-50.0
1.17578125,50.0,-50.0,-50.0,-50.0,50.0,-50.0,-50.0,-50.0
1.1796875,50.0,-50.0,-50.0,-50.0,50.0,-50.0,-50.0,-50.0
1.18359375,50.0,-50.0,-50.0,-50.0,50.0,-50.0,-50.0,-50.0
1.1875,50.0,-50.0,-50.0,-50.0,50.0,-50.0,-50.0,-50.0
1.19140625,50.0,-50.0,-50.0,-50.0,50.0,-50.0,-50.0,-50.0
1.1953125,50.0,-50.0,-50.0,-50.0,50.0,-50.0,-50.0,-50.0
1.19921875,50.0,-50.0,-50.0,-50.0,50.0,-50.0,-50.0,-50.0
1.203125,50.0,-50.0,50.0,-50.0,50.0,-50.0,50.0,-50.0
1.20703125,50.0,-50.0,50.0,-50.0,50.0,-50.0,50.0,-50.0
1.2109375,50.0,-50.0,50.0,-50.0,50.0,-50.0,50.0,-50.0
1.21484375,50.0,-50.0,50.0,-50.0,50.0,-50.0,50.0,-50.0
1.21875,50.0,-50.0,50.0,-50.0,50.0,-50.0,50.0,-50.0
1.22265625,50.0,-50.0,50.0,-50.0,50.0,-50.0,50.0,-50.0
1.2265625,50.0,-50.0,50.0,-50.0,50.0,-50.0,50.0,-50.0
1.23046875,50.0,-50.0,50.0,-50.0,50.0,-50.0,50.0,-50.0
1.234375,50.0,-50.0,50.0,-50.0,50.0,-50.0,50.0,-50.0
1.23828125,50.0,-50.0,50.0,-50.0,50.0,-50.0,50.0,-50.0
1.2421875,50.0,-50.0,50.0,-50.0,50.0,-50.0,50.0,-50.0
1.24609375,50.0,-50.0,50.0,-50.0,50.0,-50.0,50.0,-50.0
1.25,-50.0,-50.0,50.0,-50.0,-50.0,-50.0,50.0,-50.0
1.25390625,-50.0,-50.0,50.0,-50.0,-50.0,-50.0,50.0,-50.0
1.2578125,-50.0,-50.0,50.0,-50.0,-50.0,-50.0,50.0,-50.0
1.26171875,-50.0,-50.0,50.0,-50.0,-50.0,-50.0,50.0,-50.0
1.265625,-50.0,-50.0,50.0,-50.0,-50.0,-50.0,50.0,-50.0
1.26953125,-50.0,-50.0,50.0,-50.0,-50.0,-50.0,50.0,-50.0
1.2734375,-50.0,-50.0,50.0,-50.0,-50.0,-50.0,50.0,-50.0
1.27734375,-50.0,-50.0,50.0,-50.0,-50.0,-50.0,50.0,-50.0
1.28125,-50.0,-50.0,50.0,-50.0,-50.0,-50.0,50.0,-50.0
1.28515625,-50.0,-50.0,50.0,-50.0,-50.0,-50.0,50.0,-50.0
1.2890625,-50.0,-50.0,50.0,-50.0,-50.0,-50.0,50.0,-50.0
1.29296875,-50.0,-50.0,50.0,-50.0,-50.0,-50.0,50.0,-50.0
1.296875,-50.0,-50.0,50.0,-50.0,-50.0,-50.0,50.0,-50.0
1.30078125,-50.0,-50.0,50.0,-50.0,-50.0,-50.0,50.0,-50.0
1.3046875,-50.0,-50.0,50.0,-50.0,-50.0,-50.0,50.0,-50.0
1.30859375,-50.0,-50.0,50.0,-50.0,-50.0,-50.0,50.0,-50.0
1.3125,-50.0,-50.0,50.0,-50.0,-50.0,-50.0,50.0,-50.0
1.31640625,-50.0,-50.0,50.0,-50.0,-50.0,-50.0,50.0,-50.0
1.3203125,-50.0,-50.0,50.0,-50.0,-50.0,-50.0,50.0,-50.0
1.32421875,-50.0,-50.0,50.0,-50.0,-50.0,-50.0,50.0,-50.0
1.328125,-50.0,-50.0,50.0,-50.0,-50.0,-50.0,50.0,-50.0
1.33203125,-50.0,-50.0,50.0,-50.0,-50.0,-50.0,50.0,-50.0
1.3359375,-50.0,50.0,50.0,50.0,-50.0,50.0,50.0,50.0
1.33984375,-50.0,50.0,50.0,50.0,-50.0,50.0,50.0,50.0
1.34375,-50.0,50.0,50.0,50.0,-50.0,50.0,50.0,50.0
1.34765625,-50.0,50.0,50.0,50.0,-50.0,50.0,50.0,50.0
1.3515625,-50.0,50.0,50.0,50.0,-50.0,50.0,50.0,50.0
1.35546875,-50.0,50.0,50.0,50.0,-50.0,50.0,50.0,50.0
1.359375,-50.0,50.0,50.0,50.0,-50.0,50.0,50.0,50.0
1.36328125,-50.0,50.0,50.0,50.0,-50.0,50.0,50.0,50.0
1.3671875,-50.0,50.0,50.0,50.0,-50.0,50.0,50.0,50.0
1.37109375,-50.0,50.0,50.0,50.0,-50.0,50.0,50.0,50.0
1.375,-50.0,50.0,50.0,50.0,-50.0,50.0,50.0,50.0
1.37890625,-50.0,50.0,50.0,50.0,-50.0,50.0,50.0,50.0
1.3828125,-50.0,50.0,50.0,50.0,-50.0,50.0,50.0,50.0
1.38671875,-50.0,50.0,50.0,50.0,-50.0,50.0,50.0,50.0
1.390625,-50.0,50.0,50.0,50.0,-50.0,50.0,50.0,50.0
1.39453125,-50.0,50.0,50.0,50.0,-50.0,50.0,50.0,50.0
1.3984375,-50.0,50.0,50.0,50.0,-50.0,50.0,50.0,50.0
1.40234375,-50.0,50.0,-50.0,50.0,-50.0,50.0,-50.0,50.0
1.40625,-50.0,50.0,-50.0,50.0,-50.0,50.0,-50.0,50.0
1.41015625,-50.0,50.0,-50.0,50.0,-50.0,50.0,-50.0,50.0
1.4140625,-50.0,50.0,-50.0,50.0,-50.0,50.0,-50.0,50.0
1.41796875,-50.0,50.0,-50.0,50.0,-50.0,50.0,-50.0,50.0
1.421875,-50.0,50.0,-50.0,50.0,-50.0,50.0,-50.0,50.0
1.42578125,-50.0,50.0,-50.0,50.0,-50.0,50.0,-50.0,50.0
1.4296875,-50.0,50.0,-50.0,50.0,-50.0,50.0,-50.0,50.0
1.43359375,-50.0,50.0,-50.0,50.0,-50.0,50.0,-50.0,50.0
1.4375,-50.0,50.0,-50.0,50.0,-50.0,50.0,-50.0,50.0
1.44140625,-50.0,50.0,-50.0,50.0,-50.0,50.0,-50.0,50.0
1.4453125,-50.0,50.0,-50.0,50.0,-50.0,50.0,-50.0,50.0
1.44921875,-50.0,50.0,-50.0,50.0,-50.0,50.0,-50.0,50.0
1.453125,-50.0,50.0,-50.0,50.0,-50.0,50.0,-50.0,50.0
1.45703125,-50.0,50.0,-50.0,50.0,-50.0,50.0,-50.0,50.0
1.4609375,-50.0,50.0,-50.0,50.0,-50.0,50.0,-50.0,50.0
1.46484375,-50.0,50.0,-50.0,50.0,-50.0,50.0,-50.0,50.0
1.46875,-50.0,50.0,-50.0,50.0,-50.0,50.0,-50.0,50.0
1.47265625,-50.0,50.0,-50.0,50.0,-50.0,50.0,-50.0,50.0
1.4765625,-50.0,50.0,-50.0,50.0,-50.0,50.0,-50.0,50.0
1.48046875,-50.0,50.0,-50.0,50.0,-50.0,50.0,-50.0,50.0
1.484375,-50.0,50.0,-50.0,50.0,-50.0,50.0,-50.0,50.0
1.48828125,-50.0,50.0,-50.0,50.0,-50.0,50.0,-50.0,50.0
1.4921875,-50.0,50.0,-50.0,50.0,-50.0,50.0,-50.0,50.0
1.49609375,-50.0,50.0,-50.0,50.0,-50.0,50.0,-50.0,50.0
1.5,50.0,-50.0,-50.0,50.0,50.0,-50.0,-50.0,50.0
1.50390625,50.0,-50.0,-50.0,50.0,50.0,-50.0,-50.0,50.0
1.5078125,50.0,-50.0,-50.0,50.0,50.0,-50.0,-50.0,50.0
1.51171875,50.0,-50.0,-50.0,50.0,50.0,-50.0,-50.0,50.0
1.515625,50.0,-50.0,-50.0,50.0,50.0,-50.0,-50.0,50.0
1.51953125,50.0,-50.0,-50.0,50.0,50.0,-50.0,-50.0,50.0
1.5234375,50.0,-50.0,-50.0,50.0,50.0,-50.0,-50.0,50.0
1.52734375,50.0,-50.0,-50.0,50.0,50.0,-50.0,-50.0,50.0
1.53125,50.0,-50.0,-50.0,50.0,50.0,-50.0,-50.0,50.0
1.53515625,50.0,-50.0,-50.0,50.0,50.0,-50.0,-50.0,50.0
1.5390625,50.0,-50.0,-50.0,50.0,50.0,-50.0,-50.0,50.0
1.54296875,50.0,-50.0,-50.0,50.0,50.0,-50.0,-50.0,50.0
1.546875,50.0,-50.0,-50.0,50.0,50.0,-50.0,-50.0,50.0
1.55078125,50.0,-50.0,-50.0,50.0,50.0,-50.0,-50.0,50.0
1.5546875,50.0,-50.0,-50.0,50.0,50.0,-50.0,-50.0,50.0
1.55859375,50.0,-50.0,-50.0,50.0,50.0,-50.0,-50.0,50.0
1.5625,50.0,-50.0,-50.0,50.0,50.0,-50.0,-50.0,50.0
1.56640625,50.0,-50.0,-50.0,50.0,50.0,-50.0,-50.0,50.0
1.5703125,50.0,-50.0,-50.0,50.0,50.0,-50.0,-50.0,50.0
1.57421875,50.0,-50.0,-50.0,50.0,50.0,-50.0,-50.0,50.0
1.578125,50.0,-50.0,-50.0,50.0,50.0,-50.0,-50.0,50.0
1.58203125,50.0,-50.0,-50.0,50.0,50.0,-50.0,-50.0,50.0
1.5859375,50.0,-50.0,-50.0,50.0,50.0,-50.0,-50.0,50.0
1.58984375,50.0,-50.0,-50.0,50.0,50.0,-50.0,-50.0,50.0
1.59375,50.0,-50.0,-50.0,50.0,50.0,-50.0,-50.0,50.0
1.59765625,50.0,-50.0,-50.0,50.0,50.0,-50.0,-50.0,50.0
1.6015625,50.0,-50.0,50.0,50.0,50.0,-50.0,50.0,50.0
1.60546875,50.0,-50.0,50.0,50.0,50.0,-50.0,50.0,50.0
1.609375,50.0,-50.0,50.0,50.0,50.0,-50.0,50.0,50.0
1.61328125,50.0,-50.0,50.0,50.0,50.0,-50.0,50.0,50.0
1.6171875,50.0,-50.0,50.0,50.0,50.0,-50.0,50.0,50.0
1.62109375,50.0,-50.0,50.0,50.0,50.0,-50.0,50.0,50.0
1.625,50.0,-50.0,50.0,50.0,50.0,-50.0,50.0,50.0
1.62890625,50.0,-50.0,50.0,50.0,50.0,-50.0,50.0,50.0
1.6328125,50.0,-50.0,50.0,50.0,50.0,-50.0,50.0,50.0
1.63671875,50.0,-50.0,50.0,50.0,50.0,-50.0,50.0,50.0
1.640625,50.0,-50.0,50.0,50.0,50.0,-50.0,50.0,50.0
1.64453125,50.0,-50.0,50.0,50.0,50.0,-50.0,50.0,50.0
1.6484375,50.0,-50.0,50.0,50.0,50.0,-50.0,50.0,50.0
1.65234375,50.0,-50.0,50.0,50.0,50.0,-50.0,50.0,50.0
1.65625,50.0,-50.0,50.0,50.0,50.0,-50.0,50.0,50.0
1.66015625,50.0,-50.0,50.0,50.0,50.0,-50.0,50.0,50.0
1.6640625,50.0,-50.0,50.0,50.0,50.0,-50.0,50.0,50.0
1.66796875,50.0,50.0,50.0,-50.0,50.0,50.0,50.0,-50.0
1.671875,50.0,50.0,50.0,-50.0,50.0,50.0,50.0,-50.0
1.67578125,50.0,50.0,50.0,-50.0,50.0,50.0,50.0,-50.0
1.6796875,50.0,50.0,50.0,-50.0,50.0,50.0,50.0,-50.0
1.68359375,50.0,50.0,50.0,-50.0,50.0,50.0,50.0,-50.0
1.6875,50.0,50.0,50.0,-50.0,50.0,50.0,50.0,-50.0
1.69140625,50.0,50.0,50.0,-50.0,50.0,50.0,50.0,-50.0
1.6953125,50.0,50.0,50.0,-50.0,50.0,50.0,50.0,-50.0
1.69921875,50.0,50.0,50.0,-50.0,50.0,50.0,50.0,-50.0
1.703125,50.0,50.0,50.0,-50.0,50.0,50.0,50.0,-50.0
1.70703125,50.0,50.0,50.0,-50.0,50.0,50.0,50.0,-50.0
1.7109375,50.0,50.0,50.0,-50.0,50.0,50.0,50.0,-50.0
1.71484375,50.0,50.0,50.0,-50.0,50.0,50.0,50.0,-50.0
1.71875,50.0,50.0,50.0,-50.0,50.0,50.0,50.0,-50.0
1.72265625,50.0,50.0,50.0,-50.0,50.0,50.0,50.0,-50.0
1.7265625,50.0,50.0,50.0,-50.0,50.0,50.0,50.0,-50.0
1.73046875,50.0,50.0,50.0,-50.0,50.0,50.0,50.0,-50.0
1.734375,50.0,50.0,50.0,-50.0,50.0,50.0,50.0,-50.0
1.73828125,50.0,50.0,50.0,-50.0,50.0,50.0,50.0,-50.0
1.7421875,50.0,50.0,50.0,-50.0,50.0,50.0,50.0,-50.0
1.74609375,50.0,50.0,50.0,-50.0,50.0,50.0,50.0,-50.0
1.75,-50.0,50.0,50.0,-50.0,-50.0,50.0,50.0,-50.0
1.75390625,-50.0,50.0,50.0,-50.0,-50.0,50.0,50.0,-50.0
1.7578125,-50.0,50.0,50.0,-50.0,-50.0,50.0,50.0,-50.0
1.76171875,-50.0,50.0,50.0,-50.0,-50.0,50.0,50.0,-50.0
1.765625,-50.0,50.0,50.0,-50.0,-50.0,50.0,50.0,-50.0
1.76953125,-50.0,50.0,50.0,-50.0,-50.0,50.0,50.0,-50.0
1.7734375,-50.0,50.0,50.0,-50.0,-50.0,50.0,50.0,-50.0
1.77734375,-50.0,50.0,50.0,-50.0,-50.0,50.0,50.0,-50.0
1.78125,-50.0,50.0,50.0,-50.0,-50.0,50.0,50.0,-50.0
1.78515625,-50.0,50.0,50.0,-50.0,-50.0,50.0,50.0,-50.0
1.7890625,-50.0,50.0,50.0,-50.0,-50.0,50.0,50.0,-50.0
1.79296875,-50.0,50.0,50.0,-50.0,-50.0,50.0,50.0,-50.0
1.796875,-50.0,50.0,50.0,-50.0,-50.0,50.0,50.0,-50.0
1.80078125,-50.0,50.0,-50.0,-50.0,-50.0,50.0,-50.0,-50.0
1.8046875,-50.0,50.0,-50.0,-50.0,-50.0,50.0,-50.0,-50.0
1.80859375,-50.0,50.0,-50.0,-50.0,-50.0,50.0,-50.0,-50.0
1.8125,-50.0,50.0,-50.0,-50.0,-50.0,50.0,-50.0,-50.0
1.81640625,-50.0,50.0,-50.0,-50.0,-50.0,50.0,-50.0,-50.0
1.8203125,-50.0,50.0,-50.0,-50.0,-50.0,50.0,-50.0,-50.0
1.82421875,-50.0,50.0,-50.0,-50.0,-50.0,50.0,-50.0,-50.0
1.828125,-50.0,50.0,-50.0,-50.0,-50.0,50.0,-50.0,-50.0
1.83203125,-50.0,50.0,-50.0,-50.0,-50.0,50.0,-50.0,-50.0
1.8359375,-50.0,-50.0,-50.0,-50.0,-50.0,-50.0,-50.0,-50.0
1.83984375,-50.0,-50.0,-50.0,-50.0,-50.0,-50.0,-50.0,-50.0
1.84375,-50.0,-50.0,-50.0,-50.0,-50.0,-50.0,-50.0,-50.0
1.84765625,-50.0,-50.0,-50.0,-50.0,-50.0,-50.0,-50.0,-50.0
1.8515625,-50.0,-50.0,-50.0,-50.0,-50.0,-50.0,-50.0,-50.0
1.85546875,-50.0,-50.0,-50.0,-50.0,-50.0,-50.0,-50.0,-50.0
1.859375,-50.0,-50.0,-50.0,-50.0,-50.0,-50.0,-50.0,-50.0
1.86328125,-50.0,-50.0,-50.0,-50.0,-50.0,-50.0,-50.0,-50.0
1.8671875,-50.0,-50.0,-50.0,-50.0,-50.0,-50.0,-50.0,-50.0
1.87109375,-50.0,-50.0,-50.0,-50.0,-50.0,-50.0,-50.0,-50.0
1.875,-50.0,-50.0,-50.0,-50.0,-50.0,-50.0,-50.0,-50.0
1.87890625,-50.0,-50.0,-50.0,-50.0,-50.0,-50.0,-50.0,-50.0
1.8828125,-50.0,-50.0,-50.0,-50.0,-50.0,-50.0,-50.0,-50.0
1.88671875,-50.0,-50.0,-50.0,-50.0,-50.0,-50.0,-50.0,-50.0
1.890625,-50.0,-50.0,-50.0,-50.0,-50.0,-50.0,-50.0,-50.0
1.89453125,-50.0,-50.0,-50.0,-50.0,-50.0,-50.0,-50.0,-50.0
1.8984375,-50.0,-50.0,-50.0,-50.0,-50.0,-50.0,-50.0,-50.0
1.90234375,-50.0,-50.0,-50.0,-50.0,-50.0,-50.0,-50.0,-50.0
1.90625,-50.0,-50.0,-50.0,-50.0,-50.0,-50.0,-50.0,-50.0
1.91015625,-50.0,-50.0,-50.0,-50.0,-50.0,-50.0,-50.0,-50.0
1.9140625,-50.0,-50.0,-50.0,-50.0,-50.0,-50.0,-50.0,-50.0
1.91796875,-50.0,-50.0,-50.0,-50.0,-50.0,-50.0,-50.0,-50.0
1.921875,-50.0,-50.0,-50.0,-50.0,-50.0,-50.0,-50.0,-50.0
1.92578125,-50.0,-50.0,-50.0,-50.0,-50.0,-50.0,-50.0,-50.0
1.9296875,-50.0,-50.0,-50.0,-50.0,-50.0,-50.0,-50.0,-50.0
1.93359375,-50.0,-50.0,-50.0,-50.0,-50.0,-50.0,-50.0,-50.0
1.9375,-50.0,-50.0,-50.0,-50.0,-50.0,-50.0,-50.0,-50.0
1.94140625,-50.0,-50.0,-50.0,-50.0,-50.0,-50.0,-50.0,-50.0
1.9453125,-50.0,-50.0,-50.0,-50.0,-50.0,-50.0,-50.0,-50.0
1.94921875,-50.0,-50.0,-50.0,-50.0,-50.0,-50.0,-50.0,-50.0
1.953125,-50.0,-50.0,-50.0,-50.0,-50.0,-50.0,-50.0,-50.0
1.95703125,-50.0,-50.0,-50.0,-50.0,-50.0,-50.0,-50.0,-50.0
1.9609375,-50.0,-50.0,-50.0,-50.0,-50.0,-50.0,-50.0,-50.0
1.96484375,-50.0,-50.0,-50.0,-50.0,-50.0,-50.0,-50.0,-50.0
1.96875,-50.0,-50.0,-50.0,-50.0,-50.0,-50.0,-50.0,-50.0
1.97265625,-50.0,-50.0,-50.0,-50.0,-50.0,-50.0,-50.0,-50.0
1.9765625,-50.0,-50.0,-50.0,-50.0,-50.0,-50.0,-50.0,-50.0
1.98046875,-50.0,-50.0,-50.0,-50.0,-50.0,-50.0,-50.0,-50.0
1.984375,-50.0,-50.0,-50.0,-50.0,-50.0,-50.0,-50.0,-50.0
1.98828125,-50.0,-50.0,-50.0,-50.0,-50.0,-50.0,-50.0,-50.0
1.9921875,-50.0,-50.0,-50.0,-50.0,-50.0,-50.0,-50.0,-50.0
1.99609375,-50.0,-50.0,-50.0,-50.0,-50.0,-50.0,-50.0,-50.0
2.0,50.0,50.0,50.0,50.0,50.0,50.0,50.0,50.0
2.00390625,50.0,50.0,50.0,50.0,50.0,50.0,50.0,50.0
2.0078125,50.0,50.0,50.0,50.0,50.0,50.0,50.0,50.0
2.01171875,50.0,50.0,50.0,50.0,50.0,50.0,50.0,50.0
2.015625,50.0,50.0,50.0,50.0,50.0,50.0,50.0,50.0
2.01953125,50.0,50.0,50.0,50.0,50.0,50.0,50.0,50.0
2.0234375,50.0,50.0,50.0,50.0,50.0,50.0,50.0,50.0
2.02734375,50.0,50.0,50.0,50.0,50.0,50.0,50.0,50.0
2.03125,50.0,50.0,50.0,50.0,50.0,50.0,50.0,50.0
2.03515625,50.0,50.0,50.0,50.0,50.0,50.0,50.0,50.0
2.0390625,50.0,50.0,50.0,50.0,50.0,50.0,50.0,50.0
2.04296875,50.0,50.0,50.0,50.0,50.0,50.0,50.0,50.0
2.046875,50.0,50.0,50.0,50.0,50.0,50.0,50.0,50.0
2.05078125,50.0,50.0,50.0,50.0,50.0,50.0,50.0,50.0
2.0546875,50.0,50.0,50.0,50.0,50.0,50.0,50.0,50.0
2.05859375,50.0,50.0,50.0,50.0,50.0,50.0,50.0,50.0
2.0625,50.0,50.0,50.0,50.0,50.0,50.0,50.0,50.0
2.06640625,50.0,50.0,50.0,50.0,50.0,50.0,50.0,50.0
2.0703125,50.0,50.0,50.0,50.0,50.0,50.0,50.0,50.0
2.07421875,50.0,50.0,50.0,50.0,50.0,50.0,50.0,50.0
2.078125,50.0,50.0,50.0,50.0,50.0,50.0,50.0,50.0
2.08203125,50.0,50.0,50.0,50.0,50.0,50.0,50.0,50.0
2.0859375,50.0,50.0,50.0,50.0,50.0,50.0,50.0,50.0
2.08984375,50.0,50.0,50.0,50.0,50.0,50.0,50.0,50.0
2.09375,50.0,50.0,50.0,50.0,50.0,50.0,50.0,50.0
2.09765625,50.0,50.0,50.0,50.0,50.0,50.0,50.0,50.0
2.1015625,50.0,50.0,50.0,50.0,50.0,50.0,50.0,50.0
2.10546875,50.0,50.0,50.0,50.0,50.0,50.0,50.0,50.0
2.109375,50.0,50.0,50.0,50.0,50.0,50.0,50.0,50.0
2.11328125,50.0,50.0,50.0,50.0,50.0,50.0,50.0,50.0
2.1171875,50.0,50.0,50.0,50.0,50.0,50.0,50.0,50.0
2.12109375,50.0,50.0,50.0,50.0,50.0,50.0,50.0,50.0
2.125,50.0,50.0,50.0,50.0,50.0,50.0,50.0,50.0
2.12890625,50.0,50.0,50.0,50.0,50.0,50.0,50.0,50.0
2.1328125,50.0,50.0,50.0,50.0,50.0,50.0,50.0,50.0
2.13671875,50.0,50.0,50.0,50.0,50.0,50.0,50.0,50.0
2.140625,50.0,50.0,50.0,50.0,50.0,50.0,50.0,50.0
2.14453125,50.0,50.0,50.0,50.0,50.0,50.0,50.0,50.0
2.1484375,50.0,50.0,50.0,50.0,50.0,50.0,50.0,50.0
2.15234375,50.0,50.0,50.0,50.0,50.0,50.0,50.0,50.0
2.15625,50.0,50.0,50.0,50.0,50.0,50.0,50.0,50.0
2.16015625,50.0,50.0,50.0,50.0,50.0,50.0,50.0,50.0
2.1640625,50.0,50.0,50.0,50.0,50.0,50.0,50.0,50.0
2.16796875,50.0,-50.0,50.0,50.0,50.0,-50.0,50.0,50.0
2.171875,50.0,-50.0,50.0,50.0,50.0,-50.0,50.0,50.0
2.17578125,50.0,-50.0,50.0,50.0,50.0,-50.0,50.0,50.0
2.1796875,50.0,-50.0,50.0,50.0,50.0,-50.0,50.0,50.0
2.18359375,50.0,-50.0,50.0,50.0,50.0,-50.0,50.0,50.0
2.1875,50.0,-50.0,50.0,50.0,50.0,-50.0,50.0,50.0
2.19140625,50.0,-50.0,50.0,50.0,50.0,-50.0,50.0,50.0
2.1953125,50.0,-50.0,50.0,50.0,50.0,-50.0,50.0,50.0
2.19921875,50.0,-50.0,50.0,50.0,50.0,-50.0,50.0,50.0
2.203125,50.0,-50.0,-50.0,50.0,50.0,-50.0,-50.0,50.0
2.20703125,50.0,-50.0,-50.0,50.0,50.0,-50.0,-50.0,50.0
2.2109375,50.0,-50.0,-50.0,50.0,50.0,-50.0,-50.0,50.0
2.21484375,50.0,-50.0,-50.0,50.0,50.0,-50.0,-50.0,50.0
2.21875,50.0,-50.0,-50.0,50.0,50.0,-50.0,-50.0,50.0
2.22265625,50.0,-50.0,-50.0,50.0,50.0,-50.0,-50.0,50.0
2.2265625,50.0,-50.0,-50.0,50.0,50.0,-50.0,-50.0,50.0
2.23046875,50.0,-50.0,-50.0,50.0,50.0,-50.0,-50.0,50.0
2.234375,50.0,-50.0,-50.0,50.0,50.0,-50.0,-50.0,50.0
2.23828125,50.0,-50.0,-50.0,50.0,50.0,-50.0,-50.0,50.0
2.2421875,50.0,-50.0,-50.0,50.0,50.0,-50.0,-50.0,50.0
2.24609375,50.0,-50.0,-50.0,50.0,50.0,-50.0,-50.0,50.0
2.25,-50.0,-50.0,-50.0,50.0,-50.0,-50.0,-50.0,50.0
2.25390625,-50.0,-50.0,-50.0,50.0,-50.0,-50.0,-50.0,50.0
2.2578125,-50.0,-50.0,-50.0,50.0,-50.0,-50.0,-50.0,50.0
2.26171875,-50.0,-50.0,-50.0,50.0,-50.0,-50.0,-50.0,50.0
2.265625,-50.0,-50.0,-50.0,50.0,-50.0,-50.0,-50.0,50.0
2.26953125,-50.0,-50.0,-50.0,50.0,-50.0,-50.0,-50.0,50.0
2.2734375,-50.0,-50.0,-50.0,50.0,-50.0,-50.0,-50.0,50.0
2.27734375,-50.0,-50.0,-50.0,50.0,-50.0,-50.0,-50.0,50.0
2.28125,-50.0,-50.0,-50.0,50.0,-50.0,-50.0,-50.0,50.0
2.28515625,-50.0,-50.0,-50.0,50.0,-50.0,-50.0,-50.0,50.0
2.2890625,-50.0,-50.0,-50.0,50.0,-50.0,-50.0,-50.0,50.0
2.29296875,-50.0,-50.0,-50.0,50.0,-50.0,-50.0,-50.0,50.0
2.296875,-50.0,-50.0,-50.0,50.0,-50.0,-50.0,-50.0,50.0
2.30078125,-50.0,-50.0,-50.0,50.0,-50.0,-50.0,-50.0,50.0
2.3046875,-50.0,-50.0,-50.0,50.0,-50.0,-50.0,-50.0,50.0
2.30859375,-50.0,-50.0,-50.0,50.0,-50.0,-50.0,-50.0,50.0
2.3125,-50.0,-50.0,-50.0,50.0,-50.0,-50.0,-50.0,50.0
2.31640625,-50.0,-50.0,-50.0,50.0,-50.0,-50.0,-50.0,50.0
2.3203125,-50.0,-50.0,-50.0,50.0,-50.0,-50.0,-50.0,50.0
2.32421875,-50.0,-50.0,-50.0,50.0,-50.0,-50.0,-50.0,50.0
2.328125,-50.0,-50.0,-50.0,50.0,-50.0,-50.0,-50.0,50.0
2.33203125,-50.0,-50.0,-50.0,50.0,-50.0,-50.0,-50.0,50.0
2.3359375,-50.0,50.0,-50.0,-50.0,-50.0,50.0,-50.0,-50.0
2.33984375,-50.0,50.0,-50.0,-50.0,-50.0,50.0,-50.0,-50.0
2.34375,-50.0,50.0,-50.0,-50.0,-50.0,50.0,-50.0,-50.0
2.34765625,-50.0,50.0,-50.0,-50.0,-50.0,50.0,-50.0,-50.0
2.3515625,-50.0,50.0,-50.0,-50.0,-50.0,50.0,-50.0,-50.0
2.35546875,-50.0,50.0,-50.0,-50.0,-50.0,50.0,-50.0,-50.0
2.359375,-50.0,50.0,-50.0,-50.0,-50.0,50.0,-50.0,-50.0
2.36328125,-50.0,50.0,-50.0,-50.0,-50.0,50.0,-50.0,-50.0
2.3671875,-50.0,50.0,-50.0,-50.0,-50.0,50.0,-50.0,-50.0
2.37109375,-50.0,50.0,-50.0,-50.0,-50.0,50.0,-50.0,-50.0
2.375,-50.0,50.0,-50.0,-50.0,-50.0,50.0,-50.0,-50.0
2.37890625,-50.0,50.0,-50.0,-50.0,-50.0,50.0,-50.0,-50.0
2.3828125,-50.0,50.0,-50.0,-50.0,-50.0,50.0,-50.0,-50.0
2.38671875,-50.0,50.0,-50.0,-50.0,-50.0,50.0,-50.0,-50.0
2.390625,-50.0,50.0,-50.0,-50.0,-50.0,50.0,-50.0,-50.0
2.39453125,-50.0,50.0,-50.0,-50.0,-50.0,50.0,-50.0,-50.0
2.3984375,-50.0,50.0,-50.0,-50.0,-50.0,50.0,-50.0,-50.0
2.40234375,-50.0,50.0,50.0,-50.0,-50.0,50.0,50.0,-50.0
2.40625,-50.0,50.0,50.0,-50.0,-50.0,50.0,50.0,-50.0
2.41015625,-50.0,50.0,50.0,-50.0,-50.0,50.0,50.0,-50.0
2.4140625,-50.0,50.0,50.0,-50.0,-50.0,50.0,50.0,-50.0
2.41796875,-50.0,50.0,50.0,-50.0,-50.0,50.0,50.0,-50.0
2.421875,-50.0,50.0,50.0,-50.0,-50.0,50.0,50.0,-50.0
2.42578125,-50.0,50.0,50.0,-50.0,-50.0,50.0,50.0,-50.0
2.4296875,-50.0,50.0,50.0,-50.0,-50.0,50.0,50.0,-50.0
2.43359375,-50.0,50.0,50.0,-50.0,-50.0,50.0,50.0,-50.0
2.4375,-50.0,50.0,50.0,-50.0,-50.0,50.0,50.0,-50.0
2.44140625,-50.0,50.0,50.0,-50.0,-50.0,50.0,50.0,-50.0
2.4453125,-50.0,50.0,50.0,-50.0,-50.0,50.0,50.0,-50.0
2.44921875,-50.0,50.0,50.0,-50.0,-50.0,50.0,50.0,-50.0
2.453125,-50.0,50.0,50.0,-50.0,-50.0,50.0,50.0,-50.0
2.45703125,-50.0,50.0,50.0,-50.0,-50.0,50.0,50.0,-50.0
2.4609375,-50.0,50.0,50.0,-50.0,-50.0,50.0,50.0,-50.0
2.46484375,-50.0,50.0,50.0,-50.0,-50.0,50.0,50.0,-50.0
2.46875,-50.0,50.0,50.0,-50.0,-50.0,50.0,50.0,-50.0
2.47265625,-50.0,50.0,50.0,-50.0,-50.0,50.0,50.0,-50.0
2.4765625,-50.0,50.0,50.0,-50.0,-50.0,50.0,50.0,-50.0
2.48046875,-50.0,50.0,50.0,-50.0,-50.0,50.0,50.0,-50.0
2.484375,-50.0,50.0,50.0,-50.0,-50.0,50.0,50.0,-50.0
2.48828125,-50.0,50.0,50.0,-50.0,-50.0,50.0,50.0,-50.0
2.4921875,-50.0,50.0,50.0,-50.0,-50.0,50.0,50.0,-50.0
2.49609375,-50.0,50.0,50.0,-50.0,-50.0,50.0,50.0,-50.0
2.5,50.0,50.0,50.0,-50.0,50.0,50.0,50.0,-50.0
2.50390625,50.0,-50.0,50.0,-50.0,50.0,-50.0,50.0,-50.0
2.5078125,50.0,-50.0,50.0,-50.0,50.0,-50.0,50.0,-50.0
2.51171875,50.0,-50.0,50.0,-50.0,50.0,-50.0,50.0,-50.0
2.515625,50.0,-50.0,50.0,-50.0,50.0,-50.0,50.0,-50.0
2.51953125,50.0,-50.0,50.0,-50.0,50.0,-50.0,50.0,-50.0
2.5234375,50.0,-50.0,50.0,-50.0,50.0,-50.0,50.0,-50.0
2.52734375,50.0,-50.0,50.0,-50.0,50.0,-50.0,50.0,-50.0
2.53125,50.0,-50.0,50.0,-50.0,50.0,-50.0,50.0,-50.0
2.53515625,50.0,-50.0,50.0,-50.0,50.0,-50.0,50.0,-50.0
2.5390625,50.0,-50.0,50.0,-50.0,50.0,-50.0,50.0,-50.0
2.54296875,50.0,-50.0,50.0,-50.0,50.0,-50.0,50.0,-50.0
2.546875,50.0,-50.0,50.0,-50.0,50.0,-50.0,50.0,-50.0
2.55078125,50.0,-50.0,50.0,-50.0,50.0,-50.0,50.0,-50.0
2.5546875,50.0,-50.0,50.0,-50.0,50.0,-50.0,50.0,-50.0
2.55859375,50.0,-50.0,50.0,-50.0,50.0,-50.0,50.0,-50.0
2.5625,50.0,-50.0,50.0,-50.0,50.0,-50.0,50.0,-50.0
2.56640625,50.0,-50.0,50.0,-50.0,50.0,-50.0,50.0,-50.0
2.5703125,50.0,-50.0,50.0,-50.0,50.0,-50.0,50.0,-50.0
2.57421875,50.0,-50.0,50.0,-50.0,50.0,-50.0,50.0,-50.0
2.578125,50.0,-50.0,50.0,-50.0,50.0,-50.0,50.0,-50.0
2.58203125,50.0,-50.0,50.0,-50.0,50.0,-50.0,50.0,-50.0
2.5859375,50.0,-50.0,50.0,-50.0,50.0,-50.0,50.0,-50.0
2.58984375,50.0,-50.0,50.0,-50.0,50.0,-50.0,50.0,-50.0
2.59375,50.0,-50.0,50.0,-50.0,50.0,-50.0,50.0,-50.0
2.59765625,50.0,-50.0,50.0,-50.0,50.0,-50.0,50.0,-50.0
2.6015625,50.0,-50.0,-50.0,-50.0,50.0,-50.0,-50.0,-50.0
2.60546875,50.0,-50.0,-50.0,-50.0,50.0,-50.0,-50.0,-50.0
2.609375,50.0,-50.0,-50.0,-50.0,50.0,-50.0,-50.0,-50.0
2.61328125,50.0,-50.0,-50.0,-50.0,50.0,-50.0,-50.0,-50.0
2.6171875,50.0,-50.0,-50.0,-50.0,50.0,-50.0,-50.0,-50.0
2.62109375,50.0,-50.0,-50.0,-50.0,50.0,-50.0,-50.0,-50.0
2.625,50.0,-50.0,-50.0,-50.0,50.0,-50.0,-50.0,-50.0
2.62890625,50.0,-50.0,-50.0,-50.0,50.0,-50.0,-50.0,-50.0
2.6328125,50.0,-50.0,-50.0,-50.0,50.0,-50.0,-50.0,-50.0
2.63671875,50.0,-50.0,-50.0,-50.0,50.0,-50.0,-50.0,-50.0
2.640625,50.0,-50.0,-50.0,-50.0,50.0,-50.0,-50.0,-50.0
2.64453125,50.0,-50.0,-50.0,-50.0,50.0,-50.0,-50.0,-50.0
2.6484375,50.0,-50.0,-50.0,-50.0,50.0,-50.0,-50.0,-50.0
2.65234375,50.0,-50.0,-50.0,-50.0,50.0,-50.0,-50.0,-50.0
2.65625,50.0,-50.0,-50.0,-50.0,50.0,-50.0,-50.0,-50.0
2.66015625,50.0,-50.0,-50.0,-50.0,50.0,-50.0,-50.0,-50.0
2.6640625,50.0,-50.0,-50.0,-50.0,50.0,-50.0,-50.0,-50.0
2.66796875,50.0,50.0,-50.0,50.0,50.0,50.0,-50.0,50.0
2.671875,50.0,50.0,-50.0,50.0,50.0,50.0,-50.0,50.0
2.67578125,50.0,50.0,-50.0,50.0,50.0,50.0,-50.0,50.0
2.6796875,50.0,50.0,-50.0,50.0,50.0,50.0,-50.0,50.0
2.68359375,50.0,50.0,-50.0,50.0,50.0,50.0,-50.0,50.0
2.6875,50.0,50.0,-50.0,50.0,50.0,50.0,-50.0,50.0
2.69140625,50.0,50.0,-50.0,50.0,50.0,50.0,-50.0,50.0
2.6953125,50.0,50.0,-50.0,50.0,50.0,50.0,-50.0,50.0
2.69921875,50.0,50.0,-50.0,50.0,50.0,50.0,-50.0,50.0
2.703125,50.0,50.0,-50.0,50.0,50.0,50.0,-50.0,50.0
2.70703125,50.0,50.0,-50.0,50.0,50.0,50.0,-50.0,50.0
2.7109375,50.0,50.0,-50.0,50.0,50.0,50.0,-50.0,50.0
2.71484375,50.0,50.0,-50.0,50.0,50.0,50.0,-50.0,50.0
2.71875,50.0,50.0,-50.0,50.0,50.0,50.0,-50.0,50.0
2.72265625,50.0,50.0,-50.0,50.0,50.0,50.0,-50.0,50.0
2.7265625,50.0,50.0,-50.0,50.0,50.0,50.0,-50.0,50.0
2.73046875,50.0,50.0,-50.0,50.0,50.0,50.0,-50.0,50.0
2.734375,50.0,50.0,-50.0,50.0,50.0,50.0,-50.0,50.0
2.73828125,50.0,50.0,-50.0,50.0,50.0,50.0,-50.0,50.0
2.7421875,50.0,50.0,-50.0,50.0,50.0,50.0,-50.0,50.0
2.74609375,50.0,50.0,-50.0,50.0,50.0,50.0,-50.0,50.0
2.75,50.0,50.0,-50.0,50.0,50.0,50.0,-50.0,50.0
2.75390625,-50.0,50.0,-50.0,50.0,-50.0,50.0,-50.0,50.0
2.7578125,-50.0,50.0,-50.0,50.0,-50.0,50.0,-50.0,50.0
2.76171875,-50.0,50.0,-50.0,50.0,-50.0,50.0,-50.0,50.0
2.765625,-50.0,50.0,-50.0,50.0,-50.0,50.0,-50.0,50.0
2.76953125,-50.0,50.0,-50.0,50.0,-50.0,50.0,-50.0,50.0
2.7734375,-50.0,50.0,-50.0,50.0,-50.0,50.0,-50.0,50.0
2.77734375,-50.0,50.0,-50.0,50.0,-50.0,50.0,-50.0,50.0
2.78125,-50.0,50.0,-50.0,50.0,-50.0,50.0,-50.0,50.0
2.78515625,-50.0,50.0,-50.0,50.0,-50.0,50.0,-50.0,50.0
2.7890625,-50.0,50.0,-50.0,50.0,-50.0,50.0,-50.0,50.0
2.79296875,-50.0,50.0,-50.0,50.0,-50.0,50.0,-50.0,50.0
2.796875,-50.0,50.0,-50.0,50.0,-50.0,50.0,-50.0,50.0
2.80078125,-50.0,50.0,50.0,50.0,-50.0,50.0,50.0,50.0
2.8046875,-50.0,50.0,50.0,50.0,-50.0,50.0,50.0,50.0
2.80859375,-50.0,50.0,50.0,50.0,-50.0,50.0,50.0,50.0
2.8125,-50.0,50.0,50.0,50.0,-50.0,50.0,50.0,50.0
2.81640625,-50.0,50.0,50.0,50.0,-50.0,50.0,50.0,50.0
2.8203125,-50.0,50.0,50.0,50.0,-50.0,50.0,50.0,50.0
2.82421875,-50.0,50.0,50.0,50.0,-50.0,50.0,50.0,50.0
2.828125,-50.0,50.0,50.0,50.0,-50.0,50.0,50.0,50.0
2.83203125,-50.0,50.0,50.0,50.0,-50.0,50.0,50.0,50.0
2.8359375,-50.0,-50.0,50.0,50.0,-50.0,-50.0,50.0,50.0
2.83984375,-50.0,-50.0,50.0,50.0,-50.0,-50.0,50.0,50.0
2.84375,-50.0,-50.0,50.0,50.0,-50.0,-50.0,50.0,50.0
2.84765625,-50.0,-50.0,50.0,50.0,-50.0,-50.0,50.0,50.0
2.8515625,-50.0,-50.0,50.0,50.0,-50.0,-50.0,50.0,50.0
2.85546875,-50.0,-50.0,50.0,50.0,-50.0,-50.0,50.0,50.0
2.859375,-50.0,-50.0,50.0,50.0,-50.0,-50.0,50.0,50.0
2.86328125,-50.0,-50.0,50.0,50.0,-50.0,-50.0,50.0,50.0
2.8671875,-50.0,-50.0,50.0,50.0,-50.0,-50.0,50.0,50.0
2.87109375,-50.0,-50.0,50.0,50.0,-50.0,-50.0,50.0,50.0
2.875,-50.0,-50.0,50.0,50.0,-50.0,-50.0,50.0,50.0
2.87890625,-50.0,-50.0,50.0,50.0,-50.0,-50.0,50.0,50.0
2.8828125,-50.0,-50.0,50.0,50.0,-50.0,-50.0,50.0,50.0
2.88671875,-50.0,-50.0,50.0,50.0,-50.0,-50.0,50.0,50.0
2.890625,-50.0,-50.0,50.0,50.0,-50.0,-50.0,50.0,50.0
2.89453125,-50.0,-50.0,50.0,50.0,-50.0,-50.0,50.0,50.0
2.8984375,-50.0,-50.0,50.0,50.0,-50.0,-50.0,50.0,50.0
2.90234375,-50.0,-50.0,50.0,50.0,-50.0,-50.0,50.0,50.0
2.90625,-50.0,-50.0,50.0,50.0,-50.0,-50.0,50.0,50.0
2.91015625,-50.0,-50.0,50.0,50.0,-50.0,-50.0,50.0,50.0
2.9140625,-50.0,-50.0,50.0,50.0,-50.0,-50.0,50.0,50.0
2.91796875,-50.0,-50.0,50.0,50.0,-50.0,-50.0,50.0,50.0
2.921875,-50.0,-50.0,50.0,50.0,-50.0,-50.0,50.0,50.0
2.92578125,-50.0,-50.0,50.0,50.0,-50.0,-50.0,50.0,50.0
2.9296875,-50.0,-50.0,50.0,50.0,-50.0,-50.0,50.0,50.0
2.93359375,-50.0,-50.0,50.0,50.0,-50.0,-50.0,50.0,50.0
2.9375,-50.0,-50.0,50.0,50.0,-50.0,-50.0,50.0,50.0
2.94140625,-50.0,-50.0,50.0,50.0,-50.0,-50.0,50.0,50.0
2.9453125,-50.0,-50.0,50.0,50.0,-50.0,-50.0,50.0,50.0
2.94921875,-50.0,-50.0,50.0,50.0,-50.0,-50.0,50.0,50.0
2.953125,-50.0,-50.0,50.0,50.0,-50.0,-50.0,50.0,50.0
2.95703125,-50.0,-50.0,50.0,50.0,-50.0,-50.0,50.0,50.0
2.9609375,-50.0,-50.0,50.0,50.0,-50.0,-50.0,50.0,50.0
2.96484375,-50.0,-50.0,50.0,50.0,-50.0,-50.0,50.0,50.0
2.96875,-50.0,-50.0,50.0,50.0,-50.0,-50.0,50.0,50.0
2.97265625,-50.0,-50.0,50.0,50.0,-50.0,-50.0,50.0,50.0
2.9765625,-50.0,-50.0,50.0,50.0,-50.0,-50.0,50.0,50.0
2.98046875,-50.0,-50.0,50.0,50.0,-50.0,-50.0,50.0,50.0
2.984375,-50.0,-50.0,50.0,50.0,-50.0,-50.0,50.0,50.0
2.98828125,-50.0,-50.0,50.0,50.0,-50.0,-50.0,50.0,50.0
2.9921875,-50.0,-50.0,50.0,50.0,-50.0,-50.0,50.0,50.0
2.99609375,-50.0,-50.0,50.0,50.0,-50.0,-50.0,50.0,50.0
3.0,50.0,50.0,50.0,-50.0,50.0,50.0,50.0,-50.0
3.00390625,50.0,50.0,-50.0,-50.0,50.0,50.0,-50.0,-50.0
3.0078125,50.0,50.0,-50.0,-50.0,50.0,50.0,-50.0,-50.0
3.01171875,50.0,50.0,-50.0,-50.0,50.0,50.0,-50.0,-50.0
3.015625,50.0,50.0,-50.0,-50.0,50.0,50.0,-50.0,-50.0
3.01953125,50.0,50.0,-50.0,-50.0,50.0,50.0,-50.0,-50.0
3.0234375,50.0,50.0,-50.0,-50.0,50.0,50.0,-50.0,-50.0
3.02734375,50.0,50.0,-50.0,-50.0,50.0,50.0,-50.0,-50.0
3.03125,50.0,50.0,-50.0,-50.0,50.0,50.0,-50.0,-50.0
3.03515625,50.0,50.0,-50.0,-50.0,50.0,50.0,-50.0,-50.0
3.0390625,50.0,50.0,-50.0,-50.0,50.0,50.0,-50.0,-50.0
3.04296875,50.0,50.0,-50.0,-50.0,50.0,50.0,-50.0,-50.0
3.046875,50.0,50.0,-50.0,-50.0,50.0,50.0,-50.0,-50.0
3.05078125,50.0,50.0,-50.0,-50.0,50.0,50.0,-50.0,-50.0
3.0546875,50.0,50.0,-50.0,-50.0,50.0,50.0,-50.0,-50.0
3.05859375,50.0,50.0,-50.0,-50.0,50.0,50.0,-50.0,-50.0
3.0625,50.0,50.0,-50.0,-50.0,50.0,50.0,-50.0,-50.0
3.06640625,50.0,50.0,-50.0,-50.0,50.0,50.0,-50.0,-50.0
3.0703125,50.0,50.0,-50.0,-50.0,50.0,50.0,-50.0,-50.0
3.07421875,50.0,50.0,-50.0,-50.0,50.0,50.0,-50.0,-50.0
3.078125,50.0,50.0,-50.0,-50.0,50.0,50.0,-50.0,-50.0
3.08203125,50.0,50.0,-50.0,-50.0,50.0,50.0,-50.0,-50.0
3.0859375,50.0,50.0,-50.0,-50.0,50.0,50.0,-50.0,-50.0
3.08984375,50.0,50.0,-50.0,-50.0,50.0,50.0,-50.0,-50.0
3.09375,50.0,50.0,-50.0,-50.0,50.0,50.0,-50.0,-50.0
3.09765625,50.0,50.0,-50.0,-50.0,50.0,50.0,-50.0,-50.0
3.1015625,50.0,50.0,-50.0,-50.0,50.0,50.0,-50.0,-50.0
3.10546875,50.0,50.0,-50.0,-50.0,50.0,50.0,-50.0,-50.0
3.109375,50.0,50.0,-50.0,-50.0,50.0,50.0,-50.0,-50.0
3.11328125,50.0,50.0,-50.0,-50.0,50.0,50.0,-50.0,-50.0
3.1171875,50.0,50.0,-50.0,-50.0,50.0,50.0,-50.0,-50.0
3.12109375,50.0,50.0,-50.0,-50.0,50.0,50.0,-50.0,-50.0
3.125,50.0,50.0,-50.0,-50.0,50.0,50.0,-50.0,-50.0
3.12890625,50.0,50.0,-50.0,-50.0,50.0,50.0,-50.0,-50.0
3.1328125,50.0,50.0,-50.0,-50.0,50.0,50.0,-50.0,-50.0
3.13671875,50.0,50.0,-50.0,-50.0,50.0,50.0,-50.0,-50.0
3.140625,50.0,50.0,-50.0,-50.0,50.0,50.0,-50.0,-50.0
3.14453125,50.0,50.0,-50.0,-50.0,50.0,50.0,-50.0,-50.0
3.1484375,50.0,50.0,-50.0,-50.0,50.0,50.0,-50.0,-50.0
3.15234375,50.0,50.0,-50.0,-50.0,50.0,50.0,-50.0,-50.0
3.15625,50.0,50.0,-50.0,-50.0,50.0,50.0,-50.0,-50.0
3.16015625,50.0,50.0,-50.0,-50.0,50.0,50.0,-50.0,-50.0
3.1640625,50.0,50.0,-50.0,-50.0,50.0,50.0,-50.0,-50.0
3.16796875,50.0,-50.0,-50.0,-50.0,50.0,-50.0,-50.0,-50.0
3.171875,50.0,-50.0,-50.0,-50.0,50.0,-50.0,-50.0,-50.0
3.17578125,50.0,-50.0,-50.0,-50.0,50.0,-50.0,-50.0,-50.0
3.1796875,50.0,-50.0,-50.0,-50.0,50.0,-50.0,-50.0,-50.0
3.18359375,50.0,-50.0,-50.0,-50.0,50.0,-50.0,-50.0,-50.0
3.1875,50.0,-50.0,-50.0,-50.0,50.0,-50.0,-50.0,-50.0
3.19140625,50.0,-50.0,-50.0,-50.0,50.0,-50.0,-50.0,-50.0
3.1953125,50.0,-50.0,-50.0,-50.0,50.0,-50.0,-50.0,-50.0
3.19921875,50.0,-50.0,-50.0,-50.0,50.0,-50.0,-50.0,-50.0
3.203125,50.0,-50.0,50.0,-50.0,50.0,-50.0,50.0,-50.0
3.20703125,50.0,-50.0,50.0,-50.0,50.0,-50.0,50.0,-50.0
3.2109375,50.0,-50.0,50.0,-50.0,50.0,-50.0,50.0,-50.0
3.21484375,50.0,-50.0,50.0,-50.0,50.0,-50.0,50.0,-50.0
3.21875,50.0,-50.0,50.0,-50.0,50.0,-50.0,50.0,-50.0
3.22265625,50.0,-50.0,50.0,-50.0,50.0,-50.0,50.0,-50.0
3.2265625,50.0,-50.0,50.0,-50.0,50.0,-50.0,50.0,-50.0
3.23046875,50.0,-50.0,50.0,-50.0,50.0,-50.0,50.0,-50.0
3.234375,50.0,-50.0,50.0,-50.0,50.0,-50.0,50.0,-50.0
3.23828125,50.0,-50.0,50.0,-50.0,50.0,-50.0,50.0,-50.0
3.2421875,50.0,-50.0,50.0,-50.0,50.0,-50.0,50.0,-50.0
3.24609375,50.0,-50.0,50.0,-50.0,50.0,-50.0,50.0,-50.0
3.25,-50.0,-50.0,50.0,-50.0,-50.0,-50.0,50.0,-50.0
3.25390625,-50.0,-50.0,50.0,-50.0,-50.0,-50.0,50.0,-50.0
3.2578125,-50.0,-50.0,50.0,-50.0,-50.0,-50.0,50.0,-50.0
3.26171875,-50.0,-50.0,50.0,-50.0,-50.0,-50.0,50.0,-50.0
3.265625,-50.0,-50.0,50.0,-50.0,-50.0,-50.0,50.0,-50.0
3.26953125,-50.0,-50.0,50.0,-50.0,-50.0,-50.0,50.0,-50.0
3.2734375,-50.0,-50.0,50.0,-50.0,-50.0,-50.0,50.0,-50.0
3.27734375,-50.0,-50.0,50.0,-50.0,-50.0,-50.0,50.0,-50.0
3.28125,-50.0,-50.0,50.0,-50.0,-50.0,-50.0,50.0,-50.0
3.28515625,-50.0,-50.0,50.0,-50.0,-50.0,-50.0,50.0,-50.0
3.2890625,-50.0,-50.0,50.0,-50.0,-50.0,-50.0,50.0,-50.0
3.29296875,-50.0,-50.0,50.0,-50.0,-50.0,-50.0,50.0,-50.0
3.296875,-50.0,-50.0,50.0,-50.0,-50.0,-50.0,50.0,-50.0
3.30078125,-50.0,-50.0,50.0,-50.0,-50.0,-50.0,50.0,-50.0
3.3046875,-50.0,-50.0,50.0,-50.0,-50.0,-50.0,50.0,-50.0
3.30859375,-50.0,-50.0,50.0,-50.0,-50.0,-50.0,50.0,-50.0
3.3125,-50.0,-50.0,50.0,-50.0,-50.0,-50.0,50.0,-50.0
3.31640625,-50.0,-50.0,50.0,-50.0,-50.0,-50.0,50.0,-50.0
3.3203125,-50.0,-50.0,50.0,-50.0,-50.0,-50.0,50.0,-50.0
3.32421875,-50.0,-50.0,50.0,-50.0,-50.0,-50.0,50.0,-50.0
3.328125,-50.0,-50.0,50.0,-50.0,-50.0,-50.0,50.0,-50.0
3.33203125,-50.0,-50.0,50.0,-50.0,-50.0,-50.0,50.0,-50.0
3.3359375,-50.0,50.0,50.0,50.0,-50.0,50.0,50.0,50.0
3.33984375,-50.0,50.0,50.0,50.0,-50.0,50.0,50.0,50.0
3.34375,-50.0,50.0,50.0,50.0,-50.0,50.0,50.0,50.0
3.34765625,-50.0,50.0,50.0,50.0,-50.0,50.0,50.0,50.0
3.3515625,-50.0,50.0,50.0,50.0,-50.0,50.0,50.0,50.0
3.35546875,-50.0,50.0,50.0,50.0,-50.0,50.0,50.0,50.0
3.359375,-50.0,50.0,50.0,50.0,-50.0,50.0,50.0,50.0
3.36328125,-50.0,50.0,50.0,50.0,-50.0,50.0,50.0,50.0
3.3671875,-50.0,50.0,50.0,50.0,-50.0,50.0,50.0,50.0
3.37109375,-50.0,50.0,50.0,50.0,-50.0,50.0,50.0,50.0
3.375,-50.0,50.0,50.0,50.0,-50.0,50.0,50.0,50.0
3.37890625,-50.0,50.0,50.0,50.0,-50.0,50.0,50.0,50.0
3.3828125,-50.0,50.0,50.0,50.0,-50.0,50.0,50.0,50.0
3.38671875,-50.0,50.0,50.0,50.0,-50.0,50.0,50.0,50.0
3.390625,-50.0,50.0,50.0,50.0,-50.0,50.0,50.0,50.0
3.39453125,-50.0,50.0,50.0,50.0,-50.0,50.0,50.0,50.0
3.3984375,-50.0,50.0,50.0,50.0,-50.0,50.0,50.0,50.0
3.40234375,-50.0,50.0,-50.0,50.0,-50.0,50.0,-50.0,50.0
3.40625,-50.0,50.0,-50.0,50.0,-50.0,50.0,-50.0,50.0
3.41015625,-50.0,50.0,-50.0,50.0,-50.0,50.0,-50.0,50.0
3.4140625,-50.0,50.0,-50.0,50.0,-50.0,50.0,-50.0,50.0
3.41796875,-50.0,50.0,-50.0,50.0,-50.0,50.0,-50.0,50.0
3.421875,-50.0,50.0,-50.0,50.0,-50.0,50.0,-50.0,50.0
3.42578125,-50.0,50.0,-50.0,50.0,-50.0,50.0,-50.0,50.0
3.4296875,-50.0,50.0,-50.0,50.0,-50.0,50.0,-50.0,50.0
3.43359375,-50.0,50.0,-50.0,50.0,-50.0,50.0,-50.0,50.0
3.4375,-50.0,50.0,-50.0,50.0,-50.0,50.0,-50.0,50.0
3.44140625,-50.0,50.0,-50.0,50.0,-50.0,50.0,-50.0,50.0
3.4453125,-50.0,50.0,-50.0,50.0,-50.0,50.0,-50.0,50.0
3.44921875,-50.0,50.0,-50.0,50.0,-50.0,50.0,-50.0,50.0
3.453125,-50.0,50.0,-50.0,50.0,-50.0,50.0,-50.0,50.0
3.45703125,-50.0,50.0,-50.0,50.0,-50.0,50.0,-50.0,50.0
3.4609375,-50.0,50.0,-50.0,50.0,-50.0,50.0,-50.0,50.0
3.46484375,-50.0,50.0,-50.0,50.0,-50.0,50.0,-50.0,50.0
3.46875,-50.0,50.0,-50.0,50.0,-50.0,50.0,-50.0,50.0
3.47265625,-50.0,50.0,-50.0,50.0,-50.0,50.0,-50.0,50.0
3.4765625,-50.0,50.0,-50.0,50.0,-50.0,50.0,-50.0,50.0
3.48046875,-50.0,50.0,-50.0,50.0,-50.0,50.0,-50.0,50.0
3.484375,-50.0,50.0,-50.0,50.0,-50.0,50.0,-50.0,50.0
3.48828125,-50.0,50.0,-50.0,50.0,-50.0,50.0,-50.0,50.0
3.4921875,-50.0,50.0,-50.0,50.0,-50.0,50.0,-50.0,50.0
3.49609375,-50.0,50.0,-50.0,50.0,-50.0,50.0,-50.0,50.0
3.5,50.0,-50.0,-50.0,50.0,50.0,-50.0,-50.0,50.0
3.50390625,50.0,-50.0,-50.0,50.0,50.0,-50.0,-50.0,50.0
3.5078125,50.0,-50.0,-50.0,50.0,50.0,-50.0,-50.0,50.0
3.51171875,50.0,-50.0,-50.0,50.0,50.0,-50.0,-50.0,50.0
3.515625,50.0,-50.0,-50.0,50.0,50.0,-50.0,-50.0,50.0
3.51953125,50.0,-50.0,-50.0,50.0,50.0,-50.0,-50.0,50.0
3.5234375,50.0,-50.0,-50.0,50.0,50.0,-50.0,-50.0,50.0
3.52734375,50.0,-50.0,-50.0,50.0,50.0,-50.0,-50.0,50.0
3.53125,50.0,-50.0,-50.0,50.0,50.0,-50.0,-50.0,50.0
3.53515625,50.0,-50.0,-50.0,50.0,50.0,-50.0,-50.0,50.0
3.5390625,50.0,-50.0,-50.0,50.0,50.0,-50.0,-50.0,50.0
3.54296875,50.0,-50.0,-50.0,50.0,50.0,-50.0,-50.0,50.0
3.546875,50.0,-50.0,-50.0,50.0,50.0,-50.0,-50.0,50.0
3.55078125,50.0,-50.0,-50.0,50.0,50.0,-50.0,-50.0,50.0
3.5546875,50.0,-50.0,-50.0,50.0,50.0,-50.0,-50.0,50.0
3.55859375,50.0,-50.0,-50.0,50.0,50.0,-50.0,-50.0,50.0
3.5625,50.0,-50.0,-50.0,50.0,50.0,-50.0,-50.0,50.0
3.56640625,50.0,-50.0,-50.0,50.0,50.0,-50.0,-50.0,50.0
3.5703125,50.0,-50.0,-50.0,50.0,50.0,-50.0,-50.0,50.0
3.57421875,50.0,-50.0,-50.0,50.0,50.0,-50.0,-50.0,50.0
3.578125,50.0,-50.0,-50.0,50.0,50.0,-50.0,-50.0,50.0
3.58203125,50.0,-50.0,-50.0,50.0,50.0,-50.0,-50.0,50.0
3.5859375,50.0,-50.0,-50.0,50.0,50.0,-50.0,-50.0,50.0
3.58984375,50.0,-50.0,-50.0,50.0,50.0,-50.0,-50.0,50.0
3.59375,50.0,-50.0,-50.0,50.0,50.0,-50.0,-50.0,50.0
3.59765625,50.0,-50.0,-50.0,50.0,50.0,-50.0,-50.0,50.0
3.6015625,50.0,-50.0,50.0,50.0,50.0,-50.0,50.0,50.0
3.60546875,50.0,-50.0,50.0,50.0,50.0,-50.0,50.0,50.0
3.609375,50.0,-50.0,50.0,50.0,50.0,-50.0,50.0,50.0
3.61328125,50.0,-50.0,50.0,50.0,50.0,-50.0,50.0,50.0
3.6171875,50.0,-50.0,50.0,50.0,50.0,-50.0,50.0,50.0
3.62109375,50.0,-50.0,50.0,50.0,50.0,-50.0,50.0,50.0
3.625,50.0,-50.0,50.0,50.0,50.0,-50.0,50.0,50.0
3.62890625,50.0,-50.0,50.0,50.0,50.0,-50.0,50.0,50.0
3.6328125,50.0,-50.0,50.0,50.0,50.0,-50.0,50.0,50.0
3.63671875,50.0,-50.0,50.0,50.0,50.0,-50.0,50.0,50.0
3.640625,50.0,-50.0,50.0,50.0,50.0,-50.0,50.0,50.0
3.64453125,50.0,-50.0,50.0,50.0,50.0,-50.0,50.0,50.0
3.6484375,50.0,-50.0,50.0,50.0,50.0,-50.0,50.0,50.0
3.65234375,50.0,-50.0,50.0,50.0,50.0,-50.0,50.0,50.0
3.65625,50.0,-50.0,50.0,50.0,50.0,-50.0,50.0,50.0
3.66015625,50.0,-50.0,50.0,50.0,50.0,-50.0,50.0,50.0
3.6640625,50.0,-50.0,50.0,50.0,50.0,-50.0,50.0,50.0
3.66796875,50.0,50.0,50.0,-50.0,50.0,50.0,50.0,-50.0
3.671875,50.0,50.0,50.0,-50.0,50.0,50.0,50.0,-50.0
3.67578125,50.0,50.0,50.0,-50.0,50.0,50.0,50.0,-50.0
3.6796875,50.0,50.0,50.0,-50.0,50.0,50.0,50.0,-50.0
3.68359375,50.0,50.0,50.0,-50.0,50.0,50.0,50.0,-50.0
3.6875,50.0,50.0,50.0,-50.0,50.0,50.0,50.0,-50.0
3.69140625,50.0,50.0,50.0,-50.0,50.0,50.0,50.0,-50.0
3.6953125,50.0,50.0,50.0,-50.0,50.0,50.0,50.0,-50.0
3.69921875,50.0,50.0,50.0,-50.0,50.0,50.0,50.0,-50.0
3.703125,50.0,50.0,50.0,-50.0,50.0,50.0,50.0,-50.0
3.70703125,50.0,50.0,50.0,-50.0,50.0,50.0,50.0,-50.0
3.7109375,50.0,50.0,50.0,-50.0,50.0,50.0,50.0,-50.0
3.71484375,50.0,50.0,50.0,-50.0,50.0,50.0,50.0,-50.0
3.71875,50.0,50.0,50.0,-50.0,50.0,50.0,50.0,-50.0
3.72265625,50.0,50.0,50.0,-50.0,50.0,50.0,50.0,-50.0
3.7265625,50.0,50.0,50.0,-50.0,50.0,50.0,50.0,-50.0
3.73046875,50.0,50.0,50.0,-50.0,50.0,50.0,50.0,-50.0
3.734375,50.0,50.0,50.0,-50.0,50.0,50.0,50.0,-50.0
3.73828125,50.0,50.0,50.0,-50.0,50.0,50.0,50.0,-50.0
3.7421875,50.0,50.0,50.0,-50.0,50.0,50.0,50.0,-50.0
3.74609375,50.0,50.0,50.0,-50.0,50.0,50.0,50.0,-50.0
3.75,50.0,50.0,50.0,-50.0,50.0,50.0,50.0,-50.0
3.75390625,-50.0,50.0,50.0,-50.0,-50.0,50.0,50.0,-50.0
3.7578125,-50.0,50.0,50.0,-50.0,-50.0,50.0,50.0,-50.0
3.76171875,-50.0,50.0,50.0,-50.0,-50.0,50.0,50.0,-50.0
3.765625,-50.0,50.0,50.0,-50.0,-50.0,50.0,50.0,-50.0
3.76953125,-50.0,50.0,50.0,-50.0,-50.0,50.0,50.0,-50.0
3.7734375,-50.0,50.0,50.0,-50.0,-50.0,50.0,50.0,-50.0
3.77734375,-50.0,50.0,50.0,-50.0,-50.0,50.0,50.0,-50.0
3.78125,-50.0,50.0,50.0,-50.0,-50.0,50.0,50.0,-50.0
3.78515625,-50.0,50.0,50.0,-50.0,-50.0,50.0,50.0,-50.0
3.7890625,-50.0,50.0,50.0,-50.0,-50.0,50.0,50.0,-50.0
3.79296875,-50.0,50.0,50.0,-50.0,-50.0,50.0,50.0,-50.0
3.796875,-50.0,50.0,50.0,-50.0,-50.0,50.0,50.0,-50.0
3.80078125,-50.0,50.0,-50.0,-50.0,-50.0,50.0,-50.0,-50.0
3.8046875,-50.0,50.0,-50.0,-50.0,-50.0,50.0,-50.0,-50.0
3.80859375,-50.0,50.0,-50.0,-50.0,-50.0,50.0,-50.0,-50.0
3.8125,-50.0,50.0,-50.0,-50.0,-50.0,50.0,-50.0,-50.0
3.81640625,-50.0,50.0,-50.0,-50.0,-50.0,50.0,-50.0,-50.0
3.8203125,-50.0,50.0,-50.0,-50.0,-50.0,50.0,-50.0,-50.0
3.82421875,-50.0,50.0,-50.0,-50.0,-50.0,50.0,-50.0,-50.0
3.828125,-50.0,50.0,-50.0,-50.0,-50.0,50.0,-50.0,-50.0
3.83203125,-50.0,50.0,-50.0,-50.0,-50.0,50.0,-50.0,-50.0
3.8359375,-50.0,-50.0,-50.0,-50.0,-50.0,-50.0,-50.0,-50.0
3.83984375,-50.0,-50.0,-50.0,-50.0,-50.0,-50.0,-50.0,-50.0
3.84375,-50.0,-50.0,-50.0,-50.0,-50.0,-50.0,-50.0,-50.0
3.84765625,-50.0,-50.0,-50.0,-50.0,-50.0,-50.0,-50.0,-50.0
3.8515625,-50.0,-50.0,-50.0,-50.0,-50.0,-50.0,-50.0,-50.0
3.85546875,-50.0,-50.0,-50.0,-50.0,-50.0,-50.0,-50.0,-50.0
3.859375,-50.0,-50.0,-50.0,-50.0,-50.0,-50.0,-50.0,-50.0
3.86328125,-50.0,-50.0,-50.0,-50.0,-50.0,-50.0,-50.0,-50.0
3.8671875,-50.0,-50.0,-50.0,-50.0,-50.0,-50.0,-50.0,-50.0
3.87109375,-50.0,-50.0,-50.0,-50.0,-50.0,-50.0,-50.0,-50.0
3.875,-50.0,-50.0,-50.0,-50.0,-50.0,-50.0,-50.0,-50.0
3.87890625,-50.0,-50.0,-50.0,-50.0,-50.0,-50.0,-50.0,-50.0
3.8828125,-50.0,-50.0,-50.0,-50.0,-50.0,-50.0,-50.0,-50.0
3.88671875,-50.0,-50.0,-50.0,-50.0,-50.0,-50.0,-50.0,-50.0
3.890625,-50.0,-50.0,-50.0,-50.0,-50.0,-50.0,-50.0,-50.0
3.89453125,-50.0,-50.0,-50.0,-50.0,-50.0,-50.0,-50.0,-50.0
3.8984375,-50.0,-50.0,-50.0,-50.0,-50.0,-50.0,-50.0,-50.0
3.90234375,-50.0,-50.0,-50.0,-50.0,-50.0,-50.0,-50.0,-50.0
3.90625,-50.0,-50.0,-50.0,-50.0,-50.0,-50.0,-50.0,-50.0
3.91015625,-50.0,-50.0,-50.0,-50.0,-50.0,-50.0,-50.0,-50.0
3.9140625,-50.0,-50.0,-50.0,-50.0,-50.0,-50.0,-50.0,-50.0
3.91796875,-50.0,-50.0,-50.0,-50.0,-50.0,-50.0,-50.0,-50.0
3.921875,-50.0,-50.0,-50.0,-50.0,-50.0,-50.0,-50.0,-50.0
3.92578125,-50.0,-50.0,-50.0,-50.0,-50.0,-50.0,-50.0,-50.0
3.9296875,-50.0,-50.0,-50.0,-50.0,-50.0,-50.0,-50.0,-50.0
3.93359375,-50.0,-50.0,-50.0,-50.0,-50.0,-50.0,-50.0,-50.0
3.9375,-50.0,-50.0,-50.0,-50.0,-50.0,-50.0,-50.0,-50.0
3.94140625,-50.0,-50.0,-50.0,-50.0,-50.0,-50.0,-50.0,-50.0
3.9453125,-50.0,-50.0,-50.0,-50.0,-50.0,-50.0,-50.0,-50.0
3.94921875,-50.0,-50.0,-50.0,-50.0,-50.0,-50.0,-50.0,-50.0
3.953125,-50.0,-50.0,-50.0,-50.0,-50.0,-50.0,-50.0,-50.0
3.95703125,-50.0,-50.0,-50.0,-50.0,-50.0,-50.0,-50.0,-50.0
3.9609375,-50.0,-50.0,-50.0,-50.0,-50.0,-50.0,-50.0,-50.0
3.96484375,-50.0,-50.0,-50.0,-50.0,-50.0,-50.0,-50.0,-50.0
3.96875,-50.0,-50.0,-50.0,-50.0,-50.0,-50.0,-50.0,-50.0
3.97265625,-50.0,-50.0,-50.0,-50.0,-50.0,-50.0,-50.0,-50.0
3.9765625,-50.0,-50.0,-50.0,-50.0,-50.0,-50.0,-50.0,-50.0
3.98046875,-50.0,-50.0,-50.0,-50.0,-50.0,-50.0,-50.0,-50.0
3.984375,-50.0,-50.0,-50.0,-50.0,-50.0,-50.0,-50.0,-50.0
3.98828125,-50.0,-50.0,-50.0,-50.0,-50.0,-50.0,-50.0,-50.0
3.9921875,-50.0,-50.0,-50.0,-50.0,-50.0,-50.0,-50.0,-50.0
3.99609375,-50.0,-50.0,-50.0,-50.0,-50.0,-50.0,-50.0,-50.0
4.0,50.0,50.0,50.0,50.0,50.0,50.0,50.0,50.0
4.00390625,50.0,50.0,50.0,50.0,50.0,50.0,50.0,50.0
4.0078125,50.0,50.0,50.0,50.0,50.0,50.0,50.0,50.0
4.01171875,50.0,50.0,50.0,50.0,50.0,50.0,50.0,50.0
4.015625,50.0,50.0,50.0,50.0,50.0,50.0,50.0,50.0
4.01953125,50.0,50.0,50.0,50.0,50.0,50.0,50.0,50.0
4.0234375,50.0,50.0,50.0,50.0,50.0,50.0,50.0,50.0
4.02734375,50.0,50.0,50.0,50.0,50.0,50.0,50.0,50.0
4.03125,50.0,50.0,50.0,50.0,50.0,50.0,50.0,50.0
4.03515625,50.0,50.0,50.0,50.0,50.0,50.0,50.0,50.0
4.0390625,50.0,50.0,50.0,50.0,50.0,50.0,50.0,50.0
4.04296875,50.0,50.0,50.0,50.0,50.0,50.0,50.0,50.0
4.046875,50.0,50.0,50.0,50.0,50.0,50.0,50.0,50.0
4.05078125,50.0,50.0,50.0,50.0,50.0,50.0,50.0,50.0
4.0546875,50.0,50.0,50.0,50.0,50.0,50.0,50.0,50.0
4.05859375,50.0,50.0,50.0,50.0,50.0,50.0,50.0,50.0
4.0625,50.0,50.0,50.0,50.0,50.0,50.0,50.0,50.0
4.06640625,50.0,50.0,50.0,50.0,50.0,50.0,50.0,50.0
4.0703125,50.0,50.0,50.0,50.0,50.0,50.0,50.0,50.0
4.07421875,50.0,50.0,50.0,50.0,50.0,50.0,50.0,50.0
4.078125,50.0,50.0,50.0,50.0,50.0,50.0,50.0,50.0
4.08203125,50.0,50.0,50.0,50.0,50.0,50.0,50.0,50.0
4.0859375,50.0,50.0,50.0,50.0,50.0,50.0,50.0,50.0
4.08984375,50.0,50.0,50.0,50.0,50.0,50.0,50.0,50.0
4.09375,50.0,50.0,50.0,50.0,50.0,50.0,50.0,50.0
4.09765625,50.0,50.0,50.0,50.0,50.0,50.0,50.0,50.0
4.1015625,50.0,50.0,50.0,50.0,50.0,50.0,50.0,50.0
4.10546875,50.0,50.0,50.0,50.0,50.0,50.0,50.0,50.0
4.109375,50.0,50.0,50.0,50.0,50.0,50.0,50.0,50.0
4.11328125,50.0,50.0,50.0,50.0,50.0,50.0,50.0,50.0
4.1171875,50.0,50.0,50.0,50.0,50.0,50.0,50.0,50.0
4.12109375,50.0,50.0,50.0,50.0,50.0,50.0,50.0,50.0
4.125,50.0,50.0,50.0,50.0,50.0,50.0,50.0,50.0
4.12890625,50.0,50.0,50.0,50.0,50.0,50.0,50.0,50.0
4.1328125,50.0,50.0,50.0,50.0,50.0,50.0,50.0,50.0
4.13671875,50.0,50.0,50.0,50.0,50.0,50.0,50.0,50.0
4.140625,50.0,50.0,50.0,50.0,50.0,50.0,50.0,50.0
4.14453125,50.0,50.0,50.0,50.0,50.0,50.0,50.0,50.0
4.1484375,50.0,50.0,50.0,50.0,50.0,50.0,50.0,50.0
4.15234375,50.0,50.0,50.0,50.0,50.0,50.0,50.0,50.0
4.15625,50.0,50.0,50.0,50.0,50.0,50.0,50.0,50.0
4.16015625,50.0,50.0,50.0,50.0,50.0,50.0,50.0,50.0
4.1640625,50.0,50.0,50.0,50.0,50.0,50.0,50.0,50.0
4.16796875,50.0,-50.0,50.0,50.0,50.0,-50.0,50.0,50.0
4.171875,50.0,-50.0,50.0,50.0,50.0,-50.0,50.0,50.0
4.17578125,50.0,-50.0,50.0,50.0,50.0,-50.0,50.0,50.0
4.1796875,50.0,-50.0,50.0,50.0,50.0,-50.0,50.0,50.0
4.18359375,50.0,-50.0,50.0,50.0,50.0,-50.0,50.0,50.0
4.1875,50.0,-50.0,50.0,50.0,50.0,-50.0,50.0,50.0
4.19140625,50.0,-50.0,50.0,50.0,50.0,-50.0,50.0,50.0
4.1953125,50.0,-50.0,50.0,50.0,50.0,-50.0,50.0,50.0
4.19921875,50.0,-50.0,50.0,50.0,50.0,-50.0,50.0,50.0
4.203125,50.0,-50.0,-50.0,50.0,50.0,-50.0,-50.0,50.0
4.20703125,50.0,-50.0,-50.0,50.0,50.0,-50.0,-50.0,50.0
4.2109375,50.0,-50.0,-50.0,50.0,50.0,-50.0,-50.0,50.0
4.21484375,50.0,-50.0,-50.0,50.0,50.0,-50.0,-50.0,50.0
4.21875,50.0,-50.0,-50.0,50.0,50.0,-50.0,-50.0,50.0
4.22265625,50.0,-50.0,-50.0,50.0,50.0,-50.0,-50.0,50.0
4.2265625,50.0,-50.0,-50.0,50.0,50.0,-50.0,-50.0,50.0
4.23046875,50.0,-50.0,-50.0,50.0,50.0,-50.0,-50.0,50.0
4.234375,50.0,-50.0,-50.0,50.0,50.0,-50.0,-50.0,50.0
4.23828125,50.0,-50.0,-50.0,50.0,50.0,-50.0,-50.0,50.0
4.2421875,50.0,-50.0,-50.0,50.0,50.0,-50.0,-50.0,50.0
4.24609375,50.0,-50.0,-50.0,50.0,50.0,-50.0,-50.0,50.0
4.25,-50.0,-50.0,-50.0,50.0,-50.0,-50.0,-50.0,50.0
4.25390625,-50.0,-50.0,-50.0,50.0,-50.0,-50.0,-50.0,50.0
4.2578125,-50.0,-50.0,-50.0,50.0,-50.0,-50.0,-50.0,50.0
4.26171875,-50.0,-50.0,-50.0,50.0,-50.0,-50.0,-50.0,50.0
4.265625,-50.0,-50.0,-50.0,50.0,-50.0,-50.0,-50.0,50.0
4.26953125,-50.0,-50.0,-50.0,50.0,-50.0,-50.0,-50.0,50.0
4.2734375,-50.0,-50.0,-50.0,50.0,-50.0,-50.0,-50.0,50.0
4.27734375,-50.0,-50.0,-50.0,50.0,-50.0,-50.0,-50.0,50.0
4.28125,-50.0,-50.0,-50.0,50.0,-50.0,-50.0,-50.0,50.0
4.28515625,-50.0,-50.0,-50.0,50.0,-50.0,-50.0,-50.0,50.0
4.2890625,-50.0,-50.0,-50.0,50.0,-50.0,-50.0,-50.0,50.0
4.29296875,-50.0,-50.0,-50.0,50.0,-50.0,-50.0,-50.0,50.0
4.296875,-50.0,-50.0,-50.0,50.0,-50.0,-50.0,-50.0,50.0
4.30078125,-50.0,-50.0,-50.0,50.0,-50.0,-50.0,-50.0,50.0
4.3046875,-50.0,-50.0,-50.0,50.0,-50.0,-50.0,-50.0,50.0
4.30859375,-50.0,-50.0,-50.0,50.0,-50.0,-50.0,-50.0,50.0
4.3125,-50.0,-50.0,-50.0,50.0,-50.0,-50.0,-50.0,50.0
4.31640625,-50.0,-50.0,-50.0,50.0,-50.0,-50.0,-50.0,50.0
4.3203125,-50.0,-50.0,-50.0,50.0,-50.0,-50.0,-50.0,50.0
4.32421875,-50.0,-50.0,-50.0,50.0,-50.0,-50.0,-50.0,50.0
4.328125,-50.0,-50.0,-50.0,50.0,-50.0,-50.0,-50.0,50.0
4.33203125,-50.0,-50.0,-50.0,50.0,-50.0,-50.0,-50.0,50.0
4.3359375,-50.0,50.0,-50.0,-50.0,-50.0,50.0,-50.0,-50.0
4.33984375,-50.0,50.0,-50.0,-50.0,-50.0,50.0,-50.0,-50.0
4.34375,-50.0,50.0,-50.0,-50.0,-50.0,50.0,-50.0,-50.0
4.34765625,-50.0,50.0,-50.0,-50.0,-50.0,50.0,-50.0,-50.0
4.3515625,-50.0,50.0,-50.0,-50.0,-50.0,50.0,-50.0,-50.0
4.35546875,-50.0,50.0,-50.0,-50.0,-50.0,50.0,-50.0,-50.0
4.359375,-50.0,50.0,-50.0,-50.0,-50.0,50.0,-50.0,-50.0
4.36328125,-50.0,50.0,-50.0,-50.0,-50.0,50.0,-50.0,-50.0
4.3671875,-50.0,50.0,-50.0,-50.0,-50.0,50.0,-50.0,-50.0
4.37109375,-50.0,50.0,-50.0,-50.0,-50.0,50.0,-50.0,-50.0
4.375,-50.0,50.0,-50.0,-50.0,-50.0,50.0,-50.0,-50.0
4.37890625,-50.0,50.0,-50.0,-50.0,-50.0,50.0,-50.0,-50.0
4.3828125,-50.0,50.0,-50.0,-50.0,-50.0,50.0,-50.0,-50.0
4.38671875,-50.0,50.0,-50.0,-50.0,-50.0,50.0,-50.0,-50.0
4.390625,-50.0,50.0,-50.0,-50.0,-50.0,50.0,-50.0,-50.0
4.39453125,-50.0,50.0,-50.0,-50.0,-50.0,50.0,-50.0,-50.0
4.3984375,-50.0,50.0,-50.0,-50.0,-50.0,50.0,-50.0,-50.0
4.40234375,-50.0,50.0,50.0,-50.0,-50.0,50.0,50.0,-50.0
4.40625,-50.0,50.0,50.0,-50.0,-50.0,50.0,50.0,-50.0
4.41015625,-50.0,50.0,50.0,-50.0,-50.0,50.0,50.0,-50.0
4.4140625,-50.0,50.0,50.0,-50.0,-50.0,50.0,50.0,-50.0
4.41796875,-50.0,50.0,50.0,-50.0,-50.0,50.0,50.0,-50.0
4.421875,-50.0,50.0,50.0,-50.0,-50.0,50.0,50.0,-50.0
4.42578125,-50.0,50.0,50.0,-50.0,-50.0,50.0,50.0,-50.0
4.4296875,-50.0,50.0,50.0,-50.0,-50.0,50.0,50.0,-50.0
4.43359375,-50.0,50.0,50.0,-50.0,-50.0,50.0,50.0,-50.0
4.4375,-50.0,50.0,50.0,-50.0,-50.0,50.0,50.0,-50.0
4.44140625,-50.0,50.0,50.0,-50.0,-50.0,50.0,50.0,-50.0
4.4453125,-50.0,50.0,50.0,-50.0,-50.0,50.0,50.0,-50.0
4.44921875,-50.0,50.0,50.0,-50.0,-50.0,50.0,50.0,-50.0
4.453125,-50.0,50.0,50.0,-50.0,-50.0,50.0,50.0,-50.0
4.45703125,-50.0,50.0,50.0,-50.0,-50.0,50.0,50.0,-50.0
4.4609375,-50.0,50.0,50.0,-50.0,-50.0,50.0,50.0,-50.0
4.46484375,-50.0,50.0,50.0,-50.0,-50.0,50.0,50.0,-50.0
4.46875,-50.0,50.0,50.0,-50.0,-50.0,50.0,50.0,-50.0
4.47265625,-50.0,50.0,50.0,-50.0,-50.0,50.0,50.0,-50.0
4.4765625,-50.0,50.0,50.0,-50.0,-50.0,50.0,50.0,-50.0
4.48046875,-50.0,50.0,50.0,-50.0,-50.0,50.0,50.0,-50.0
4.484375,-50.0,50.0,50.0,-50.0,-50.0,50.0,50.0,-50.0
4.48828125,-50.0,50.0,50.0,-50.0,-50.0,50.0,50.0,-50.0
4.4921875,-50.0,50.0,50.0,-50.0,-50.0,50.0,50.0,-50.0
4.49609375,-50.0,50.0,50.0,-50.0,-50.0,50.0,50.0,-50.0
4.5,50.0,50.0,50.0,-50.0,50.0,50.0,50.0,-50.0
4.50390625,50.0,-50.0,50.0,-50.0,50.0,-50.0,50.0,-50.0
4.5078125,50.0,-50.0,50.0,-50.0,50.0,-50.0,50.0,-50.0
4.51171875,50.0,-50.0,50.0,-50.0,50.0,-50.0,50.0,-50.0
4.515625,50.0,-50.0,50.0,-50.0,50.0,-50.0,50.0,-50.0
4.51953125,50.0,-50.0,50.0,-50.0,50.0,-50.0,50.0,-50.0
4.5234375,50.0,-50.0,50.0,-50.0,50.0,-50.0,50.0,-50.0
4.52734375,50.0,-50.0,50.0,-50.0,50.0,-50.0,50.0,-50.0
4.53125,50.0,-50.0,50.0,-50.0,50.0,-50.0,50.0,-50.0
4.53515625,50.0,-50.0,50.0,-50.0,50.0,-50.0,50.0,-50.0
4.5390625,50.0,-50.0,50.0,-50.0,50.0,-50.0,50.0,-50.0
4.54296875,50.0,-50.0,50.0,-50.0,50.0,-50.0,50.0,-50.0
4.546875,50.0,-50.0,50.0,-50.0,50.0,-50.0,50.0,-50.0
4.55078125,50.0,-50.0,50.0,-50.0,50.0,-50.0,50.0,-50.0
4.5546875,50.0,-50.0,50.0,-50.0,50.0,-50.0,50.0,-50.0
4.55859375,50.0,-50.0,50.0,-50.0,50.0,-50.0,50.0,-50.0
4.5625,50.0,-50.0,50.0,-50.0,50.0,-50.0,50.0,-50.0
4.56640625,50.0,-50.0,50.0,-50.0,50.0,-50.0,50.0,-50.0
4.5703125,50.0,-50.0,50.0,-50.0,50.0,-50.0,50.0,-50.0
4.57421875,50.0,-50.0,50.0,-50.0,50.0,-50.0,50.0,-50.0
4.578125,50.0,-50.0,50.0,-50.0,50.0,-50.0,50.0,-50.0
4.58203125,50.0,-50.0,50.0,-50.0,50.0,-50.0,50.0,-50.0
4.5859375,50.0,-50.0,50.0,-50.0,50.0,-50.0,50.0,-50.0
4.58984375,50.0,-50.0,50.0,-50.0,50.0,-50.0,50.0,-50.0
4.59375,50.0,-50.0,50.0,-50.0,50.0,-50.0,50.0,-50.0
4.59765625,50.0,-50.0,50.0,-50.0,50.0,-50.0,50.0,-50.0
4.6015625,50.0,-50.0,-50.0,-50.0,50.0,-50.0,-50.0,-50.0
4.60546875,50.0,-50.0,-50.0,-50.0,50.0,-50.0,-50.0,-50.0
4.609375,50.0,-50.0,-50.0,-50.0,50.0,-50.0,-50.0,-50.0
4.61328125,50.0,-50.0,-50.0,-50.0,50.0,-50.0,-50.0,-50.0
4.6171875,50.0,-50.0,-50.0,-50.0,50.0,-50.0,-50.0,-50.0
4.62109375,50.0,-50.0,-50.0,-50.0,50.0,-50.0,-50.0,-50.0
4.625,50.0,-50.0,-50.0,-50.0,50.0,-50.0,-50.0,-50.0
4.62890625,50.0,-50.0,-50.0,-50.0,50.0,-50.0,-50.0,-50.0
4.6328125,50.0,-50.0,-50.0,-50.0,50.0,-50.0,-50.0,-50.0
4.63671875,50.0,-50.0,-50.0,-50.0,50.0,-50.0,-50.0,-50.0
4.640625,50.0,-50.0,-50.0,-50.0,50.0,-50.0,-50.0,-50.0
4.64453125,50.0,-50.0,-50.0,-50.0,50.0,-50.0,-50.0,-50.0
4.6484375,50.0,-50.0,-50.0,-50.0,50.0,-50.0,-50.0,-50.0
4.65234375,50.0,-50.0,-50.0,-50.0,50.0,-50.0,-50.0,-50.0
4.65625,50.0,-50.0,-50.0,-50.0,50.0,-50.0,-50.0,-50.0
4.66015625,50.0,-50.0,-50.0,-50.0,50.0,-50.0,-50.0,-50.0
4.6640625,50.0,-50.0,-50.0,-50.0,50.0,-50.0,-50.0,-50.0
4.66796875,50.0,50.0,-50.0,50.0,50.0,50.0,-50.0,50.0
4.671875,50.0,50.0,-50.0,50.0,50.0,50.0,-50.0,50.0
4.67578125,50.0,50.0,-50.0,50.0,50.0,50.0,-50.0,50.0
4.6796875,50.0,50.0,-50.0,50.0,50.0,50.0,-50.0,50.0
4.68359375,50.0,50.0,-50.0,50.0,50.0,50.0,-50.0,50.0
4.6875,50.0,50.0,-50.0,50.0,50.0,50.0,-50.0,50.0
4.69140625,50.0,50.0,-50.0,50.0,50.0,50.0,-50.0,50.0
4.6953125,50.0,50.0,-50.0,50.0,50.0,50.0,-50.0,50.0
4.69921875,50.0,50.0,-50.0,50.0,50.0,50.0,-50.0,50.0
4.703125,50.0,50.0,-50.0,50.0,50.0,50.0,-50.0,50.0
4.70703125,50.0,50.0,-50.0,50.0,50.0,50.0,-50.0,50.0
4.7109375,50.0,50.0,-50.0,50.0,50.0,50.0,-50.0,50.0
4.71484375,50.0,50.0,-50.0,50.0,50.0,50.0,-50.0,50.0
4.71875,50.0,50.0,-50.0,50.0,50.0,50.0,-50.0,50.0
4.72265625,50.0,50.0,-50.0,50.0,50.0,50.0,-50.0,50.0
4.7265625,50.0,50.0,-50.0,50.0,50.0,50.0,-50.0,50.0
4.73046875,50.0,50.0,-50.0,50.0,50.0,50.0,-50.0,50.0
4.734375,50.0,50.0,-50.0,50.0,50.0,50.0,-50.0,50.0
4.73828125,50.0,50.0,-50.0,50.0,50.0,50.0,-50.0,50.0
4.7421875,50.0,50.0,-50.0,50.0,50.0,50.0,-50.0,50.0
4.74609375,50.0,50.0,-50.0,50.0,50.0,50.0,-50.0,50.0
4.75,50.0,50.0,-50.0,50.0,50.0,50.0,-50.0,50.0
4.75390625,-50.0,50.0,-50.0,50.0,-50.0,50.0,-50.0,50.0
4.7578125,-50.0,50.0,-50.0,50.0,-50.0,50.0,-50.0,50.0
4.76171875,-50.0,50.0,-50.0,50.0,-50.0,50.0,-50.0,50.0
4.765625,-50.0,50.0,-50.0,50.0,-50.0,50.0,-50.0,50.0
4.76953125,-50.0,50.0,-50.0,50.0,-50.0,50.0,-50.0,50.0
4.7734375,-50.0,50.0,-50.0,50.0,-50.0,50.0,-50.0,50.0
4.77734375,-50.0,50.0,-50.0,50.0,-50.0,50.0,-50.0,50.0
4.78125,-50.0,50.0,-50.0,50.0,-50.0,50.0,-50.0,50.0
4.78515625,-50.0,50.0,-50.0,50.0,-50.0,50.0,-50.0,50.0
4.7890625,-50.0,50.0,-50.0,50.0,-50.0,50.0,-50.0,50.0
4.79296875,-50.0,50.0,-50.0,50.0,-50.0,50.0,-50.0,50.0
4.796875,-50.0,50.0,-50.0,50.0,-50.0,50.0,-50.0,50.0
4.80078125,-50.0,50.0,50.0,50.0,-50.0,50.0,50.0,50.0
4.8046875,-50.0,50.0,50.0,50.0,-50.0,50.0,50.0,50.0
4.80859375,-50.0,50.0,50.0,50.0,-50.0,50.0,50.0,50.0
4.8125,-50.0,50.0,50.0,50.0,-50.0,50.0,50.0,50.0
4.81640625,-50.0,50.0,50.0,50.0,-50.0,50.0,50.0,50.0
4.8203125,-50.0,50.0,50.0,50.0,-50.0,50.0,50.0,50.0
4.82421875,-50.0,50.0,50.0,50.0,-50.0,50.0,50.0,50.0
4.828125,-50.0,50.0,50.0,50.0,-50.0,50.0,50.0,50.0
4.83203125,-50.0,50.0,50.0,50.0,-50.0,50.0,50.0,50.0
4.8359375,-50.0,-50.0,50.0,50.0,-50.0,-50.0,50.0,50.0
4.83984375,-50.0,-50.0,50.0,50.0,-50.0,-50.0,50.0,50.0
4.84375,-50.0,-50.0,50.0,50.0,-50.0,-50.0,50.0,50.0
4.84765625,-50.0,-50.0,50.0,50.0,-50.0,-50.0,50.0,50.0
4.8515625,-50.0,-50.0,50.0,50.0,-50.0,-50.0,50.0,50.0
4.85546875,-50.0,-50.0,50.0,50.0,-50.0,-50.0,50.0,50.0
4.859375,-50.0,-50.0,50.0,50.0,-50.0,-50.0,50.0,50.0
4.86328125,-50.0,-50.0,50.0,50.0,-50.0,-50.0,50.0,50.0
4.8671875,-50.0,-50.0,50.0,50.0,-50.0,-50.0,50.0,50.0
4.87109375,-50.0,-50.0,50.0,50.0,-50.0,-50.0,50.0,50.0
4.875,-50.0,-50.0,50.0,50.0,-50.0,-50.0,50.0,50.0
4.87890625,-50.0,-50.0,50.0,50.0,-50.0,-50.0,50.0,50.0
4.8828125,-50.0,-50.0,50.0,50.0,-50.0,-50.0,50.0,50.0
4.88671875,-50.0,-50.0,50.0,50.0,-50.0,-50.0,50.0,50.0
4.890625,-50.0,-50.0,50.0,50.0,-50.0,-50.0,50.0,50.0
4.89453125,-50.0,-50.0,50.0,50.0,-50.0,-50.0,50.0,50.0
4.8984375,-50.0,-50.0,50.0,50.0,-50.0,-50.0,50.0,50.0
4.90234375,-50.0,-50.0,50.0,50.0,-50.0,-50.0,50.0,50.0
4.90625,-50.0,-50.0,50.0,50.0,-50.0,-50.0,50.0,50.0
4.91015625,-50.0,-50.0,50.0,50.0,-50.0,-50.0,50.0,50.0
4.9140625,-50.0,-50.0,50.0,50.0,-50.0,-50.0,50.0,50.0
4.91796875,-50.0,-50.0,50.0,50.0,-50.0,-50.0,50.0,50.0
4.921875,-50.0,-50.0,50.0,50.0,-50.0,-50.0,50.0,50.0
4.92578125,-50.0,-50.0,50.0,50.0,-50.0,-50.0,50.0,50.0
4.9296875,-50.0,-50.0,50.0,50.0,-50.0,-50.0,50.0,50.0
4.93359375,-50.0,-50.0,50.0,50.0,-50.0,-50.0,50.0,50.0
4.9375,-50.0,-50.0,50.0,50.0,-50.0,-50.0,50.0,50.0
4.94140625,-50.0,-50.0,50.0,50.0,-50.0,-50.0,50.0,50.0
4.9453125,-50.0,-50.0,50.0,50.0,-50.0,-50.0,50.0,50.0
4.94921875,-50.0,-50.0,50.0,50.0,-50.0,-50.0,50.0,50.0
4.953125,-50.0,-50.0,50.0,50.0,-50.0,-50.0,50.0,50.0
4.95703125,-50.0,-50.0,50.0,50.0,-50.0,-50.0,50.0,50.0
4.9609375,-50.0,-50.0,50.0,50.0,-50.0,-50.0,50.0,50.0
4.96484375,-50.0,-50.0,50.0,50.0,-50.0,-50.0,50.0,50.0
4.96875,-50.0,-50.0,50.0,50.0,-50.0,-50.0,50.0,50.0
4.97265625,-50.0,-50.0,50.0,50.0,-50.0,-50.0,50.0,50.0
4.9765625,-50.0,-50.0,50.0,50.0,-50.0,-50.0,50.0,50.0
4.98046875,-50.0,-50.0,50.0,50.0,-50.0,-50.0,50.0,50.0
4.984375,-50.0,-50.0,50.0,50.0,-50.0,-50.0,50.0,50.0
4.98828125,-50.0,-50.0,50.0,50.0,-50.0,-50.0,50.0,50.0
4.9921875,-50.0,-50.0,50.0,50.0,-50.0,-50.0,50.0,50.0
4.99609375,-50.0,-50.0,50.0,50.0,-50.0,-50.0,50.0,50.0
5.0,50.0,-50.0,-50.0,50.0,50.0,-50.0,-50.0,50.0
5.00390625,50.0,50.0,-50.0,-50.0,50.0,50.0,-50.0,-50.0
5.0078125,50.0,50.0,-50.0,-50.0,50.0,50.0,-50.0,-50.0
5.01171875,50.0,50.0,-50.0,-50.0,50.0,50.0,-50.0,-50.0
5.015625,50.0,50.0,-50.0,-50.0,50.0,50.0,-50.0,-50.0
5.01953125,50.0,50.0,-50.0,-50.0,50.0,50.0,-50.0,-50.0
5.0234375,50.0,50.0,-50.0,-50.0,50.0,50.0,-50.0,-50.0
5.02734375,50.0,50.0,-50.0,-50.0,50.0,50.0,-50.0,-50.0
5.03125,50.0,50.0,-50.0,-50.0,50.0,50.0,-50.0,-50.0
5.03515625,50.0,50.0,-50.0,-50.0,50.0,50.0,-50.0,-50.0
5.0390625,50.0,50.0,-50.0,-50.0,50.0,50.0,-50.0,-50.0
5.04296875,50.0,50.0,-50.0,-50.0,50.0,50.0,-50.0,-50.0
5.046875,50.0,50.0,-50.0,-50.0,50.0,50.0,-50.0,-50.0
5.05078125,50.0,50.0,-50.0,-50.0,50.0,50.0,-50.0,-50.0
5.0546875,50.0,50.0,-50.0,-50.0,50.0,50.0,-50.0,-50.0
5.05859375,50.0,50.0,-50.0,-50.0,50.0,50.0,-50.0,-50.0
5.0625,50.0,50.0,-50.0,-50.0,50.0,50.0,-50.0,-50.0
5.06640625,50.0,50.0,-50.0,-50.0,50.0,50.0,-50.0,-50.0
5.0703125,50.0,50.0,-50.0,-50.0,50.0,50.0,-50.0,-50.0
5.07421875,50.0,50.0,-50.0,-50.0,50.0,50.0,-50.0,-50.0
5.078125,50.0,50.0,-50.0,-50.0,50.0,50.0,-50.0,-50.0
5.08203125,50.0,50.0,-50.0,-50.0,50.0,50.0,-50.0,-50.0
5.0859375,50.0,50.0,-50.0,-50.0,50.0,50.0,-50.0,-50.0
5.08984375,50.0,50.0,-50.0,-50.0,50.0,50.0,-50.0,-50.0
5.09375,50.0,50.0,-50.0,-50.0,50.0,50.0,-50.0,-50.0
5.09765625,50.0,50.0,-50.0,-50.0,50.0,50.0,-50.0,-50.0
5.1015625,50.0,50.0,-50.0,-50.0,50.0,50.0,-50.0,-50.0
5.10546875,50.0,50.0,-50.0,-50.0,50.0,50.0,-50.0,-50.0
5.109375,50.0,50.0,-50.0,-50.0,50.0,50.0,-50.0,-50.0
5.11328125,50.0,50.0,-50.0,-50.0,50.0,50.0,-50.0,-50.0
5.1171875,50.0,50.0,-50.0,-50.0,50.0,50.0,-50.0,-50.0
5.12109375,50.0,50.0,-50.0,-50.0,50.0,50.0,-50.0,-50.0
5.125,50.0,50.0,-50.0,-50.0,50.0,50.0,-50.0,-50.0
5.12890625,50.0,50.0,-50.0,-50.0,50.0,50.0,-50.0,-50.0
5.1328125,50.0,50.0,-50.0,-50.0,50.0,50.0,-50.0,-50.0
5.13671875,50.0,50.0,-50.0,-50.0,50.0,50.0,-50.0,-50.0
5.140625,50.0,50.0,-50.0,-50.0,50.0,50.0,-50.0,-50.0
5.14453125,50.0,50.0,-50.0,-50.0,50.0,50.0,-50.0,-50.0
5.1484375,50.0,50.0,-50.0,-50.0,50.0,50.0,-50.0,-50.0
5.15234375,50.0,50.0,-50.0,-50.0,50.0,50.0,-50.0,-50.0
5.15625,50.0,50.0,-50.0,-50.0,50.0,50.0,-50.0,-50.0
5.16015625,50.0,50.0,-50.0,-50.0,50.0,50.0,-50.0,-50.0
5.1640625,50.0,50.0,-50.0,-50.0,50.0,50.0,-50.0,-50.0
5.16796875,50.0,-50.0,-50.0,-50.0,50.0,-50.0,-50.0,-50.0
5.171875,50.0,-50.0,-50.0,-50.0,50.0,-50.0,-50.0,-50.0
5.17578125,50.0,-50.0,-50.0,-50.0,50.0,-50.0,-50.0,-50.0
5.1796875,50.0,-50.0,-50.0,-50.0,50.0,-50.0,-50.0,-50.0
5.18359375,50.0,-50.0,-50.0,-50.0,50.0,-50.0,-50.0,-50.0
5.1875,50.0,-50.0,-50.0,-50.0,50.0,-50.0,-50.0,-50.0
5.19140625,50.0,-50.0,-50.0,-50.0,50.0,-50.0,-50.0,-50.0
5.1953125,50.0,-50.0,-50.0,-50.0,50.0,-50.0,-50.0,-50.0
5.19921875,50.0,-50.0,-50.0,-50.0,50.0,-50.0,-50.0,-50.0
5.203125,50.0,-50.0,50.0,-50.0,50.0,-50.0,50.0,-50.0
5.20703125,50.0,-50.0,50.0,-50.0,50.0,-50.0,50.0,-50.0
5.2109375,50.0,-50.0,50.0,-50.0,50.0,-50.0,50.0,-50.0
5.21484375,50.0,-50.0,50.0,-50.0,50.0,-50.0,50.0,-50.0
5.21875,50.0,-50.0,50.0,-50.0,50.0,-50.0,50.0,-50.0
5.22265625,50.0,-50.0,50.0,-50.0,50.0,-50.0,50.0,-50.0
5.2265625,50.0,-50.0,50.0,-50.0,50.0,-50.0,50.0,-50.0
5.23046875,50.0,-50.0,50.0,-50.0,50.0,-50.0,50.0,-50.0
5.234375,50.0,-50.0,50.0,-50.0,50.0,-50.0,50.0,-50.0
5.23828125,50.0,-50.0,50.0,-50.0,50.0,-50.0,50.0,-50.0
5.2421875,50.0,-50.0,50.0,-50.0,50.0,-50.0,50.0,-50.0
5.24609375,50.0,-50.0,50.0,-50.0,50.0,-50.0,50.0,-50.0
5.25,-50.0,-50.0,50.0,-50.0,-50.0,-50.0,50.0,-50.0
5.25390625,-50.0,-50.0,50.0,-50.0,-50.0,-50.0,50.0,-50.0
5.2578125,-50.0,-50.0,50.0,-50.0,-50.0,-50.0,50.0,-50.0
5.26171875,-50.0,-50.0,50.0,-50.0,-50.0,-50.0,50.0,-50.0
5.265625,-50.0,-50.0,50.0,-50.0,-50.0,-50.0,50.0,-50.0
5.26953125,-50.0,-50.0,50.0,-50.0,-50.0,-50.0,50.0,-50.0
5.2734375,-50.0,-50.0,50.0,-50.0,-50.0,-50.0,50.0,-50.0
5.27734375,-50.0,-50.0,50.0,-50.0,-50.0,-50.0,50.0,-50.0
5.28125,-50.0,-50.0,50.0,-50.0,-50.0,-50.0,50.0,-50.0
5.28515625,-50.0,-50.0,50.0,-50.0,-50.0,-50.0,50.0,-50.0
5.2890625,-50.0,-50.0,50.0,-50.0,-50.0,-50.0,50.0,-50.0
5.29296875,-50.0,-50.0,50.0,-50.0,-50.0,-50.0,50.0,-50.0
5.296875,-50.0,-50.0,50.0,-50.0,-50.0,-50.0,50.0,-50.0
5.30078125,-50.0,-50.0,50.0,-50.0,-50.0,-50.0,50.0,-50.0
5.3046875,-50.0,-50.0,50.0,-50.0,-50.0,-50.0,50.0,-50.0
5.30859375,-50.0,-50.0,50.0,-50.0,-50.0,-50.0,50.0,-50.0
5.3125,-50.0,-50.0,50.0,-50.0,-50.0,-50.0,50.0,-50.0
5.31640625,-50.0,-50.0,50.0,-50.0,-50.0,-50.0,50.0,-50.0
5.3203125,-50.0,-50.0,50.0,-50.0,-50.0,-50.0,50.0,-50.0
5.32421875,-50.0,-50.0,50.0,-50.0,-50.0,-50.0,50.0,-50.0
5.328125,-50.0,-50.0,50.0,-50.0,-50.0,-50.0,50.0,-50.0
5.33203125,-50.0,-50.0,50.0,-50.0,-50.0,-50.0,50.0,-50.0
5.3359375,-50.0,50.0,50.0,50.0,-50.0,50.0,50.0,50.0
5.33984375,-50.0,50.0,50.0,50.0,-50.0,50.0,50.0,50.0
5.34375,-50.0,50.0,50.0,50.0,-50.0,50.0,50.0,50.0
5.34765625,-50.0,50.0,50.0,50.0,-50.0,50.0,50.0,50.0
5.3515625,-50.0,50.0,50.0,50.0,-50.0,50.0,50.0,50.0
5.35546875,-50.0,50.0,50.0,50.0,-50.0,50.0,50.0,50.0
5.359375,-50.0,50.0,50.0,50.0,-50.0,50.0,50.0,50.0
5.36328125,-50.0,50.0,50.0,50.0,-50.0,50.0,50.0,50.0
5.3671875,-50.0,50.0,50.0,50.0,-50.0,50.0,50.0,50.0
5.37109375,-50.0,50.0,50.0,50.0,-50.0,50.0,50.0,50.0
5.375,-50.0,50.0,50.0,50.0,-50.0,50.0,50.0,50.0
5.37890625,-50.0,50.0,50.0,50.0,-50.0,50.0,50.0,50.0
5.3828125,-50.0,50.0,50.0,50.0,-50.0,50.0,50.0,50.0
5.38671875,-50.0,50.0,50.0,50.0,-50.0,50.0,50.0,50.0
5.390625,-50.0,50.0,50.0,50.0,-50.0,50.0,50.0,50.0
5.39453125,-50.0,50.0,50.0,50.0,-50.0,50.0,50.0,50.0
5.3984375,-50.0,50.0,50.0,50.0,-50.0,50.0,50.0,50.0
5.40234375,-50.0,50.0,-50.0,50.0,-50.0,50.0,-50.0,50.0
5.40625,-50.0,50.0,-50.0,50.0,-50.0,50.0,-50.0,50.0
5.41015625,-50.0,50.0,-50.0,50.0,-50.0,50.0,-50.0,50.0
5.4140625,-50.0,50.0,-50.0,50.0,-50.0,50.0,-50.0,50.0
5.41796875,-50.0,50.0,-50.0,50.0,-50.0,50.0,-50.0,50.0
5.421875,-50.0,50.0,-50.0,50.0,-50.0,50.0,-50.0,50.0
5.42578125,-50.0,50.0,-50.0,50.0,-50.0,50.0,-50.0,50.0
5.4296875,-50.0,50.0,-50.0,50.0,-50.0,50.0,-50.0,50.0
5.43359375,-50.0,50.0,-50.0,50.0,-50.0,50.0,-50.0,50.0
5.4375,-50.0,50.0,-50.0,50.0,-50.0,50.0,-50.0,50.0
5.44140625,-50.0,50.0,-50.0,50.0,-50.0,50.0,-50.0,50.0
5.4453125,-50.0,50.0,-50.0,50.0,-50.0,50.0,-50.0,50.0
5.44921875,-50.0,50.0,-50.0,50.0,-50.0,50.0,-50.0,50.0
5.453125,-50.0,50.0,-50.0,50.0,-50.0,50.0,-50.0,50.0
5.45703125,-50.0,50.0,-50.0,50.0,-50.0,50.0,-50.0,50.0
5.4609375,-50.0,50.0,-50.0,50.0,-50.0,50.0,-50.0,50.0
5.46484375,-50.0,50.0,-50.0,50.0,-50.0,50.0,-50.0,50.0
5.46875,-50.0,50.0,-50.0,50.0,-50.0,50.0,-50.0,50.0
5.47265625,-50.0,50.0,-50.0,50.0,-50.0,50.0,-50.0,50.0
5.4765625,-50.0,50.0,-50.0,50.0,-50.0,50.0,-50.0,50.0
5.48046875,-50.0,50.0,-50.0,50.0,-50.0,50.0,-50.0,50.0
5.484375,-50.0,50.0,-50.0,50.0,-50.0,50.0,-50.0,50.0
5.48828125,-50.0,50.0,-50.0,50.0,-50.0,50.0,-50.0,50.0
5.4921875,-50.0,50.0,-50.0,50.0,-50.0,50.0,-50.0,50.0
5.49609375,-50.0,50.0,-50.0,50.0,-50.0,50.0,-50.0,50.0
5.5,-50.0,-50.0,-50.0,50.0,-50.0,-50.0,-50.0,50.0
5.50390625,50.0,-50.0,-50.0,50.0,50.0,-50.0,-50.0,50.0
5.5078125,50.0,-50.0,-50.0,50.0,50.0,-50.0,-50.0,50.0
5.51171875,50.0,-50.0,-50.0,50.0,50.0,-50.0,-50.0,50.0
5.515625,50.0,-50.0,-50.0,50.0,50.0,-50.0,-50.0,50.0
5.51953125,50.0,-50.0,-50.0,50.0,50.0,-50.0,-50.0,50.0
5.5234375,50.0,-50.0,-50.0,50.0,50.0,-50.0,-50.0,50.0
5.52734375,50.0,-50.0,-50.0,50.0,50.0,-50.0,-50.0,50.0
5.53125,50.0,-50.0,-50.0,50.0,50.0,-50.0,-50.0,50.0
5.53515625,50.0,-50.0,-50.0,50.0,50.0,-50.0,-50.0,50.0
5.5390625,50.0,-50.0,-50.0,50.0,50.0,-50.0,-50.0,50.0
5.54296875,50.0,-50.0,-50.0,50.0,50.0,-50.0,-50.0,50.0
5.546875,50.0,-50.0,-50.0,50.0,50.0,-50.0,-50.0,50.0
5.55078125,50.0,-50.0,-50.0,50.0,50.0,-50.0,-50.0,50.0
5.5546875,50.0,-50.0,-50.0,50.0,50.0,-50.0,-50.0,50.0
5.55859375,50.0,-50.0,-50.0,50.0,50.0,-50.0,-50.0,50.0
5.5625,50.0,-50.0,-50.0,50.0,50.0,-50.0,-50.0,50.0
5.56640625,50.0,-50.0,-50.0,50.0,50.0,-50.0,-50.0,50.0
5.5703125,50.0,-50.0,-50.0,50.0,50.0,-50.0,-50.0,50.0
5.57421875,50.0,-50.0,-50.0,50.0,50.0,-50.0,-50.0,50.0
5.578125,50.0,-50.0,-50.0,50.0,50.0,-50.0,-50.0,50.0
5.58203125,50.0,-50.0,-50.0,50.0,50.0,-50.0,-50.0,50.0
5.5859375,50.0,-50.0,-50.0,50.0,50.0,-50.0,-50.0,50.0
5.58984375,50.0,-50.0,-50.0,50.0,50.0,-50.0,-50.0,50.0
5.59375,50.0,-50.0,-50.0,50.0,50.0,-50.0,-50.0,50.0
5.59765625,50.0,-50.0,-50.0,50.0,50.0,-50.0,-50.0,50.0
5.6015625,50.0,-50.0,50.0,50.0,50.0,-50.0,50.0,50.0
5.60546875,50.0,-50.0,50.0,50.0,50.0,-50.0,50.0,50.0
5.609375,50.0,-50.0,50.0,50.0,50.0,-50.0,50.0,50.0
5.61328125,50.0,-50.0,50.0,50.0,50.0,-50.0,50.0,50.0
5.6171875,50.0,-50.0,50.0,50.0,50.0,-50.0,50.0,50.0
5.62109375,50.0,-50.0,50.0,50.0,50.0,-50.0,50.0,50.0
5.625,50.0,-50.0,50.0,50.0,50.0,-50.0,50.0,50.0
5.62890625,50.0,-50.0,50.0,50.0,50.0,-50.0,50.0,50.0
5.6328125,50.0,-50.0,50.0,50.0,50.0,-50.0,50.0,50.0
5.63671875,50.0,-50.0,50.0,50.0,50.0,-50.0,50.0,50.0
5.640625,50.0,-50.0,50.0,50.0,50.0,-50.0,50.0,50.0
5.64453125,50.0,-50.0,50.0,50.0,50.0,-50.0,50.0,50.0
5.6484375,50.0,-50.0,50.0,50.0,50.0,-50.0,50.0,50.0
5.65234375,50.0,-50.0,50.0,50.0,50.0,-50.0,50.0,50.0
5.65625,50.0,-50.0,50.0,50.0,50.0,-50.0,50.0,50.0
5.66015625,50.0,-50.0,50.0,50.0,50.0,-50.0,50.0,50.0
5.6640625,50.0,-50.0,50.0,50.0,50.0,-50.0,50.0,50.0
5.66796875,50.0,50.0,50.0,-50.0,50.0,50.0,50.0,-50.0
5.671875,50.0,50.0,50.0,-50.0,50.0,50.0,50.0,-50.0
5.67578125,50.0,50.0,50.0,-50.0,50.0,50.0,50.0,-50.0
5.6796875,50.0,50.0,50.0,-50.0,50.0,50.0,50.0,-50.0
5.68359375,50.0,50.0,50.0,-50.0,50.0,50.0,50.0,-50.0
5.6875,50.0,50.0,50.0,-50.0,50.0,50.0,50.0,-50.0
5.69140625,50.0,50.0,50.0,-50.0,50.0,50.0,50.0,-50.0
5.6953125,50.0,50.0,50.0,-50.0,50.0,50.0,50.0,-50.0
5.69921875,50.0,50.0,50.0,-50.0,50.0,50.0,50.0,-50.0
5.703125,50.0,50.0,50.0,-50.0,50.0,50.0,50.0,-50.0
5.70703125,50.0,50.0,50.0,-50.0,50.0,50.0,50.0,-50.0
5.7109375,50.0,50.0,50.0,-50.0,50.0,50.0,50.0,-50.0
5.71484375,50.0,50.0,50.0,-50.0,50.0,50.0,50.0,-50.0
5.71875,50.0,50.0,50.0,-50.0,50.0,50.0,50.0,-50.0
5.72265625,50.0,50.0,50.0,-50.0,50.0,50.0,50.0,-50.0
5.7265625,50.0,50.0,50.0,-50.0,50.0,50.0,50.0,-50.0
5.73046875,50.0,50.0,50.0,-50.0,50.0,50.0,50.0,-50.0
5.734375,50.0,50.0,50.0,-50.0,50.0,50.0,50.0,-50.0
5.73828125,50.0,50.0,50.0,-50.0,50.0,50.0,50.0,-50.0
5.7421875,50.0,50.0,50.0,-50.0,50.0,50.0,50.0,-50.0
5.74609375,50.0,50.0,50.0,-50.0,50.0,50.0,50.0,-50.0
5.75,50.0,50.0,50.0,-50.0,50.0,50.0,50.0,-50.0
5.75390625,-50.0,50.0,50.0,-50.0,-50.0,50.0,50.0,-50.0
5.7578125,-50.0,50.0,50.0,-50.0,-50.0,50.0,50.0,-50.0
5.76171875,-50.0,50.0,50.0,-50.0,-50.0,50.0,50.0,-50.0
5.765625,-50.0,50.0,50.0,-50.0,-50.0,50.0,50.0,-50.0
5.76953125,-50.0,50.0,50.0,-50.0,-50.0,50.0,50.0,-50.0
5.7734375,-50.0,50.0,50.0,-50.0,-50.0,50.0,50.0,-50.0
5.77734375,-50.0,50.0,50.0,-50.0,-50.0,50.0,50.0,-50.0
5.78125,-50.0,50.0,50.0,-50.0,-50.0,50.0,50.0,-50.0
5.78515625,-50.0,50.0,50.0,-50.0,-50.0,50.0,50.0,-50.0
5.7890625,-50.0,50.0,50.0,-50.0,-50.0,50.0,50.0,-50.0
5.79296875,-50.0,50.0,50.0,-50.0,-50.0,50.0,50.0,-50.0
5.796875,-50.0,50.0,50.0,-50.0,-50.0,50.0,50.0,-50.0
5.80078125,-50.0,50.0,-50.0,-50.0,-50.0,50.0,-50.0,-50.0
5.8046875,-50.0,50.0,-50.0,-50.0,-50.0,50.0,-50.0,-50.0
5.80859375,-50.0,50.0,-50.0,-50.0,-50.0,50.0,-50.0,-50.0
5.8125,-50.0,50.0,-50.0,-50.0,-50.0,50.0,-50.0,-50.0
5.81640625,-50.0,50.0,-50.0,-50.0,-50.0,50.0,-50.0,-50.0
5.8203125,-50.0,50.0,-50.0,-50.0,-50.0,50.0,-50.0,-50.0
5.82421875,-50.0,50.0,-50.0,-50.0,-50.0,50.0,-50.0,-50.0
5.828125,-50.0,50.0,-50.0,-50.0,-50.0,50.0,-50.0,-50.0
5.83203125,-50.0,50.0,-50.0,-50.0,-50.0,50.0,-50.0,-50.0
5.8359375,-50.0,-50.0,-50.0,-50.0,-50.0,-50.0,-50.0,-50.0
5.83984375,-50.0,-50.0,-50.0,-50.0,-50.0,-50.0,-50.0,-50.0
5.84375,-50.0,-50.0,-50.0,-50.0,-50.0,-50.0,-50.0,-50.0
5.84765625,-50.0,-50.0,-50.0,-50.0,-50.0,-50.0,-50.0,-50.0
5.8515625,-50.0,-50.0,-50.0,-50.0,-50.0,-50.0,-50.0,-50.0
5.85546875,-50.0,-50.0,-50.0,-50.0,-50.0,-50.0,-50.0,-50.0
5.859375,-50.0,-50.0,-50.0,-50.0,-50.0,-50.0,-50.0,-50.0
5.86328125,-50.0,-50.0,-50.0,-50.0,-50.0,-50.0,-50.0,-50.0
5.8671875,-50.0,-50.0,-50.0,-50.0,-50.0,-50.0,-50.0,-50.0
5.87109375,-50.0,-50.0,-50.0,-50.0,-50.0,-50.0,-50.0,-50.0
5.875,-50.0,-50.0,-50.0,-50.0,-50.0,-50.0,-50.0,-50.0
5.87890625,-50.0,-50.0,-50.0,-50.0,-50.0,-50.0,-50.0,-50.0
5.8828125,-50.0,-50.0,-50.0,-50.0,-50.0,-50.0,-50.0,-50.0
5.88671875,-50.0,-50.0,-50.0,-50.0,-50.0,-50.0,-50.0,-50.0
5.890625,-50.0,-50.0,-50.0,-50.0,-50.0,-50.0,-50.0,-50.0
5.89453125,-50.0,-50.0,-50.0,-50.0,-50.0,-50.0,-50.0,-50.0
5.8984375,-50.0,-50.0,-50.0,-50.0,-50.0,-50.0,-50.0,-50.0
5.90234375,-50.0,-50.0,-50.0,-50.0,-50.0,-50.0,-50.0,-50.0
5.90625,-50.0,-50.0,-50.0,-50.0,-50.0,-50.0,-50.0,-50.0
5.91015625,-50.0,-50.0,-50.0,-50.0,-50.0,-50.0,-50.0,-50.0
5.9140625,-50.0,-50.0,-50.0,-50.0,-50.0,-50.0,-50.0,-50.0
5.91796875,-50.0,-50.0,-50.0,-50.0,-50.0,-50.0,-50.0,-50.0
5.921875,-50.0,-50.0,-50.0,-50.0,-50.0,-50.0,-50.0,-50.0
5.92578125,-50.0,-50.0,-50.0,-50.0,-50.0,-50.0,-50.0,-50.0
5.9296875,-50.0,-50.0,-50.0,-50.0,-50.0,-50.0,-50.0,-50.0
5.93359375,-50.0,-50.0,-50.0,-50.0,-50.0,-50.0,-50.0,-50.0
5.9375,-50.0,-50.0,-50.0,-50.0,-50.0,-50.0,-50.0,-50.0
5.94140625,-50.0,-50.0,-50.0,-50.0,-50.0,-50.0,-50.0,-50.0
5.9453125,-50.0,-50.0,-50.0,-50.0,-50.0,-50.0,-50.0,-50.0
5.94921875,-50.0,-50.0,-50.0,-50.0,-50.0,-50.0,-50.0,-50.0
5.953125,-50.0,-50.0,-50.0,-50.0,-50.0,-50.0,-50.0,-50.0
5.95703125,-50.0,-50.0,-50.0,-50.0,-50.0,-50.0,-50.0,-50.0
5.9609375,-50.0,-50.0,-50.0,-50.0,-50.0,-50.0,-50.0,-50.0
5.96484375,-50.0,-50.0,-50.0,-50.0,-50.0,-50.0,-50.0,-50.0
5.96875,-50.0,-50.0,-50.0,-50.0,-50.0,-50.0,-50.0,-50.0
5.97265625,-50.0,-50.0,-50.0,-50.0,-50.0,-50.0,-50.0,-50.0
5.9765625,-50.0,-50.0,-50.0,-50.0,-50.0,-50.0,-50.0,-50.0
5.98046875,-50.0,-50.0,-50.0,-50.0,-50.0,-50.0,-50.0,-50.0
5.984375,-50.0,-50.0,-50.0,-50.0,-50.0,-50.0,-50.0,-50.0
5.98828125,-50.0,-50.0,-50.0,-50.0,-50.0,-50.0,-50.0,-50.0
5.9921875,-50.0,-50.0,-50.0,-50.0,-50.0,-50.0,-50.0,-50.0
5.99609375,-50.0,-50.0,-50.0,-50.0,-50.0,-50.0,-50.0,-50.0
6.0,50.0,50.0,-50.0,50.0,50.0,50.0,-50.0,50.0
6.00390625,50.0,50.0,50.0,50.0,50.0,50.0,50.0,50.0
6.0078125,50.0,50.0,50.0,50.0,50.0,50.0,50.0,50.0
6.01171875,50.0,50.0,50.0,50.0,50.0,50.0,50.0,50.0
6.015625,50.0,50.0,50.0,50.0,50.0,50.0,50.0,50.0
6.01953125,50.0,50.0,50.0,50.0,50.0,50.0,50.0,50.0
6.0234375,50.0,50.0,50.0,50.0,50.0,50.0,50.0,50.0
6.02734375,50.0,50.0,50.0,50.0,50.0,50.0,50.0,50.0
6.03125,50.0,50.0,50.0,50.0,50.0,50.0,50.0,50.0
6.03515625,50.0,50.0,50.0,50.0,50.0,50.0,50.0,50.0
6.0390625,50.0,50.0,50.0,50.0,50.0,50.0,50.0,50.0
6.04296875,50.0,50.0,50.0,50.0,50.0,50.0,50.0,50.0
6.046875,50.0,50.0,50.0,50.0,50.0,50.0,50.0,50.0
6.05078125,50.0,50.0,50.0,50.0,50.0,50.0,50.0,50.0
6.0546875,50.0,50.0,50.0,50.0,50.0,50.0,50.0,50.0
6.05859375,50.0,50.0,50.0,50.0,50.0,50.0,50.0,50.0
6.0625,50.0,50.0,50.0,50.0,50.0,50.0,50.0,50.0
6.06640625,50.0,50.0,50.0,50.0,50.0,50.0,50.0,50.0
6.0703125,50.0,50.0,50.0,50.0,50.0,50.0,50.0,50.0
6.07421875,50.0,50.0,50.0,50.0,50.0,50.0,50.0,50.0
6.078125,50.0,50.0,50.0,50.0,50.0,50.0,50.0,50.0
6.08203125,50.0,50.0,50.0,50.0,50.0,50.0,50.0,50.0
6.0859375,50.0,50.0,50.0,50.0,50.0,50.0,50.0,50.0
6.08984375,50.0,50.0,50.0,50.0,50.0,50.0,50.0,50.0
6.09375,50.0,50.0,50.0,50.0,50.0,50.0,50.0,50.0
6.09765625,50.0,50.0,50.0,50.0,50.0,50.0,50.0,50.0
6.1015625,50.0,50.0,50.0,50.0,50.0,50.0,50.0,50.0
6.10546875,50.0,50.0,50.0,50.0,50.0,50.0,50.0,50.0
6.109375,50.0,50.0,50.0,50.0,50.0,50.0,50.0,50.0
6.11328125,50.0,50.0,50.0,50.0,50.0,50.0,50.0,50.0
6.1171875,50.0,50.0,50.0,50.0,50.0,50.0,50.0,50.0
6.12109375,50.0,50.0,50.0,50.0,50.0,50.0,50.0,50.0
6.125,50.0,50.0,50.0,50.0,50.0,50.0,50.0,50.0
6.12890625,50.0,50.0,50.0,50.0,50.0,50.0,50.0,50.0
6.1328125,50.0,50.0,50.0,50.0,50.0,50.0,50.0,50.0
6.13671875,50.0,50.0,50.0,50.0,50.0,50.0,50.0,50.0
6.140625,50.0,50.0,50.0,50.0,50.0,50.0,50.0,50.0
6.14453125,50.0,50.0,50.0,50.0,50.0,50.0,50.0,50.0
6.1484375,50.0,50.0,50.0,50.0,50.0,50.0,50.0,50.0
6.15234375,50.0,50.0,50.0,50.0,50.0,50.0,50.0,50.0
6.15625,50.0,50.0,50.0,50.0,50.0,50.0,50.0,50.0
6.16015625,50.0,50.0,50.0,50.0,50.0,50.0,50.0,50.0
6.1640625,50.0,50.0,50.0,50.0,50.0,50.0,50.0,50.0
6.16796875,50.0,-50.0,50.0,50.0,50.0,-50.0,50.0,50.0
6.171875,50.0,-50.0,50.0,50.0,50.0,-50.0,50.0,50.0
6.17578125,50.0,-50.0,50.0,50.0,50.0,-50.0,50.0,50.0
6.1796875,50.0,-50.0,50.0,50.0,50.0,-50.0,50.0,50.0
6.18359375,50.0,-50.0,50.0,50.0,50.0,-50.0,50.0,50.0
6.1875,50.0,-50.0,50.0,50.0,50.0,-50.0,50.0,50.0
6.19140625,50.0,-50.0,50.0,50.0,50.0,-50.0,50.0,50.0
6.1953125,50.0,-50.0,50.0,50.0,50.0,-50.0,50.0,50.0
6.19921875,50.0,-50.0,50.0,50.0,50.0,-50.0,50.0,50.0
6.203125,50.0,-50.0,-50.0,50.0,50.0,-50.0,-50.0,50.0
6.20703125,50.0,-50.0,-50.0,50.0,50.0,-50.0,-50.0,50.0
6.2109375,50.0,-50.0,-50.0,50.0,50.0,-50.0,-50.0,50.0
6.21484375,50.0,-50.0,-50.0,50.0,50.0,-50.0,-50.0,50.0
6.21875,50.0,-50.0,-50.0,50.0,50.0,-50.0,-50.0,50.0
6.22265625,50.0,-50.0,-50.0,50.0,50.0,-50.0,-50.0,50.0
6.2265625,50.0,-50.0,-50.0,50.0,50.0,-50.0,-50.0,50.0
6.23046875,50.0,-50.0,-50.0,50.0,50.0,-50.0,-50.0,50.0
6.234375,50.0,-50.0,-50.0,50.0,50.0,-50.0,-50.0,50.0
6.23828125,50.0,-50.0,-50.0,50.0,50.0,-50.0,-50.0,50.0
6.2421875,50.0,-50.0,-50.0,50.0,50.0,-50.0,-50.0,50.0
6.24609375,50.0,-50.0,-50.0,50.0,50.0,-50.0,-50.0,50.0
6.25,-50.0,-50.0,-50.0,50.0,-50.0,-50.0,-50.0,50.0
6.25390625,-50.0,-50.0,-50.0,50.0,-50.0,-50.0,-50.0,50.0
6.2578125,-50.0,-50.0,-50.0,50.0,-50.0,-50.0,-50.0,50.0
6.26171875,-50.0,-50.0,-50.0,50.0,-50.0,-50.0,-50.0,50.0
6.265625,-50.0,-50.0,-50.0,50.0,-50.0,-50.0,-50.0,50.0
6.26953125,-50.0,-50.0,-50.0,50.0,-50.0,-50.0,-50.0,50.0
6.2734375,-50.0,-50.0,-50.0,50.0,-50.0,-50.0,-50.0,50.0
6.27734375,-50.0,-50.0,-50.0,50.0,-50.0,-50.0,-50.0,50.0
6.28125,-50.0,-50.0,-50.0,50.0,-50.0,-50.0,-50.0,50.0
6.28515625,-50.0,-50.0,-50.0,50.0,-50.0,-50.0,-50.0,50.0
6.2890625,-50.0,-50.0,-50.0,50.0,-50.0,-50.0,-50.0,50.0
6.29296875,-50.0,-50.0,-50.0,50.0,-50.0,-50.0,-50.0,50.0
6.296875,-50.0,-50.0,-50.0,50.0,-50.0,-50.0,-50.0,50.0
6.30078125,-50.0,-50.0,-50.0,50.0,-50.0,-50.0,-50.0,50.0
6.3046875,-50.0,-50.0,-50.0,50.0,-50.0,-50.0,-50.0,50.0
6.30859375,-50.0,-50.0,-50.0,50.0,-50.0,-50.0,-50.0,50.0
6.3125,-50.0,-50.0,-50.0,50.0,-50.0,-50.0,-50.0,50.0
6.31640625,-50.0,-50.0,-50.0,50.0,-50.0,-50.0,-50.0,50.0
6.3203125,-50.0,-50.0,-50.0,50.0,-50.0,-50.0,-50.0,50.0
6.32421875,-50.0,-50.0,-50.0,50.0,-50.0,-50.0,-50.0,50.0
6.328125,-50.0,-50.0,-50.0,50.0,-50.0,-50.0,-50.0,50.0
6.33203125,-50.0,-50.0,-50.0,50.0,-50.0,-50.0,-50.0,50.0
6.3359375,-50.0,50.0,-50.0,-50.0,-50.0,50.0,-50.0,-50.0
6.33984375,-50.0,50.0,-50.0,-50.0,-50.0,50.0,-50.0,-50.0
6.34375,-50.0,50.0,-50.0,-50.0,-50.0,50.0,-50.0,-50.0
6.34765625,-50.0,50.0,-50.0,-50.0,-50.0,50.0,-50.0,-50.0
6.3515625,-50.0,50.0,-50.0,-50.0,-50.0,50.0,-50.0,-50.0
6.35546875,-50.0,50.0,-50.0,-50.0,-50.0,50.0,-50.0,-50.0
6.359375,-50.0,50.0,-50.0,-50.0,-50.0,50.0,-50.0,-50.0
6.36328125,-50.0,50.0,-50.0,-50.0,-50.0,50.0,-50.0,-50.0
6.3671875,-50.0,50.0,-50.0,-50.0,-50.0,50.0,-50.0,-50.0
6.37109375,-50.0,50.0,-50.0,-50.0,-50.0,50.0,-50.0,-50.0
6.375,-50.0,50.0,-50.0,-50.0,-50.0,50.0,-50.0,-50.0
6.37890625,-50.0,50.0,-50.0,-50.0,-50.0,50.0,-50.0,-50.0
6.3828125,-50.0,50.0,-50.0,-50.0,-50.0,50.0,-50.0,-50.0
6.38671875,-50.0,50.0,-50.0,-50.0,-50.0,50.0,-50.0,-50.0
6.390625,-50.0,50.0,-50.0,-50.0,-50.0,50.0,-50.0,-50.0
6.39453125,-50.0,50.0,-50.0,-50.0,-50.0,50.0,-50.0,-50.0
6.3984375,-50.0,50.0,-50.0,-50.0,-50.0,50.0,-50.0,-50.0
6.40234375,-50.0,50.0,50.0,-50.0,-50.0,50.0,50.0,-50.0
6.40625,-50.0,50.0,50.0,-50.0,-50.0,50.0,50.0,-50.0
6.41015625,-50.0,50.0,50.0,-50.0,-50.0,50.0,50.0,-50.0
6.4140625,-50.0,50.0,50.0,-50.0,-50.0,50.0,50.0,-50.0
6.41796875,-50.0,50.0,50.0,-50.0,-50.0,50.0,50.0,-50.0
6.421875,-50.0,50.0,50.0,-50.0,-50.0,50.0,50.0,-50.0
6.42578125,-50.0,50.0,50.0,-50.0,-50.0,50.0,50.0,-50.0
6.4296875,-50.0,50.0,50.0,-50.0,-50.0,50.0,50.0,-50.0
6.43359375,-50.0,50.0,50.0,-50.0,-50.0,50.0,50.0,-50.0
6.4375,-50.0,50.0,50.0,-50.0,-50.0,50.0,50.0,-50.0
6.44140625,-50.0,50.0,50.0,-50.0,-50.0,50.0,50.0,-50.0
6.4453125,-50.0,50.0,50.0,-50.0,-50.0,50.0,50.0,-50.0
6.44921875,-50.0,50.0,50.0,-50.0,-50.0,50.0,50.0,-50.0
6.453125,-50.0,50.0,50.0,-50.0,-50.0,50.0,50.0,-50.0
6.45703125,-50.0,50.0,50.0,-50.0,-50.0,50.0,50.0,-50.0
6.4609375,-50.0,50.0,50.0,-50.0,-50.0,50.0,50.0,-50.0
6.46484375,-50.0,50.0,50.0,-50.0,-50.0,50.0,50.0,-50.0
6.46875,-50.0,50.0,50.0,-50.0,-50.0,50.0,50.0,-50.0
6.47265625,-50.0,50.0,50.0,-50.0,-50.0,50.0,50.0,-50.0
6.4765625,-50.0,50.0,50.0,-50.0,-50.0,50.0,50.0,-50.0
6.48046875,-50.0,50.0,50.0,-50.0,-50.0,50.0,50.0,-50.0
6.484375,-50.0,50.0,50.0,-50.0,-50.0,50.0,50.0,-50.0
6.48828125,-50.0,50.0,50.0,-50.0,-50.0,50.0,50.0,-50.0
6.4921875,-50.0,50.0,50.0,-50.0,-50.0,50.0,50.0,-50.0
6.49609375,-50.0,50.0,50.0,-50.0,-50.0,50.0,50.0,-50.0
6.5,50.0,50.0,50.0,-50.0,50.0,50.0,50.0,-50.0
6.50390625,50.0,-50.0,50.0,-50.0,50.0,-50.0,50.0,-50.0
6.5078125,50.0,-50.0,50.0,-50.0,50.0,-50.0,50.0,-50.0
6.51171875,50.0,-50.0,50.0,-50.0,50.0,-50.0,50.0,-50.0
6.515625,50.0,-50.0,50.0,-50.0,50.0,-50.0,50.0,-50.0
6.51953125,50.0,-50.0,50.0,-50.0,50.0,-50.0,50.0,-50.0
6.5234375,50.0,-50.0,50.0,-50.0,50.0,-50.0,50.0,-50.0
6.52734375,50.0,-50.0,50.0,-50.0,50.0,-50.0,50.0,-50.0
6.53125,50.0,-50.0,50.0,-50.0,50.0,-50.0,50.0,-50.0
6.53515625,50.0,-50.0,50.0,-50.0,50.0,-50.0,50.0,-50.0
6.5390625,50.0,-50.0,50.0,-50.0,50.0,-50.0,50.0,-50.0
6.54296875,50.0,-50.0,50.0,-50.0,50.0,-50.0,50.0,-50.0
6.546875,50.0,-50.0,50.0,-50.0,50.0,-50.0,50.0,-50.0
6.55078125,50.0,-50.0,50.0,-50.0,50.0,-50.0,50.0,-50.0
6.5546875,50.0,-50.0,50.0,-50.0,50.0,-50.0,50.0,-50.0
6.55859375,50.0,-50.0,50.0,-50.0,50.0,-50.0,50.0,-50.0
6.5625,50.0,-50.0,50.0,-50.0,50.0,-50.0,50.0,-50.0
6.56640625,50.0,-50.0,50.0,-50.0,50.0,-50.0,50.0,-50.0
6.5703125,50.0,-50.0,50.0,-50.0,50.0,-50.0,50.0,-50.0
6.57421875,50.0,-50.0,50.0,-50.0,50.0,-50.0,50.0,-50.0
6.578125,50.0,-50.0,50.0,-50.0,50.0,-50.0,50.0,-50.0
6.58203125,50.0,-50.0,50.0,-50.0,50.0,-50.0,50.0,-50.0
6.5859375,50.0,-50.0,50.0,-50.0,50.0,-50.0,50.0,-50.0
6.58984375,50.0,-50.0,50.0,-50.0,50.0,-50.0,50.0,-50.0
6.59375,50.0,-50.0,50.0,-50.0,50.0,-50.0,50.0,-50.0
6.59765625,50.0,-50.0,50.0,-50.0,50.0,-50.0,50.0,-50.0
6.6015625,50.0,-50.0,-50.0,-50.0,50.0,-50.0,-50.0,-50.0
6.60546875,50.0,-50.0,-50.0,-50.0,50.0,-50.0,-50.0,-50.0
6.609375,50.0,-50.0,-50.0,-50.0,50.0,-50.0,-50.0,-50.0
6.61328125,50.0,-50.0,-50.0,-50.0,50.0,-50.0,-50.0,-50.0
6.6171875,50.0,-50.0,-50.0,-50.0,50.0,-50.0,-50.0,-50.0
6.62109375,50.0,-50.0,-50.0,-50.0,50.0,-50.0,-50.0,-50.0
6.625,50.0,-50.0,-50.0,-50.0,50.0,-50.0,-50.0,-50.0
6.62890625,50.0,-50.0,-50.0,-50.0,50.0,-50.0,-50.0,-50.0
6.6328125,50.0,-50.0,-50.0,-50.0,50.0,-50.0,-50.0,-50.0
6.63671875,50.0,-50.0,-50.0,-50.0,50.0,-50.0,-50.0,-50.0
6.640625,50.0,-50.0,-50.0,-50.0,50.0,-50.0,-50.0,-50.0
6.64453125,50.0,-50.0,-50.0,-50.0,50.0,-50.0,-50.0,-50.0
6.6484375,50.0,-50.0,-50.0,-50.0,50.0,-50.0,-50.0,-50.0
6.65234375,50.0,-50.0,-50.0,-50.0,50.0,-50.0,-50.0,-50.0
6.65625,50.0,-50.0,-50.0,-50.0,50.0,-50.0,-50.0,-50.0
6.66015625,50.0,-50.0,-50.0,-50.0,50.0,-50.0,-50.0,-50.0
6.6640625,50.0,-50.0,-50.0,-50.0,50.0,-50.0,-50.0,-50.0
6.66796875,50.0,50.0,-50.0,50.0,50.0,50.0,-50.0,50.0
6.671875,50.0,50.0,-50.0,50.0,50.0,50.0,-50.0,50.0
6.67578125,50.0,50.0,-50.0,50.0,50.0,50.0,-50.0,50.0
6.6796875,50.0,50.0,-50.0,50.0,50.0,50.0,-50.0,50.0
6.68359375,50.0,50.0,-50.0,50.0,50.0,50.0,-50.0,50.0
6.6875,50.0,50.0,-50.0,50.0,50.0,50.0,-50.0,50.0
6.69140625,50.0,50.0,-50.0,50.0,50.0,50.0,-50.0,50.0
6.6953125,50.0,50.0,-50.0,50.0,50.0,50.0,-50.0,50.0
6.69921875,50.0,50.0,-50.0,50.0,50.0,50.0,-50.0,50.0
6.703125,50.0,50.0,-50.0,50.0,50.0,50.0,-50.0,50.0
6.70703125,50.0,50.0,-50.0,50.0,50.0,50.0,-50.0,50.0
6.7109375,50.0,50.0,-50.0,50.0,50.0,50.0,-50.0,50.0
6.71484375,50.0,50.0,-50.0,50.0,50.0,50.0,-50.0,50.0
6.71875,50.0,50.0,-50.0,50.0,50.0,50.0,-50.0,50.0
6.72265625,50.0,50.0,-50.0,50.0,50.0,50.0,-50.0,50.0
6.7265625,50.0,50.0,-50.0,50.0,50.0,50.0,-50.0,50.0
6.73046875,50.0,50.0,-50.0,50.0,50.0,50.0,-50.0,50.0
6.734375,50.0,50.0,-50.0,50.0,50.0,50.0,-50.0,50.0
6.73828125,50.0,50.0,-50.0,50.0,50.0,50.0,-50.0,50.0
6.7421875,50.0,50.0,-50.0,50.0,50.0,50.0,-50.0,50.0
6.74609375,50.0,50.0,-50.0,50.0,50.0,50.0,-50.0,50.0
6.75,50.0,50.0,-50.0,50.0,50.0,50.0,-50.0,50.0
6.75390625,-50.0,50.0,-50.0,50.0,-50.0,50.0,-50.0,50.0
6.7578125,-50.0,50.0,-50.0,50.0,-50.0,50.0,-50.0,50.0
6.76171875,-50.0,50.0,-50.0,50.0,-50.0,50.0,-50.0,50.0
6.765625,-50.0,50.0,-50.0,50.0,-50.0,50.0,-50.0,50.0
6.76953125,-50.0,50.0,-50.0,50.0,-50.0,50.0,-50.0,50.0
6.7734375,-50.0,50.0,-50.0,50.0,-50.0,50.0,-50.0,50.0
6.77734375,-50.0,50.0,-50.0,50.0,-50.0,50.0,-50.0,50.0
6.78125,-50.0,50.0,-50.0,50.0,-50.0,50.0,-50.0,50.0
6.78515625,-50.0,50.0,-50.0,50.0,-50.0,50.0,-50.0,50.0
6.7890625,-50.0,50.0,-50.0,50.0,-50.0,50.0,-50.0,50.0
6.79296875,-50.0,50.0,-50.0,50.0,-50.0,50.0,-50.0,50.0
6.796875,-50.0,50.0,-50.0,50.0,-50.0,50.0,-50.0,50.0
6.80078125,-50.0,50.0,50.0,50.0,-50.0,50.0,50.0,50.0
6.8046875,-50.0,50.0,50.0,50.0,-50.0,50.0,50.0,50.0
6.80859375,-50.0,50.0,50.0,50.0,-50.0,50.0,50.0,50.0
6.8125,-50.0,50.0,50.0,50.0,-50.0,50.0,50.0,50.0
6.81640625,-50.0,50.0,50.0,50.0,-50.0,50.0,50.0,50.0
6.8203125,-50.0,50.0,50.0,50.0,-50.0,50.0,50.0,50.0
6.82421875,-50.0,50.0,50.0,50.0,-50.0,50.0,50.0,50.0
6.828125,-50.0,50.0,50.0,50.0,-50.0,50.0,50.0,50.0
6.83203125,-50.0,50.0,50.0,50.0,-50.0,50.0,50.0,50.0
6.8359375,-50.0,-50.0,50.0,50.0,-50.0,-50.0,50.0,50.0
6.83984375,-50.0,-50.0,50.0,50.0,-50.0,-50.0,50.0,50.0
6.84375,-50.0,-50.0,50.0,50.0,-50.0,-50.0,50.0,50.0
6.84765625,-50.0,-50.0,50.0,50.0,-50.0,-50.0,50.0,50.0
6.8515625,-50.0,-50.0,50.0,50.0,-50.0,-50.0,50.0,50.0
6.85546875,-50.0,-50.0,50.0,50.0,-50.0,-50.0,50.0,50.0
6.859375,-50.0,-50.0,50.0,50.0,-50.0,-50.0,50.0,50.0
6.86328125,-50.0,-50.0,50.0,50.0,-50.0,-50.0,50.0,50.0
6.8671875,-50.0,-50.0,50.0,50.0,-50.0,-50.0,50.0,50.0
6.87109375,-50.0,-50.0,50.0,50.0,-50.0,-50.0,50.0,50.0
6.875,-50.0,-50.0,50.0,50.0,-50.0,-50.0,50.0,50.0
6.87890625,-50.0,-50.0,50.0,50.0,-50.0,-50.0,50.0,50.0
6.8828125,-50.0,-50.0,50.0,50.0,-50.0,-50.0,50.0,50.0
6.88671875,-50.0,-50.0,50.0,50.0,-50.0,-50.0,50.0,50.0
6.890625,-50.0,-50.0,50.0,50.0,-50.0,-50.0,50.0,50.0
6.89453125,-50.0,-50.0,50.0,50.0,-50.0,-50.0,50.0,50.0
6.8984375,-50.0,-50.0,50.0,50.0,-50.0,-50.0,50.0,50.0
6.90234375,-50.0,-50.0,50.0,50.0,-50.0,-50.0,50.0,50.0
6.90625,-50.0,-50.0,50.0,50.0,-50.0,-50.0,50.0,50.0
6.91015625,-50.0,-50.0,50.0,50.0,-50.0,-50.0,50.0,50.0
6.9140625,-50.0,-50.0,50.0,50.0,-50.0,-50.0,50.0,50.0
6.91796875,-50.0,-50.0,50.0,50.0,-50.0,-50.0,50.0,50.0
6.921875,-50.0,-50.0,50.0,50.0,-50.0,-50.0,50.0,50.0
6.92578125,-50.0,-50.0,50.0,50.0,-50.0,-50.0,50.0,50.0
6.9296875,-50.0,-50.0,50.0,50.0,-50.0,-50.0,50.0,50.0
6.93359375,-50.0,-50.0,50.0,50.0,-50.0,-50.0,50.0,50.0
6.9375,-50.0,-50.0,50.0,50.0,-50.0,-50.0,50.0,50.0
6.94140625,-50.0,-50.0,50.0,50.0,-50.0,-50.0,50.0,50.0
6.9453125,-50.0,-50.0,50.0,50.0,-50.0,-50.0,50.0,50.0
6.94921875,-50.0,-50.0,50.0,50.0,-50.0,-50.0,50.0,50.0
6.953125,-50.0,-50.0,50.0,50.0,-50.0,-50.0,50.0,50.0
6.95703125,-50.0,-50.0,50.0,50.0,-50.0,-50.0,50.0,50.0
6.9609375,-50.0,-50.0,50.0,50.0,-50.0,-50.0,50.0,50.0
6.96484375,-50.0,-50.0,50.0,50.0,-50.0,-50.0,50.0,50.0
6.96875,-50.0,-50.0,50.0,50.0,-50.0,-50.0,50.0,50.0
6.97265625,-50.0,-50.0,50.0,50.0,-50.0,-50.0,50.0,50.0
6.9765625,-50.0,-50.0,50.0,50.0,-50.0,-50.0,50.0,50.0
6.98046875,-50.0,-50.0,50.0,50.0,-50.0,-50.0,50.0,50.0
6.984375,-50.0,-50.0,50.0,50.0,-50.0,-50.0,50.0,50.0
6.98828125,-50.0,-50.0,50.0,50.0,-50.0,-50.0,50.0,50.0
6.9921875,-50.0,-50.0,50.0,50.0,-50.0,-50.0,50.0,50.0
6.99609375,-50.0,-50.0,50.0,50.0,-50.0,-50.0,50.0,50.0
7.0,50.0,50.0,50.0,-50.0,50.0,50.0,50.0,-50.0
7.00390625,50.0,50.0,-50.0,-50.0,50.0,50.0,-50.0,-50.0
7.0078125,50.0,50.0,-50.0,-50.0,50.0,50.0,-50.0,-50.0
7.01171875,50.0,50.0,-50.0,-50.0,50.0,50.0,-50.0,-50.0
7.015625,50.0,50.0,-50.0,-50.0,50.0,50.0,-50.0,-50.0
7.01953125,50.0,50.0,-50.0,-50.0,50.0,50.0,-50.0,-50.0
7.0234375,50.0,50.0,-50.0,-50.0,50.0,50.0,-50.0,-50.0
7.02734375,50.0,50.0,-50.0,-50.0,50.0,50.0,-50.0,-50.0
7.03125,50.0,50.0,-50.0,-50.0,50.0,50.0,-50.0,-50.0
7.03515625,50.0,50.0,-50.0,-50.0,50.0,50.0,-50.0,-50.0
7.0390625,50.0,50.0,-50.0,-50.0,50.0,50.0,-50.0,-50.0
7.04296875,50.0,50.0,-50.0,-50.0,50.0,50.0,-50.0,-50.0
7.046875,50.0,50.0,-50.0,-50.0,50.0,50.0,-50.0,-50.0
7.05078125,50.0,50.0,-50.0,-50.0,50.0,50.0,-50.0,-50.0
7.0546875,50.0,50.0,-50.0,-50.0,50.0,50.0,-50.0,-50.0
7.05859375,50.0,50.0,-50.0,-50.0,50.0,50.0,-50.0,-50.0
7.0625,50.0,50.0,-50.0,-50.0,50.0,50.0,-50.0,-50.0
7.06640625,50.0,50.0,-50.0,-50.0,50.0,50.0,-50.0,-50.0
7.0703125,50.0,50.0,-50.0,-50.0,50.0,50.0,-50.0,-50.0
7.07421875,50.0,50.0,-50.0,-50.0,50.0,50.0,-50.0,-50.0
7.078125,50.0,50.0,-50.0,-50.0,50.0,50.0,-50.0,-50.0
7.08203125,50.0,50.0,-50.0,-50.0,50.0,50.0,-50.0,-50.0
7.0859375,50.0,50.0,-50.0,-50.0,50.0,50.0,-50.0,-50.0
7.08984375,50.0,50.0,-50.0,-50.0,50.0,50.0,-50.0,-50.0
7.09375,50.0,50.0,-50.0,-50.0,50.0,50.0,-50.0,-50.0
7.09765625,50.0,50.0,-50.0,-50.0,50.0,50.0,-50.0,-50.0
7.1015625,50.0,50.0,-50.0,-50.0,50.0,50.0,-50.0,-50.0
7.10546875,50.0,50.0,-50.0,-50.0,50.0,50.0,-50.0,-50.0
7.109375,50.0,50.0,-50.0,-50.0,50.0,50.0,-50.0,-50.0
7.11328125,50.0,50.0,-50.0,-50.0,50.0,50.0,-50.0,-50.0
7.1171875,50.0,50.0,-50.0,-50.0,50.0,50.0,-50.0,-50.0
7.12109375,50.0,50.0,-50.0,-50.0,50.0,50.0,-50.0,-50.0
7.125,50.0,50.0,-50.0,-50.0,50.0,50.0,-50.0,-50.0
7.12890625,50.0,50.0,-50.0,-50.0,50.0,50.0,-50.0,-50.0
7.1328125,50.0,50.0,-50.0,-50.0,50.0,50.0,-50.0,-50.0
7.13671875,50.0,50.0,-50.0,-50.0,50.0,50.0,-50.0,-50.0
7.140625,50.0,50.0,-50.0,-50.0,50.0,50.0,-50.0,-50.0
7.14453125,50.0,50.0,-50.0,-50.0,50.0,50.0,-50.0,-50.0
7.1484375,50.0,50.0,-50.0,-50.0,50.0,50.0,-50.0,-50.0
7.15234375,50.0,50.0,-50.0,-50.0,50.0,50.0,-50.0,-50.0
7.15625,50.0,50.0,-50.0,-50.0,50.0,50.0,-50.0,-50.0
7.16015625,50.0,50.0,-50.0,-50.0,50.0,50.0,-50.0,-50.0
7.1640625,50.0,50.0,-50.0,-50.0,50.0,50.0,-50.0,-50.0
7.16796875,50.0,-50.0,-50.0,-50.0,50.0,-50.0,-50.0,-50.0
7.171875,50.0,-50.0,-50.0,-50.0,50.0,-50.0,-50.0,-50.0
7.17578125,50.0,-50.0,-50.0,-50.0,50.0,-50.0,-50.0,-50.0
7.1796875,50.0,-50.0,-50.0,-50.0,50.0,-50.0,-50.0,-50.0
7.18359375,50.0,-50.0,-50.0,-50.0,50.0,-50.0,-50.0,-50.0
7.1875,50.0,-50.0,-50.0,-50.0,50.0,-50.0,-50.0,-50.0
7.19140625,50.0,-50.0,-50.0,-50.0,50.0,-50.0,-50.0,-50.0
7.1953125,50.0,-50.0,-50.0,-50.0,50.0,-50.0,-50.0,-50.0
7.19921875,50.0,-50.0,-50.0,-50.0,50.0,-50.0,-50.0,-50.0
7.203125,50.0,-50.0,50.0,-50.0,50.0,-50.0,50.0,-50.0
7.20703125,50.0,-50.0,50.0,-50.0,50.0,-50.0,50.0,-50.0
7.2109375,50.0,-50.0,50.0,-50.0,50.0,-50.0,50.0,-50.0
7.21484375,50.0,-50.0,50.0,-50.0,50.0,-50.0,50.0,-50.0
7.21875,50.0,-50.0,50.0,-50.0,50.0,-50.0,50.0,-50.0
7.22265625,50.0,-50.0,50.0,-50.0,50.0,-50.0,50.0,-50.0
7.2265625,50.0,-50.0,50.0,-50.0,50.0,-50.0,50.0,-50.0
7.23046875,50.0,-50.0,50.0,-50.0,50.0,-50.0,50.0,-50.0
7.234375,50.0,-50.0,50.0,-50.0,50.0,-50.0,50.0,-50.0
7.23828125,50.0,-50.0,50.0,-50.0,50.0,-50.0,50.0,-50.0
7.2421875,50.0,-50.0,50.0,-50.0,50.0,-50.0,50.0,-50.0
7.24609375,50.0,-50.0,50.0,-50.0,50.0,-50.0,50.0,-50.0
7.25,-50.0,-50.0,50.0,-50.0,-50.0,-50.0,50.0,-50.0
7.25390625,-50.0,-50.0,50.0,-50.0,-50.0,-50.0,50.0,-50.0
7.2578125,-50.0,-50.0,50.0,-50.0,-50.0,-50.0,50.0,-50.0
7.26171875,-50.0,-50.0,50.0,-50.0,-50.0,-50.0,50.0,-50.0
7.265625,-50.0,-50.0,50.0,-50.0,-50.0,-50.0,50.0,-50.0
7.26953125,-50.0,-50.0,50.0,-50.0,-50.0,-50.0,50.0,-50.0
7.2734375,-50.0,-50.0,50.0,-50.0,-50.0,-50.0,50.0,-50.0
7.27734375,-50.0,-50.0,50.0,-50.0,-50.0,-50.0,50.0,-50.0
7.28125,-50.0,-50.0,50.0,-50.0,-50.0,-50.0,50.0,-50.0
7.28515625,-50.0,-50.0,50.0,-50.0,-50.0,-50.0,50.0,-50.0
7.2890625,-50.0,-50.0,50.0,-50.0,-50.0,-50.0,50.0,-50.0
7.29296875,-50.0,-50.0,50.0,-50.0,-50.0,-50.0,50.0,-50.0
7.296875,-50.0,-50.0,50.0,-50.0,-50.0,-50.0,50.0,-50.0
7.30078125,-50.0,-50.0,50.0,-50.0,-50.0,-50.0,50.0,-50.0
7.3046875,-50.0,-50.0,50.0,-50.0,-50.0,-50.0,50.0,-50.0
7.30859375,-50.0,-50.0,50.0,-50.0,-50.0,-50.0,50.0,-50.0
7.3125,-50.0,-50.0,50.0,-50.0,-50.0,-50.0,50.0,-50.0
7.31640625,-50.0,-50.0,50.0,-50.0,-50.0,-50.0,50.0,-50.0
7.3203125,-50.0,-50.0,50.0,-50.0,-50.0,-50.0,50.0,-50.0
7.32421875,-50.0,-50.0,50.0,-50.0,-50.0,-50.0,50.0,-50.0
7.328125,-50.0,-50.0,50.0,-50.0,-50.0,-50.0,50.0,-50.0
7.33203125,-50.0,-50.0,50.0,-50.0,-50.0,-50.0,50.0,-50.0
7.3359375,-50.0,50.0,50.0,50.0,-50.0,50.0,50.0,50.0
7.33984375,-50.0,50.0,50.0,50.0,-50.0,50.0,50.0,50.0
7.34375,-50.0,50.0,50.0,50.0,-50.0,50.0,50.0,50.0
7.34765625,-50.0,50.0,50.0,50.0,-50.0,50.0,50.0,50.0
7.3515625,-50.0,50.0,50.0,50.0,-50.0,50.0,50.0,50.0
7.35546875,-50.0,50.0,50.0,50.0,-50.0,50.0,50.0,50.0
7.359375,-50.0,50.0,50.0,50.0,-50.0,50.0,50.0,50.0
7.36328125,-50.0,50.0,50.0,50.0,-50.0,50.0,50.0,50.0
7.3671875,-50.0,50.0,50.0,50.0,-50.0,50.0,50.0,50.0
7.37109375,-50.0,50.0,50.0,50.0,-50.0,50.0,50.0,50.0
7.375,-50.0,50.0,50.0,50.0,-50.0,50.0,50.0,50.0
7.37890625,-50.0,50.0,50.0,50.0,-50.0,50.0,50.0,50.0
7.3828125,-50.0,50.0,50.0,50.0,-50.0,50.0,50.0,50.0
7.38671875,-50.0,50.0,50.0,50.0,-50.0,50.0,50.0,50.0
7.390625,-50.0,50.0,50.0,50.0,-50.0,50.0,50.0,50.0
7.39453125,-50.0,50.0,50.0,50.0,-50.0,50.0,50.0,50.0
7.3984375,-50.0,50.0,50.0,50.0,-50.0,50.0,50.0,50.0
7.40234375,-50.0,50.0,-50.0,50.0,-50.0,50.0,-50.0,50.0
7.40625,-50.0,50.0,-50.0,50.0,-50.0,50.0,-50.0,50.0
7.41015625,-50.0,50.0,-50.0,50.0,-50.0,50.0,-50.0,50.0
7.4140625,-50.0,50.0,-50.0,50.0,-50.0,50.0,-50.0,50.0
7.41796875,-50.0,50.0,-50.0,50.0,-50.0,50.0,-50.0,50.0
7.421875,-50.0,50.0,-50.0,50.0,-50.0,50.0,-50.0,50.0
7.42578125,-50.0,50.0,-50.0,50.0,-50.0,50.0,-50.0,50.0
7.4296875,-50.0,50.0,-50.0,50.0,-50.0,50.0,-50.0,50.0
7.43359375,-50.0,50.0,-50.0,50.0,-50.0,50.0,-50.0,50.0
7.4375,-50.0,50.0,-50.0,50.0,-50.0,50.0,-50.0,50.0
7.44140625,-50.0,50.0,-50.0,50.0,-50.0,50.0,-50.0,50.0
7.4453125,-50.0,50.0,-50.0,50.0,-50.0,50.0,-50.0,50.0
7.44921875,-50.0,50.0,-50.0,50.0,-50.0,50.0,-50.0,50.0
7.453125,-50.0,50.0,-50.0,50.0,-50.0,50.0,-50.0,50.0
7.45703125,-50.0,50.0,-50.0,50.0,-50.0,50.0,-50.0,50.0
7.4609375,-50.0,50.0,-50.0,50.0,-50.0,50.0,-50.0,50.0
7.46484375,-50.0,50.0,-50.0,50.0,-50.0,50.0,-50.0,50.0
7.46875,-50.0,50.0,-50.0,50.0,-50.0,50.0,-50.0,50.0
7.47265625,-50.0,50.0,-50.0,50.0,-50.0,50.0,-50.0,50.0
7.4765625,-50.0,50.0,-50.0,50.0,-50.0,50.0,-50.0,50.0
7.48046875,-50.0,50.0,-50.0,50.0,-50.0,50.0,-50.0,50.0
7.484375,-50.0,50.0,-50.0,50.0,-50.0,50.0,-50.0,50.0
7.48828125,-50.0,50.0,-50.0,50.0,-50.0,50.0,-50.0,50.0
7.4921875,-50.0,50.0,-50.0,50.0,-50.0,50.0,-50.0,50.0
7.49609375,-50.0,50.0,-50.0,50.0,-50.0,50.0,-50.0,50.0
7.5,-50.0,-50.0,-50.0,50.0,-50.0,-50.0,-50.0,50.0
7.50390625,50.0,-50.0,-50.0,50.0,50.0,-50.0,-50.0,50.0
7.5078125,50.0,-50.0,-50.0,50.0,50.0,-50.0,-50.0,50.0
7.51171875,50.0,-50.0,-50.0,50.0,50.0,-50.0,-50.0,50.0
7.515625,50.0,-50.0,-50.0,50.0,50.0,-50.0,-50.0,50.0
7.51953125,50.0,-50.0,-50.0,50.0,50.0,-50.0,-50.0,50.0
7.5234375,50.0,-50.0,-50.0,50.0,50.0,-50.0,-50.0,50.0
7.52734375,50.0,-50.0,-50.0,50.0,50.0,-50.0,-50.0,50.0
7.53125,50.0,-50.0,-50.0,50.0,50.0,-50.0,-50.0,50.0
7.53515625,50.0,-50.0,-50.0,50.0,50.0,-50.0,-50.0,50.0
7.5390625,50.0,-50.0,-50.0,50.0,50.0,-50.0,-50.0,50.0
7.54296875,50.0,-50.0,-50.0,50.0,50.0,-50.0,-50.0,50.0
7.546875,50.0,-50.0,-50.0,50.0,50.0,-50.0,-50.0,50.0
7.55078125,50.0,-50.0,-50.0,50.0,50.0,-50.0,-50.0,50.0
7.5546875,50.0,-50.0,-50.0,50.0,50.0,-50.0,-50.0,50.0
7.55859375,50.0,-50.0,-50.0,50.0,50.0,-50.0,-50.0,50.0
7.5625,50.0,-50.0,-50.0,50.0,50.0,-50.0,-50.0,50.0
7.56640625,50.0,-50.0,-50.0,50.0,50.0,-50.0,-50.0,50.0
7.5703125,50.0,-50.0,-50.0,50.0,50.0,-50.0,-50.0,50.0
7.57421875,50.0,-50.0,-50.0,50.0,50.0,-50.0,-50.0,50.0
7.578125,50.0,-50.0,-50.0,50.0,50.0,-50.0,-50.0,50.0
7.58203125,50.0,-50.0,-50.0,50.0,50.0,-50.0,-50.0,50.0
7.5859375,50.0,-50.0,-50.0,50.0,50.0,-50.0,-50.0,50.0
7.58984375,50.0,-50.0,-50.0,50.0,50.0,-50.0,-50.0,50.0
7.59375,50.0,-50.0,-50.0,50.0,50.0,-50.0,-50.0,50.0
7.59765625,50.0,-50.0,-50.0,50.0,50.0,-50.0,-50.0,50.0
7.6015625,50.0,-50.0,50.0,50.0,50.0,-50.0,50.0,50.0
7.60546875,50.0,-50.0,50.0,50.0,50.0,-50.0,50.0,50.0
7.609375,50.0,-50.0,50.0,50.0,50.0,-50.0,50.0,50.0
7.61328125,50.0,-50.0,50.0,50.0,50.0,-50.0,50.0,50.0
7.6171875,50.0,-50.0,50.0,50.0,50.0,-50.0,50.0,50.0
7.62109375,50.0,-50.0,50.0,50.0,50.0,-50.0,50.0,50.0
7.625,50.0,-50.0,50.0,50.0,50.0,-50.0,50.0,50.0
7.62890625,50.0,-50.0,50.0,50.0,50.0,-50.0,50.0,50.0
7.6328125,50.0,-50.0,50.0,50.0,50.0,-50.0,50.0,50.0
7.63671875,50.0,-50.0,50.0,50.0,50.0,-50.0,50.0,50.0
7.640625,50.0,-50.0,50.0,50.0,50.0,-50.0,50.0,50.0
7.64453125,50.0,-50.0,50.0,50.0,50.0,-50.0,50.0,50.0
7.6484375,50.0,-50.0,50.0,50.0,50.0,-50.0,50.0,50.0
7.65234375,50.0,-50.0,50.0,50.0,50.0,-50.0,50.0,50.0
7.65625,50.0,-50.0,50.0,50.0,50.0,-50.0,50.0,50.0
7.66015625,50.0,-50.0,50.0,50.0,50.0,-50.0,50.0,50.0
7.6640625,50.0,-50.0,50.0,50.0,50.0,-50.0,50.0,50.0
7.66796875,50.0,50.0,50.0,-50.0,50.0,50.0,50.0,-50.0
7.671875,50.0,50.0,50.0,-50.0,50.0,50.0,50.0,-50.0
7.67578125,50.0,50.0,50.0,-50.0,50.0,50.0,50.0,-50.0
7.6796875,50.0,50.0,50.0,-50.0,50.0,50.0,50.0,-50.0
7.68359375,50.0,50.0,50.0,-50.0,50.0,50.0,50.0,-50.0
7.6875,50.0,50.0,50.0,-50.0,50.0,50.0,50.0,-50.0
7.69140625,50.0,50.0,50.0,-50.0,50.0,50.0,50.0,-50.0
7.6953125,50.0,50.0,50.0,-50.0,50.0,50.0,50.0,-50.0
7.69921875,50.0,50.0,50.0,-50.0,50.0,50.0,50.0,-50.0
7.703125,50.0,50.0,50.0,-50.0,50.0,50.0,50.0,-50.0
7.70703125,50.0,50.0,50.0,-50.0,50.0,50.0,50.0,-50.0
7.7109375,50.0,50.0,50.0,-50.0,50.0,50.0,50.0,-50.0
7.71484375,50.0,50.0,50.0,-50.0,50.0,50.0,50.0,-50.0
7.71875,50.0,50.0,50.0,-50.0,50.0,50.0,50.0,-50.0
7.72265625,50.0,50.0,50.0,-50.0,50.0,50.0,50.0,-50.0
7.7265625,50.0,50.0,50.0,-50.0,50.0,50.0,50.0,-50.0
7.73046875,50.0,50.0,50.0,-50.0,50.0,50.0,50.0,-50.0
7.734375,50.0,50.0,50.0,-50.0,50.0,50.0,50.0,-50.0
7.73828125,50.0,50.0,50.0,-50.0,50.0,50.0,50.0,-50.0
7.7421875,50.0,50.0,50.0,-50.0,50.0,50.0,50.0,-50.0
7.74609375,50.0,50.0,50.0,-50.0,50.0,50.0,50.0,-50.0
7.75,50.0,50.0,50.0,-50.0,50.0,50.0,50.0,-50.0
7.75390625,-50.0,50.0,50.0,-50.0,-50.0,50.0,50.0,-50.0
7.7578125,-50.0,50.0,50.0,-50.0,-50.0,50.0,50.0,-50.0
7.76171875,-50.0,50.0,50.0,-50.0,-50.0,50.0,50.0,-50.0
7.765625,-50.0,50.0,50.0,-50.0,-50.0,50.0,50.0,-50.0
7.76953125,-50.0,50.0,50.0,-50.0,-50.0,50.0,50.0,-50.0
7.7734375,-50.0,50.0,50.0,-50.0,-50.0,50.0,50.0,-50.0
7.77734375,-50.0,50.0,50.0,-50.0,-50.0,50.0,50.0,-50.0
7.78125,-50.0,50.0,50.0,-50.0,-50.0,50.0,50.0,-50.0
7.78515625,-50.0,50.0,50.0,-50.0,-50.0,50.0,50.0,-50.0
7.7890625,-50.0,50.0,50.0,-50.0,-50.0,50.0,50.0,-50.0
7.79296875,-50.0,50.0,50.0,-50.0,-50.0,50.0,50.0,-50.0
7.796875,-50.0,50.0,50.0,-50.0,-50.0,50.0,50.0,-50.0
7.80078125,-50.0,50.0,-50.0,-50.0,-50.0,50.0,-50.0,-50.0
7.8046875,-50.0,50.0,-50.0,-50.0,-50.0,50.0,-50.0,-50.0
7.80859375,-50.0,50.0,-50.0,-50.0,-50.0,50.0,-50.0,-50.0
7.8125,-50.0,50.0,-50.0,-50.0,-50.0,50.0,-50.0,-50.0
7.81640625,-50.0,50.0,-50.0,-50.0,-50.0,50.0,-50.0,-50.0
7.8203125,-50.0,50.0,-50.0,-50.0,-50.0,50.0,-50.0,-50.0
7.82421875,-50.0,50.0,-50.0,-50.0,-50.0,50.0,-50.0,-50.0
7.828125,-50.0,50.0,-50.0,-50.0,-50.0,50.0,-50.0,-50.0
7.83203125,-50.0,50.0,-50.0,-50.0,-50.0,50.0,-50.0,-50.0
7.8359375,-50.0,-50.0,-50.0,-50.0,-50.0,-50.0,-50.0,-50.0
7.83984375,-50.0,-50.0,-50.0,-50.0,-50.0,-50.0,-50.0,-50.0
7.84375,-50.0,-50.0,-50.0,-50.0,-50.0,-50.0,-50.0,-50.0
7.84765625,-50.0,-50.0,-50.0,-50.0,-50.0,-50.0,-50.0,-50.0
7.8515625,-50.0,-50.0,-50.0,-50.0,-50.0,-50.0,-50.0,-50.0
7.85546875,-50.0,-50.0,-50.0,-50.0,-50.0,-50.0,-50.0,-50.0
7.859375,-50.0,-50.0,-50.0,-50.0,-50.0,-50.0,-50.0,-50.0
7.86328125,-50.0,-50.0,-50.0,-50.0,-50.0,-50.0,-50.0,-50.0
7.8671875,-50.0,-50.0,-50.0,-50.0,-50.0,-50.0,-50.0,-50.0
7.87109375,-50.0,-50.0,-50.0,-50.0,-50.0,-50.0,-50.0,-50.0
7.875,-50.0,-50.0,-50.0,-50.0,-50.0,-50.0,-50.0,-50.0
7.87890625,-50.0,-50.0,-50.0,-50.0,-50.0,-50.0,-50.0,-50.0
7.8828125,-50.0,-50.0,-50.0,-50.0,-50.0,-50.0,-50.0,-50.0
7.88671875,-50.0,-50.0,-50.0,-50.0,-50.0,-50.0,-50.0,-50.0
7.890625,-50.0,-50.0,-50.0,-50.0,-50.0,-50.0,-50.0,-50.0
7.89453125,-50.0,-50.0,-50.0,-50.0,-50.0,-50.0,-50.0,-50.0
7.8984375,-50.0,-50.0,-50.0,-50.0,-50.0,-50.0,-50.0,-50.0
7.90234375,-50.0,-50.0,-50.0,-50.0,-50.0,-50.0,-50.0,-50.0
7.90625,-50.0,-50.0,-50.0,-50.0,-50.0,-50.0,-50.0,-50.0
7.91015625,-50.0,-50.0,-50.0,-50.0,-50.0,-50.0,-50.0,-50.0
7.9140625,-50.0,-50.0,-50.0,-50.0,-50.0,-50.0,-50.0,-50.0
7.91796875,-50.0,-50.0,-50.0,-50.0,-50.0,-50.0,-50.0,-50.0
7.921875,-50.0,-50.0,-50.0,-50.0,-50.0,-50.0,-50.0,-50.0
7.92578125,-50.0,-50.0,-50.0,-50.0,-50.0,-50.0,-50.0,-50.0
7.9296875,-50.0,-50.0,-50.0,-50.0,-50.0,-50.0,-50.0,-50.0
7.93359375,-50.0,-50.0,-50.0,-50.0,-50.0,-50.0,-50.0,-50.0
7.9375,-50.0,-50.0,-50.0,-50.0,-50.0,-50.0,-50.0,-50.0
7.94140625,-50.0,-50.0,-50.0,-50.0,-50.0,-50.0,-50.0,-50.0
7.9453125,-50.0,-50.0,-50.0,-50.0,-50.0,-50.0,-50.0,-50.0
7.94921875,-50.0,-50.0,-50.0,-50.0,-50.0,-50.0,-50.0,-50.0
7.953125,-50.0,-50.0,-50.0,-50.0,-50.0,-50.0,-50.0,-50.0
7.95703125,-50.0,-50.0,-50.0,-50.0,-50.0,-50.0,-50.0,-50.0
7.9609375,-50.0,-50.0,-50.0,-50.0,-50.0,-50.0,-50.0,-50.0
7.96484375,-50.0,-50.0,-50.0,-50.0,-50.0,-50.0,-50.0,-50.0
7.96875,-50.0,-50.0,-50.0,-50.0,-50.0,-50.0,-50.0,-50.0
7.97265625,-50.0,-50.0,-50.0,-50.0,-50.0,-50.0,-50.0,-50.0
7.9765625,-50.0,-50.0,-50.0,-50.0,-50.0,-50.0,-50.0,-50.0
7.98046875,-50.0,-50.0,-50.0,-50.0,-50.0,-50.0,-50.0,-50.0
7.984375,-50.0,-50.0,-50.0,-50.0,-50.0,-50.0,-50.0,-50.0
7.98828125,-50.0,-50.0,-50.0,-50.0,-50.0,-50.0,-50.0,-50.0
7.9921875,-50.0,-50.0,-50.0,-50.0,-50.0,-50.0,-50.0,-50.0
7.99609375,-50.0,-50.0,-50.0,-50.0,-50.0,-50.0,-50.0,-50.0
8.0,50.0,50.0,50.0,50.0,50.0,50.0,50.0,50.0
8.00390625,50.0,50.0,50.0,50.0,50.0,50.0,50.0,50.0
8.0078125,50.0,50.0,50.0,50.0,50.0,50.0,50.0,50.0
8.01171875,50.0,50.0,50.0,50.0,50.0,50.0,50.0,50.0
8.015625,50.0,50.0,50.0,50.0,50.0,50.0,50.0,50.0
8.01953125,50.0,50.0,50.0,50.0,50.0,50.0,50.0,50.0
8.0234375,50.0,50.0,50.0,50.0,50.0,50.0,50.0,50.0
8.02734375,50.0,50.0,50.0,50.0,50.0,50.0,50.0,50.0
8.03125,50.0,50.0,50.0,50.0,50.0,50.0,50.0,50.0
8.03515625,50.0,50.0,50.0,50.0,50.0,50.0,50.0,50.0
8.0390625,50.0,50.0,50.0,50.0,50.0,50.0,50.0,50.0
8.04296875,50.0,50.0,50.0,50.0,50.0,50.0,50.0,50.0
8.046875,50.0,50.0,50.0,50.0,50.0,50.0,50.0,50.0
8.05078125,50.0,50.0,50.0,50.0,50.0,50.0,50.0,50.0
8.0546875,50.0,50.0,50.0,50.0,50.0,50.0,50.0,50.0
8.05859375,50.0,50.0,50.0,50.0,50.0,50.0,50.0,50.0
8.0625,50.0,50.0,50.0,50.0,50.0,50.0,50.0,50.0
8.06640625,50.0,50.0,50.0,50.0,50.0,50.0,50.0,50.0
8.0703125,50.0,50.0,50.0,50.0,50.0,50.0,50.0,50.0
8.07421875,50.0,50.0,50.0,50.0,50.0,50.0,50.0,50.0
8.078125,50.0,50.0,50.0,50.0,50.0,50.0,50.0,50.0
8.08203125,50.0,50.0,50.0,50.0,50.0,50.0,50.0,50.0
8.0859375,50.0,50.0,50.0,50.0,50.0,50.0,50.0,50.0
8.08984375,50.0,50.0,50.0,50.0,50.0,50.0,50.0,50.0
8.09375,50.0,50.0,50.0,50.0,50.0,50.0,50.0,50.0
8.09765625,50.0,50.0,50.0,50.0,50.0,50.0,50.0,50.0
8.1015625,50.0,50.0,50.0,50.0,50.0,50.0,50.0,50.0
8.10546875,50.0,50.0,50.0,50.0,50.0,50.0,50.0,50.0
8.109375,50.0,50.0,50.0,50.0,50.0,50.0,50.0,50.0
8.11328125,50.0,50.0,50.0,50.0,50.0,50.0,50.0,50.0
8.1171875,50.0,50.0,50.0,50.0,50.0,50.0,50.0,50.0
8.12109375,50.0,50.0,50.0,50.0,50.0,50.0,50.0,50.0
8.125,50.0,50.0,50.0,50.0,50.0,50.0,50.0,50.0
8.12890625,50.0,50.0,50.0,50.0,50.0,50.0,50.0,50.0
8.1328125,50.0,50.0,50.0,50.0,50.0,50.0,50.0,50.0
8.13671875,50.0,50.0,50.0,50.0,50.0,50.0,50.0,50.0
8.140625,50.0,50.0,50.0,50.0,50.0,50.0,50.0,50.0
8.14453125,50.0,50.0,50.0,50.0,50.0,50.0,50.0,50.0
8.1484375,50.0,50.0,50.0,50.0,50.0,50.0,50.0,50.0
8.15234375,50.0,50.0,50.0,50.0,50.0,50.0,50.0,50.0
8.15625,50.0,50.0,50.0,50.0,50.0,50.0,50.0,50.0
8.16015625,50.0,50.0,50.0,50.0,50.0,50.0,50.0,50.0
8.1640625,50.0,50.0,50.0,50.0,50.0,50.0,50.0,50.0
8.16796875,50.0,-50.0,50.0,50.0,50.0,-50.0,50.0,50.0
8.171875,50.0,-50.0,50.0,50.0,50.0,-50.0,50.0,50.0
8.17578125,50.0,-50.0,50.0,50.0,50.0,-50.0,50.0,50.0
8.1796875,50.0,-50.0,50.0,50.0,50.0,-50.0,50.0,50.0
8.18359375,50.0,-50.0,50.0,50.0,50.0,-50.0,50.0,50.0
8.1875,50.0,-50.0,50.0,50.0,50.0,-50.0,50.0,50.0
8.19140625,50.0,-50.0,50.0,50.0,50.0,-50.0,50.0,50.0
8.1953125,50.0,-50.0,50.0,50.0,50.0,-50.0,50.0,50.0
8.19921875,50.0,-50.0,50.0,50.0,50.0,-50.0,50.0,50.0
8.203125,50.0,-50.0,-50.0,50.0,50.0,-50.0,-50.0,50.0
8.20703125,50.0,-50.0,-50.0,50.0,50.0,-50.0,-50.0,50.0
8.2109375,50.0,-50.0,-50.0,50.0,50.0,-50.0,-50.0,50.0
8.21484375,50.0,-50.0,-50.0,50.0,50.0,-50.0,-50.0,50.0
8.21875,50.0,-50.0,-50.0,50.0,50.0,-50.0,-50.0,50.0
8.22265625,50.0,-50.0,-50.0,50.0,50.0,-50.0,-50.0,50.0
8.2265625,50.0,-50.0,-50.0,50.0,50.0,-50.0,-50.0,50.0
8.23046875,50.0,-50.0,-50.0,50.0,50.0,-50.0,-50.0,50.0
8.234375,50.0,-50.0,-50.0,50.0,50.0,-50.0,-50.0,50.0
8.23828125,50.0,-50.0,-50.0,50.0,50.0,-50.0,-50.0,50.0
8.2421875,50.0,-50.0,-50.0,50.0,50.0,-50.0,-50.0,50.0
8.24609375,50.0,-50.0,-50.0,50.0,50.0,-50.0,-50.0,50.0
8.25,-50.0,-50.0,-50.0,50.0,-50.0,-50.0,-50.0,50.0
8.25390625,-50.0,-50.0,-50.0,50.0,-50.0,-50.0,-50.0,50.0
8.2578125,-50.0,-50.0,-50.0,50.0,-50.0,-50.0,-50.0,50.0
8.26171875,-50.0,-50.0,-50.0,50.0,-50.0,-50.0,-50.0,50.0
8.265625,-50.0,-50.0,-50.0,50.0,-50.0,-50.0,-50.0,50.0
8.26953125,-50.0,-50.0,-50.0,50.0,-50.0,-50.0,-50.0,50.0
8.2734375,-50.0,-50.0,-50.0,50.0,-50.0,-50.0,-50.0,50.0
8.27734375,-50.0,-50.0,-50.0,50.0,-50.0,-50.0,-50.0,50.0
8.28125,-50.0,-50.0,-50.0,50.0,-50.0,-50.0,-50.0,50.0
8.28515625,-50.0,-50.0,-50.0,50.0,-50.0,-50.0,-50.0,50.0
8.2890625,-50.0,-50.0,-50.0,50.0,-50.0,-50.0,-50.0,50.0
8.29296875,-50.0,-50.0,-50.0,50.0,-50.0,-50.0,-50.0,50.0
8.296875,-50.0,-50.0,-50.0,50.0,-50.0,-50.0,-50.0,50.0
8.30078125,-50.0,-50.0,-50.0,50.0,-50.0,-50.0,-50.0,50.0
8.3046875,-50.0,-50.0,-50.0,50.0,-50.0,-50.0,-50.0,50.0
8.30859375,-50.0,-50.0,-50.0,50.0,-50.0,-50.0,-50.0,50.0
8.3125,-50.0,-50.0,-50.0,50.0,-50.0,-50.0,-50.0,50.0
8.31640625,-50.0,-50.0,-50.0,50.0,-50.0,-50.0,-50.0,50.0
8.3203125,-50.0,-50.0,-50.0,50.0,-50.0,-50.0,-50.0,50.0
8.32421875,-50.0,-50.0,-50.0,50.0,-50.0,-50.0,-50.0,50.0
8.328125,-50.0,-50.0,-50.0,50.0,-50.0,-50.0,-50.0,50.0
8.33203125,-50.0,-50.0,-50.0,50.0,-50.0,-50.0,-50.0,50.0
8.3359375,-50.0,50.0,-50.0,-50.0,-50.0,50.0,-50.0,-50.0
8.33984375,-50.0,50.0,-50.0,-50.0,-50.0,50.0,-50.0,-50.0
8.34375,-50.0,50.0,-50.0,-50.0,-50.0,50.0,-50.0,-50.0
8.34765625,-50.0,50.0,-50.0,-50.0,-50.0,50.0,-50.0,-50.0
8.3515625,-50.0,50.0,-50.0,-50.0,-50.0,50.0,-50.0,-50.0
8.35546875,-50.0,50.0,-50.0,-50.0,-50.0,50.0,-50.0,-50.0
8.359375,-50.0,50.0,-50.0,-50.0,-50.0,50.0,-50.0,-50.0
8.36328125,-50.0,50.0,-50.0,-50.0,-50.0,50.0,-50.0,-50.0
8.3671875,-50.0,50.0,-50.0,-50.0,-50.0,50.0,-50.0,-50.0
8.37109375,-50.0,50.0,-50.0,-50.0,-50.0,50.0,-50.0,-50.0
8.375,-50.0,50.0,-50.0,-50.0,-50.0,50.0,-50.0,-50.0
8.37890625,-50.0,50.0,-50.0,-50.0,-50.0,50.0,-50.0,-50.0
8.3828125,-50.0,50.0,-50.0,-50.0,-50.0,50.0,-50.0,-50.0
8.38671875,-50.0,50.0,-50.0,-50.0,-50.0,50.0,-50.0,-50.0
8.390625,-50.0,50.0,-50.0,-50.0,-50.0,50.0,-50.0,-50.0
8.39453125,-50.0,50.0,-50.0,-50.0,-50.0,50.0,-50.0,-50.0
8.3984375,-50.0,50.0,-50.0,-50.0,-50.0,50.0,-50.0,-50.0
8.40234375,-50.0,50.0,50.0,-50.0,-50.0,50.0,50.0,-50.0
8.40625,-50.0,50.0,50.0,-50.0,-50.0,50.0,50.0,-50.0
8.41015625,-50.0,50.0,50.0,-50.0,-50.0,50.0,50.0,-50.0
8.4140625,-50.0,50.0,50.0,-50.0,-50.0,50.0,50.0,-50.0
8.41796875,-50.0,50.0,50.0,-50.0,-50.0,50.0,50.0,-50.0
8.421875,-50.0,50.0,50.0,-50.0,-50.0,50.0,50.0,-50.0
8.42578125,-50.0,50.0,50.0,-50.0,-50.0,50.0,50.0,-50.0
8.4296875,-50.0,50.0,50.0,-50.0,-50.0,50.0,50.0,-50.0
8.43359375,-50.0,50.0,50.0,-50.0,-50.0,50.0,50.0,-50.0
8.4375,-50.0,50.0,50.0,-50.0,-50.0,50.0,50.0,-50.0
8.44140625,-50.0,50.0,50.0,-50.0,-50.0,50.0,50.0,-50.0
8.4453125,-50.0,50.0,50.0,-50.0,-50.0,50.0,50.0,-50.0
8.44921875,-50.0,50.0,50.0,-50.0,-50.0,50.0,50.0,-50.0
8.453125,-50.0,50.0,50.0,-50.0,-50.0,50.0,50.0,-50.0
8.45703125,-50.0,50.0,50.0,-50.0,-50.0,50.0,50.0,-50.0
8.4609375,-50.0,50.0,50.0,-50.0,-50.0,50.0,50.0,-50.0
8.46484375,-50.0,50.0,50.0,-50.0,-50.0,50.0,50.0,-50.0
8.46875,-50.0,50.0,50.0,-50.0,-50.0,50.0,50.0,-50.0
8.47265625,-50.0,50.0,50.0,-50.0,-50.0,50.0,50.0,-50.0
8.4765625,-50.0,50.0,50.0,-50.0,-50.0,50.0,50.0,-50.0
8.48046875,-50.0,50.0,50.0,-50.0,-50.0,50.0,50.0,-50.0
8.484375,-50.0,50.0,50.0,-50.0,-50.0,50.0,50.0,-50.0
8.48828125,-50.0,50.0,50.0,-50.0,-50.0,50.0,50.0,-50.0
8.4921875,-50.0,50.0,50.0,-50.0,-50.0,50.0,50.0,-50.0
8.49609375,-50.0,50.0,50.0,-50.0,-50.0,50.0,50.0,-50.0
8.5,50.0,50.0,50.0,-50.0,50.0,50.0,50.0,-50.0
8.50390625,50.0,-50.0,50.0,-50.0,50.0,-50.0,50.0,-50.0
8.5078125,50.0,-50.0,50.0,-50.0,50.0,-50.0,50.0,-50.0
8.51171875,50.0,-50.0,50.0,-50.0,50.0,-50.0,50.0,-50.0
8.515625,50.0,-50.0,50.0,-50.0,50.0,-50.0,50.0,-50.0
8.51953125,50.0,-50.0,50.0,-50.0,50.0,-50.0,50.0,-50.0
8.5234375,50.0,-50.0,50.0,-50.0,50.0,-50.0,50.0,-50.0
8.52734375,50.0,-50.0,50.0,-50.0,50.0,-50.0,50.0,-50.0
8.53125,50.0,-50.0,50.0,-50.0,50.0,-50.0,50.0,-50.0
8.53515625,50.0,-50.0,50.0,-50.0,50.0,-50.0,50.0,-50.0
8.5390625,50.0,-50.0,50.0,-50.0,50.0,-50.0,50.0,-50.0
8.54296875,50.0,-50.0,50.0,-50.0,50.0,-50.0,50.0,-50.0
8.546875,50.0,-50.0,50.0,-50.0,50.0,-50.0,50.0,-50.0
8.55078125,50.0,-50.0,50.0,-50.0,50.0,-50.0,50.0,-50.0
8.5546875,50.0,-50.0,50.0,-50.0,50.0,-50.0,50.0,-50.0
8.55859375,50.0,-50.0,50.0,-50.0,50.0,-50.0,50.0,-50.0
8.5625,50.0,-50.0,50.0,-50.0,50.0,-50.0,50.0,-50.0
8.56640625,50.0,-50.0,50.0,-50.0,50.0,-50.0,50.0,-50.0
8.5703125,50.0,-50.0,50.0,-50.0,50.0,-50.0,50.0,-50.0
8.57421875,50.0,-50.0,50.0,-50.0,50.0,-50.0,50.0,-50.0
8.578125,50.0,-50.0,50.0,-50.0,50.0,-50.0,50.0,-50.0
8.58203125,50.0,-50.0,50.0,-50.0,50.0,-50.0,50.0,-50.0
8.5859375,50.0,-50.0,50.0,-50.0,50.0,-50.0,50.0,-50.0
8.58984375,50.0,-50.0,50.0,-50.0,50.0,-50.0,50.0,-50.0
8.59375,50.0,-50.0,50.0,-50.0,50.0,-50.0,50.0,-50.0
8.59765625,50.0,-50.0,50.0,-50.0,50.0,-50.0,50.0,-50.0
8.6015625,50.0,-50.0,-50.0,-50.0,50.0,-50.0,-50.0,-50.0
8.60546875,50.0,-50.0,-50.0,-50.0,50.0,-50.0,-50.0,-50.0
8.609375,50.0,-50.0,-50.0,-50.0,50.0,-50.0,-50.0,-50.0
8.61328125,50.0,-50.0,-50.0,-50.0,50.0,-50.0,-50.0,-50.0
8.6171875,50.0,-50.0,-50.0,-50.0,50.0,-50.0,-50.0,-50.0
8.62109375,50.0,-50.0,-50.0,-50.0,50.0,-50.0,-50.0,-50.0
8.625,50.0,-50.0,-50.0,-50.0,50.0,-50.0,-50.0,-50.0
8.62890625,50.0,-50.0,-50.0,-50.0,50.0,-50.0,-50.0,-50.0
8.6328125,50.0,-50.0,-50.0,-50.0,50.0,-50.0,-50.0,-50.0
8.63671875,50.0,-50.0,-50.0,-50.0,50.0,-50.0,-50.0,-50.0
8.640625,50.0,-50.0,-50.0,-50.0,50.0,-50.0,-50.0,-50.0
8.64453125,50.0,-50.0,-50.0,-50.0,50.0,-50.0,-50.0,-50.0
8.6484375,50.0,-50.0,-50.0,-50.0,50.0,-50.0,-50.0,-50.0
8.65234375,50.0,-50.0,-50.0,-50.0,50.0,-50.0,-50.0,-50.0
8.65625,50.0,-50.0,-50.0,-50.0,50.0,-50.0,-50.0,-50.0
8.66015625,50.0,-50.0,-50.0,-50.0,50.0,-50.0,-50.0,-50.0
8.6640625,50.0,-50.0,-50.0,-50.0,50.0,-50.0,-50.0,-50.0
8.66796875,50.0,50.0,-50.0,50.0,50.0,50.0,-50.0,50.0
8.671875,50.0,50.0,-50.0,50.0,50.0,50.0,-50.0,50.0
8.67578125,50.0,50.0,-50.0,50.0,50.0,50.0,-50.0,50.0
8.6796875,50.0,50.0,-50.0,50.0,50.0,50.0,-50.0,50.0
8.68359375,50.0,50.0,-50.0,50.0,50.0,50.0,-50.0,50.0
8.6875,50.0,50.0,-50.0,50.0,50.0,50.0,-50.0,50.0
8.69140625,50.0,50.0,-50.0,50.0,50.0,50.0,-50.0,50.0
8.6953125,50.0,50.0,-50.0,50.0,50.0,50.0,-50.0,50.0
8.69921875,50.0,50.0,-50.0,50.0,50.0,50.0,-50.0,50.0
8.703125,50.0,50.0,-50.0,50.0,50.0,50.0,-50.0,50.0
8.70703125,50.0,50.0,-50.0,50.0,50.0,50.0,-50.0,50.0
8.7109375,50.0,50.0,-50.0,50.0,50.0,50.0,-50.0,50.0
8.71484375,50.0,50.0,-50.0,50.0,50.0,50.0,-50.0,50.0
8.71875,50.0,50.0,-50.0,50.0,50.0,50.0,-50.0,50.0
8.72265625,50.0,50.0,-50.0,50.0,50.0,50.0,-50.0,50.0
8.7265625,50.0,50.0,-50.0,50.0,50.0,50.0,-50.0,50.0
8.73046875,50.0,50.0,-50.0,50.0,50.0,50.0,-50.0,50.0
8.734375,50.0,50.0,-50.0,50.0,50.0,50.0,-50.0,50.0
8.73828125,50.0,50.0,-50.0,50.0,50.0,50.0,-50.0,50.0
8.7421875,50.0,50.0,-50.0,50.0,50.0,50.0,-50.0,50.0
8.74609375,50.0,50.0,-50.0,50.0,50.0,50.0,-50.0,50.0
8.75,50.0,50.0,-50.0,50.0,50.0,50.0,-50.0,50.0
8.75390625,-50.0,50.0,-50.0,50.0,-50.0,50.0,-50.0,50.0
8.7578125,-50.0,50.0,-50.0,50.0,-50.0,50.0,-50.0,50.0
8.76171875,-50.0,50.0,-50.0,50.0,-50.0,50.0,-50.0,50.0
8.765625,-50.0,50.0,-50.0,50.0,-50.0,50.0,-50.0,50.0
8.76953125,-50.0,50.0,-50.0,50.0,-50.0,50.0,-50.0,50.0
8.7734375,-50.0,50.0,-50.0,50.0,-50.0,50.0,-50.0,50.0
8.77734375,-50.0,50.0,-50.0,50.0,-50.0,50.0,-50.0,50.0
8.78125,-50.0,50.0,-50.0,50.0,-50.0,50.0,-50.0,50.0
8.78515625,-50.0,50.0,-50.0,50.0,-50.0,50.0,-50.0,50.0
8.7890625,-50.0,50.0,-50.0,50.0,-50.0,50.0,-50.0,50.0
8.79296875,-50.0,50.0,-50.0,50.0,-50.0,50.0,-50.0,50.0
8.796875,-50.0,50.0,-50.0,50.0,-50.0,50.0,-50.0,50.0
8.80078125,-50.0,50.0,50.0,50.0,-50.0,50.0,50.0,50.0
8.8046875,-50.0,50.0,50.0,50.0,-50.0,50.0,50.0,50.0
8.80859375,-50.0,50.0,50.0,50.0,-50.0,50.0,50.0,50.0
8.8125,-50.0,50.0,50.0,50.0,-50.0,50.0,50.0,50.0
8.81640625,-50.0,50.0,50.0,50.0,-50.0,50.0,50.0,50.0
8.8203125,-50.0,50.0,50.0,50.0,-50.0,50.0,50.0,50.0
8.82421875,-50.0,50.0,50.0,50.0,-50.0,50.0,50.0,50.0
8.828125,-50.0,50.0,50.0,50.0,-50.0,50.0,50.0,50.0
8.83203125,-50.0,50.0,50.0,50.0,-50.0,50.0,50.0,50.0
8.8359375,-50.0,-50.0,50.0,50.0,-50.0,-50.0,50.0,50.0
8.83984375,-50.0,-50.0,50.0,50.0,-50.0,-50.0,50.0,50.0
8.84375,-50.0,-50.0,50.0,50.0,-50.0,-50.0,50.0,50.0
8.84765625,-50.0,-50.0,50.0,50.0,-50.0,-50.0,50.0,50.0
8.8515625,-50.0,-50.0,50.0,50.0,-50.0,-50.0,50.0,50.0
8.85546875,-50.0,-50.0,50.0,50.0,-50.0,-50.0,50.0,50.0
8.859375,-50.0,-50.0,50.0,50.0,-50.0,-50.0,50.0,50.0
8.86328125,-50.0,-50.0,50.0,50.0,-50.0,-50.0,50.0,50.0
8.8671875,-50.0,-50.0,50.0,50.0,-50.0,-50.0,50.0,50.0
8.87109375,-50.0,-50.0,50.0,50.0,-50.0,-50.0,50.0,50.0
8.875,-50.0,-50.0,50.0,50.0,-50.0,-50.0,50.0,50.0
8.87890625,-50.0,-50.0,50.0,50.0,-50.0,-50.0,50.0,50.0
8.8828125,-50.0,-50.0,50.0,50.0,-50.0,-50.0,50.0,50.0
8.88671875,-50.0,-50.0,50.0,50.0,-50.0,-50.0,50.0,50.0
8.890625,-50.0,-50.0,50.0,50.0,-50.0,-50.0,50.0,50.0
8.89453125,-50.0,-50.0,50.0,50.0,-50.0,-50.0,50.0,50.0
8.8984375,-50.0,-50.0,50.0,50.0,-50.0,-50.0,50.0,50.0
8.90234375,-50.0,-50.0,50.0,50.0,-50.0,-50.0,50.0,50.0
8.90625,-50.0,-50.0,50.0,50.0,-50.0,-50.0,50.0,50.0
8.91015625,-50.0,-50.0,50.0,50.0,-50.0,-50.0,50.0,50.0
8.9140625,-50.0,-50.0,50.0,50.0,-50.0,-50.0,50.0,50.0
8.91796875,-50.0,-50.0,50.0,50.0,-50.0,-50.0,50.0,50.0
8.921875,-50.0,-50.0,50.0,50.0,-50.0,-50.0,50.0,50.0
8.92578125,-50.0,-50.0,50.0,50.0,-50.0,-50.0,50.0,50.0
8.9296875,-50.0,-50.0,50.0,50.0,-50.0,-50.0,50.0,50.0
8.93359375,-50.0,-50.0,50.0,50.0,-50.0,-50.0,50.0,50.0
8.9375,-50.0,-50.0,50.0,50.0,-50.0,-50.0,50.0,50.0
8.94140625,-50.0,-50.0,50.0,50.0,-50.0,-50.0,50.0,50.0
8.9453125,-50.0,-50.0,50.0,50.0,-50.0,-50.0,50.0,50.0
8.94921875,-50.0,-50.0,50.0,50.0,-50.0,-50.0,50.0,50.0
8.953125,-50.0,-50.0,50.0,50.0,-50.0,-50.0,50.0,50.0
8.95703125,-50.0,-50.0,50.0,50.0,-50.0,-50.0,50.0,50.0
8.9609375,-50.0,-50.0,50.0,50.0,-50.0,-50.0,50.0,50.0
8.96484375,-50.0,-50.0,50.0,50.0,-50.0,-50.0,50.0,50.0
8.96875,-50.0,-50.0,50.0,50.0,-50.0,-50.0,50.0,50.0
8.97265625,-50.0,-50.0,50.0,50.0,-50.0,-50.0,50.0,50.0
8.9765625,-50.0,-50.0,50.0,50.0,-50.0,-50.0,50.0,50.0
8.98046875,-50.0,-50.0,50.0,50.0,-50.0,-50.0,50.0,50.0
8.984375,-50.0,-50.0,50.0,50.0,-50.0,-50.0,50.0,50.0
8.98828125,-50.0,-50.0,50.0,50.0,-50.0,-50.0,50.0,50.0
8.9921875,-50.0,-50.0,50.0,50.0,-50.0,-50.0,50.0,50.0
8.99609375,-50.0,-50.0,50.0,50.0,-50.0,-50.0,50.0,50.0
9.0,50.0,-50.0,-50.0,50.0,50.0,-50.0,-50.0,50.0
9.00390625,50.0,50.0,-50.0,-50.0,50.0,50.0,-50.0,-50.0
9.0078125,50.0,50.0,-50.0,-50.0,50.0,50.0,-50.0,-50.0
9.01171875,50.0,50.0,-50.0,-50.0,50.0,50.0,-50.0,-50.0
9.015625,50.0,50.0,-50.0,-50.0,50.0,50.0,-50.0,-50.0
9.01953125,50.0,50.0,-50.0,-50.0,50.0,50.0,-50.0,-50.0
9.0234375,50.0,50.0,-50.0,-50.0,50.0,50.0,-50.0,-50.0
9.02734375,50.0,50.0,-50.0,-50.0,50.0,50.0,-50.0,-50.0
9.03125,50.0,50.0,-50.0,-50.0,50.0,50.0,-50.0,-50.0
9.03515625,50.0,50.0,-50.0,-50.0,50.0,50.0,-50.0,-50.0
9.0390625,50.0,50.0,-50.0,-50.0,50.0,50.0,-50.0,-50.0
9.04296875,50.0,50.0,-50.0,-50.0,50.0,50.0,-50.0,-50.0
9.046875,50.0,50.0,-50.0,-50.0,50.0,50.0,-50.0,-50.0
9.05078125,50.0,50.0,-50.0,-50.0,50.0,50.0,-50.0,-50.0
9.0546875,50.0,50.0,-50.0,-50.0,50.0,50.0,-50.0,-50.0
9.05859375,50.0,50.0,-50.0,-50.0,50.0,50.0,-50.0,-50.0
9.0625,50.0,50.0,-50.0,-50.0,50.0,50.0,-50.0,-50.0
9.06640625,50.0,50.0,-50.0,-50.0,50.0,50.0,-50.0,-50.0
9.0703125,50.0,50.0,-50.0,-50.0,50.0,50.0,-50.0,-50.0
9.07421875,50.0,50.0,-50.0,-50.0,50.0,50.0,-50.0,-50.0
9.078125,50.0,50.0,-50.0,-50.0,50.0,50.0,-50.0,-50.0
9.08203125,50.0,50.0,-50.0,-50.0,50.0,50.0,-50.0,-50.0
9.0859375,50.0,50.0,-50.0,-50.0,50.0,50.0,-50.0,-50.0
9.08984375,50.0,50.0,-50.0,-50.0,50.0,50.0,-50.0,-50.0
9.09375,50.0,50.0,-50.0,-50.0,50.0,50.0,-50.0,-50.0
9.09765625,50.0,50.0,-50.0,-50.0,50.0,50.0,-50.0,-50.0
9.1015625,50.0,50.0,-50.0,-50.0,50.0,50.0,-50.0,-50.0
9.10546875,50.0,50.0,-50.0,-50.0,50.0,50.0,-50.0,-50.0
9.109375,50.0,50.0,-50.0,-50.0,50.0,50.0,-50.0,-50.0
9.11328125,50.0,50.0,-50.0,-50.0,50.0,50.0,-50.0,-50.0
9.1171875,50.0,50.0,-50.0,-50.0,50.0,50.0,-50.0,-50.0
9.12109375,50.0,50.0,-50.0,-50.0,50.0,50.0,-50.0,-50.0
9.125,50.0,50.0,-50.0,-50.0,50.0,50.0,-50.0,-50.0
9.12890625,50.0,50.0,-50.0,-50.0,50.0,50.0,-50.0,-50.0
9.1328125,50.0,50.0,-50.0,-50.0,50.0,50.0,-50.0,-50.0
9.13671875,50.0,50.0,-50.0,-50.0,50.0,50.0,-50.0,-50.0
9.140625,50.0,50.0,-50.0,-50.0,50.0,50.0,-50.0,-50.0
9.14453125,50.0,50.0,-50.0,-50.0,50.0,50.0,-50.0,-50.0
9.1484375,50.0,50.0,-50.0,-50.0,50.0,50.0,-50.0,-50.0
9.15234375,50.0,50.0,-50.0,-50.0,50.0,50.0,-50.0,-50.0
9.15625,50.0,50.0,-50.0,-50.0,50.0,50.0,-50.0,-50.0
9.16015625,50.0,50.0,-50.0,-50.0,50.0,50.0,-50.0,-50.0
9.1640625,50.0,50.0,-50.0,-50.0,50.0,50.0,-50.0,-50.0
9.16796875,50.0,-50.0,-50.0,-50.0,50.0,-50.0,-50.0,-50.0
9.171875,50.0,-50.0,-50.0,-50.0,50.0,-50.0,-50.0,-50.0
9.17578125,50.0,-50.0,-50.0,-50.0,50.0,-50.0,-50.0,-50.0
9.1796875,50.0,-50.0,-50.0,-50.0,50.0,-50.0,-50.0,-50.0
9.18359375,50.0,-50.0,-50.0,-50.0,50.0,-50.0,-50.0,-50.0
9.1875,50.0,-50.0,-50.0,-50.0,50.0,-50.0,-50.0,-50.0
9.19140625,50.0,-50.0,-50.0,-50.0,50.0,-50.0,-50.0,-50.0
9.1953125,50.0,-50.0,-50.0,-50.0,50.0,-50.0,-50.0,-50.0
9.19921875,50.0,-50.0,-50.0,-50.0,50.0,-50.0,-50.0,-50.0
9.203125,50.0,-50.0,50.0,-50.0,50.0,-50.0,50.0,-50.0
9.20703125,50.0,-50.0,50.0,-50.0,50.0,-50.0,50.0,-50.0
9.2109375,50.0,-50.0,50.0,-50.0,50.0,-50.0,50.0,-50.0
9.21484375,50.0,-50.0,50.0,-50.0,50.0,-50.0,50.0,-50.0
9.21875,50.0,-50.0,50.0,-50.0,50.0,-50.0,50.0,-50.0
9.22265625,50.0,-50.0,50.0,-50.0,50.0,-50.0,50.0,-50.0
9.2265625,50.0,-50.0,50.0,-50.0,50.0,-50.0,50.0,-50.0
9.23046875,50.0,-50.0,50.0,-50.0,50.0,-50.0,50.0,-50.0
9.234375,50.0,-50.0,50.0,-50.0,50.0,-50.0,50.0,-50.0
9.23828125,50.0,-50.0,50.0,-50.0,50.0,-50.0,50.0,-50.0
9.2421875,50.0,-50.0,50.0,-50.0,50.0,-50.0,50.0,-50.0
9.24609375,50.0,-50.0,50.0,-50.0,50.0,-50.0,50.0,-50.0
9.25,-50.0,-50.0,50.0,-50.0,-50.0,-50.0,50.0,-50.0
9.25390625,-50.0,-50.0,50.0,-50.0,-50.0,-50.0,50.0,-50.0
9.2578125,-50.0,-50.0,50.0,-50.0,-50.0,-50.0,50.0,-50.0
9.26171875,-50.0,-50.0,50.0,-50.0,-50.0,-50.0,50.0,-50.0
9.265625,-50.0,-50.0,50.0,-50.0,-50.0,-50.0,50.0,-50.0
9.26953125,-50.0,-50.0,50.0,-50.0,-50.0,-50.0,50.0,-50.0
9.2734375,-50.0,-50.0,50.0,-50.0,-50.0,-50.0,50.0,-50.0
9.27734375,-50.0,-50.0,50.0,-50.0,-50.0,-50.0,50.0,-50.0
9.28125,-50.0,-50.0,50.0,-50.0,-50.0,-50.0,50.0,-50.0
9.28515625,-50.0,-50.0,50.0,-50.0,-50.0,-50.0,50.0,-50.0
9.2890625,-50.0,-50.0,50.0,-50.0,-50.0,-50.0,50.0,-50.0
9.29296875,-50.0,-50.0,50.0,-50.0,-50.0,-50.0,50.0,-50.0
9.296875,-50.0,-50.0,50.0,-50.0,-50.0,-50.0,50.0,-50.0
9.30078125,-50.0,-50.0,50.0,-50.0,-50.0,-50.0,50.0,-50.0
9.3046875,-50.0,-50.0,50.0,-50.0,-50.0,-50.0,50.0,-50.0
9.30859375,-50.0,-50.0,50.0,-50.0,-50.0,-50.0,50.0,-50.0
9.3125,-50.0,-50.0,50.0,-50.0,-50.0,-50.0,50.0,-50.0
9.31640625,-50.0,-50.0,50.0,-50.0,-50.0,-50.0,50.0,-50.0
9.3203125,-50.0,-50.0,50.0,-50.0,-50.0,-50.0,50.0,-50.0
9.32421875,-50.0,-50.0,50.0,-50.0,-50.0,-50.0,50.0,-50.0
9.328125,-50.0,-50.0,50.0,-50.0,-50.0,-50.0,50.0,-50.0
9.33203125,-50.0,-50.0,50.0,-50.0,-50.0,-50.0,50.0,-50.0
9.3359375,-50.0,50.0,50.0,50.0,-50.0,50.0,50.0,50.0
9.33984375,-50.0,50.0,50.0,50.0,-50.0,50.0,50.0,50.0
9.34375,-50.0,50.0,50.0,50.0,-50.0,50.0,50.0,50.0
9.34765625,-50.0,50.0,50.0,50.0,-50.0,50.0,50.0,50.0
9.3515625,-50.0,50.0,50.0,50.0,-50.0,50.0,50.0,50.0
9.35546875,-50.0,50.0,50.0,50.0,-50.0,50.0,50.0,50.0
9.359375,-50.0,50.0,50.0,50.0,-50.0,50.0,50.0,50.0
9.36328125,-50.0,50.0,50.0,50.0,-50.0,50.0,50.0,50.0
9.3671875,-50.0,50.0,50.0,50.0,-50.0,50.0,50.0,50.0
9.37109375,-50.0,50.0,50.0,50.0,-50.0,50.0,50.0,50.0
9.375,-50.0,50.0,50.0,50.0,-50.0,50.0,50.0,50.0
9.37890625,-50.0,50.0,50.0,50.0,-50.0,50.0,50.0,50.0
9.3828125,-50.0,50.0,50.0,50.0,-50.0,50.0,50.0,50.0
9.38671875,-50.0,50.0,50.0,50.0,-50.0,50.0,50.0,50.0
9.390625,-50.0,50.0,50.0,50.0,-50.0,50.0,50.0,50.0
9.39453125,-50.0,50.0,50.0,50.0,-50.0,50.0,50.0,50.0
9.3984375,-50.0,50.0,50.0,50.0,-50.0,50.0,50.0,50.0
9.40234375,-50.0,50.0,-50.0,50.0,-50.0,50.0,-50.0,50.0
9.40625,-50.0,50.0,-50.0,50.0,-50.0,50.0,-50.0,50.0
9.41015625,-50.0,50.0,-50.0,50.0,-50.0,50.0,-50.0,50.0
9.4140625,-50.0,50.0,-50.0,50.0,-50.0,50.0,-50.0,50.0
9.41796875,-50.0,50.0,-50.0,50.0,-50.0,50.0,-50.0,50.0
9.421875,-50.0,50.0,-50.0,50.0,-50.0,50.0,-50.0,50.0
9.42578125,-50.0,50.0,-50.0,50.0,-50.0,50.0,-50.0,50.0
9.4296875,-50.0,50.0,-50.0,50.0,-50.0,50.0,-50.0,50.0
9.43359375,-50.0,50.0,-50.0,50.0,-50.0,50.0,-50.0,50.0
9.4375,-50.0,50.0,-50.0,50.0,-50.0,50.0,-50.0,50.0
9.44140625,-50.0,50.0,-50.0,50.0,-50.0,50.0,-50.0,50.0
9.4453125,-50.0,50.0,-50.0,50.0,-50.0,50.0,-50.0,50.0
9.44921875,-50.0,50.0,-50.0,50.0,-50.0,50.0,-50.0,50.0
9.453125,-50.0,50.0,-50.0,50.0,-50.0,50.0,-50.0,50.0
9.45703125,-50.0,50.0,-50.0,50.0,-50.0,50.0,-50.0,50.0
9.4609375,-50.0,50.0,-50.0,50.0,-50.0,50.0,-50.0,50.0
9.46484375,-50.0,50.0,-50.0,50.0,-50.0,50.0,-50.0,50.0
9.46875,-50.0,50.0,-50.0,50.0,-50.0,50.0,-50.0,50.0
9.47265625,-50.0,50.0,-50.0,50.0,-50.0,50.0,-50.0,50.0
9.4765625,-50.0,50.0,-50.0,50.0,-50.0,50.0,-50.0,50.0
9.48046875,-50.0,50.0,-50.0,50.0,-50.0,50.0,-50.0,50.0
9.484375,-50.0,50.0,-50.0,50.0,-50.0,50.0,-50.0,50.0
9.48828125,-50.0,50.0,-50.0,50.0,-50.0,50.0,-50.0,50.0
9.4921875,-50.0,50.0,-50.0,50.0,-50.0,50.0,-50.0,50.0
9.49609375,-50.0,50.0,-50.0,50.0,-50.0,50.0,-50.0,50.0
9.5,-50.0,50.0,-50.0,50.0,-50.0,50.0,-50.0,50.0
9.50390625,50.0,-50.0,-50.0,50.0,50.0,-50.0,-50.0,50.0
9.5078125,50.0,-50.0,-50.0,50.0,50.0,-50.0,-50.0,50.0
9.51171875,50.0,-50.0,-50.0,50.0,50.0,-50.0,-50.0,50.0
9.515625,50.0,-50.0,-50.0,50.0,50.0,-50.0,-50.0,50.0
9.51953125,50.0,-50.0,-50.0,50.0,50.0,-50.0,-50.0,50.0
9.5234375,50.0,-50.0,-50.0,50.0,50.0,-50.0,-50.0,50.0
9.52734375,50.0,-50.0,-50.0,50.0,50.0,-50.0,-50.0,50.0
9.53125,50.0,-50.0,-50.0,50.0,50.0,-50.0,-50.0,50.0
9.53515625,50.0,-50.0,-50.0,50.0,50.0,-50.0,-50.0,50.0
9.5390625,50.0,-50.0,-50.0,50.0,50.0,-50.0,-50.0,50.0
9.54296875,50.0,-50.0,-50.0,50.0,50.0,-50.0,-50.0,50.0
9.546875,50.0,-50.0,-50.0,50.0,50.0,-50.0,-50.0,50.0
9.55078125,50.0,-50.0,-50.0,50.0,50.0,-50.0,-50.0,50.0
9.5546875,50.0,-50.0,-50.0,50.0,50.0,-50.0,-50.0,50.0
9.55859375,50.0,-50.0,-50.0,50.0,50.0,-50.0,-50.0,50.0
9.5625,50.0,-50.0,-50.0,50.0,50.0,-50.0,-50.0,50.0
9.56640625,50.0,-50.0,-50.0,50.0,50.0,-50.0,-50.0,50.0
9.5703125,50.0,-50.0,-50.0,50.0,50.0,-50.0,-50.0,50.0
9.57421875,50.0,-50.0,-50.0,50.0,50.0,-50.0,-50.0,50.0
9.578125,50.0,-50.0,-50.0,50.0,50.0,-50.0,-50.0,50.0
9.58203125,50.0,-50.0,-50.0,50.0,50.0,-50.0,-50.0,50.0
9.5859375,50.0,-50.0,-50.0,50.0,50.0,-50.0,-50.0,50.0
9.58984375,50.0,-50.0,-50.0,50.0,50.0,-50.0,-50.0,50.0
9.59375,50.0,-50.0,-50.0,50.0,50.0,-50.0,-50.0,50.0
9.59765625,50.0,-50.0,-50.0,50.0,50.0,-50.0,-50.0,50.0
9.6015625,50.0,-50.0,50.0,50.0,50.0,-50.0,50.0,50.0
9.60546875,50.0,-50.0,50.0,50.0,50.0,-50.0,50.0,50.0
9.609375,50.0,-50.0,50.0,50.0,50.0,-50.0,50.0,50.0
9.61328125,50.0,-50.0,50.0,50.0,50.0,-50.0,50.0,50.0
9.6171875,50.0,-50.0,50.0,50.0,50.0,-50.0,50.0,50.0
9.62109375,50.0,-50.0,50.0,50.0,50.0,-50.0,50.0,50.0
9.625,50.0,-50.0,50.0,50.0,50.0,-50.0,50.0,50.0
9.62890625,50.0,-50.0,50.0,50.0,50.0,-50.0,50.0,50.0
9.6328125,50.0,-50.0,50.0,50.0,50.0,-50.0,50.0,50.0
9.63671875,50.0,-50.0,50.0,50.0,50.0,-50.0,50.0,50.0
9.640625,50.0,-50.0,50.0,50.0,50.0,-50.0,50.0,50.0
9.64453125,50.0,-50.0,50.0,50.0,50.0,-50.0,50.0,50.0
9.6484375,50.0,-50.0,50.0,50.0,50.0,-50.0,50.0,50.0
9.65234375,50.0,-50.0,50.0,50.0,50.0,-50.0,50.0,50.0
9.65625,50.0,-50.0,50.0,50.0,50.0,-50.0,50.0,50.0
9.66015625,50.0,-50.0,50.0,50.0,50.0,-50.0,50.0,50.0
9.6640625,50.0,-50.0,50.0,50.0,50.0,-50.0,50.0,50.0
9.66796875,50.0,50.0,50.0,-50.0,50.0,50.0,50.0,-50.0
9.671875,50.0,50.0,50.0,-50.0,50.0,50.0,50.0,-50.0
9.67578125,50.0,50.0,50.0,-50.0,50.0,50.0,50.0,-50.0
9.6796875,50.0,50.0,50.0,-50.0,50.0,50.0,50.0,-50.0
9.68359375,50.0,50.0,50.0,-50.0,50.0,50.0,50.0,-50.0
9.6875,50.0,50.0,50.0,-50.0,50.0,50.0,50.0,-50.0
9.69140625,50.0,50.0,50.0,-50.0,50.0,50.0,50.0,-50.0
9.6953125,50.0,50.0,50.0,-50.0,50.0,50.0,50.0,-50.0
9.69921875,50.0,50.0,50.0,-50.0,50.0,50.0,50.0,-50.0
9.703125,50.0,50.0,50.0,-50.0,50.0,50.0,50.0,-50.0
9.70703125,50.0,50.0,50.0,-50.0,50.0,50.0,50.0,-50.0
9.7109375,50.0,50.0,50.0,-50.0,50.0,50.0,50.0,-50.0
9.71484375,50.0,50.0,50.0,-50.0,50.0,50.0,50.0,-50.0
9.71875,50.0,50.0,50.0,-50.0,50.0,50.0,50.0,-50.0
9.72265625,50.0,50.0,50.0,-50.0,50.0,50.0,50.0,-50.0
9.7265625,50.0,50.0,50.0,-50.0,50.0,50.0,50.0,-50.0
9.73046875,50.0,50.0,50.0,-50.0,50.0,50.0,50.0,-50.0
9.734375,50.0,50.0,50.0,-50.0,50.0,50.0,50.0,-50.0
9.73828125,50.0,50.0,50.0,-50.0,50.0,50.0,50.0,-50.0
9.7421875,50.0,50.0,50.0,-50.0,50.0,50.0,50.0,-50.0
9.74609375,50.0,50.0,50.0,-50.0,50.0,50.0,50.0,-50.0
9.75,50.0,50.0,50.0,-50.0,50.0,50.0,50.0,-50.0
9.75390625,-50.0,50.0,50.0,-50.0,-50.0,50.0,50.0,-50.0
9.7578125,-50.0,50.0,50.0,-50.0,-50.0,50.0,50.0,-50.0
9.76171875,-50.0,50.0,50.0,-50.0,-50.0,50.0,50.0,-50.0
9.765625,-50.0,50.0,50.0,-50.0,-50.0,50.0,50.0,-50.0
9.76953125,-50.0,50.0,50.0,-50.0,-50.0,50.0,50.0,-50.0
9.7734375,-50.0,50.0,50.0,-50.0,-50.0,50.0,50.0,-50.0
9.77734375,-50.0,50.0,50.0,-50.0,-50.0,50.0,50.0,-50.0
9.78125,-50.0,50.0,50.0,-50.0,-50.0,50.0,50.0,-50.0
9.78515625,-50.0,50.0,50.0,-50.0,-50.0,50.0,50.0,-50.0
9.7890625,-50.0,50.0,50.0,-50.0,-50.0,50.0,50.0,-50.0
9.79296875,-50.0,50.0,50.0,-50.0,-50.0,50.0,50.0,-50.0
9.796875,-50.0,50.0,50.0,-50.0,-50.0,50.0,50.0,-50.0
9.80078125,-50.0,50.0,-50.0,-50.0,-50.0,50.0,-50.0,-50.0
9.8046875,-50.0,50.0,-50.0,-50.0,-50.0,50.0,-50.0,-50.0
9.80859375,-50.0,50.0,-50.0,-50.0,-50.0,50.0,-50.0,-50.0
9.8125,-50.0,50.0,-50.0,-50.0,-50.0,50.0,-50.0,-50.0
9.81640625,-50.0,50.0,-50.0,-50.0,-50.0,50.0,-50.0,-50.0
9.8203125,-50.0,50.0,-50.0,-50.0,-50.0,50.0,-50.0,-50.0
9.82421875,-50.0,50.0,-50.0,-50.0,-50.0,50.0,-50.0,-50.0
9.828125,-50.0,50.0,-50.0,-50.0,-50.0,50.0,-50.0,-50.0
9.83203125,-50.0,50.0,-50.0,-50.0,-50.0,50.0,-50.0,-50.0
9.8359375,-50.0,-50.0,-50.0,-50.0,-50.0,-50.0,-50.0,-50.0
9.83984375,-50.0,-50.0,-50.0,-50.0,-50.0,-50.0,-50.0,-50.0
9.84375,-50.0,-50.0,-50.0,-50.0,-50.0,-50.0,-50.0,-50.0
9.84765625,-50.0,-50.0,-50.0,-50.0,-50.0,-50.0,-50.0,-50.0
9.8515625,-50.0,-50.0,-50.0,-50.0,-50.0,-50.0,-50.0,-50.0
9.85546875,-50.0,-50.0,-50.0,-50.0,-50.0,-50.0,-50.0,-50.0
9.859375,-50.0,-50.0,-50.0,-50.0,-50.0,-50.0,-50.0,-50.0
9.86328125,-50.0,-50.0,-50.0,-50.0,-50.0,-50.0,-50.0,-50.0
9.8671875,-50.0,-50.0,-50.0,-50.0,-50.0,-50.0,-50.0,-50.0
9.87109375,-50.0,-50.0,-50.0,-50.0,-50.0,-50.0,-50.0,-50.0
9.875,-50.0,-50.0,-50.0,-50.0,-50.0,-50.0,-50.0,-50.0
9.87890625,-50.0,-50.0,-50.0,-50.0,-50.0,-50.0,-50.0,-50.0
9.8828125,-50.0,-50.0,-50.0,-50.0,-50.0,-50.0,-50.0,-50.0
9.88671875,-50.0,-50.0,-50.0,-50.0,-50.0,-50.0,-50.0,-50.0
9.890625,-50.0,-50.0,-50.0,-50.0,-50.0,-50.0,-50.0,-50.0
9.89453125,-50.0,-50.0,-50.0,-50.0,-50.0,-50.0,-50.0,-50.0
9.8984375,-50.0,-50.0,-50.0,-50.0,-50.0,-50.0,-50.0,-50.0
9.90234375,-50.0,-50.0,-50.0,-50.0,-50.0,-50.0,-50.0,-50.0
9.90625,-50.0,-50.0,-50.0,-50.0,-50.0,-50.0,-50.0,-50.0
9.91015625,-50.0,-50.0,-50.0,-50.0,-50.0,-50.0,-50.0,-50.0
9.9140625,-50.0,-50.0,-50.0,-50.0,-50.0,-50.0,-50.0,-50.0
9.91796875,-50.0,-50.0,-50.0,-50.0,-50.0,-50.0,-50.0,-50.0
9.921875,-50.0,-50.0,-50.0,-50.0,-50.0,-50.0,-50.0,-50.0
9.92578125,-50.0,-50.0,-50.0,-50.0,-50.0,-50.0,-50.0,-50.0
9.9296875,-50.0,-50.0,-50.0,-50.0,-50.0,-50.0,-50.0,-50.0
9.93359375,-50.0,-50.0,-50.0,-50.0,-50.0,-50.0,-50.0,-50.0
9.9375,-50.0,-50.0,-50.0,-50.0,-50.0,-50.0,-50.0,-50.0
9.94140625,-50.0,-50.0,-50.0,-50.0,-50.0,-50.0,-50.0,-50.0
9.9453125,-50.0,-50.0,-50.0,-50.0,-50.0,-50.0,-50.0,-50.0
9.94921875,-50.0,-50.0,-50.0,-50.0,-50.0,-50.0,-50.0,-50.0
9.953125,-50.0,-50.0,-50.0,-50.0,-50.0,-50.0,-50.0,-50.0
9.95703125,-50.0,-50.0,-50.0,-50.0,-50.0,-50.0,-50.0,-50.0
9.9609375,-50.0,-50.0,-50.0,-50.0,-50.0,-50.0,-50.0,-50.0
9.96484375,-50.0,-50.0,-50.0,-50.0,-50.0,-50.0,-50.0,-50.0
9.96875,-50.0,-50.0,-50.0,-50.0,-50.0,-50.0,-50.0,-50.0
9.97265625,-50.0,-50.0,-50.0,-50.0,-50.0,-50.0,-50.0,-50.0
9.9765625,-50.0,-50.0,-50.0,-50.0,-50.0,-50.0,-50.0,-50.0
9.98046875,-50.0,-50.0,-50.0,-50.0,-50.0,-50.0,-50.0,-50.0
9.984375,-50.0,-50.0,-50.0,-50.0,-50.0,-50.0,-50.0,-50.0
9.98828125,-50.0,-50.0,-50.0,-50.0,-50.0,-50.0,-50.0,-50.0
9.9921875,-50.0,-50.0,-50.0,-50.0,-50.0,-50.0,-50.0,-50.0
9.99609375,-50.0,-50.0,-50.0,-50.0,-50.0,-50.0,-50.0,-50.0
10.0,50.0,-50.0,50.0,-50.0,50.0,-50.0,50.0,-50.0
10.00390625,50.0,50.0,50.0,50.0,50.0,50.0,50.0,50.0
10.0078125,50.0,50.0,50.0,50.0,50.0,50.0,50.0,50.0
10.01171875,50.0,50.0,50.0,50.0,50.0,50.0,50.0,50.0
10.015625,50.0,50.0,50.0,50.0,50.0,50.0,50.0,50.0
10.01953125,50.0,50.0,50.0,50.0,50.0,50.0,50.0,50.0
10.0234375,50.0,50.0,50.0,50.0,50.0,50.0,50.0,50.0
10.02734375,50.0,50.0,50.0,50.0,50.0,50.0,50.0,50.0
10.03125,50.0,50.0,50.0,50.0,50.0,50.0,50.0,50.0
10.03515625,50.0,50.0,50.0,50.0,50.0,50.0,50.0,50.0
10.0390625,50.0,50.0,50.0,50.0,50.0,50.0,50.0,50.0
10.04296875,50.0,50.0,50.0,50.0,50.0,50.0,50.0,50.0
10.046875,50.0,50.0,50.0,50.0,50.0,50.0,50.0,50.0
10.05078125,50.0,50.0,50.0,50.0,50.0,50.0,50.0,50.0
10.0546875,50.0,50.0,50.0,50.0,50.0,50.0,50.0,50.0
10.05859375,50.0,50.0,50.0,50.0,50.0,50.0,50.0,50.0
10.0625,50.0,50.0,50.0,50.0,50.0,50.0,50.0,50.0
10.06640625,50.0,50.0,50.0,50.0,50.0,50.0,50.0,50.0
10.0703125,50.0,50.0,50.0,50.0,50.0,50.0,50.0,50.0
10.07421875,50.0,50.0,50.0,50.0,50.0,50.0,50.0,50.0
10.078125,50.0,50.0,50.0,50.0,50.0,50.0,50.0,50.0
10.08203125,50.0,50.0,50.0,50.0,50.0,50.0,50.0,50.0
10.0859375,50.0,50.0,50.0,50.0,50.0,50.0,50.0,50.0
10.08984375,50.0,50.0,50.0,50.0,50.0,50.0,50.0,50.0
10.09375,50.0,50.0,50.0,50.0,50.0,50.0,50.0,50.0
10.09765625,50.0,50.0,50.0,50.0,50.0,50.0,50.0,50.0
10.1015625,50.0,50.0,50.0,50.0,50.0,50.0,50.0,50.0
10.10546875,50.0,50.0,50.0,50.0,50.0,50.0,50.0,50.0
10.109375,50.0,50.0,50.0,50.0,50.0,50.0,50.0,50.0
10.11328125,50.0,50.0,50.0,50.0,50.0,50.0,50.0,50.0
10.1171875,50.0,50.0,50.0,50.0,50.0,50.0,50.0,50.0
10.12109375,50.0,50.0,50.0,50.0,50.0,50.0,50.0,50.0
10.125,50.0,50.0,50.0,50.0,50.0,50.0,50.0,50.0
10.12890625,50.0,50.0,50.0,50.0,50.0,50.0,50.0,50.0
10.1328125,50.0,50.0,50.0,50.0,50.0,50.0,50.0,50.0
10.13671875,50.0,50.0,50.0,50.0,50.0,50.0,50.0,50.0
10.140625,50.0,50.0,50.0,50.0,50.0,50.0,50.0,50.0
10.14453125,50.0,50.0,50.0,50.0,50.0,50.0,50.0,50.0
10.1484375,50.0,50.0,50.0,50.0,50.0,50.0,50.0,50.0
10.15234375,50.0,50.0,50.0,50.0,50.0,50.0,50.0,50.0
10.15625,50.0,50.0,50.0,50.0,50.0,50.0,50.0,50.0
10.16015625,50.0,50.0,50.0,50.0,50.0,50.0,50.0,50.0
10.1640625,50.0,50.0,50.0,50.0,50.0,50.0,50.0,50.0
10.16796875,50.0,-50.0,50.0,50.0,50.0,-50.0,50.0,50.0
10.171875,50.0,-50.0,50.0,50.0,50.0,-50.0,50.0,50.0
10.17578125,50.0,-50.0,50.0,50.0,50.0,-50.0,50.0,50.0
10.1796875,50.0,-50.0,50.0,50.0,50.0,-50.0,50.0,50.0
10.18359375,50.0,-50.0,50.0,50.0,50.0,-50.0,50.0,50.0
10.1875,50.0,-50.0,50.0,50.0,50.0,-50.0,50.0,50.0
10.19140625,50.0,-50.0,50.0,50.0,50.0,-50.0,50.0,50.0
10.1953125,50.0,-50.0,50.0,50.0,50.0,-50.0,50.0,50.0
10.19921875,50.0,-50.0,50.0,50.0,50.0,-50.0,50.0,50.0
10.203125,50.0,-50.0,-50.0,50.0,50.0,-50.0,-50.0,50.0
10.20703125,50.0,-50.0,-50.0,50.0,50.0,-50.0,-50.0,50.0
10.2109375,50.0,-50.0,-50.0,50.0,50.0,-50.0,-50.0,50.0
10.21484375,50.0,-50.0,-50.0,50.0,50.0,-50.0,-50.0,50.0
10.21875,50.0,-50.0,-50.0,50.0,50.0,-50.0,-50.0,50.0
10.22265625,50.0,-50.0,-50.0,50.0,50.0,-50.0,-50.0,50.0
10.2265625,50.0,-50.0,-50.0,50.0,50.0,-50.0,-50.0,50.0
10.23046875,50.0,-50.0,-50.0,50.0,50.0,-50.0,-50.0,50.0
10.234375,50.0,-50.0,-50.0,50.0,50.0,-50.0,-50.0,50.0
10.23828125,50.0,-50.0,-50.0,50.0,50.0,-50.0,-50.0,50.0
10.2421875,50.0,-50.0,-50.0,50.0,50.0,-50.0,-50.0,50.0
10.24609375,50.0,-50.0,-50.0,50.0,50.0,-50.0,-50.0,50.0
10.25,50.0,-50.0,-50.0,50.0,50.0,-50.0,-50.0,50.0
10.25390625,-50.0,-50.0,-50.0,50.0,-50.0,-50.0,-50.0,50.0
10.2578125,-50.0,-50.0,-50.0,50.0,-50.0,-50.0,-50.0,50.0
10.26171875,-50.0,-50.0,-50.0,50.0,-50.0,-50.0,-50.0,50.0
10.265625,-50.0,-50.0,-50.0,50.0,-50.0,-50.0,-50.0,50.0
10.26953125,-50.0,-50.0,-50.0,50.0,-50.0,-50.0,-50.0,50.0
10.2734375,-50.0,-50.0,-50.0,50.0,-50.0,-50.0,-50.0,50.0
10.27734375,-50.0,-50.0,-50.0,50.0,-50.0,-50.0,-50.0,50.0
10.28125,-50.0,-50.0,-50.0,50.0,-50.0,-50.0,-50.0,50.0
10.28515625,-50.0,-50.0,-50.0,50.0,-50.0,-50.0,-50.0,50.0
10.2890625,-50.0,-50.0,-50.0,50.0,-50.0,-50.0,-50.0,50.0
10.29296875,-50.0,-50.0,-50.0,50.0,-50.0,-50.0,-50.0,50.0
10.296875,-50.0,-50.0,-50.0,50.0,-50.0,-50.0,-50.0,50.0
10.30078125,-50.0,-50.0,-50.0,50.0,-50.0,-50.0,-50.0,50.0
10.3046875,-50.0,-50.0,-50.0,50.0,-50.0,-50.0,-50.0,50.0
10.30859375,-50.0,-50.0,-50.0,50.0,-50.0,-50.0,-50.0,50.0
10.3125,-50.0,-50.0,-50.0,50.0,-50.0,-50.0,-50.0,50.0
10.31640625,-50.0,-50.0,-50.0,50.0,-50.0,-50.0,-50.0,50.0
10.3203125,-50.0,-50.0,-50.0,50.0,-50.0,-50.0,-50.0,50.0
10.32421875,-50.0,-50.0,-50.0,50.0,-50.0,-50.0,-50.0,50.0
10.328125,-50.0,-50.0,-50.0,50.0,-50.0,-50.0,-50.0,50.0
10.33203125,-50.0,-50.0,-50.0,50.0,-50.0,-50.0,-50.0,50.0
10.3359375,-50.0,50.0,-50.0,-50.0,-50.0,50.0,-50.0,-50.0
10.33984375,-50.0,50.0,-50.0,-50.0,-50.0,50.0,-50.0,-50.0
10.34375,-50.0,50.0,-50.0,-50.0,-50.0,50.0,-50.0,-50.0
10.34765625,-50.0,50.0,-50.0,-50.0,-50.0,50.0,-50.0,-50.0
10.3515625,-50.0,50.0,-50.0,-50.0,-50.0,50.0,-50.0,-50.0
10.35546875,-50.0,50.0,-50.0,-50.0,-50.0,50.0,-50.0,-50.0
10.359375,-50.0,50.0,-50.0,-50.0,-50.0,50.0,-50.0,-50.0
10.36328125,-50.0,50.0,-50.0,-50.0,-50.0,50.0,-50.0,-50.0
10.3671875,-50.0,50.0,-50.0,-50.0,-50.0,50.0,-50.0,-50.0
10.37109375,-50.0,50.0,-50.0,-50.0,-50.0,50.0,-50.0,-50.0
10.375,-50.0,50.0,-50.0,-50.0,-50.0,50.0,-50.0,-50.0
10.37890625,-50.0,50.0,-50.0,-50.0,-50.0,50.0,-50.0,-50.0
10.3828125,-50.0,50.0,-50.0,-50.0,-50.0,50.0,-50.0,-50.0
10.38671875,-50.0,50.0,-50.0,-50.0,-50.0,50.0,-50.0,-50.0
10.390625,-50.0,50.0,-50.0,-50.0,-50.0,50.0,-50.0,-50.0
10.39453125,-50.0,50.0,-50.0,-50.0,-50.0,50.0,-50.0,-50.0
10.3984375,-50.0,50.0,-50.0,-50.0,-50.0,50.0,-50.0,-50.0
10.40234375,-50.0,50.0,50.0,-50.0,-50.0,50.0,50.0,-50.0
10.40625,-50.0,50.0,50.0,-50.0,-50.0,50.0,50.0,-50.0
10.41015625,-50.0,50.0,50.0,-50.0,-50.0,50.0,50.0,-50.0
10.4140625,-50.0,50.0,50.0,-50.0,-50.0,50.0,50.0,-50.0
10.41796875,-50.0,50.0,50.0,-50.0,-50.0,50.0,50.0,-50.0
10.421875,-50.0,50.0,50.0,-50.0,-50.0,50.0,50.0,-50.0
10.42578125,-50.0,50.0,50.0,-50.0,-50.0,50.0,50.0,-50.0
10.4296875,-50.0,50.0,50.0,-50.0,-50.0,50.0,50.0,-50.0
10.43359375,-50.0,50.0,50.0,-50.0,-50.0,50.0,50.0,-50.0
10.4375,-50.0,50.0,50.0,-50.0,-50.0,50.0,50.0,-50.0
10.44140625,-50.0,50.0,50.0,-50.0,-50.0,50.0,50.0,-50.0
10.4453125,-50.0,50.0,50.0,-50.0,-50.0,50.0,50.0,-50.0
10.44921875,-50.0,50.0,50.0,-50.0,-50.0,50.0,50.0,-50.0
10.453125,-50.0,50.0,50.0,-50.0,-50.0,50.0,50.0,-50.0
10.45703125,-50.0,50.0,50.0,-50.0,-50.0,50.0,50.0,-50.0
10.4609375,-50.0,50.0,50.0,-50.0,-50.0,50.0,50.0,-50.0
10.46484375,-50.0,50.0,50.0,-50.0,-50.0,50.0,50.0,-50.0
10.46875,-50.0,50.0,50.0,-50.0,-50.0,50.0,50.0,-50.0
10.47265625,-50.0,50.0,50.0,-50.0,-50.0,50.0,50.0,-50.0
10.4765625,-50.0,50.0,50.0,-50.0,-50.0,50.0,50.0,-50.0
10.48046875,-50.0,50.0,50.0,-50.0,-50.0,50.0,50.0,-50.0
10.484375,-50.0,50.0,50.0,-50.0,-50.0,50.0,50.0,-50.0
10.48828125,-50.0,50.0,50.0,-50.0,-50.0,50.0,50.0,-50.0
10.4921875,-50.0,50.0,50.0,-50.0,-50.0,50.0,50.0,-50.0
10.49609375,-50.0,50.0,50.0,-50.0,-50.0,50.0,50.0,-50.0
10.5,50.0,-50.0,50.0,-50.0,50.0,-50.0,50.0,-50.0
10.50390625,50.0,-50.0,50.0,-50.0,50.0,-50.0,50.0,-50.0
10.5078125,50.0,-50.0,50.0,-50.0,50.0,-50.0,50.0,-50.0
10.51171875,50.0,-50.0,50.0,-50.0,50.0,-50.0,50.0,-50.0
10.515625,50.0,-50.0,50.0,-50.0,50.0,-50.0,50.0,-50.0
10.51953125,50.0,-50.0,50.0,-50.0,50.0,-50.0,50.0,-50.0
10.5234375,50.0,-50.0,50.0,-50.0,50.0,-50.0,50.0,-50.0
10.52734375,50.0,-50.0,50.0,-50.0,50.0,-50.0,50.0,-50.0
10.53125,50.0,-50.0,50.0,-50.0,50.0,-50.0,50.0,-50.0
10.53515625,50.0,-50.0,50.0,-50.0,50.0,-50.0,50.0,-50.0
10.5390625,50.0,-50.0,50.0,-50.0,50.0,-50.0,50.0,-50.0
10.54296875,50.0,-50.0,50.0,-50.0,50.0,-50.0,50.0,-50.0
10.546875,50.0,-50.0,50.0,-50.0,50.0,-50.0,50.0,-50.0
10.55078125,50.0,-50.0,50.0,-50.0,50.0,-50.0,50.0,-50.0
10.5546875,50.0,-50.0,50.0,-50.0,50.0,-50.0,50.0,-50.0
10.55859375,50.0,-50.0,50.0,-50.0,50.0,-50.0,50.0,-50.0
10.5625,50.0,-50.0,50.0,-50.0,50.0,-50.0,50.0,-50.0
10.56640625,50.0,-50.0,50.0,-50.0,50.0,-50.0,50.0,-50.0
10.5703125,50.0,-50.0,50.0,-50.0,50.0,-50.0,50.0,-50.0
10.57421875,50.0,-50.0,50.0,-50.0,50.0,-50.0,50.0,-50.0
10.578125,50.0,-50.0,50.0,-50.0,50.0,-50.0,50.0,-50.0
10.58203125,50.0,-50.0,50.0,-50.0,50.0,-50.0,50.0,-50.0
10.5859375,50.0,-50.0,50.0,-50.0,50.0,-50.0,50.0,-50.0
10.58984375,50.0,-50.0,50.0,-50.0,50.0,-50.0,50.0,-50.0
10.59375,50.0,-50.0,50.0,-50.0,50.0,-50.0,50.0,-50.0
10.59765625,50.0,-50.0,50.0,-50.0,50.0,-50.0,50.0,-50.0
10.6015625,50.0,-50.0,-50.0,-50.0,50.0,-50.0,-50.0,-50.0
10.60546875,50.0,-50.0,-50.0,-50.0,50.0,-50.0,-50.0,-50.0
10.609375,50.0,-50.0,-50.0,-50.0,50.0,-50.0,-50.0,-50.0
10.61328125,50.0,-50.0,-50.0,-50.0,50.0,-50.0,-50.0,-50.0
10.6171875,50.0,-50.0,-50.0,-50.0,50.0,-50.0,-50.0,-50.0
10.62109375,50.0,-50.0,-50.0,-50.0,50.0,-50.0,-50.0,-50.0
10.625,50.0,-50.0,-50.0,-50.0,50.0,-50.0,-50.0,-50.0
10.62890625,50.0,-50.0,-50.0,-50.0,50.0,-50.0,-50.0,-50.0
10.6328125,50.0,-50.0,-50.0,-50.0,50.0,-50.0,-50.0,-50.0
10.63671875,50.0,-50.0,-50.0,-50.0,50.0,-50.0,-50.0,-50.0
10.640625,50.0,-50.0,-50.0,-50.0,50.0,-50.0,-50.0,-50.0
10.64453125,50.0,-50.0,-50.0,-50.0,50.0,-50.0,-50.0,-50.0
10.6484375,50.0,-50.0,-50.0,-50.0,50.0,-50.0,-50.0,-50.0
10.65234375,50.0,-50.0,-50.0,-50.0,50.0,-50.0,-50.0,-50.0
10.65625,50.0,-50.0,-50.0,-50.0,50.0,-50.0,-50.0,-50.0
10.66015625,50.0,-50.0,-50.0,-50.0,50.0,-50.0,-50.0,-50.0
10.6640625,50.0,-50.0,-50.0,-50.0,50.0,-50.0,-50.0,-50.0
10.66796875,50.0,50.0,-50.0,50.0,50.0,50.0,-50.0,50.0
10.671875,50.0,50.0,-50.0,50.0,50.0,50.0,-50.0,50.0
10.67578125,50.0,50.0,-50.0,50.0,50.0,50.0,-50.0,50.0
10.6796875,50.0,50.0,-50.0,50.0,50.0,50.0,-50.0,50.0
10.68359375,50.0,50.0,-50.0,50.0,50.0,50.0,-50.0,50.0
10.6875,50.0,50.0,-50.0,50.0,50.0,50.0,-50.0,50.0
10.69140625,50.0,50.0,-50.0,50.0,50.0,50.0,-50.0,50.0
10.6953125,50.0,50.0,-50.0,50.0,50.0,50.0,-50.0,50.0
10.69921875,50.0,50.0,-50.0,50.0,50.0,50.0,-50.0,50.0
10.703125,50.0,50.0,-50.0,50.0,50.0,50.0,-50.0,50.0
10.70703125,50.0,50.0,-50.0,50.0,50.0,50.0,-50.0,50.0
10.7109375,50.0,50.0,-50.0,50.0,50.0,50.0,-50.0,50.0
10.71484375,50.0,50.0,-50.0,50.0,50.0,50.0,-50.0,50.0
10.71875,50.0,50.0,-50.0,50.0,50.0,50.0,-50.0,50.0
10.72265625,50.0,50.0,-50.0,50.0,50.0,50.0,-50.0,50.0
10.7265625,50.0,50.0,-50.0,50.0,50.0,50.0,-50.0,50.0
10.73046875,50.0,50.0,-50.0,50.0,50.0,50.0,-50.0,50.0
10.734375,50.0,50.0,-50.0,50.0,50.0,50.0,-50.0,50.0
10.73828125,50.0,50.0,-50.0,50.0,50.0,50.0,-50.0,50.0
10.7421875,50.0,50.0,-50.0,50.0,50.0,50.0,-50.0,50.0
10.74609375,50.0,50.0,-50.0,50.0,50.0,50.0,-50.0,50.0
10.75,50.0,50.0,-50.0,50.0,50.0,50.0,-50.0,50.0
10.75390625,-50.0,50.0,-50.0,50.0,-50.0,50.0,-50.0,50.0
10.7578125,-50.0,50.0,-50.0,50.0,-50.0,50.0,-50.0,50.0
10.76171875,-50.0,50.0,-50.0,50.0,-50.0,50.0,-50.0,50.0
10.765625,-50.0,50.0,-50.0,50.0,-50.0,50.0,-50.0,50.0
10.76953125,-50.0,50.0,-50.0,50.0,-50.0,50.0,-50.0,50.0
10.7734375,-50.0,50.0,-50.0,50.0,-50.0,50.0,-50.0,50.0
10.77734375,-50.0,50.0,-50.0,50.0,-50.0,50.0,-50.0,50.0
10.78125,-50.0,50.0,-50.0,50.0,-50.0,50.0,-50.0,50.0
10.78515625,-50.0,50.0,-50.0,50.0,-50.0,50.0,-50.0,50.0
10.7890625,-50.0,50.0,-50.0,50.0,-50.0,50.0,-50.0,50.0
10.79296875,-50.0,50.0,-50.0,50.0,-50.0,50.0,-50.0,50.0
10.796875,-50.0,50.0,-50.0,50.0,-50.0,50.0,-50.0,50.0
10.80078125,-50.0,50.0,50.0,50.0,-50.0,50.0,50.0,50.0
10.8046875,-50.0,50.0,50.0,50.0,-50.0,50.0,50.0,50.0
10.80859375,-50.0,50.0,50.0,50.0,-50.0,50.0,50.0,50.0
10.8125,-50.0,50.0,50.0,50.0,-50.0,50.0,50.0,50.0
10.81640625,-50.0,50.0,50.0,50.0,-50.0,50.0,50.0,50.0
10.8203125,-50.0,50.0,50.0,50.0,-50.0,50.0,50.0,50.0
10.82421875,-50.0,50.0,50.0,50.0,-50.0,50.0,50.0,50.0
10.828125,-50.0,50.0,50.0,50.0,-50.0,50.0,50.0,50.0
10.83203125,-50.0,50.0,50.0,50.0,-50.0,50.0,50.0,50.0
10.8359375,-50.0,-50.0,50.0,50.0,-50.0,-50.0,50.0,50.0
10.83984375,-50.0,-50.0,50.0,50.0,-50.0,-50.0,50.0,50.0
10.84375,-50.0,-50.0,50.0,50.0,-50.0,-50.0,50.0,50.0
10.84765625,-50.0,-50.0,50.0,50.0,-50.0,-50.0,50.0,50.0
10.8515625,-50.0,-50.0,50.0,50.0,-50.0,-50.0,50.0,50.0
10.85546875,-50.0,-50.0,50.0,50.0,-50.0,-50.0,50.0,50.0
10.859375,-50.0,-50.0,50.0,50.0,-50.0,-50.0,50.0,50.0
10.86328125,-50.0,-50.0,50.0,50.0,-50.0,-50.0,50.0,50.0
10.8671875,-50.0,-50.0,50.0,50.0,-50.0,-50.0,50.0,50.0
10.87109375,-50.0,-50.0,50.0,50.0,-50.0,-50.0,50.0,50.0
10.875,-50.0,-50.0,50.0,50.0,-50.0,-50.0,50.0,50.0
10.87890625,-50.0,-50.0,50.0,50.0,-50.0,-50.0,50.0,50.0
10.8828125,-50.0,-50.0,50.0,50.0,-50.0,-50.0,50.0,50.0
10.88671875,-50.0,-50.0,50.0,50.0,-50.0,-50.0,50.0,50.0
10.890625,-50.0,-50.0,50.0,50.0,-50.0,-50.0,50.0,50.0
10.89453125,-50.0,-50.0,50.0,50.0,-50.0,-50.0,50.0,50.0
10.8984375,-50.0,-50.0,50.0,50.0,-50.0,-50.0,50.0,50.0
10.90234375,-50.0,-50.0,50.0,50.0,-50.0,-50.0,50.0,50.0
10.90625,-50.0,-50.0,50.0,50.0,-50.0,-50.0,50.0,50.0
10.91015625,-50.0,-50.0,50.0,50.0,-50.0,-50.0,50.0,50.0
10.9140625,-50.0,-50.0,50.0,50.0,-50.0,-50.0,50.0,50.0
10.91796875,-50.0,-50.0,50.0,50.0,-50.0,-50.0,50.0,50.0
10.921875,-50.0,-50.0,50.0,50.0,-50.0,-50.0,50.0,50.0
10.92578125,-50.0,-50.0,50.0,50.0,-50.0,-50.0,50.0,50.0
10.9296875,-50.0,-50.0,50.0,50.0,-50.0,-50.0,50.0,50.0
10.93359375,-50.0,-50.0,50.0,50.0,-50.0,-50.0,50.0,50.0
10.9375,-50.0,-50.0,50.0,50.0,-50.0,-50.0,50.0,50.0
10.94140625,-50.0,-50.0,50.0,50.0,-50.0,-50.0,50.0,50.0
10.9453125,-50.0,-50.0,50.0,50.0,-50.0,-50.0,50.0,50.0
10.94921875,-50.0,-50.0,50.0,50.0,-50.0,-50.0,50.0,50.0
10.953125,-50.0,-50.0,50.0,50.0,-50.0,-50.0,50.0,50.0
10.95703125,-50.0,-50.0,50.0,50.0,-50.0,-50.0,50.0,50.0
10.9609375,-50.0,-50.0,50.0,50.0,-50.0,-50.0,50.0,50.0
10.96484375,-50.0,-50.0,50.0,50.0,-50.0,-50.0,50.0,50.0
10.96875,-50.0,-50.0,50.0,50.0,-50.0,-50.0,50.0,50.0
10.97265625,-50.0,-50.0,50.0,50.0,-50.0,-50.0,50.0,50.0
10.9765625,-50.0,-50.0,50.0,50.0,-50.0,-50.0,50.0,50.0
10.98046875,-50.0,-50.0,50.0,50.0,-50.0,-50.0,50.0,50.0
10.984375,-50.0,-50.0,50.0,50.0,-50.0,-50.0,50.0,50.0
10.98828125,-50.0,-50.0,50.0,50.0,-50.0,-50.0,50.0,50.0
10.9921875,-50.0,-50.0,50.0,50.0,-50.0,-50.0,50.0,50.0
10.99609375,-50.0,-50.0,50.0,50.0,-50.0,-50.0,50.0,50.0
11.0,-50.0,50.0,-50.0,-50.0,-50.0,50.0,-50.0,-50.0
11.00390625,50.0,50.0,-50.0,-50.0,50.0,50.0,-50.0,-50.0
11.0078125,50.0,50.0,-50.0,-50.0,50.0,50.0,-50.0,-50.0
11.01171875,50.0,50.0,-50.0,-50.0,50.0,50.0,-50.0,-50.0
11.015625,50.0,50.0,-50.0,-50.0,50.0,50.0,-50.0,-50.0
11.01953125,50.0,50.0,-50.0,-50.0,50.0,50.0,-50.0,-50.0
11.0234375,50.0,50.0,-50.0,-50.0,50.0,50.0,-50.0,-50.0
11.02734375,50.0,50.0,-50.0,-50.0,50.0,50.0,-50.0,-50.0
11.03125,50.0,50.0,-50.0,-50.0,50.0,50.0,-50.0,-50.0
11.03515625,50.0,50.0,-50.0,-50.0,50.0,50.0,-50.0,-50.0
11.0390625,50.0,50.0,-50.0,-50.0,50.0,50.0,-50.0,-50.0
11.04296875,50.0,50.0,-50.0,-50.0,50.0,50.0,-50.0,-50.0
11.046875,50.0,50.0,-50.0,-50.0,50.0,50.0,-50.0,-50.0
11.05078125,50.0,50.0,-50.0,-50.0,50.0,50.0,-50.0,-50.0
11.0546875,50.0,50.0,-50.0,-50.0,50.0,50.0,-50.0,-50.0
11.05859375,50.0,50.0,-50.0,-50.0,50.0,50.0,-50.0,-50.0
11.0625,50.0,50.0,-50.0,-50.0,50.0,50.0,-50.0,-50.0
11.06640625,50.0,50.0,-50.0,-50.0,50.0,50.0,-50.0,-50.0
11.0703125,50.0,50.0,-50.0,-50.0,50.0,50.0,-50.0,-50.0
11.07421875,50.0,50.0,-50.0,-50.0,50.0,50.0,-50.0,-50.0
11.078125,50.0,50.0,-50.0,-50.0,50.0,50.0,-50.0,-50.0
11.08203125,50.0,50.0,-50.0,-50.0,50.0,50.0,-50.0,-50.0
11.0859375,50.0,50.0,-50.0,-50.0,50.0,50.0,-50.0,-50.0
11.08984375,50.0,50.0,-50.0,-50.0,50.0,50.0,-50.0,-50.0
11.09375,50.0,50.0,-50.0,-50.0,50.0,50.0,-50.0,-50.0
11.09765625,50.0,50.0,-50.0,-50.0,50.0,50.0,-50.0,-50.0
11.1015625,50.0,50.0,-50.0,-50.0,50.0,50.0,-50.0,-50.0
11.10546875,50.0,50.0,-50.0,-50.0,50.0,50.0,-50.0,-50.0
11.109375,50.0,50.0,-50.0,-50.0,50.0,50.0,-50.0,-50.0
11.11328125,50.0,50.0,-50.0,-50.0,50.0,50.0,-50.0,-50.0
11.1171875,50.0,50.0,-50.0,-50.0,50.0,50.0,-50.0,-50.0
11.12109375,50.0,50.0,-50.0,-50.0,50.0,50.0,-50.0,-50.0
11.125,50.0,50.0,-50.0,-50.0,50.0,50.0,-50.0,-50.0
11.12890625,50.0,50.0,-50.0,-50.0,50.0,50.0,-50.0,-50.0
11.1328125,50.0,50.0,-50.0,-50.0,50.0,50.0,-50.0,-50.0
11.13671875,50.0,50.0,-50.0,-50.0,50.0,50.0,-50.0,-50.0
11.140625,50.0,50.0,-50.0,-50.0,50.0,50.0,-50.0,-50.0
11.14453125,50.0,50.0,-50.0,-50.0,50.0,50.0,-50.0,-50.0
11.1484375,50.0,50.0,-50.0,-50.0,50.0,50.0,-50.0,-50.0
11.15234375,50.0,50.0,-50.0,-50.0,50.0,50.0,-50.0,-50.0
11.15625,50.0,50.0,-50.0,-50.0,50.0,50.0,-50.0,-50.0
11.16015625,50.0,50.0,-50.0,-50.0,50.0,50.0,-50.0,-50.0
11.1640625,50.0,50.0,-50.0,-50.0,50.0,50.0,-50.0,-50.0
11.16796875,50.0,-50.0,-50.0,-50.0,50.0,-50.0,-50.0,-50.0
11.171875,50.0,-50.0,-50.0,-50.0,50.0,-50.0,-50.0,-50.0
11.17578125,50.0,-50.0,-50.0,-50.0,50.0,-50.0,-50.0,-50.0
11.1796875,50.0,-50.0,-50.0,-50.0,50.0,-50.0,-50.0,-50.0
11.18359375,50.0,-50.0,-50.0,-50.0,50.0,-50.0,-50.0,-50.0
11.1875,50.0,-50.0,-50.0,-50.0,50.0,-50.0,-50.0,-50.0
11.19140625,50.0,-50.0,-50.0,-50.0,50.0,-50.0,-50.0,-50.0
11.1953125,50.0,-50.0,-50.0,-50.0,50.0,-50.0,-50.0,-50.0
11.19921875,50.0,-50.0,-50.0,-50.0,50.0,-50.0,-50.0,-50.0
11.203125,50.0,-50.0,50.0,-50.0,50.0,-50.0,50.0,-50.0
11.20703125,50.0,-50.0,50.0,-50.0,50.0,-50.0,50.0,-50.0
11.2109375,50.0,-50.0,50.0,-50.0,50.0,-50.0,50.0,-50.0
11.21484375,50.0,-50.0,50.0,-50.0,50.0,-50.0,50.0,-50.0
11.21875,50.0,-50.0,50.0,-50.0,50.0,-50.0,50.0,-50.0
11.22265625,50.0,-50.0,50.0,-50.0,50.0,-50.0,50.0,-50.0
11.2265625,50.0,-50.0,50.0,-50.0,50.0,-50.0,50.0,-50.0
11.23046875,50.0,-50.0,50.0,-50.0,50.0,-50.0,50.0,-50.0
11.234375,50.0,-50.0,50.0,-50.0,50.0,-50.0,50.0,-50.0
11.23828125,50.0,-50.0,50.0,-50.0,50.0,-50.0,50.0,-50.0
11.2421875,50.0,-50.0,50.0,-50.0,50.0,-50.0,50.0,-50.0
11.24609375,50.0,-50.0,50.0,-50.0,50.0,-50.0,50.0,-50.0
11.25,-50.0,-50.0,50.0,-50.0,-50.0,-50.0,50.0,-50.0
11.25390625,-50.0,-50.0,50.0,-50.0,-50.0,-50.0,50.0,-50.0
11.2578125,-50.0,-50.0,50.0,-50.0,-50.0,-50.0,50.0,-50.0
11.26171875,-50.0,-50.0,50.0,-50.0,-50.0,-50.0,50.0,-50.0
11.265625,-50.0,-50.0,50.0,-50.0,-50.0,-50.0,50.0,-50.0
11.26953125,-50.0,-50.0,50.0,-50.0,-50.0,-50.0,50.0,-50.0
11.2734375,-50.0,-50.0,50.0,-50.0,-50.0,-50.0,50.0,-50.0
11.27734375,-50.0,-50.0,50.0,-50.0,-50.0,-50.0,50.0,-50.0
11.28125,-50.0,-50.0,50.0,-50.0,-50.0,-50.0,50.0,-50.0
11.28515625,-50.0,-50.0,50.0,-50.0,-50.0,-50.0,50.0,-50.0
11.2890625,-50.0,-50.0,50.0,-50.0,-50.0,-50.0,50.0,-50.0
11.29296875,-50.0,-50.0,50.0,-50.0,-50.0,-50.0,50.0,-50.0
11.296875,-50.0,-50.0,50.0,-50.0,-50.0,-50.0,50.0,-50.0
11.30078125,-50.0,-50.0,50.0,-50.0,-50.0,-50.0,50.0,-50.0
11.3046875,-50.0,-50.0,50.0,-50.0,-50.0,-50.0,50.0,-50.0
11.30859375,-50.0,-50.0,50.0,-50.0,-50.0,-50.0,50.0,-50.0
11.3125,-50.0,-50.0,50.0,-50.0,-50.0,-50.0,50.0,-50.0
11.31640625,-50.0,-50.0,50.0,-50.0,-50.0,-50.0,50.0,-50.0
11.3203125,-50.0,-50.0,50.0,-50.0,-50.0,-50.0,50.0,-50.0
11.32421875,-50.0,-50.0,50.0,-50.0,-50.0,-50.0,50.0,-50.0
11.328125,-50.0,-50.0,50.0,-50.0,-50.0,-50.0,50.0,-50.0
11.33203125,-50.0,-50.0,50.0,-50.0,-50.0,-50.0,50.0,-50.0
11.3359375,-50.0,50.0,50.0,50.0,-50.0,50.0,50.0,50.0
11.33984375,-50.0,50.0,50.0,50.0,-50.0,50.0,50.0,50.0
11.34375,-50.0,50.0,50.0,50.0,-50.0,50.0,50.0,50.0
11.34765625,-50.0,50.0,50.0,50.0,-50.0,50.0,50.0,50.0
11.3515625,-50.0,50.0,50.0,50.0,-50.0,50.0,50.0,50.0
11.35546875,-50.0,50.0,50.0,50.0,-50.0,50.0,50.0,50.0
11.359375,-50.0,50.0,50.0,50.0,-50.0,50.0,50.0,50.0
11.36328125,-50.0,50.0,50.0,50.0,-50.0,50.0,50.0,50.0
11.3671875,-50.0,50.0,50.0,50.0,-50.0,50.0,50.0,50.0
11.37109375,-50.0,50.0,50.0,50.0,-50.0,50.0,50.0,50.0
11.375,-50.0,50.0,50.0,50.0,-50.0,50.0,50.0,50.0
11.37890625,-50.0,50.0,50.0,50.0,-50.0,50.0,50.0,50.0
11.3828125,-50.0,50.0,50.0,50.0,-50.0,50.0,50.0,50.0
11.38671875,-50.0,50.0,50.0,50.0,-50.0,50.0,50.0,50.0
11.390625,-50.0,50.0,50.0,50.0,-50.0,50.0,50.0,50.0
11.39453125,-50.0,50.0,50.0,50.0,-50.0,50.0,50.0,50.0
11.3984375,-50.0,50.0,50.0,50.0,-50.0,50.0,50.0,50.0
11.40234375,-50.0,50.0,-50.0,50.0,-50.0,50.0,-50.0,50.0
11.40625,-50.0,50.0,-50.0,50.0,-50.0,50.0,-50.0,50.0
11.41015625,-50.0,50.0,-50.0,50.0,-50.0,50.0,-50.0,50.0
11.4140625,-50.0,50.0,-50.0,50.0,-50.0,50.0,-50.0,50.0
11.41796875,-50.0,50.0,-50.0,50.0,-50.0,50.0,-50.0,50.0
11.421875,-50.0,50.0,-50.0,50.0,-50.0,50.0,-50.0,50.0
11.42578125,-50.0,50.0,-50.0,50.0,-50.0,50.0,-50.0,50.0
11.4296875,-50.0,50.0,-50.0,50.0,-50.0,50.0,-50.0,50.0
11.43359375,-50.0,50.0,-50.0,50.0,-50.0,50.0,-50.0,50.0
11.4375,-50.0,50.0,-50.0,50.0,-50.0,50.0,-50.0,50.0
11.44140625,-50.0,50.0,-50.0,50.0,-50.0,50.0,-50.0,50.0
11.4453125,-50.0,50.0,-50.0,50.0,-50.0,50.0,-50.0,50.0
11.44921875,-50.0,50.0,-50.0,50.0,-50.0,50.0,-50.0,50.0
11.453125,-50.0,50.0,-50.0,50.0,-50.0,50.0,-50.0,50.0
11.45703125,-50.0,50.0,-50.0,50.0,-50.0,50.0,-50.0,50.0
11.4609375,-50.0,50.0,-50.0,50.0,-50.0,50.0,-50.0,50.0
11.46484375,-50.0,50.0,-50.0,50.0,-50.0,50.0,-50.0,50.0
11.46875,-50.0,50.0,-50.0,50.0,-50.0,50.0,-50.0,50.0
11.47265625,-50.0,50.0,-50.0,50.0,-50.0,50.0,-50.0,50.0
11.4765625,-50.0,50.0,-50.0,50.0,-50.0,50.0,-50.0,50.0
11.48046875,-50.0,50.0,-50.0,50.0,-50.0,50.0,-50.0,50.0
11.484375,-50.0,50.0,-50.0,50.0,-50.0,50.0,-50.0,50.0
11.48828125,-50.0,50.0,-50.0,50.0,-50.0,50.0,-50.0,50.0
11.4921875,-50.0,50.0,-50.0,50.0,-50.0,50.0,-50.0,50.0
11.49609375,-50.0,50.0,-50.0,50.0,-50.0,50.0,-50.0,50.0
11.5,-50.0,-50.0,-50.0,50.0,-50.0,-50.0,-50.0,50.0
11.50390625,50.0,-50.0,-50.0,50.0,50.0,-50.0,-50.0,50.0
11.5078125,50.0,-50.0,-50.0,50.0,50.0,-50.0,-50.0,50.0
11.51171875,50.0,-50.0,-50.0,50.0,50.0,-50.0,-50.0,50.0
11.515625,50.0,-50.0,-50.0,50.0,50.0,-50.0,-50.0,50.0
11.51953125,50.0,-50.0,-50.0,50.0,50.0,-50.0,-50.0,50.0
11.5234375,50.0,-50.0,-50.0,50.0,50.0,-50.0,-50.0,50.0
11.52734375,50.0,-50.0,-50.0,50.0,50.0,-50.0,-50.0,50.0
11.53125,50.0,-50.0,-50.0,50.0,50.0,-50.0,-50.0,50.0
11.53515625,50.0,-50.0,-50.0,50.0,50.0,-50.0,-50.0,50.0
11.5390625,50.0,-50.0,-50.0,50.0,50.0,-50.0,-50.0,50.0
11.54296875,50.0,-50.0,-50.0,50.0,50.0,-50.0,-50.0,50.0
11.546875,50.0,-50.0,-50.0,50.0,50.0,-50.0,-50.0,50.0
11.55078125,50.0,-50.0,-50.0,50.0,50.0,-50.0,-50.0,50.0
11.5546875,50.0,-50.0,-50.0,50.0,50.0,-50.0,-50.0,50.0
11.55859375,50.0,-50.0,-50.0,50.0,50.0,-50.0,-50.0,50.0
11.5625,50.0,-50.0,-50.0,50.0,50.0,-50.0,-50.0,50.0
11.56640625,50.0,-50.0,-50.0,50.0,50.0,-50.0,-50.0,50.0
11.5703125,50.0,-50.0,-50.0,50.0,50.0,-50.0,-50.0,50.0
11.57421875,50.0,-50.0,-50.0,50.0,50.0,-50.0,-50.0,50.0
11.578125,50.0,-50.0,-50.0,50.0,50.0,-50.0,-50.0,50.0
11.58203125,50.0,-50.0,-50.0,50.0,50.0,-50.0,-50.0,50.0
11.5859375,50.0,-50.0,-50.0,50.0,50.0,-50.0,-50.0,50.0
11.58984375,50.0,-50.0,-50.0,50.0,50.0,-50.0,-50.0,50.0
11.59375,50.0,-50.0,-50.0,50.0,50.0,-50.0,-50.0,50.0
11.59765625,50.0,-50.0,-50.0,50.0,50.0,-50.0,-50.0,50.0
11.6015625,50.0,-50.0,50.0,50.0,50.0,-50.0,50.0,50.0
11.60546875,50.0,-50.0,50.0,50.0,50.0,-50.0,50.0,50.0
11.609375,50.0,-50.0,50.0,50.0,50.0,-50.0,50.0,50.0
11.61328125,50.0,-50.0,50.0,50.0,50.0,-50.0,50.0,50.0
11.6171875,50.0,-50.0,50.0,50.0,50.0,-50.0,50.0,50.0
11.62109375,50.0,-50.0,50.0,50.0,50.0,-50.0,50.0,50.0
11.625,50.0,-50.0,50.0,50.0,50.0,-50.0,50.0,50.0
11.62890625,50.0,-50.0,50.0,50.0,50.0,-50.0,50.0,50.0
11.6328125,50.0,-50.0,50.0,50.0,50.0,-50.0,50.0,50.0
11.63671875,50.0,-50.0,50.0,50.0,50.0,-50.0,50.0,50.0
11.640625,50.0,-50.0,50.0,50.0,50.0,-50.0,50.0,50.0
11.64453125,50.0,-50.0,50.0,50.0,50.0,-50.0,50.0,50.0
11.6484375,50.0,-50.0,50.0,50.0,50.0,-50.0,50.0,50.0
11.65234375,50.0,-50.0,50.0,50.0,50.0,-50.0,50.0,50.0
11.65625,50.0,-50.0,50.0,50.0,50.0,-50.0,50.0,50.0
11.66015625,50.0,-50.0,50.0,50.0,50.0,-50.0,50.0,50.0
11.6640625,50.0,-50.0,50.0,50.0,50.0,-50.0,50.0,50.0
11.66796875,50.0,50.0,50.0,-50.0,50.0,50.0,50.0,-50.0
11.671875,50.0,50.0,50.0,-50.0,50.0,50.0,50.0,-50.0
11.67578125,50.0,50.0,50.0,-50.0,50.0,50.0,50.0,-50.0
11.6796875,50.0,50.0,50.0,-50.0,50.0,50.0,50.0,-50.0
11.68359375,50.0,50.0,50.0,-50.0,50.0,50.0,50.0,-50.0
11.6875,50.0,50.0,50.0,-50.0,50.0,50.0,50.0,-50.0
11.69140625,50.0,50.0,50.0,-50.0,50.0,50.0,50.0,-50.0
11.6953125,50.0,50.0,50.0,-50.0,50.0,50.0,50.0,-50.0
11.69921875,50.0,50.0,50.0,-50.0,50.0,50.0,50.0,-50.0
11.703125,50.0,50.0,50.0,-50.0,50.0,50.0,50.0,-50.0
11.70703125,50.0,50.0,50.0,-50.0,50.0,50.0,50.0,-50.0
11.7109375,50.0,50.0,50.0,-50.0,50.0,50.0,50.0,-50.0
11.71484375,50.0,50.0,50.0,-50.0,50.0,50.0,50.0,-50.0
11.71875,50.0,50.0,50.0,-50.0,50.0,50.0,50.0,-50.0
11.72265625,50.0,50.0,50.0,-50.0,50.0,50.0,50.0,-50.0
11.7265625,50.0,50.0,50.0,-50.0,50.0,50.0,50.0,-50.0
11.73046875,50.0,50.0,50.0,-50.0,50.0,50.0,50.0,-50.0
11.734375,50.0,50.0,50.0,-50.0,50.0,50.0,50.0,-50.0
11.73828125,50.0,50.0,50.0,-50.0,50.0,50.0,50.0,-50.0
11.7421875,50.0,50.0,50.0,-50.0,50.0,50.0,50.0,-50.0
11.74609375,50.0,50.0,50.0,-50.0,50.0,50.0,50.0,-50.0
11.75,-50.0,50.0,50.0,-50.0,-50.0,50.0,50.0,-50.0
11.75390625,-50.0,50.0,50.0,-50.0,-50.0,50.0,50.0,-50.0
11.7578125,-50.0,50.0,50.0,-50.0,-50.0,50.0,50.0,-50.0
11.76171875,-50.0,50.0,50.0,-50.0,-50.0,50.0,50.0,-50.0
11.765625,-50.0,50.0,50.0,-50.0,-50.0,50.0,50.0,-50.0
11.76953125,-50.0,50.0,50.0,-50.0,-50.0,50.0,50.0,-50.0
11.7734375,-50.0,50.0,50.0,-50.0,-50.0,50.0,50.0,-50.0
11.77734375,-50.0,50.0,50.0,-50.0,-50.0,50.0,50.0,-50.0
11.78125,-50.0,50.0,50.0,-50.0,-50.0,50.0,50.0,-50.0
11.78515625,-50.0,50.0,50.0,-50.0,-50.0,50.0,50.0,-50.0
11.7890625,-50.0,50.0,50.0,-50.0,-50.0,50.0,50.0,-50.0
11.79296875,-50.0,50.0,50.0,-50.0,-50.0,50.0,50.0,-50.0
11.796875,-50.0,50.0,50.0,-50.0,-50.0,50.0,50.0,-50.0
11.80078125,-50.0,50.0,-50.0,-50.0,-50.0,50.0,-50.0,-50.0
11.8046875,-50.0,50.0,-50.0,-50.0,-50.0,50.0,-50.0,-50.0
11.80859375,-50.0,50.0,-50.0,-50.0,-50.0,50.0,-50.0,-50.0
11.8125,-50.0,50.0,-50.0,-50.0,-50.0,50.0,-50.0,-50.0
11.81640625,-50.0,50.0,-50.0,-50.0,-50.0,50.0,-50.0,-50.0
11.8203125,-50.0,50.0,-50.0,-50.0,-50.0,50.0,-50.0,-50.0
11.82421875,-50.0,50.0,-50.0,-50.0,-50.0,50.0,-50.0,-50.0
11.828125,-50.0,50.0,-50.0,-50.0,-50.0,50.0,-50.0,-50.0
11.83203125,-50.0,50.0,-50.0,-50.0,-50.0,50.0,-50.0,-50.0
11.8359375,-50.0,-50.0,-50.0,-50.0,-50.0,-50.0,-50.0,-50.0
11.83984375,-50.0,-50.0,-50.0,-50.0,-50.0,-50.0,-50.0,-50.0
11.84375,-50.0,-50.0,-50.0,-50.0,-50.0,-50.0,-50.0,-50.0
11.84765625,-50.0,-50.0,-50.0,-50.0,-50.0,-50.0,-50.0,-50.0
11.8515625,-50.0,-50.0,-50.0,-50.0,-50.0,-50.0,-50.0,-50.0
11.85546875,-50.0,-50.0,-50.0,-50.0,-50.0,-50.0,-50.0,-50.0
11.859375,-50.0,-50.0,-50.0,-50.0,-50.0,-50.0,-50.0,-50.0
11.86328125,-50.0,-50.0,-50.0,-50.0,-50.0,-50.0,-50.0,-50.0
11.8671875,-50.0,-50.0,-50.0,-50.0,-50.0,-50.0,-50.0,-50.0
11.87109375,-50.0,-50.0,-50.0,-50.0,-50.0,-50.0,-50.0,-50.0
11.875,-50.0,-50.0,-50.0,-50.0,-50.0,-50.0,-50.0,-50.0
11.87890625,-50.0,-50.0,-50.0,-50.0,-50.0,-50.0,-50.0,-50.0
11.8828125,-50.0,-50.0,-50.0,-50.0,-50.0,-50.0,-50.0,-50.0
11.88671875,-50.0,-50.0,-50.0,-50.0,-50.0,-50.0,-50.0,-50.0
11.890625,-50.0,-50.0,-50.0,-50.0,-50.0,-50.0,-50.0,-50.0
11.89453125,-50.0,-50.0,-50.0,-50.0,-50.0,-50.0,-50.0,-50.0
11.8984375,-50.0,-50.0,-50.0,-50.0,-50.0,-50.0,-50.0,-50.0
11.90234375,-50.0,-50.0,-50.0,-50.0,-50.0,-50.0,-50.0,-50.0
11.90625,-50.0,-50.0,-50.0,-50.0,-50.0,-50.0,-50.0,-50.0
11.91015625,-50.0,-50.0,-50.0,-50.0,-50.0,-50.0,-50.0,-50.0
11.9140625,-50.0,-50.0,-50.0,-50.0,-50.0,-50.0,-50.0,-50.0
11.91796875,-50.0,-50.0,-50.0,-50.0,-50.0,-50.0,-50.0,-50.0
11.921875,-50.0,-50.0,-50.0,-50.0,-50.0,-50.0,-50.0,-50.0
11.92578125,-50.0,-50.0,-50.0,-50.0,-50.0,-50.0,-50.0,-50.0
11.9296875,-50.0,-50.0,-50.0,-50.0,-50.0,-50.0,-50.0,-50.0
11.93359375,-50.0,-50.0,-50.0,-50.0,-50.0,-50.0,-50.0,-50.0
11.9375,-50.0,-50.0,-50.0,-50.0,-50.0,-50.0,-50.0,-50.0
11.94140625,-50.0,-50.0,-50.0,-50.0,-50.0,-50.0,-50.0,-50.0
11.9453125,-50.0,-50.0,-50.0,-50.0,-50.0,-50.0,-50.0,-50.0
11.94921875,-50.0,-50.0,-50.0,-50.0,-50.0,-50.0,-50.0,-50.0
11.953125,-50.0,-50.0,-50.0,-50.0,-50.0,-50.0,-50.0,-50.0
11.95703125,-50.0,-50.0,-50.0,-50.0,-50.0,-50.0,-50.0,-50.0
11.9609375,-50.0,-50.0,-50.0,-50.0,-50.0,-50.0,-50.0,-50.0
11.96484375,-50.0,-50.0,-50.0,-50.0,-50.0,-50.0,-50.0,-50.0
11.96875,-50.0,-50.0,-50.0,-50.0,-50.0,-50.0,-50.0,-50.0
11.97265625,-50.0,-50.0,-50.0,-50.0,-50.0,-50.0,-50.0,-50.0
11.9765625,-50.0,-50.0,-50.0,-50.0,-50.0,-50.0,-50.0,-50.0
11.98046875,-50.0,-50.0,-50.0,-50.0,-50.0,-50.0,-50.0,-50.0
11.984375,-50.0,-50.0,-50.0,-50.0,-50.0,-50.0,-50.0,-50.0
11.98828125,-50.0,-50.0,-50.0,-50.0,-50.0,-50.0,-50.0,-50.0
11.9921875,-50.0,-50.0,-50.0,-50.0,-50.0,-50.0,-50.0,-50.0
11.99609375,-50.0,-50.0,-50.0,-50.0,-50.0,-50.0,-50.0,-50.0
12.0,50.0,50.0,-50.0,50.0,50.0,50.0,-50.0,50.0
12.00390625,50.0,50.0,50.0,50.0,50.0,50.0,50.0,50.0
12.0078125,50.0,50.0,50.0,50.0,50.0,50.0,50.0,50.0
12.01171875,50.0,50.0,50.0,50.0,50.0,50.0,50.0,50.0
12.015625,50.0,50.0,50.0,50.0,50.0,50.0,50.0,50.0
12.01953125,50.0,50.0,50.0,50.0,50.0,50.0,50.0,50.0
12.0234375,50.0,50.0,50.0,50.0,50.0,50.0,50.0,50.0
12.02734375,50.0,50.0,50.0,50.0,50.0,50.0,50.0,50.0
12.03125,50.0,50.0,50.0,50.0,50.0,50.0,50.0,50.0
12.03515625,50.0,50.0,50.0,50.0,50.0,50.0,50.0,50.0
12.0390625,50.0,50.0,50.0,50.0,50.0,50.0,50.0,50.0
12.04296875,50.0,50.0,50.0,50.0,50.0,50.0,50.0,50.0
12.046875,50.0,50.0,50.0,50.0,50.0,50.0,50.0,50.0
12.05078125,50.0,50.0,50.0,50.0,50.0,50.0,50.0,50.0
12.0546875,50.0,50.0,50.0,50.0,50.0,50.0,50.0,50.0
12.05859375,50.0,50.0,50.0,50.0,50.0,50.0,50.0,50.0
12.0625,50.0,50.0,50.0,50.0,50.0,50.0,50.0,50.0
12.06640625,50.0,50.0,50.0,50.0,50.0,50.0,50.0,50.0
12.0703125,50.0,50.0,50.0,50.0,50.0,50.0,50.0,50.0
12.07421875,50.0,50.0,50.0,50.0,50.0,50.0,50.0,50.0
12.078125,50.0,50.0,50.0,50.0,50.0,50.0,50.0,50.0
12.08203125,50.0,50.0,50.0,50.0,50.0,50.0,50.0,50.0
12.0859375,50.0,50.0,50.0,50.0,50.0,50.0,50.0,50.0
12.08984375,50.0,50.0,50.0,50.0,50.0,50.0,50.0,50.0
12.09375,50.0,50.0,50.0,50.0,50.0,50.0,50.0,50.0
12.09765625,50.0,50.0,50.0,50.0,50.0,50.0,50.0,50.0
12.1015625,50.0,50.0,50.0,50.0,50.0,50.0,50.0,50.0
12.10546875,50.0,50.0,50.0,50.0,50.0,50.0,50.0,50.0
12.109375,50.0,50.0,50.0,50.0,50.0,50.0,50.0,50.0
12.11328125,50.0,50.0,50.0,50.0,50.0,50.0,50.0,50.0
12.1171875,50.0,50.0,50.0,50.0,50.0,50.0,50.0,50.0
12.12109375,50.0,50.0,50.0,50.0,50.0,50.0,50.0,50.0
12.125,50.0,50.0,50.0,50.0,50.0,50.0,50.0,50.0
12.12890625,50.0,50.0,50.0,50.0,50.0,50.0,50.0,50.0
12.1328125,50.0,50.0,50.0,50.0,50.0,50.0,50.0,50.0
12.13671875,50.0,50.0,50.0,50.0,50.0,50.0,50.0,50.0
12.140625,50.0,50.0,50.0,50.0,50.0,50.0,50.0,50.0
12.14453125,50.0,50.0,50.0,50.0,50.0,50.0,50.0,50.0
12.1484375,50.0,50.0,50.0,50.0,50.0,50.0,50.0,50.0
12.15234375,50.0,50.0,50.0,50.0,50.0,50.0,50.0,50.0
12.15625,50.0,50.0,50.0,50.0,50.0,50.0,50.0,50.0
12.16015625,50.0,50.0,50.0,50.0,50.0,50.0,50.0,50.0
12.1640625,50.0,50.0,50.0,50.0,50.0,50.0,50.0,50.0
12.16796875,50.0,-50.0,50.0,50.0,50.0,-50.0,50.0,50.0
12.171875,50.0,-50.0,50.0,50.0,50.0,-50.0,50.0,50.0
12.17578125,50.0,-50.0,50.0,50.0,50.0,-50.0,50.0,50.0
12.1796875,50.0,-50.0,50.0,50.0,50.0,-50.0,50.0,50.0
12.18359375,50.0,-50.0,50.0,50.0,50.0,-50.0,50.0,50.0
12.1875,50.0,-50.0,50.0,50.0,50.0,-50.0,50.0,50.0
12.19140625,50.0,-50.0,50.0,50.0,50.0,-50.0,50.0,50.0
12.1953125,50.0,-50.0,50.0,50.0,50.0,-50.0,50.0,50.0
12.19921875,50.0,-50.0,50.0,50.0,50.0,-50.0,50.0,50.0
12.203125,50.0,-50.0,-50.0,50.0,50.0,-50.0,-50.0,50.0
12.20703125,50.0,-50.0,-50.0,50.0,50.0,-50.0,-50.0,50.0
12.2109375,50.0,-50.0,-50.0,50.0,50.0,-50.0,-50.0,50.0
12.21484375,50.0,-50.0,-50.0,50.0,50.0,-50.0,-50.0,50.0
12.21875,50.0,-50.0,-50.0,50.0,50.0,-50.0,-50.0,50.0
12.22265625,50.0,-50.0,-50.0,50.0,50.0,-50.0,-50.0,50.0
12.2265625,50.0,-50.0,-50.0,50.0,50.0,-50.0,-50.0,50.0
12.23046875,50.0,-50.0,-50.0,50.0,50.0,-50.0,-50.0,50.0
12.234375,50.0,-50.0,-50.0,50.0,50.0,-50.0,-50.0,50.0
12.23828125,50.0,-50.0,-50.0,50.0,50.0,-50.0,-50.0,50.0
12.2421875,50.0,-50.0,-50.0,50.0,50.0,-50.0,-50.0,50.0
12.24609375,50.0,-50.0,-50.0,50.0,50.0,-50.0,-50.0,50.0
12.25,50.0,-50.0,-50.0,50.0,50.0,-50.0,-50.0,50.0
12.25390625,-50.0,-50.0,-50.0,50.0,-50.0,-50.0,-50.0,50.0
12.2578125,-50.0,-50.0,-50.0,50.0,-50.0,-50.0,-50.0,50.0
12.26171875,-50.0,-50.0,-50.0,50.0,-50.0,-50.0,-50.0,50.0
12.265625,-50.0,-50.0,-50.0,50.0,-50.0,-50.0,-50.0,50.0
12.26953125,-50.0,-50.0,-50.0,50.0,-50.0,-50.0,-50.0,50.0
12.2734375,-50.0,-50.0,-50.0,50.0,-50.0,-50.0,-50.0,50.0
12.27734375,-50.0,-50.0,-50.0,50.0,-50.0,-50.0,-50.0,50.0
12.28125,-50.0,-50.0,-50.0,50.0,-50.0,-50.0,-50.0,50.0
12.28515625,-50.0,-50.0,-50.0,50.0,-50.0,-50.0,-50.0,50.0
12.2890625,-50.0,-50.0,-50.0,50.0,-50.0,-50.0,-50.0,50.0
12.29296875,-50.0,-50.0,-50.0,50.0,-50.0,-50.0,-50.0,50.0
12.296875,-50.0,-50.0,-50.0,50.0,-50.0,-50.0,-50.0,50.0
12.30078125,-50.0,-50.0,-50.0,50.0,-50.0,-50.0,-50.0,50.0
12.3046875,-50.0,-50.0,-50.0,50.0,-50.0,-50.0,-50.0,50.0
12.30859375,-50.0,-50.0,-50.0,50.0,-50.0,-50.0,-50.0,50.0
12.3125,-50.0,-50.0,-50.0,50.0,-50.0,-50.0,-50.0,50.0
12.31640625,-50.0,-50.0,-50.0,50.0,-50.0,-50.0,-50.0,50.0
12.3203125,-50.0,-50.0,-50.0,50.0,-50.0,-50.0,-50.0,50.0
12.32421875,-50.0,-50.0,-50.0,50.0,-50.0,-50.0,-50.0,50.0
12.328125,-50.0,-50.0,-50.0,50.0,-50.0,-50.0,-50.0,50.0
12.33203125,-50.0,-50.0,-50.0,50.0,-50.0,-50.0,-50.0,50.0
12.3359375,-50.0,50.0,-50.0,-50.0,-50.0,50.0,-50.0,-50.0
12.33984375,-50.0,50.0,-50.0,-50.0,-50.0,50.0,-50.0,-50.0
12.34375,-50.0,50.0,-50.0,-50.0,-50.0,50.0,-50.0,-50.0
12.34765625,-50.0,50.0,-50.0,-50.0,-50.0,50.0,-50.0,-50.0
12.3515625,-50.0,50.0,-50.0,-50.0,-50.0,50.0,-50.0,-50.0
12.35546875,-50.0,50.0,-50.0,-50.0,-50.0,50.0,-50.0,-50.0
12.359375,-50.0,50.0,-50.0,-50.0,-50.0,50.0,-50.0,-50.0
12.36328125,-50.0,50.0,-50.0,-50.0,-50.0,50.0,-50.0,-50.0
12.3671875,-50.0,50.0,-50.0,-50.0,-50.0,50.0,-50.0,-50.0
12.37109375,-50.0,50.0,-50.0,-50.0,-50.0,50.0,-50.0,-50.0
12.375,-50.0,50.0,-50.0,-50.0,-50.0,50.0,-50.0,-50.0
12.37890625,-50.0,50.0,-50.0,-50.0,-50.0,50.0,-50.0,-50.0
12.3828125,-50.0,50.0,-50.0,-50.0,-50.0,50.0,-50.0,-50.0
12.38671875,-50.0,50.0,-50.0,-50.0,-50.0,50.0,-50.0,-50.0
12.390625,-50.0,50.0,-50.0,-50.0,-50.0,50.0,-50.0,-50.0
12.39453125,-50.0,50.0,-50.0,-50.0,-50.0,50.0,-50.0,-50.0
12.3984375,-50.0,50.0,-50.0,-50.0,-50.0,50.0,-50.0,-50.0
12.40234375,-50.0,50.0,50.0,-50.0,-50.0,50.0,50.0,-50.0
12.40625,-50.0,50.0,50.0,-50.0,-50.0,50.0,50.0,-50.0
12.41015625,-50.0,50.0,50.0,-50.0,-50.0,50.0,50.0,-50.0
12.4140625,-50.0,50.0,50.0,-50.0,-50.0,50.0,50.0,-50.0
12.41796875,-50.0,50.0,50.0,-50.0,-50.0,50.0,50.0,-50.0
12.421875,-50.0,50.0,50.0,-50.0,-50.0,50.0,50.0,-50.0
12.42578125,-50.0,50.0,50.0,-50.0,-50.0,50.0,50.0,-50.0
12.4296875,-50.0,50.0,50.0,-50.0,-50.0,50.0,50.0,-50.0
12.43359375,-50.0,50.0,50.0,-50.0,-50.0,50.0,50.0,-50.0
12.4375,-50.0,50.0,50.0,-50.0,-50.0,50.0,50.0,-50.0
12.44140625,-50.0,50.0,50.0,-50.0,-50.0,50.0,50.0,-50.0
12.4453125,-50.0,50.0,50.0,-50.0,-50.0,50.0,50.0,-50.0
12.44921875,-50.0,50.0,50.0,-50.0,-50.0,50.0,50.0,-50.0
12.453125,-50.0,50.0,50.0,-50.0,-50.0,50.0,50.0,-50.0
12.45703125,-50.0,50.0,50.0,-50.0,-50.0,50.0,50.0,-50.0
12.4609375,-50.0,50.0,50.0,-50.0,-50.0,50.0,50.0,-50.0
12.46484375,-50.0,50.0,50.0,-50.0,-50.0,50.0,50.0,-50.0
12.46875,-50.0,50.0,50.0,-50.0,-50.0,50.0,50.0,-50.0
12.47265625,-50.0,50.0,50.0,-50.0,-50.0,50.0,50.0,-50.0
12.4765625,-50.0,50.0,50.0,-50.0,-50.0,50.0,50.0,-50.0
12.48046875,-50.0,50.0,50.0,-50.0,-50.0,50.0,50.0,-50.0
12.484375,-50.0,50.0,50.0,-50.0,-50.0,50.0,50.0,-50.0
12.48828125,-50.0,50.0,50.0,-50.0,-50.0,50.0,50.0,-50.0
12.4921875,-50.0,50.0,50.0,-50.0,-50.0,50.0,50.0,-50.0
12.49609375,-50.0,50.0,50.0,-50.0,-50.0,50.0,50.0,-50.0
12.5,50.0,50.0,50.0,-50.0,50.0,50.0,50.0,-50.0
12.50390625,50.0,-50.0,50.0,-50.0,50.0,-50.0,50.0,-50.0
12.5078125,50.0,-50.0,50.0,-50.0,50.0,-50.0,50.0,-50.0
12.51171875,50.0,-50.0,50.0,-50.0,50.0,-50.0,50.0,-50.0
12.515625,50.0,-50.0,50.0,-50.0,50.0,-50.0,50.0,-50.0
12.51953125,50.0,-50.0,50.0,-50.0,50.0,-50.0,50.0,-50.0
12.5234375,50.0,-50.0,50.0,-50.0,50.0,-50.0,50.0,-50.0
12.52734375,50.0,-50.0,50.0,-50.0,50.0,-50.0,50.0,-50.0
12.53125,50.0,-50.0,50.0,-50.0,50.0,-50.0,50.0,-50.0
12.53515625,50.0,-50.0,50.0,-50.0,50.0,-50.0,50.0,-50.0
12.5390625,50.0,-50.0,50.0,-50.0,50.0,-50.0,50.0,-50.0
12.54296875,50.0,-50.0,50.0,-50.0,50.0,-50.0,50.0,-50.0
12.546875,50.0,-50.0,50.0,-50.0,50.0,-50.0,50.0,-50.0
12.55078125,50.0,-50.0,50.0,-50.0,50.0,-50.0,50.0,-50.0
12.5546875,50.0,-50.0,50.0,-50.0,50.0,-50.0,50.0,-50.0
12.55859375,50.0,-50.0,50.0,-50.0,50.0,-50.0,50.0,-50.0
12.5625,50.0,-50.0,50.0,-50.0,50.0,-50.0,50.0,-50.0
12.56640625,50.0,-50.0,50.0,-50.0,50.0,-50.0,50.0,-50.0
12.5703125,50.0,-50.0,50.0,-50.0,50.0,-50.0,50.0,-50.0
12.57421875,50.0,-50.0,50.0,-50.0,50.0,-50.0,50.0,-50.0
12.578125,50.0,-50.0,50.0,-50.0,50.0,-50.0,50.0,-50.0
12.58203125,50.0,-50.0,50.0,-50.0,50.0,-50.0,50.0,-50.0
12.5859375,50.0,-50.0,50.0,-50.0,50.0,-50.0,50.0,-50.0
12.58984375,50.0,-50.0,50.0,-50.0,50.0,-50.0,50.0,-50.0
12.59375,50.0,-50.0,50.0,-50.0,50.0,-50.0,50.0,-50.0
12.59765625,50.0,-50.0,50.0,-50.0,50.0,-50.0,50.0,-50.0
12.6015625,50.0,-50.0,-50.0,-50.0,50.0,-50.0,-50.0,-50.0
12.60546875,50.0,-50.0,-50.0,-50.0,50.0,-50.0,-50.0,-50.0
12.609375,50.0,-50.0,-50.0,-50.0,50.0,-50.0,-50.0,-50.0
12.61328125,50.0,-50.0,-50.0,-50.0,50.0,-50.0,-50.0,-50.0
12.6171875,50.0,-50.0,-50.0,-50.0,50.0,-50.0,-50.0,-50.0
12.62109375,50.0,-50.0,-50.0,-50.0,50.0,-50.0,-50.0,-50.0
12.625,50.0,-50.0,-50.0,-50.0,50.0,-50.0,-50.0,-50.0
12.62890625,50.0,-50.0,-50.0,-50.0,50.0,-50.0,-50.0,-50.0
12.6328125,50.0,-50.0,-50.0,-50.0,50.0,-50.0,-50.0,-50.0
12.63671875,50.0,-50.0,-50.0,-50.0,50.0,-50.0,-50.0,-50.0
12.640625,50.0,-50.0,-50.0,-50.0,50.0,-50.0,-50.0,-50.0
12.64453125,50.0,-50.0,-50.0,-50.0,50.0,-50.0,-50.0,-50.0
12.6484375,50.0,-50.0,-50.0,-50.0,50.0,-50.0,-50.0,-50.0
12.65234375,50.0,-50.0,-50.0,-50.0,50.0,-50.0,-50.0,-50.0
12.65625,50.0,-50.0,-50.0,-50.0,50.0,-50.0,-50.0,-50.0
12.66015625,50.0,-50.0,-50.0,-50.0,50.0,-50.0,-50.0,-50.0
12.6640625,50.0,-50.0,-50.0,-50.0,50.0,-50.0,-50.0,-50.0
12.66796875,50.0,50.0,-50.0,50.0,50.0,50.0,-50.0,50.0
12.671875,50.0,50.0,-50.0,50.0,50.0,50.0,-50.0,50.0
12.67578125,50.0,50.0,-50.0,50.0,50.0,50.0,-50.0,50.0
12.6796875,50.0,50.0,-50.0,50.0,50.0,50.0,-50.0,50.0
12.68359375,50.0,50.0,-50.0,50.0,50.0,50.0,-50.0,50.0
12.6875,50.0,50.0,-50.0,50.0,50.0,50.0,-50.0,50.0
12.69140625,50.0,50.0,-50.0,50.0,50.0,50.0,-50.0,50.0
12.6953125,50.0,50.0,-50.0,50.0,50.0,50.0,-50.0,50.0
12.69921875,50.0,50.0,-50.0,50.0,50.0,50.0,-50.0,50.0
12.703125,50.0,50.0,-50.0,50.0,50.0,50.0,-50.0,50.0
12.70703125,50.0,50.0,-50.0,50.0,50.0,50.0,-50.0,50.0
12.7109375,50.0,50.0,-50.0,50.0,50.0,50.0,-50.0,50.0
12.71484375,50.0,50.0,-50.0,50.0,50.0,50.0,-50.0,50.0
12.71875,50.0,50.0,-50.0,50.0,50.0,50.0,-50.0,50.0
12.72265625,50.0,50.0,-50.0,50.0,50.0,50.0,-50.0,50.0
12.7265625,50.0,50.0,-50.0,50.0,50.0,50.0,-50.0,50.0
12.73046875,50.0,50.0,-50.0,50.0,50.0,50.0,-50.0,50.0
12.734375,50.0,50.0,-50.0,50.0,50.0,50.0,-50.0,50.0
12.73828125,50.0,50.0,-50.0,50.0,50.0,50.0,-50.0,50.0
12.7421875,50.0,50.0,-50.0,50.0,50.0,50.0,-50.0,50.0
12.74609375,50.0,50.0,-50.0,50.0,50.0,50.0,-50.0,50.0
12.75,50.0,50.0,-50.0,50.0,50.0,50.0,-50.0,50.0
12.75390625,-50.0,50.0,-50.0,50.0,-50.0,50.0,-50.0,50.0
12.7578125,-50.0,50.0,-50.0,50.0,-50.0,50.0,-50.0,50.0
12.76171875,-50.0,50.0,-50.0,50.0,-50.0,50.0,-50.0,50.0
12.765625,-50.0,50.0,-50.0,50.0,-50.0,50.0,-50.0,50.0
12.76953125,-50.0,50.0,-50.0,50.0,-50.0,50.0,-50.0,50.0
12.7734375,-50.0,50.0,-50.0,50.0,-50.0,50.0,-50.0,50.0
12.77734375,-50.0,50.0,-50.0,50.0,-50.0,50.0,-50.0,50.0
12.78125,-50.0,50.0,-50.0,50.0,-50.0,50.0,-50.0,50.0
12.78515625,-50.0,50.0,-50.0,50.0,-50.0,50.0,-50.0,50.0
12.7890625,-50.0,50.0,-50.0,50.0,-50.0,50.0,-50.0,50.0
12.79296875,-50.0,50.0,-50.0,50.0,-50.0,50.0,-50.0,50.0
12.796875,-50.0,50.0,-50.0,50.0,-50.0,50.0,-50.0,50.0
12.80078125,-50.0,50.0,50.0,50.0,-50.0,50.0,50.0,50.0
12.8046875,-50.0,50.0,50.0,50.0,-50.0,50.0,50.0,50.0
12.80859375,-50.0,50.0,50.0,50.0,-50.0,50.0,50.0,50.0
12.8125,-50.0,50.0,50.0,50.0,-50.0,50.0,50.0,50.0
12.81640625,-50.0,50.0,50.0,50.0,-50.0,50.0,50.0,50.0
12.8203125,-50.0,50.0,50.0,50.0,-50.0,50.0,50.0,50.0
12.82421875,-50.0,50.0,50.0,50.0,-50.0,50.0,50.0,50.0
12.828125,-50.0,50.0,50.0,50.0,-50.0,50.0,50.0,50.0
12.83203125,-50.0,50.0,50.0,50.0,-50.0,50.0,50.0,50.0
12.8359375,-50.0,-50.0,50.0,50.0,-50.0,-50.0,50.0,50.0
12.83984375,-50.0,-50.0,50.0,50.0,-50.0,-50.0,50.0,50.0
12.84375,-50.0,-50.0,50.0,50.0,-50.0,-50.0,50.0,50.0
12.84765625,-50.0,-50.0,50.0,50.0,-50.0,-50.0,50.0,50.0
12.8515625,-50.0,-50.0,50.0,50.0,-50.0,-50.0,50.0,50.0
12.85546875,-50.0,-50.0,50.0,50.0,-50.0,-50.0,50.0,50.0
12.859375,-50.0,-50.0,50.0,50.0,-50.0,-50.0,50.0,50.0
12.86328125,-50.0,-50.0,50.0,50.0,-50.0,-50.0,50.0,50.0
12.8671875,-50.0,-50.0,50.0,50.0,-50.0,-50.0,50.0,50.0
12.87109375,-50.0,-50.0,50.0,50.0,-50.0,-50.0,50.0,50.0
12.875,-50.0,-50.0,50.0,50.0,-50.0,-50.0,50.0,50.0
12.87890625,-50.0,-50.0,50.0,50.0,-50.0,-50.0,50.0,50.0
12.8828125,-50.0,-50.0,50.0,50.0,-50.0,-50.0,50.0,50.0
12.88671875,-50.0,-50.0,50.0,50.0,-50.0,-50.0,50.0,50.0
12.890625,-50.0,-50.0,50.0,50.0,-50.0,-50.0,50.0,50.0
12.89453125,-50.0,-50.0,50.0,50.0,-50.0,-50.0,50.0,50.0
12.8984375,-50.0,-50.0,50.0,50.0,-50.0,-50.0,50.0,50.0
12.90234375,-50.0,-50.0,50.0,50.0,-50.0,-50.0,50.0,50.0
12.90625,-50.0,-50.0,50.0,50.0,-50.0,-50.0,50.0,50.0
12.91015625,-50.0,-50.0,50.0,50.0,-50.0,-50.0,50.0,50.0
12.9140625,-50.0,-50.0,50.0,50.0,-50.0,-50.0,50.0,50.0
12.91796875,-50.0,-50.0,50.0,50.0,-50.0,-50.0,50.0,50.0
12.921875,-50.0,-50.0,50.0,50.0,-50.0,-50.0,50.0,50.0
12.92578125,-50.0,-50.0,50.0,50.0,-50.0,-50.0,50.0,50.0
12.9296875,-50.0,-50.0,50.0,50.0,-50.0,-50.0,50.0,50.0
12.93359375,-50.0,-50.0,50.0,50.0,-50.0,-50.0,50.0,50.0
12.9375,-50.0,-50.0,50.0,50.0,-50.0,-50.0,50.0,50.0
12.94140625,-50.0,-50.0,50.0,50.0,-50.0,-50.0,50.0,50.0
12.9453125,-50.0,-50.0,50.0,50.0,-50.0,-50.0,50.0,50.0
12.94921875,-50.0,-50.0,50.0,50.0,-50.0,-50.0,50.0,50.0
12.953125,-50.0,-50.0,50.0,50.0,-50.0,-50.0,50.0,50.0
12.95703125,-50.0,-50.0,50.0,50.0,-50.0,-50.0,50.0,50.0
12.9609375,-50.0,-50.0,50.0,50.0,-50.0,-50.0,50.0,50.0
12.96484375,-50.0,-50.0,50.0,50.0,-50.0,-50.0,50.0,50.0
12.96875,-50.0,-50.0,50.0,50.0,-50.0,-50.0,50.0,50.0
12.97265625,-50.0,-50.0,50.0,50.0,-50.0,-50.0,50.0,50.0
12.9765625,-50.0,-50.0,50.0,50.0,-50.0,-50.0,50.0,50.0
12.98046875,-50.0,-50.0,50.0,50.0,-50.0,-50.0,50.0,50.0
12.984375,-50.0,-50.0,50.0,50.0,-50.0,-50.0,50.0,50.0
12.98828125,-50.0,-50.0,50.0,50.0,-50.0,-50.0,50.0,50.0
12.9921875,-50.0,-50.0,50.0,50.0,-50.0,-50.0,50.0,50.0
12.99609375,-50.0,-50.0,50.0,50.0,-50.0,-50.0,50.0,50.0
13.0,50.0,-50.0,50.0,50.0,50.0,-50.0,50.0,50.0
13.00390625,50.0,50.0,-50.0,-50.0,50.0,50.0,-50.0,-50.0
13.0078125,50.0,50.0,-50.0,-50.0,50.0,50.0,-50.0,-50.0
13.01171875,50.0,50.0,-50.0,-50.0,50.0,50.0,-50.0,-50.0
13.015625,50.0,50.0,-50.0,-50.0,50.0,50.0,-50.0,-50.0
13.01953125,50.0,50.0,-50.0,-50.0,50.0,50.0,-50.0,-50.0
13.0234375,50.0,50.0,-50.0,-50.0,50.0,50.0,-50.0,-50.0
13.02734375,50.0,50.0,-50.0,-50.0,50.0,50.0,-50.0,-50.0
13.03125,50.0,50.0,-50.0,-50.0,50.0,50.0,-50.0,-50.0
13.03515625,50.0,50.0,-50.0,-50.0,50.0,50.0,-50.0,-50.0
13.0390625,50.0,50.0,-50.0,-50.0,50.0,50.0,-50.0,-50.0
13.04296875,50.0,50.0,-50.0,-50.0,50.0,50.0,-50.0,-50.0
13.046875,50.0,50.0,-50.0,-50.0,50.0,50.0,-50.0,-50.0
13.05078125,50.0,50.0,-50.0,-50.0,50.0,50.0,-50.0,-50.0
13.0546875,50.0,50.0,-50.0,-50.0,50.0,50.0,-50.0,-50.0
13.05859375,50.0,50.0,-50.0,-50.0,50.0,50.0,-50.0,-50.0
13.0625,50.0,50.0,-50.0,-50.0,50.0,50.0,-50.0,-50.0
13.06640625,50.0,50.0,-50.0,-50.0,50.0,50.0,-50.0,-50.0
13.0703125,50.0,50.0,-50.0,-50.0,50.0,50.0,-50.0,-50.0
13.07421875,50.0,50.0,-50.0,-50.0,50.0,50.0,-50.0,-50.0
13.078125,50.0,50.0,-50.0,-50.0,50.0,50.0,-50.0,-50.0
13.08203125,50.0,50.0,-50.0,-50.0,50.0,50.0,-50.0,-50.0
13.0859375,50.0,50.0,-50.0,-50.0,50.0,50.0,-50.0,-50.0
13.08984375,50.0,50.0,-50.0,-50.0,50.0,50.0,-50.0,-50.0
13.09375,50.0,50.0,-50.0,-50.0,50.0,50.0,-50.0,-50.0
13.09765625,50.0,50.0,-50.0,-50.0,50.0,50.0,-50.0,-50.0
13.1015625,50.0,50.0,-50.0,-50.0,50.0,50.0,-50.0,-50.0
13.10546875,50.0,50.0,-50.0,-50.0,50.0,50.0,-50.0,-50.0
13.109375,50.0,50.0,-50.0,-50.0,50.0,50.0,-50.0,-50.0
13.11328125,50.0,50.0,-50.0,-50.0,50.0,50.0,-50.0,-50.0
13.1171875,50.0,50.0,-50.0,-50.0,50.0,50.0,-50.0,-50.0
13.12109375,50.0,50.0,-50.0,-50.0,50.0,50.0,-50.0,-50.0
13.125,50.0,50.0,-50.0,-50.0,50.0,50.0,-50.0,-50.0
13.12890625,50.0,50.0,-50.0,-50.0,50.0,50.0,-50.0,-50.0
13.1328125,50.0,50.0,-50.0,-50.0,50.0,50.0,-50.0,-50.0
13.13671875,50.0,50.0,-50.0,-50.0,50.0,50.0,-50.0,-50.0
13.140625,50.0,50.0,-50.0,-50.0,50.0,50.0,-50.0,-50.0
13.14453125,50.0,50.0,-50.0,-50.0,50.0,50.0,-50.0,-50.0
13.1484375,50.0,50.0,-50.0,-50.0,50.0,50.0,-50.0,-50.0
13.15234375,50.0,50.0,-50.0,-50.0,50.0,50.0,-50.0,-50.0
13.15625,50.0,50.0,-50.0,-50.0,50.0,50.0,-50.0,-50.0
13.16015625,50.0,50.0,-50.0,-50.0,50.0,50.0,-50.0,-50.0
13.1640625,50.0,50.0,-50.0,-50.0,50.0,50.0,-50.0,-50.0
13.16796875,50.0,-50.0,-50.0,-50.0,50.0,-50.0,-50.0,-50.0
13.171875,50.0,-50.0,-50.0,-50.0,50.0,-50.0,-50.0,-50.0
13.17578125,50.0,-50.0,-50.0,-50.0,50.0,-50.0,-50.0,-50.0
13.1796875,50.0,-50.0,-50.0,-50.0,50.0,-50.0,-50.0,-50.0
13.18359375,50.0,-50.0,-50.0,-50.0,50.0,-50.0,-50.0,-50.0
13.1875,50.0,-50.0,-50.0,-50.0,50.0,-50.0,-50.0,-50.0
13.19140625,50.0,-50.0,-50.0,-50.0,50.0,-50.0,-50.0,-50.0
13.1953125,50.0,-50.0,-50.0,-50.0,50.0,-50.0,-50.0,-50.0
13.19921875,50.0,-50.0,-50.0,-50.0,50.0,-50.0,-50.0,-50.0
13.203125,50.0,-50.0,50.0,-50.0,50.0,-50.0,50.0,-50.0
13.20703125,50.0,-50.0,50.0,-50.0,50.0,-50.0,50.0,-50.0
13.2109375,50.0,-50.0,50.0,-50.0,50.0,-50.0,50.0,-50.0
13.21484375,50.0,-50.0,50.0,-50.0,50.0,-50.0,50.0,-50.0
13.21875,50.0,-50.0,50.0,-50.0,50.0,-50.0,50.0,-50.0
13.22265625,50.0,-50.0,50.0,-50.0,50.0,-50.0,50.0,-50.0
13.2265625,50.0,-50.0,50.0,-50.0,50.0,-50.0,50.0,-50.0
13.23046875,50.0,-50.0,50.0,-50.0,50.0,-50.0,50.0,-50.0
13.234375,50.0,-50.0,50.0,-50.0,50.0,-50.0,50.0,-50.0
13.23828125,50.0,-50.0,50.0,-50.0,50.0,-50.0,50.0,-50.0
13.2421875,50.0,-50.0,50.0,-50.0,50.0,-50.0,50.0,-50.0
13.24609375,50.0,-50.0,50.0,-50.0,50.0,-50.0,50.0,-50.0
13.25,-50.0,-50.0,50.0,-50.0,-50.0,-50.0,50.0,-50.0
13.25390625,-50.0,-50.0,50.0,-50.0,-50.0,-50.0,50.0,-50.0
13.2578125,-50.0,-50.0,50.0,-50.0,-50.0,-50.0,50.0,-50.0
13.26171875,-50.0,-50.0,50.0,-50.0,-50.0,-50.0,50.0,-50.0
13.265625,-50.0,-50.0,50.0,-50.0,-50.0,-50.0,50.0,-50.0
13.26953125,-50.0,-50.0,50.0,-50.0,-50.0,-50.0,50.0,-50.0
13.2734375,-50.0,-50.0,50.0,-50.0,-50.0,-50.0,50.0,-50.0
13.27734375,-50.0,-50.0,50.0,-50.0,-50.0,-50.0,50.0,-50.0
13.28125,-50.0,-50.0,50.0,-50.0,-50.0,-50.0,50.0,-50.0
13.28515625,-50.0,-50.0,50.0,-50.0,-50.0,-50.0,50.0,-50.0
13.2890625,-50.0,-50.0,50.0,-50.0,-50.0,-50.0,50.0,-50.0
13.29296875,-50.0,-50.0,50.0,-50.0,-50.0,-50.0,50.0,-50.0
13.296875,-50.0,-50.0,50.0,-50.0,-50.0,-50.0,50.0,-50.0
13.30078125,-50.0,-50.0,50.0,-50.0,-50.0,-50.0,50.0,-50.0
13.3046875,-50.0,-50.0,50.0,-50.0,-50.0,-50.0,50.0,-50.0
13.30859375,-50.0,-50.0,50.0,-50.0,-50.0,-50.0,50.0,-50.0
13.3125,-50.0,-50.0,50.0,-50.0,-50.0,-50.0,50.0,-50.0
13.31640625,-50.0,-50.0,50.0,-50.0,-50.0,-50.0,50.0,-50.0
13.3203125,-50.0,-50.0,50.0,-50.0,-50.0,-50.0,50.0,-50.0
13.32421875,-50.0,-50.0,50.0,-50.0,-50.0,-50.0,50.0,-50.0
13.328125,-50.0,-50.0,50.0,-50.0,-50.0,-50.0,50.0,-50.0
13.33203125,-50.0,-50.0,50.0,-50.0,-50.0,-50.0,50.0,-50.0
13.3359375,-50.0,50.0,50.0,50.0,-50.0,50.0,50.0,50.0
13.33984375,-50.0,50.0,50.0,50.0,-50.0,50.0,50.0,50.0
13.34375,-50.0,50.0,50.0,50.0,-50.0,50.0,50.0,50.0
13.34765625,-50.0,50.0,50.0,50.0,-50.0,50.0,50.0,50.0
13.3515625,-50.0,50.0,50.0,50.0,-50.0,50.0,50.0,50.0
13.35546875,-50.0,50.0,50.0,50.0,-50.0,50.0,50.0,50.0
13.359375,-50.0,50.0,50.0,50.0,-50.0,50.0,50.0,50.0
13.36328125,-50.0,50.0,50.0,50.0,-50.0,50.0,50.0,50.0
13.3671875,-50.0,50.0,50.0,50.0,-50.0,50.0,50.0,50.0
13.37109375,-50.0,50.0,50.0,50.0,-50.0,50.0,50.0,50.0
13.375,-50.0,50.0,50.0,50.0,-50.0,50.0,50.0,50.0
13.37890625,-50.0,50.0,50.0,50.0,-50.0,50.0,50.0,50.0
13.3828125,-50.0,50.0,50.0,50.0,-50.0,50.0,50.0,50.0
13.38671875,-50.0,50.0,50.0,50.0,-50.0,50.0,50.0,50.0
13.390625,-50.0,50.0,50.0,50.0,-50.0,50.0,50.0,50.0
13.39453125,-50.0,50.0,50.0,50.0,-50.0,50.0,50.0,50.0
13.3984375,-50.0,50.0,50.0,50.0,-50.0,50.0,50.0,50.0
13.40234375,-50.0,50.0,-50.0,50.0,-50.0,50.0,-50.0,50.0
13.40625,-50.0,50.0,-50.0,50.0,-50.0,50.0,-50.0,50.0
13.41015625,-50.0,50.0,-50.0,50.0,-50.0,50.0,-50.0,50.0
13.4140625,-50.0,50.0,-50.0,50.0,-50.0,50.0,-50.0,50.0
13.41796875,-50.0,50.0,-50.0,50.0,-50.0,50.0,-50.0,50.0
13.421875,-50.0,50.0,-50.0,50.0,-50.0,50.0,-50.0,50.0
13.42578125,-50.0,50.0,-50.0,50.0,-50.0,50.0,-50.0,50.0
13.4296875,-50.0,50.0,-50.0,50.0,-50.0,50.0,-50.0,50.0
13.43359375,-50.0,50.0,-50.0,50.0,-50.0,50.0,-50.0,50.0
13.4375,-50.0,50.0,-50.0,50.0,-50.0,50.0,-50.0,50.0
13.44140625,-50.0,50.0,-50.0,50.0,-50.0,50.0,-50.0,50.0
13.4453125,-50.0,50.0,-50.0,50.0,-50.0,50.0,-50.0,50.0
13.44921875,-50.0,50.0,-50.0,50.0,-50.0,50.0,-50.0,50.0
13.453125,-50.0,50.0,-50.0,50.0,-50.0,50.0,-50.0,50.0
13.45703125,-50.0,50.0,-50.0,50.0,-50.0,50.0,-50.0,50.0
13.4609375,-50.0,50.0,-50.0,50.0,-50.0,50.0,-50.0,50.0
13.46484375,-50.0,50.0,-50.0,50.0,-50.0,50.0,-50.0,50.0
13.46875,-50.0,50.0,-50.0,50.0,-50.0,50.0,-50.0,50.0
13.47265625,-50.0,50.0,-50.0,50.0,-50.0,50.0,-50.0,50.0
13.4765625,-50.0,50.0,-50.0,50.0,-50.0,50.0,-50.0,50.0
13.48046875,-50.0,50.0,-50.0,50.0,-50.0,50.0,-50.0,50.0
13.484375,-50.0,50.0,-50.0,50.0,-50.0,50.0,-50.0,50.0
13.48828125,-50.0,50.0,-50.0,50.0,-50.0,50.0,-50.0,50.0
13.4921875,-50.0,50.0,-50.0,50.0,-50.0,50.0,-50.0,50.0
13.49609375,-50.0,50.0,-50.0,50.0,-50.0,50.0,-50.0,50.0
13.5,-50.0,50.0,-50.0,50.0,-50.0,50.0,-50.0,50.0
13.50390625,50.0,-50.0,-50.0,50.0,50.0,-50.0,-50.0,50.0
13.5078125,50.0,-50.0,-50.0,50.0,50.0,-50.0,-50.0,50.0
13.51171875,50.0,-50.0,-50.0,50.0,50.0,-50.0,-50.0,50.0
13.515625,50.0,-50.0,-50.0,50.0,50.0,-50.0,-50.0,50.0
13.51953125,50.0,-50.0,-50.0,50.0,50.0,-50.0,-50.0,50.0
13.5234375,50.0,-50.0,-50.0,50.0,50.0,-50.0,-50.0,50.0
13.52734375,50.0,-50.0,-50.0,50.0,50.0,-50.0,-50.0,50.0
13.53125,50.0,-50.0,-50.0,50.0,50.0,-50.0,-50.0,50.0
13.53515625,50.0,-50.0,-50.0,50.0,50.0,-50.0,-50.0,50.0
13.5390625,50.0,-50.0,-50.0,50.0,50.0,-50.0,-50.0,50.0
13.54296875,50.0,-50.0,-50.0,50.0,50.0,-50.0,-50.0,50.0
13.546875,50.0,-50.0,-50.0,50.0,50.0,-50.0,-50.0,50.0
13.55078125,50.0,-50.0,-50.0,50.0,50.0,-50.0,-50.0,50.0
13.5546875,50.0,-50.0,-50.0,50.0,50.0,-50.0,-50.0,50.0
13.55859375,50.0,-50.0,-50.0,50.0,50.0,-50.0,-50.0,50.0
13.5625,50.0,-50.0,-50.0,50.0,50.0,-50.0,-50.0,50.0
13.56640625,50.0,-50.0,-50.0,50.0,50.0,-50.0,-50.0,50.0
13.5703125,50.0,-50.0,-50.0,50.0,50.0,-50.0,-50.0,50.0
13.57421875,50.0,-50.0,-50.0,50.0,50.0,-50.0,-50.0,50.0
13.578125,50.0,-50.0,-50.0,50.0,50.0,-50.0,-50.0,50.0
13.58203125,50.0,-50.0,-50.0,50.0,50.0,-50.0,-50.0,50.0
13.5859375,50.0,-50.0,-50.0,50.0,50.0,-50.0,-50.0,50.0
13.58984375,50.0,-50.0,-50.0,50.0,50.0,-50.0,-50.0,50.0
13.59375,50.0,-50.0,-50.0,50.0,50.0,-50.0,-50.0,50.0
13.59765625,50.0,-50.0,-50.0,50.0,50.0,-50.0,-50.0,50.0
13.6015625,50.0,-50.0,50.0,50.0,50.0,-50.0,50.0,50.0
13.60546875,50.0,-50.0,50.0,50.0,50.0,-50.0,50.0,50.0
13.609375,50.0,-50.0,50.0,50.0,50.0,-50.0,50.0,50.0
13.61328125,50.0,-50.0,50.0,50.0,50.0,-50.0,50.0,50.0
13.6171875,50.0,-50.0,50.0,50.0,50.0,-50.0,50.0,50.0
13.62109375,50.0,-50.0,50.0,50.0,50.0,-50.0,50.0,50.0
13.625,50.0,-50.0,50.0,50.0,50.0,-50.0,50.0,50.0
13.62890625,50.0,-50.0,50.0,50.0,50.0,-50.0,50.0,50.0
13.6328125,50.0,-50.0,50.0,50.0,50.0,-50.0,50.0,50.0
13.63671875,50.0,-50.0,50.0,50.0,50.0,-50.0,50.0,50.0
13.640625,50.0,-50.0,50.0,50.0,50.0,-50.0,50.0,50.0
13.64453125,50.0,-50.0,50.0,50.0,50.0,-50.0,50.0,50.0
13.6484375,50.0,-50.0,50.0,50.0,50.0,-50.0,50.0,50.0
13.65234375,50.0,-50.0,50.0,50.0,50.0,-50.0,50.0,50.0
13.65625,50.0,-50.0,50.0,50.0,50.0,-50.0,50.0,50.0
13.66015625,50.0,-50.0,50.0,50.0,50.0,-50.0,50.0,50.0
13.6640625,50.0,-50.0,50.0,50.0,50.0,-50.0,50.0,50.0
13.66796875,50.0,50.0,50.0,-50.0,50.0,50.0,50.0,-50.0
13.671875,50.0,50.0,50.0,-50.0,50.0,50.0,50.0,-50.0
13.67578125,50.0,50.0,50.0,-50.0,50.0,50.0,50.0,-50.0
13.6796875,50.0,50.0,50.0,-50.0,50.0,50.0,50.0,-50.0
13.68359375,50.0,50.0,50.0,-50.0,50.0,50.0,50.0,-50.0
13.6875,50.0,50.0,50.0,-50.0,50.0,50.0,50.0,-50.0
13.69140625,50.0,50.0,50.0,-50.0,50.0,50.0,50.0,-50.0
13.6953125,50.0,50.0,50.0,-50.0,50.0,50.0,50.0,-50.0
13.69921875,50.0,50.0,50.0,-50.0,50.0,50.0,50.0,-50.0
13.703125,50.0,50.0,50.0,-50.0,50.0,50.0,50.0,-50.0
13.70703125,50.0,50.0,50.0,-50.0,50.0,50.0,50.0,-50.0
13.7109375,50.0,50.0,50.0,-50.0,50.0,50.0,50.0,-50.0
13.71484375,50.0,50.0,50.0,-50.0,50.0,50.0,50.0,-50.0
13.71875,50.0,50.0,50.0,-50.0,50.0,50.0,50.0,-50.0
13.72265625,50.0,50.0,50.0,-50.0,50.0,50.0,50.0,-50.0
13.7265625,50.0,50.0,50.0,-50.0,50.0,50.0,50.0,-50.0
13.73046875,50.0,50.0,50.0,-50.0,50.0,50.0,50.0,-50.0
13.734375,50.0,50.0,50.0,-50.0,50.0,50.0,50.0,-50.0
13.73828125,50.0,50.0,50.0,-50.0,50.0,50.0,50.0,-50.0
13.7421875,50.0,50.0,50.0,-50.0,50.0,50.0,50.0,-50.0
13.74609375,50.0,50.0,50.0,-50.0,50.0,50.0,50.0,-50.0
13.75,-50.0,50.0,50.0,-50.0,-50.0,50.0,50.0,-50.0
13.75390625,-50.0,50.0,50.0,-50.0,-50.0,50.0,50.0,-50.0
13.7578125,-50.0,50.0,50.0,-50.0,-50.0,50.0,50.0,-50.0
13.76171875,-50.0,50.0,50.0,-50.0,-50.0,50.0,50.0,-50.0
13.765625,-50.0,50.0,50.0,-50.0,-50.0,50.0,50.0,-50.0
13.76953125,-50.0,50.0,50.0,-50.0,-50.0,50.0,50.0,-50.0
13.7734375,-50.0,50.0,50.0,-50.0,-50.0,50.0,50.0,-50.0
13.77734375,-50.0,50.0,50.0,-50.0,-50.0,50.0,50.0,-50.0
13.78125,-50.0,50.0,50.0,-50.0,-50.0,50.0,50.0,-50.0
13.78515625,-50.0,50.0,50.0,-50.0,-50.0,50.0,50.0,-50.0
13.7890625,-50.0,50.0,50.0,-50.0,-50.0,50.0,50.0,-50.0
13.79296875,-50.0,50.0,50.0,-50.0,-50.0,50.0,50.0,-50.0
13.796875,-50.0,50.0,50.0,-50.0,-50.0,50.0,50.0,-50.0
13.80078125,-50.0,50.0,-50.0,-50.0,-50.0,50.0,-50.0,-50.0
13.8046875,-50.0,50.0,-50.0,-50.0,-50.0,50.0,-50.0,-50.0
13.80859375,-50.0,50.0,-50.0,-50.0,-50.0,50.0,-50.0,-50.0
13.8125,-50.0,50.0,-50.0,-50.0,-50.0,50.0,-50.0,-50.0
13.81640625,-50.0,50.0,-50.0,-50.0,-50.0,50.0,-50.0,-50.0
13.8203125,-50.0,50.0,-50.0,-50.0,-50.0,50.0,-50.0,-50.0
13.82421875,-50.0,50.0,-50.0,-50.0,-50.0,50.0,-50.0,-50.0
13.828125,-50.0,50.0,-50.0,-50.0,-50.0,50.0,-50.0,-50.0
13.83203125,-50.0,50.0,-50.0,-50.0,-50.0,50.0,-50.0,-50.0
13.8359375,-50.0,-50.0,-50.0,-50.0,-50.0,-50.0,-50.0,-50.0
13.83984375,-50.0,-50.0,-50.0,-50.0,-50.0,-50.0,-50.0,-50.0
13.84375,-50.0,-50.0,-50.0,-50.0,-50.0,-50.0,-50.0,-50.0
13.84765625,-50.0,-50.0,-50.0,-50.0,-50.0,-50.0,-50.0,-50.0
13.8515625,-50.0,-50.0,-50.0,-50.0,-50.0,-50.0,-50.0,-50.0
13.85546875,-50.0,-50.0,-50.0,-50.0,-50.0,-50.0,-50.0,-50.0
13.859375,-50.0,-50.0,-50.0,-50.0,-50.0,-50.0,-50.0,-50.0
13.86328125,-50.0,-50.0,-50.0,-50.0,-50.0,-50.0,-50.0,-50.0
13.8671875,-50.0,-50.0,-50.0,-50.0,-50.0,-50.0,-50.0,-50.0
13.87109375,-50.0,-50.0,-50.0,-50.0,-50.0,-50.0,-50.0,-50.0
13.875,-50.0,-50.0,-50.0,-50.0,-50.0,-50.0,-50.0,-50.0
13.87890625,-50.0,-50.0,-50.0,-50.0,-50.0,-50.0,-50.0,-50.0
13.8828125,-50.0,-50.0,-50.0,-50.0,-50.0,-50.0,-50.0,-50.0
13.88671875,-50.0,-50.0,-50.0,-50.0,-50.0,-50.0,-50.0,-50.0
13.890625,-50.0,-50.0,-50.0,-50.0,-50.0,-50.0,-50.0,-50.0
13.89453125,-50.0,-50.0,-50.0,-50.0,-50.0,-50.0,-50.0,-50.0
13.8984375,-50.0,-50.0,-50.0,-50.0,-50.0,-50.0,-50.0,-50.0
13.90234375,-50.0,-50.0,-50.0,-50.0,-50.0,-50.0,-50.0,-50.0
13.90625,-50.0,-50.0,-50.0,-50.0,-50.0,-50.0,-50.0,-50.0
13.91015625,-50.0,-50.0,-50.0,-50.0,-50.0,-50.0,-50.0,-50.0
13.9140625,-50.0,-50.0,-50.0,-50.0,-50.0,-50.0,-50.0,-50.0
13.91796875,-50.0,-50.0,-50.0,-50.0,-50.0,-50.0,-50.0,-50.0
13.921875,-50.0,-50.0,-50.0,-50.0,-50.0,-50.0,-50.0,-50.0
13.92578125,-50.0,-50.0,-50.0,-50.0,-50.0,-50.0,-50.0,-50.0
13.9296875,-50.0,-50.0,-50.0,-50.0,-50.0,-50.0,-50.0,-50.0
13.93359375,-50.0,-50.0,-50.0,-50.0,-50.0,-50.0,-50.0,-50.0
13.9375,-50.0,-50.0,-50.0,-50.0,-50.0,-50.0,-50.0,-50.0
13.94140625,-50.0,-50.0,-50.0,-50.0,-50.0,-50.0,-50.0,-50.0
13.9453125,-50.0,-50.0,-50.0,-50.0,-50.0,-50.0,-50.0,-50.0
13.94921875,-50.0,-50.0,-50.0,-50.0,-50.0,-50.0,-50.0,-50.0
13.953125,-50.0,-50.0,-50.0,-50.0,-50.0,-50.0,-50.0,-50.0
13.95703125,-50.0,-50.0,-50.0,-50.0,-50.0,-50.0,-50.0,-50.0
13.9609375,-50.0,-50.0,-50.0,-50.0,-50.0,-50.0,-50.0,-50.0
13.96484375,-50.0,-50.0,-50.0,-50.0,-50.0,-50.0,-50.0,-50.0
13.96875,-50.0,-50.0,-50.0,-50.0,-50.0,-50.0,-50.0,-50.0
13.97265625,-50.0,-50.0,-50.0,-50.0,-50.0,-50.0,-50.0,-50.0
13.9765625,-50.0,-50.0,-50.0,-50.0,-50.0,-50.0,-50.0,-50.0
13.98046875,-50.0,-50.0,-50.0,-50.0,-50.0,-50.0,-50.0,-50.0
13.984375,-50.0,-50.0,-50.0,-50.0,-50.0,-50.0,-50.0,-50.0
13.98828125,-50.0,-50.0,-50.0,-50.0,-50.0,-50.0,-50.0,-50.0
13.9921875,-50.0,-50.0,-50.0,-50.0,-50.0,-50.0,-50.0,-50.0
13.99609375,-50.0,-50.0,-50.0,-50.0,-50.0,-50.0,-50.0,-50.0
14.0,50.0,50.0,-50.0,50.0,50.0,50.0,-50.0,50.0
14.00390625,50.0,50.0,50.0,50.0,50.0,50.0,50.0,50.0
14.0078125,50.0,50.0,50.0,50.0,50.0,50.0,50.0,50.0
14.01171875,50.0,50.0,50.0,50.0,50.0,50.0,50.0,50.0
14.015625,50.0,50.0,50.0,50.0,50.0,50.0,50.0,50.0
14.01953125,50.0,50.0,50.0,50.0,50.0,50.0,50.0,50.0
14.0234375,50.0,50.0,50.0,50.0,50.0,50.0,50.0,50.0
14.02734375,50.0,50.0,50.0,50.0,50.0,50.0,50.0,50.0
14.03125,50.0,50.0,50.0,50.0,50.0,50.0,50.0,50.0
14.03515625,50.0,50.0,50.0,50.0,50.0,50.0,50.0,50.0
14.0390625,50.0,50.0,50.0,50.0,50.0,50.0,50.0,50.0
14.04296875,50.0,50.0,50.0,50.0,50.0,50.0,50.0,50.0
14.046875,50.0,50.0,50.0,50.0,50.0,50.0,50.0,50.0
14.05078125,50.0,50.0,50.0,50.0,50.0,50.0,50.0,50.0
14.0546875,50.0,50.0,50.0,50.0,50.0,50.0,50.0,50.0
14.05859375,50.0,50.0,50.0,50.0,50.0,50.0,50.0,50.0
14.0625,50.0,50.0,50.0,50.0,50.0,50.0,50.0,50.0
14.06640625,50.0,50.0,50.0,50.0,50.0,50.0,50.0,50.0
14.0703125,50.0,50.0,50.0,50.0,50.0,50.0,50.0,50.0
14.07421875,50.0,50.0,50.0,50.0,50.0,50.0,50.0,50.0
14.078125,50.0,50.0,50.0,50.0,50.0,50.0,50.0,50.0
14.08203125,50.0,50.0,50.0,50.0,50.0,50.0,50.0,50.0
14.0859375,50.0,50.0,50.0,50.0,50.0,50.0,50.0,50.0
14.08984375,50.0,50.0,50.0,50.0,50.0,50.0,50.0,50.0
14.09375,50.0,50.0,50.0,50.0,50.0,50.0,50.0,50.0
14.09765625,50.0,50.0,50.0,50.0,50.0,50.0,50.0,50.0
14.1015625,50.0,50.0,50.0,50.0,50.0,50.0,50.0,50.0
14.10546875,50.0,50.0,50.0,50.0,50.0,50.0,50.0,50.0
14.109375,50.0,50.0,50.0,50.0,50.0,50.0,50.0,50.0
14.11328125,50.0,50.0,50.0,50.0,50.0,50.0,50.0,50.0
14.1171875,50.0,50.0,50.0,50.0,50.0,50.0,50.0,50.0
14.12109375,50.0,50.0,50.0,50.0,50.0,50.0,50.0,50.0
14.125,50.0,50.0,50.0,50.0,50.0,50.0,50.0,50.0
14.12890625,50.0,50.0,50.0,50.0,50.0,50.0,50.0,50.0
14.1328125,50.0,50.0,50.0,50.0,50.0,50.0,50.0,50.0
14.13671875,50.0,50.0,50.0,50.0,50.0,50.0,50.0,50.0
14.140625,50.0,50.0,50.0,50.0,50.0,50.0,50.0,50.0
14.14453125,50.0,50.0,50.0,50.0,50.0,50.0,50.0,50.0
14.1484375,50.0,50.0,50.0,50.0,50.0,50.0,50.0,50.0
14.15234375,50.0,50.0,50.0,50.0,50.0,50.0,50.0,50.0
14.15625,50.0,50.0,50.0,50.0,50.0,50.0,50.0,50.0
14.16015625,50.0,50.0,50.0,50.0,50.0,50.0,50.0,50.0
14.1640625,50.0,50.0,50.0,50.0,50.0,50.0,50.0,50.0
14.16796875,50.0,-50.0,50.0,50.0,50.0,-50.0,50.0,50.0
14.171875,50.0,-50.0,50.0,50.0,50.0,-50.0,50.0,50.0
14.17578125,50.0,-50.0,50.0,50.0,50.0,-50.0,50.0,50.0
14.1796875,50.0,-50.0,50.0,50.0,50.0,-50.0,50.0,50.0
14.18359375,50.0,-50.0,50.0,50.0,50.0,-50.0,50.0,50.0
14.1875,50.0,-50.0,50.0,50.0,50.0,-50.0,50.0,50.0
14.19140625,50.0,-50.0,50.0,50.0,50.0,-50.0,50.0,50.0
14.1953125,50.0,-50.0,50.0,50.0,50.0,-50.0,50.0,50.0
14.19921875,50.0,-50.0,50.0,50.0,50.0,-50.0,50.0,50.0
14.203125,50.0,-50.0,-50.0,50.0,50.0,-50.0,-50.0,50.0
14.20703125,50.0,-50.0,-50.0,50.0,50.0,-50.0,-50.0,50.0
14.2109375,50.0,-50.0,-50.0,50.0,50.0,-50.0,-50.0,50.0
14.21484375,50.0,-50.0,-50.0,50.0,50.0,-50.0,-50.0,50.0
14.21875,50.0,-50.0,-50.0,50.0,50.0,-50.0,-50.0,50.0
14.22265625,50.0,-50.0,-50.0,50.0,50.0,-50.0,-50.0,50.0
14.2265625,50.0,-50.0,-50.0,50.0,50.0,-50.0,-50.0,50.0
14.23046875,50.0,-50.0,-50.0,50.0,50.0,-50.0,-50.0,50.0
14.234375,50.0,-50.0,-50.0,50.0,50.0,-50.0,-50.0,50.0
14.23828125,50.0,-50.0,-50.0,50.0,50.0,-50.0,-50.0,50.0
14.2421875,50.0,-50.0,-50.0,50.0,50.0,-50.0,-50.0,50.0
14.24609375,50.0,-50.0,-50.0,50.0,50.0,-50.0,-50.0,50.0
14.25,50.0,-50.0,-50.0,50.0,50.0,-50.0,-50.0,50.0
14.25390625,-50.0,-50.0,-50.0,50.0,-50.0,-50.0,-50.0,50.0
14.2578125,-50.0,-50.0,-50.0,50.0,-50.0,-50.0,-50.0,50.0
14.26171875,-50.0,-50.0,-50.0,50.0,-50.0,-50.0,-50.0,50.0
14.265625,-50.0,-50.0,-50.0,50.0,-50.0,-50.0,-50.0,50.0
14.26953125,-50.0,-50.0,-50.0,50.0,-50.0,-50.0,-50.0,50.0
14.2734375,-50.0,-50.0,-50.0,50.0,-50.0,-50.0,-50.0,50.0
14.27734375,-50.0,-50.0,-50.0,50.0,-50.0,-50.0,-50.0,50.0
14.28125,-50.0,-50.0,-50.0,50.0,-50.0,-50.0,-50.0,50.0
14.28515625,-50.0,-50.0,-50.0,50.0,-50.0,-50.0,-50.0,50.0
14.2890625,-50.0,-50.0,-50.0,50.0,-50.0,-50.0,-50.0,50.0
14.29296875,-50.0,-50.0,-50.0,50.0,-50.0,-50.0,-50.0,50.0
14.296875,-50.0,-50.0,-50.0,50.0,-50.0,-50.0,-50.0,50.0
14.30078125,-50.0,-50.0,-50.0,50.0,-50.0,-50.0,-50.0,50.0
14.3046875,-50.0,-50.0,-50.0,50.0,-50.0,-50.0,-50.0,50.0
14.30859375,-50.0,-50.0,-50.0,50.0,-50.0,-50.0,-50.0,50.0
14.3125,-50.0,-50.0,-50.0,50.0,-50.0,-50.0,-50.0,50.0
14.31640625,-50.0,-50.0,-50.0,50.0,-50.0,-50.0,-50.0,50.0
14.3203125,-50.0,-50.0,-50.0,50.0,-50.0,-50.0,-50.0,50.0
14.32421875,-50.0,-50.0,-50.0,50.0,-50.0,-50.0,-50.0,50.0
14.328125,-50.0,-50.0,-50.0,50.0,-50.0,-50.0,-50.0,50.0
14.33203125,-50.0,-50.0,-50.0,50.0,-50.0,-50.0,-50.0,50.0
14.3359375,-50.0,50.0,-50.0,-50.0,-50.0,50.0,-50.0,-50.0
14.33984375,-50.0,50.0,-50.0,-50.0,-50.0,50.0,-50.0,-50.0
14.34375,-50.0,50.0,-50.0,-50.0,-50.0,50.0,-50.0,-50.0
14.34765625,-50.0,50.0,-50.0,-50.0,-50.0,50.0,-50.0,-50.0
14.3515625,-50.0,50.0,-50.0,-50.0,-50.0,50.0,-50.0,-50.0
14.35546875,-50.0,50.0,-50.0,-50.0,-50.0,50.0,-50.0,-50.0
14.359375,-50.0,50.0,-50.0,-50.0,-50.0,50.0,-50.0,-50.0
14.36328125,-50.0,50.0,-50.0,-50.0,-50.0,50.0,-50.0,-50.0
14.3671875,-50.0,50.0,-50.0,-50.0,-50.0,50.0,-50.0,-50.0
14.37109375,-50.0,50.0,-50.0,-50.0,-50.0,50.0,-50.0,-50.0
14.375,-50.0,50.0,-50.0,-50.0,-50.0,50.0,-50.0,-50.0
14.37890625,-50.0,50.0,-50.0,-50.0,-50.0,50.0,-50.0,-50.0
14.3828125,-50.0,50.0,-50.0,-50.0,-50.0,50.0,-50.0,-50.0
14.38671875,-50.0,50.0,-50.0,-50.0,-50.0,50.0,-50.0,-50.0
14.390625,-50.0,50.0,-50.0,-50.0,-50.0,50.0,-50.0,-50.0
14.39453125,-50.0,50.0,-50.0,-50.0,-50.0,50.0,-50.0,-50.0
14.3984375,-50.0,50.0,-50.0,-50.0,-50.0,50.0,-50.0,-50.0
14.40234375,-50.0,50.0,50.0,-50.0,-50.0,50.0,50.0,-50.0
14.40625,-50.0,50.0,50.0,-50.0,-50.0,50.0,50.0,-50.0
14.41015625,-50.0,50.0,50.0,-50.0,-50.0,50.0,50.0,-50.0
14.4140625,-50.0,50.0,50.0,-50.0,-50.0,50.0,50.0,-50.0
14.41796875,-50.0,50.0,50.0,-50.0,-50.0,50.0,50.0,-50.0
14.421875,-50.0,50.0,50.0,-50.0,-50.0,50.0,50.0,-50.0
14.42578125,-50.0,50.0,50.0,-50.0,-50.0,50.0,50.0,-50.0
14.4296875,-50.0,50.0,50.0,-50.0,-50.0,50.0,50.0,-50.0
14.43359375,-50.0,50.0,50.0,-50.0,-50.0,50.0,50.0,-50.0
14.4375,-50.0,50.0,50.0,-50.0,-50.0,50.0,50.0,-50.0
14.44140625,-50.0,50.0,50.0,-50.0,-50.0,50.0,50.0,-50.0
14.4453125,-50.0,50.0,50.0,-50.0,-50.0,50.0,50.0,-50.0
14.44921875,-50.0,50.0,50.0,-50.0,-50.0,50.0,50.0,-50.0
14.453125,-50.0,50.0,50.0,-50.0,-50.0,50.0,50.0,-50.0
14.45703125,-50.0,50.0,50.0,-50.0,-50.0,50.0,50.0,-50.0
14.4609375,-50.0,50.0,50.0,-50.0,-50.0,50.0,50.0,-50.0
14.46484375,-50.0,50.0,50.0,-50.0,-50.0,50.0,50.0,-50.0
14.46875,-50.0,50.0,50.0,-50.0,-50.0,50.0,50.0,-50.0
14.47265625,-50.0,50.0,50.0,-50.0,-50.0,50.0,50.0,-50.0
14.4765625,-50.0,50.0,50.0,-50.0,-50.0,50.0,50.0,-50.0
14.48046875,-50.0,50.0,50.0,-50.0,-50.0,50.0,50.0,-50.0
14.484375,-50.0,50.0,50.0,-50.0,-50.0,50.0,50.0,-50.0
14.48828125,-50.0,50.0,50.0,-50.0,-50.0,50.0,50.0,-50.0
14.4921875,-50.0,50.0,50.0,-50.0,-50.0,50.0,50.0,-50.0
14.49609375,-50.0,50.0,50.0,-50.0,-50.0,50.0,50.0,-50.0
14.5,50.0,50.0,50.0,-50.0,50.0,50.0,50.0,-50.0
14.50390625,50.0,-50.0,50.0,-50.0,50.0,-50.0,50.0,-50.0
14.5078125,50.0,-50.0,50.0,-50.0,50.0,-50.0,50.0,-50.0
14.51171875,50.0,-50.0,50.0,-50.0,50.0,-50.0,50.0,-50.0
14.515625,50.0,-50.0,50.0,-50.0,50.0,-50.0,50.0,-50.0
14.51953125,50.0,-50.0,50.0,-50.0,50.0,-50.0,50.0,-50.0
14.5234375,50.0,-50.0,50.0,-50.0,50.0,-50.0,50.0,-50.0
14.52734375,50.0,-50.0,50.0,-50.0,50.0,-50.0,50.0,-50.0
14.53125,50.0,-50.0,50.0,-50.0,50.0,-50.0,50.0,-50.0
14.53515625,50.0,-50.0,50.0,-50.0,50.0,-50.0,50.0,-50.0
14.5390625,50.0,-50.0,50.0,-50.0,50.0,-50.0,50.0,-50.0
14.54296875,50.0,-50.0,50.0,-50.0,50.0,-50.0,50.0,-50.0
14.546875,50.0,-50.0,50.0,-50.0,50.0,-50.0,50.0,-50.0
14.55078125,50.0,-50.0,50.0,-50.0,50.0,-50.0,50.0,-50.0
14.5546875,50.0,-50.0,50.0,-50.0,50.0,-50.0,50.0,-50.0
14.55859375,50.0,-50.0,50.0,-50.0,50.0,-50.0,50.0,-50.0
14.5625,50.0,-50.0,50.0,-50.0,50.0,-50.0,50.0,-50.0
14.56640625,50.0,-50.0,50.0,-50.0,50.0,-50.0,50.0,-50.0
14.5703125,50.0,-50.0,50.0,-50.0,50.0,-50.0,50.0,-50.0
14.57421875,50.0,-50.0,50.0,-50.0,50.0,-50.0,50.0,-50.0
14.578125,50.0,-50.0,50.0,-50.0,50.0,-50.0,50.0,-50.0
14.58203125,50.0,-50.0,50.0,-50.0,50.0,-50.0,50.0,-50.0
14.5859375,50.0,-50.0,50.0,-50.0,50.0,-50.0,50.0,-50.0
14.58984375,50.0,-50.0,50.0,-50.0,50.0,-50.0,50.0,-50.0
14.59375,50.0,-50.0,50.0,-50.0,50.0,-50.0,50.0,-50.0
14.59765625,50.0,-50.0,50.0,-50.0,50.0,-50.0,50.0,-50.0
14.6015625,50.0,-50.0,-50.0,-50.0,50.0,-50.0,-50.0,-50.0
14.60546875,50.0,-50.0,-50.0,-50.0,50.0,-50.0,-50.0,-50.0
14.609375,50.0,-50.0,-50.0,-50.0,50.0,-50.0,-50.0,-50.0
14.61328125,50.0,-50.0,-50.0,-50.0,50.0,-50.0,-50.0,-50.0
14.6171875,50.0,-50.0,-50.0,-50.0,50.0,-50.0,-50.0,-50.0
14.62109375,50.0,-50.0,-50.0,-50.0,50.0,-50.0,-50.0,-50.0
14.625,50.0,-50.0,-50.0,-50.0,50.0,-50.0,-50.0,-50.0
14.62890625,50.0,-50.0,-50.0,-50.0,50.0,-50.0,-50.0,-50.0
14.6328125,50.0,-50.0,-50.0,-50.0,50.0,-50.0,-50.0,-50.0
14.63671875,50.0,-50.0,-50.0,-50.0,50.0,-50.0,-50.0,-50.0
14.640625,50.0,-50.0,-50.0,-50.0,50.0,-50.0,-50.0,-50.0
14.64453125,50.0,-50.0,-50.0,-50.0,50.0,-50.0,-50.0,-50.0
14.6484375,50.0,-50.0,-50.0,-50.0,50.0,-50.0,-50.0,-50.0
14.65234375,50.0,-50.0,-50.0,-50.0,50.0,-50.0,-50.0,-50.0
14.65625,50.0,-50.0,-50.0,-50.0,50.0,-50.0,-50.0,-50.0
14.66015625,50.0,-50.0,-50.0,-50.0,50.0,-50.0,-50.0,-50.0
14.6640625,50.0,-50.0,-50.0,-50.0,50.0,-50.0,-50.0,-50.0
14.66796875,50.0,50.0,-50.0,50.0,50.0,50.0,-50.0,50.0
14.671875,50.0,50.0,-50.0,50.0,50.0,50.0,-50.0,50.0
14.67578125,50.0,50.0,-50.0,50.0,50.0,50.0,-50.0,50.0
14.6796875,50.0,50.0,-50.0,50.0,50.0,50.0,-50.0,50.0
14.68359375,50.0,50.0,-50.0,50.0,50.0,50.0,-50.0,50.0
14.6875,50.0,50.0,-50.0,50.0,50.0,50.0,-50.0,50.0
14.69140625,50.0,50.0,-50.0,50.0,50.0,50.0,-50.0,50.0
14.6953125,50.0,50.0,-50.0,50.0,50.0,50.0,-50.0,50.0
14.69921875,50.0,50.0,-50.0,50.0,50.0,50.0,-50.0,50.0
14.703125,50.0,50.0,-50.0,50.0,50.0,50.0,-50.0,50.0
14.70703125,50.0,50.0,-50.0,50.0,50.0,50.0,-50.0,50.0
14.7109375,50.0,50.0,-50.0,50.0,50.0,50.0,-50.0,50.0
14.71484375,50.0,50.0,-50.0,50.0,50.0,50.0,-50.0,50.0
14.71875,50.0,50.0,-50.0,50.0,50.0,50.0,-50.0,50.0
14.72265625,50.0,50.0,-50.0,50.0,50.0,50.0,-50.0,50.0
14.7265625,50.0,50.0,-50.0,50.0,50.0,50.0,-50.0,50.0
14.73046875,50.0,50.0,-50.0,50.0,50.0,50.0,-50.0,50.0
14.734375,50.0,50.0,-50.0,50.0,50.0,50.0,-50.0,50.0
14.73828125,50.0,50.0,-50.0,50.0,50.0,50.0,-50.0,50.0
14.7421875,50.0,50.0,-50.0,50.0,50.0,50.0,-50.0,50.0
14.74609375,50.0,50.0,-50.0,50.0,50.0,50.0,-50.0,50.0
14.75,50.0,50.0,-50.0,50.0,50.0,50.0,-50.0,50.0
14.75390625,-50.0,50.0,-50.0,50.0,-50.0,50.0,-50.0,50.0
14.7578125,-50.0,50.0,-50.0,50.0,-50.0,50.0,-50.0,50.0
14.76171875,-50.0,50.0,-50.0,50.0,-50.0,50.0,-50.0,50.0
14.765625,-50.0,50.0,-50.0,50.0,-50.0,50.0,-50.0,50.0
14.76953125,-50.0,50.0,-50.0,50.0,-50.0,50.0,-50.0,50.0
14.7734375,-50.0,50.0,-50.0,50.0,-50.0,50.0,-50.0,50.0
14.77734375,-50.0,50.0,-50.0,50.0,-50.0,50.0,-50.0,50.0
14.78125,-50.0,50.0,-50.0,50.0,-50.0,50.0,-50.0,50.0
14.78515625,-50.0,50.0,-50.0,50.0,-50.0,50.0,-50.0,50.0
14.7890625,-50.0,50.0,-50.0,50.0,-50.0,50.0,-50.0,50.0
14.79296875,-50.0,50.0,-50.0,50.0,-50.0,50.0,-50.0,50.0
14.796875,-50.0,50.0,-50.0,50.0,-50.0,50.0,-50.0,50.0
14.80078125,-50.0,50.0,50.0,50.0,-50.0,50.0,50.0,50.0
14.8046875,-50.0,50.0,50.0,50.0,-50.0,50.0,50.0,50.0
14.80859375,-50.0,50.0,50.0,50.0,-50.0,50.0,50.0,50.0
14.8125,-50.0,50.0,50.0,50.0,-50.0,50.0,50.0,50.0
14.81640625,-50.0,50.0,50.0,50.0,-50.0,50.0,50.0,50.0
14.8203125,-50.0,50.0,50.0,50.0,-50.0,50.0,50.0,50.0
14.82421875,-50.0,50.0,50.0,50.0,-50.0,50.0,50.0,50.0
14.828125,-50.0,50.0,50.0,50.0,-50.0,50.0,50.0,50.0
14.83203125,-50.0,50.0,50.0,50.0,-50.0,50.0,50.0,50.0
14.8359375,-50.0,-50.0,50.0,50.0,-50.0,-50.0,50.0,50.0
14.83984375,-50.0,-50.0,50.0,50.0,-50.0,-50.0,50.0,50.0
14.84375,-50.0,-50.0,50.0,50.0,-50.0,-50.0,50.0,50.0
14.84765625,-50.0,-50.0,50.0,50.0,-50.0,-50.0,50.0,50.0
14.8515625,-50.0,-50.0,50.0,50.0,-50.0,-50.0,50.0,50.0
14.85546875,-50.0,-50.0,50.0,50.0,-50.0,-50.0,50.0,50.0
14.859375,-50.0,-50.0,50.0,50.0,-50.0,-50.0,50.0,50.0
14.86328125,-50.0,-50.0,50.0,50.0,-50.0,-50.0,50.0,50.0
14.8671875,-50.0,-50.0,50.0,50.0,-50.0,-50.0,50.0,50.0
14.87109375,-50.0,-50.0,50.0,50.0,-50.0,-50.0,50.0,50.0
14.875,-50.0,-50.0,50.0,50.0,-50.0,-50.0,50.0,50.0
14.87890625,-50.0,-50.0,50.0,50.0,-50.0,-50.0,50.0,50.0
14.8828125,-50.0,-50.0,50.0,50.0,-50.0,-50.0,50.0,50.0
14.88671875,-50.0,-50.0,50.0,50.0,-50.0,-50.0,50.0,50.0
14.890625,-50.0,-50.0,50.0,50.0,-50.0,-50.0,50.0,50.0
14.89453125,-50.0,-50.0,50.0,50.0,-50.0,-50.0,50.0,50.0
14.8984375,-50.0,-50.0,50.0,50.0,-50.0,-50.0,50.0,50.0
14.90234375,-50.0,-50.0,50.0,50.0,-50.0,-50.0,50.0,50.0
14.90625,-50.0,-50.0,50.0,50.0,-50.0,-50.0,50.0,50.0
14.91015625,-50.0,-50.0,50.0,50.0,-50.0,-50.0,50.0,50.0
14.9140625,-50.0,-50.0,50.0,50.0,-50.0,-50.0,50.0,50.0
14.91796875,-50.0,-50.0,50.0,50.0,-50.0,-50.0,50.0,50.0
14.921875,-50.0,-50.0,50.0,50.0,-50.0,-50.0,50.0,50.0
14.92578125,-50.0,-50.0,50.0,50.0,-50.0,-50.0,50.0,50.0
14.9296875,-50.0,-50.0,50.0,50.0,-50.0,-50.0,50.0,50.0
14.93359375,-50.0,-50.0,50.0,50.0,-50.0,-50.0,50.0,50.0
14.9375,-50.0,-50.0,50.0,50.0,-50.0,-50.0,50.0,50.0
14.94140625,-50.0,-50.0,50.0,50.0,-50.0,-50.0,50.0,50.0
14.9453125,-50.0,-50.0,50.0,50.0,-50.0,-50.0,50.0,50.0
14.94921875,-50.0,-50.0,50.0,50.0,-50.0,-50.0,50.0,50.0
14.953125,-50.0,-50.0,50.0,50.0,-50.0,-50.0,50.0,50.0
14.95703125,-50.0,-50.0,50.0,50.0,-50.0,-50.0,50.0,50.0
14.9609375,-50.0,-50.0,50.0,50.0,-50.0,-50.0,50.0,50.0
14.96484375,-50.0,-50.0,50.0,50.0,-50.0,-50.0,50.0,50.0
14.96875,-50.0,-50.0,50.0,50.0,-50.0,-50.0,50.0,50.0
14.97265625,-50.0,-50.0,50.0,50.0,-50.0,-50.0,50.0,50.0
14.9765625,-50.0,-50.0,50.0,50.0,-50.0,-50.0,50.0,50.0
14.98046875,-50.0,-50.0,50.0,50.0,-50.0,-50.0,50.0,50.0
14.984375,-50.0,-50.0,50.0,50.0,-50.0,-50.0,50.0,50.0
14.98828125,-50.0,-50.0,50.0,50.0,-50.0,-50.0,50.0,50.0
14.9921875,-50.0,-50.0,50.0,50.0,-50.0,-50.0,50.0,50.0
14.99609375,-50.0,-50.0,50.0,50.0,-50.0,-50.0,50.0,50.0
15.0,-50.0,50.0,50.0,-50.0,-50.0,50.0,50.0,-50.0
15.00390625,50.0,50.0,-50.0,-50.0,50.0,50.0,-50.0,-50.0
15.0078125,50.0,50.0,-50.0,-50.0,50.0,50.0,-50.0,-50.0
15.01171875,50.0,50.0,-50.0,-50.0,50.0,50.0,-50.0,-50.0
15.015625,50.0,50.0,-50.0,-50.0,50.0,50.0,-50.0,-50.0
15.01953125,50.0,50.0,-50.0,-50.0,50.0,50.0,-50.0,-50.0
15.0234375,50.0,50.0,-50.0,-50.0,50.0,50.0,-50.0,-50.0
15.02734375,50.0,50.0,-50.0,-50.0,50.0,50.0,-50.0,-50.0
15.03125,50.0,50.0,-50.0,-50.0,50.0,50.0,-50.0,-50.0
15.03515625,50.0,50.0,-50.0,-50.0,50.0,50.0,-50.0,-50.0
15.0390625,50.0,50.0,-50.0,-50.0,50.0,50.0,-50.0,-50.0
15.04296875,50.0,50.0,-50.0,-50.0,50.0,50.0,-50.0,-50.0
15.046875,50.0,50.0,-50.0,-50.0,50.0,50.0,-50.0,-50.0
15.05078125,50.0,50.0,-50.0,-50.0,50.0,50.0,-50.0,-50.0
15.0546875,50.0,50.0,-50.0,-50.0,50.0,50.0,-50.0,-50.0
15.05859375,50.0,50.0,-50.0,-50.0,50.0,50.0,-50.0,-50.0
15.0625,50.0,50.0,-50.0,-50.0,50.0,50.0,-50.0,-50.0
15.06640625,50.0,50.0,-50.0,-50.0,50.0,50.0,-50.0,-50.0
15.0703125,50.0,50.0,-50.0,-50.0,50.0,50.0,-50.0,-50.0
15.07421875,50.0,50.0,-50.0,-50.0,50.0,50.0,-50.0,-50.0
15.078125,50.0,50.0,-50.0,-50.0,50.0,50.0,-50.0,-50.0
15.08203125,50.0,50.0,-50.0,-50.0,50.0,50.0,-50.0,-50.0
15.0859375,50.0,50.0,-50.0,-50.0,50.0,50.0,-50.0,-50.0
15.08984375,50.0,50.0,-50.0,-50.0,50.0,50.0,-50.0,-50.0
15.09375,50.0,50.0,-50.0,-50.0,50.0,50.0,-50.0,-50.0
15.09765625,50.0,50.0,-50.0,-50.0,50.0,50.0,-50.0,-50.0
15.1015625,50.0,50.0,-50.0,-50.0,50.0,50.0,-50.0,-50.0
15.10546875,50.0,50.0,-50.0,-50.0,50.0,50.0,-50.0,-50.0
15.109375,50.0,50.0,-50.0,-50.0,50.0,50.0,-50.0,-50.0
15.11328125,50.0,50.0,-50.0,-50.0,50.0,50.0,-50.0,-50.0
15.1171875,50.0,50.0,-50.0,-50.0,50.0,50.0,-50.0,-50.0
15.12109375,50.0,50.0,-50.0,-50.0,50.0,50.0,-50.0,-50.0
15.125,50.0,50.0,-50.0,-50.0,50.0,50.0,-50.0,-50.0
15.12890625,50.0,50.0,-50.0,-50.0,50.0,50.0,-50.0,-50.0
15.1328125,50.0,50.0,-50.0,-50.0,50.0,50.0,-50.0,-50.0
15.13671875,50.0,50.0,-50.0,-50.0,50.0,50.0,-50.0,-50.0
15.140625,50.0,50.0,-50.0,-50.0,50.0,50.0,-50.0,-50.0
15.14453125,50.0,50.0,-50.0,-50.0,50.0,50.0,-50.0,-50.0
15.1484375,50.0,50.0,-50.0,-50.0,50.0,50.0,-50.0,-50.0
15.15234375,50.0,50.0,-50.0,-50.0,50.0,50.0,-50.0,-50.0
15.15625,50.0,50.0,-50.0,-50.0,50.0,50.0,-50.0,-50.0
15.16015625,50.0,50.0,-50.0,-50.0,50.0,50.0,-50.0,-50.0
15.1640625,50.0,50.0,-50.0,-50.0,50.0,50.0,-50.0,-50.0
15.16796875,50.0,-50.0,-50.0,-50.0,50.0,-50.0,-50.0,-50.0
15.171875,50.0,-50.0,-50.0,-50.0,50.0,-50.0,-50.0,-50.0
15.17578125,50.0,-50.0,-50.0,-50.0,50.0,-50.0,-50.0,-50.0
15.1796875,50.0,-50.0,-50.0,-50.0,50.0,-50.0,-50.0,-50.0
15.18359375,50.0,-50.0,-50.0,-50.0,50.0,-50.0,-50.0,-50.0
15.1875,50.0,-50.0,-50.0,-50.0,50.0,-50.0,-50.0,-50.0
15.19140625,50.0,-50.0,-50.0,-50.0,50.0,-50.0,-50.0,-50.0
15.1953125,50.0,-50.0,-50.0,-50.0,50.0,-50.0,-50.0,-50.0
15.19921875,50.0,-50.0,-50.0,-50.0,50.0,-50.0,-50.0,-50.0
15.203125,50.0,-50.0,50.0,-50.0,50.0,-50.0,50.0,-50.0
15.20703125,50.0,-50.0,50.0,-50.0,50.0,-50.0,50.0,-50.0
15.2109375,50.0,-50.0,50.0,-50.0,50.0,-50.0,50.0,-50.0
15.21484375,50.0,-50.0,50.0,-50.0,50.0,-50.0,50.0,-50.0
15.21875,50.0,-50.0,50.0,-50.0,50.0,-50.0,50.0,-50.0
15.22265625,50.0,-50.0,50.0,-50.0,50.0,-50.0,50.0,-50.0
15.2265625,50.0,-50.0,50.0,-50.0,50.0,-50.0,50.0,-50.0
15.23046875,50.0,-50.0,50.0,-50.0,50.0,-50.0,50.0,-50.0
15.234375,50.0,-50.0,50.0,-50.0,50.0,-50.0,50.0,-50.0
15.23828125,50.0,-50.0,50.0,-50.0,50.0,-50.0,50.0,-50.0
15.2421875,50.0,-50.0,50.0,-50.0,50.0,-50.0,50.0,-50.0
15.24609375,50.0,-50.0,50.0,-50.0,50.0,-50.0,50.0,-50.0
15.25,-50.0,-50.0,50.0,-50.0,-50.0,-50.0,50.0,-50.0
15.25390625,-50.0,-50.0,50.0,-50.0,-50.0,-50.0,50.0,-50.0
15.2578125,-50.0,-50.0,50.0,-50.0,-50.0,-50.0,50.0,-50.0
15.26171875,-50.0,-50.0,50.0,-50.0,-50.0,-50.0,50.0,-50.0
15.265625,-50.0,-50.0,50.0,-50.0,-50.0,-50.0,50.0,-50.0
15.26953125,-50.0,-50.0,50.0,-50.0,-50.0,-50.0,50.0,-50.0
15.2734375,-50.0,-50.0,50.0,-50.0,-50.0,-50.0,50.0,-50.0
15.27734375,-50.0,-50.0,50.0,-50.0,-50.0,-50.0,50.0,-50.0
15.28125,-50.0,-50.0,50.0,-50.0,-50.0,-50.0,50.0,-50.0
15.28515625,-50.0,-50.0,50.0,-50.0,-50.0,-50.0,50.0,-50.0
15.2890625,-50.0,-50.0,50.0,-50.0,-50.0,-50.0,50.0,-50.0
15.29296875,-50.0,-50.0,50.0,-50.0,-50.0,-50.0,50.0,-50.0
15.296875,-50.0,-50.0,50.0,-50.0,-50.0,-50.0,50.0,-50.0
15.30078125,-50.0,-50.0,50.0,-50.0,-50.0,-50.0,50.0,-50.0
15.3046875,-50.0,-50.0,50.0,-50.0,-50.0,-50.0,50.0,-50.0
15.30859375,-50.0,-50.0,50.0,-50.0,-50.0,-50.0,50.0,-50.0
15.3125,-50.0,-50.0,50.0,-50.0,-50.0,-50.0,50.0,-50.0
15.31640625,-50.0,-50.0,50.0,-50.0,-50.0,-50.0,50.0,-50.0
15.3203125,-50.0,-50.0,50.0,-50.0,-50.0,-50.0,50.0,-50.0
15.32421875,-50.0,-50.0,50.0,-50.0,-50.0,-50.0,50.0,-50.0
15.328125,-50.0,-50.0,50.0,-50.0,-50.0,-50.0,50.0,-50.0
15.33203125,-50.0,-50.0,50.0,-50.0,-50.0,-50.0,50.0,-50.0
15.3359375,-50.0,50.0,50.0,50.0,-50.0,50.0,50.0,50.0
15.33984375,-50.0,50.0,50.0,50.0,-50.0,50.0,50.0,50.0
15.34375,-50.0,50.0,50.0,50.0,-50.0,50.0,50.0,50.0
15.34765625,-50.0,50.0,50.0,50.0,-50.0,50.0,50.0,50.0
15.3515625,-50.0,50.0,50.0,50.0,-50.0,50.0,50.0,50.0
15.35546875,-50.0,50.0,50.0,50.0,-50.0,50.0,50.0,50.0
15.359375,-50.0,50.0,50.0,50.0,-50.0,50.0,50.0,50.0
15.36328125,-50.0,50.0,50.0,50.0,-50.0,50.0,50.0,50.0
15.3671875,-50.0,50.0,50.0,50.0,-50.0,50.0,50.0,50.0
15.37109375,-50.0,50.0,50.0,50.0,-50.0,50.0,50.0,50.0
15.375,-50.0,50.0,50.0,50.0,-50.0,50.0,50.0,50.0
15.37890625,-50.0,50.0,50.0,50.0,-50.0,50.0,50.0,50.0
15.3828125,-50.0,50.0,50.0,50.0,-50.0,50.0,50.0,50.0
15.38671875,-50.0,50.0,50.0,50.0,-50.0,50.0,50.0,50.0
15.390625,-50.0,50.0,50.0,50.0,-50.0,50.0,50.0,50.0
15.39453125,-50.0,50.0,50.0,50.0,-50.0,50.0,50.0,50.0
15.3984375,-50.0,50.0,50.0,50.0,-50.0,50.0,50.0,50.0
15.40234375,-50.0,50.0,-50.0,50.0,-50.0,50.0,-50.0,50.0
15.40625,-50.0,50.0,-50.0,50.0,-50.0,50.0,-50.0,50.0
15.41015625,-50.0,50.0,-50.0,50.0,-50.0,50.0,-50.0,50.0
15.4140625,-50.0,50.0,-50.0,50.0,-50.0,50.0,-50.0,50.0
15.41796875,-50.0,50.0,-50.0,50.0,-50.0,50.0,-50.0,50.0
15.421875,-50.0,50.0,-50.0,50.0,-50.0,50.0,-50.0,50.0
15.42578125,-50.0,50.0,-50.0,50.0,-50.0,50.0,-50.0,50.0
15.4296875,-50.0,50.0,-50.0,50.0,-50.0,50.0,-50.0,50.0
15.43359375,-50.0,50.0,-50.0,50.0,-50.0,50.0,-50.0,50.0
15.4375,-50.0,50.0,-50.0,50.0,-50.0,50.0,-50.0,50.0
15.44140625,-50.0,50.0,-50.0,50.0,-50.0,50.0,-50.0,50.0
15.4453125,-50.0,50.0,-50.0,50.0,-50.0,50.0,-50.0,50.0
15.44921875,-50.0,50.0,-50.0,50.0,-50.0,50.0,-50.0,50.0
15.453125,-50.0,50.0,-50.0,50.0,-50.0,50.0,-50.0,50.0
15.45703125,-50.0,50.0,-50.0,50.0,-50.0,50.0,-50.0,50.0
15.4609375,-50.0,50.0,-50.0,50.0,-50.0,50.0,-50.0,50.0
15.46484375,-50.0,50.0,-50.0,50.0,-50.0,50.0,-50.0,50.0
15.46875,-50.0,50.0,-50.0,50.0,-50.0,50.0,-50.0,50.0
15.47265625,-50.0,50.0,-50.0,50.0,-50.0,50.0,-50.0,50.0
15.4765625,-50.0,50.0,-50.0,50.0,-50.0,50.0,-50.0,50.0
15.48046875,-50.0,50.0,-50.0,50.0,-50.0,50.0,-50.0,50.0
15.484375,-50.0,50.0,-50.0,50.0,-50.0,50.0,-50.0,50.0
15.48828125,-50.0,50.0,-50.0,50.0,-50.0,50.0,-50.0,50.0
15.4921875,-50.0,50.0,-50.0,50.0,-50.0,50.0,-50.0,50.0
15.49609375,-50.0,50.0,-50.0,50.0,-50.0,50.0,-50.0,50.0
15.5,-50.0,50.0,-50.0,50.0,-50.0,50.0,-50.0,50.0
15.50390625,50.0,-50.0,-50.0,50.0,50.0,-50.0,-50.0,50.0
15.5078125,50.0,-50.0,-50.0,50.0,50.0,-50.0,-50.0,50.0
15.51171875,50.0,-50.0,-50.0,50.0,50.0,-50.0,-50.0,50.0
15.515625,50.0,-50.0,-50.0,50.0,50.0,-50.0,-50.0,50.0
15.51953125,50.0,-50.0,-50.0,50.0,50.0,-50.0,-50.0,50.0
15.5234375,50.0,-50.0,-50.0,50.0,50.0,-50.0,-50.0,50.0
15.52734375,50.0,-50.0,-50.0,50.0,50.0,-50.0,-50.0,50.0
15.53125,50.0,-50.0,-50.0,50.0,50.0,-50.0,-50.0,50.0
15.53515625,50.0,-50.0,-50.0,50.0,50.0,-50.0,-50.0,50.0
15.5390625,50.0,-50.0,-50.0,50.0,50.0,-50.0,-50.0,50.0
15.54296875,50.0,-50.0,-50.0,50.0,50.0,-50.0,-50.0,50.0
15.546875,50.0,-50.0,-50.0,50.0,50.0,-50.0,-50.0,50.0
15.55078125,50.0,-50.0,-50.0,50.0,50.0,-50.0,-50.0,50.0
15.5546875,50.0,-50.0,-50.0,50.0,50.0,-50.0,-50.0,50.0
15.55859375,50.0,-50.0,-50.0,50.0,50.0,-50.0,-50.0,50.0
15.5625,50.0,-50.0,-50.0,50.0,50.0,-50.0,-50.0,50.0
15.56640625,50.0,-50.0,-50.0,50.0,50.0,-50.0,-50.0,50.0
15.5703125,50.0,-50.0,-50.0,50.0,50.0,-50.0,-50.0,50.0
15.57421875,50.0,-50.0,-50.0,50.0,50.0,-50.0,-50.0,50.0
15.578125,50.0,-50.0,-50.0,50.0,50.0,-50.0,-50.0,50.0
15.58203125,50.0,-50.0,-50.0,50.0,50.0,-50.0,-50.0,50.0
15.5859375,50.0,-50.0,-50.0,50.0,50.0,-50.0,-50.0,50.0
15.58984375,50.0,-50.0,-50.0,50.0,50.0,-50.0,-50.0,50.0
15.59375,50.0,-50.0,-50.0,50.0,50.0,-50.0,-50.0,50.0
15.59765625,50.0,-50.0,-50.0,50.0,50.0,-50.0,-50.0,50.0
15.6015625,50.0,-50.0,50.0,50.0,50.0,-50.0,50.0,50.0
15.60546875,50.0,-50.0,50.0,50.0,50.0,-50.0,50.0,50.0
15.609375,50.0,-50.0,50.0,50.0,50.0,-50.0,50.0,50.0
15.61328125,50.0,-50.0,50.0,50.0,50.0,-50.0,50.0,50.0
15.6171875,50.0,-50.0,50.0,50.0,50.0,-50.0,50.0,50.0
15.62109375,50.0,-50.0,50.0,50.0,50.0,-50.0,50.0,50.0
15.625,50.0,-50.0,50.0,50.0,50.0,-50.0,50.0,50.0
15.62890625,50.0,-50.0,50.0,50.0,50.0,-50.0,50.0,50.0
15.6328125,50.0,-50.0,50.0,50.0,50.0,-50.0,50.0,50.0
15.63671875,50.0,-50.0,50.0,50.0,50.0,-50.0,50.0,50.0
15.640625,50.0,-50.0,50.0,50.0,50.0,-50.0,50.0,50.0
15.64453125,50.0,-50.0,50.0,50.0,50.0,-50.0,50.0,50.0
15.6484375,50.0,-50.0,50.0,50.0,50.0,-50.0,50.0,50.0
15.65234375,50.0,-50.0,50.0,50.0,50.0,-50.0,50.0,50.0
15.65625,50.0,-50.0,50.0,50.0,50.0,-50.0,50.0,50.0
15.66015625,50.0,-50.0,50.0,50.0,50.0,-50.0,50.0,50.0
15.6640625,50.0,-50.0,50.0,50.0,50.0,-50.0,50.0,50.0
15.66796875,50.0,50.0,50.0,-50.0,50.0,50.0,50.0,-50.0
15.671875,50.0,50.0,50.0,-50.0,50.0,50.0,50.0,-50.0
15.67578125,50.0,50.0,50.0,-50.0,50.0,50.0,50.0,-50.0
15.6796875,50.0,50.0,50.0,-50.0,50.0,50.0,50.0,-50.0
15.68359375,50.0,50.0,50.0,-50.0,50.0,50.0,50.0,-50.0
15.6875,50.0,50.0,50.0,-50.0,50.0,50.0,50.0,-50.0
15.69140625,50.0,50.0,50.0,-50.0,50.0,50.0,50.0,-50.0
15.6953125,50.0,50.0,50.0,-50.0,50.0,50.0,50.0,-50.0
15.69921875,50.0,50.0,50.0,-50.0,50.0,50.0,50.0,-50.0
15.703125,50.0,50.0,50.0,-50.0,50.0,50.0,50.0,-50.0
15.70703125,50.0,50.0,50.0,-50.0,50.0,50.0,50.0,-50.0
15.7109375,50.0,50.0,50.0,-50.0,50.0,50.0,50.0,-50.0
15.71484375,50.0,50.0,50.0,-50.0,50.0,50.0,50.0,-50.0
15.71875,50.0,50.0,50.0,-50.0,50.0,50.0,50.0,-50.0
15.72265625,50.0,50.0,50.0,-50.0,50.0,50.0,50.0,-50.0
15.7265625,50.0,50.0,50.0,-50.0,50.0,50.0,50.0,-50.0
15.73046875,50.0,50.0,50.0,-50.0,50.0,50.0,50.0,-50.0
15.734375,50.0,50.0,50.0,-50.0,50.0,50.0,50.0,-50.0
15.73828125,50.0,50.0,50.0,-50.0,50.0,50.0,50.0,-50.0
15.7421875,50.0,50.0,50.0,-50.0,50.0,50.0,50.0,-50.0
15.74609375,50.0,50.0,50.0,-50.0,50.0,50.0,50.0,-50.0
15.75,-50.0,50.0,50.0,-50.0,-50.0,50.0,50.0,-50.0
15.75390625,-50.0,50.0,50.0,-50.0,-50.0,50.0,50.0,-50.0
15.7578125,-50.0,50.0,50.0,-50.0,-50.0,50.0,50.0,-50.0
15.76171875,-50.0,50.0,50.0,-50.0,-50.0,50.0,50.0,-50.0
15.765625,-50.0,50.0,50.0,-50.0,-50.0,50.0,50.0,-50.0
15.76953125,-50.0,50.0,50.0,-50.0,-50.0,50.0,50.0,-50.0
15.7734375,-50.0,50.0,50.0,-50.0,-50.0,50.0,50.0,-50.0
15.77734375,-50.0,50.0,50.0,-50.0,-50.0,50.0,50.0,-50.0
15.78125,-50.0,50.0,50.0,-50.0,-50.0,50.0,50.0,-50.0
15.78515625,-50.0,50.0,50.0,-50.0,-50.0,50.0,50.0,-50.0
15.7890625,-50.0,50.0,50.0,-50.0,-50.0,50.0,50.0,-50.0
15.79296875,-50.0,50.0,50.0,-50.0,-50.0,50.0,50.0,-50.0
15.796875,-50.0,50.0,50.0,-50.0,-50.0,50.0,50.0,-50.0
15.80078125,-50.0,50.0,-50.0,-50.0,-50.0,50.0,-50.0,-50.0
15.8046875,-50.0,50.0,-50.0,-50.0,-50.0,50.0,-50.0,-50.0
15.80859375,-50.0,50.0,-50.0,-50.0,-50.0,50.0,-50.0,-50.0
15.8125,-50.0,50.0,-50.0,-50.0,-50.0,50.0,-50.0,-50.0
15.81640625,-50.0,50.0,-50.0,-50.0,-50.0,50.0,-50.0,-50.0
15.8203125,-50.0,50.0,-50.0,-50.0,-50.0,50.0,-50.0,-50.0
15.82421875,-50.0,50.0,-50.0,-50.0,-50.0,50.0,-50.0,-50.0
15.828125,-50.0,50.0,-50.0,-50.0,-50.0,50.0,-50.0,-50.0
15.83203125,-50.0,50.0,-50.0,-50.0,-50.0,50.0,-50.0,-50.0
15.8359375,-50.0,-50.0,-50.0,-50.0,-50.0,-50.0,-50.0,-50.0
15.83984375,-50.0,-50.0,-50.0,-50.0,-50.0,-50.0,-50.0,-50.0
15.84375,-50.0,-50.0,-50.0,-50.0,-50.0,-50.0,-50.0,-50.0
15.84765625,-50.0,-50.0,-50.0,-50.0,-50.0,-50.0,-50.0,-50.0
15.8515625,-50.0,-50.0,-50.0,-50.0,-50.0,-50.0,-50.0,-50.0
15.85546875,-50.0,-50.0,-50.0,-50.0,-50.0,-50.0,-50.0,-50.0
15.859375,-50.0,-50.0,-50.0,-50.0,-50.0,-50.0,-50.0,-50.0
15.86328125,-50.0,-50.0,-50.0,-50.0,-50.0,-50.0,-50.0,-50.0
15.8671875,-50.0,-50.0,-50.0,-50.0,-50.0,-50.0,-50.0,-50.0
15.87109375,-50.0,-50.0,-50.0,-50.0,-50.0,-50.0,-50.0,-50.0
15.875,-50.0,-50.0,-50.0,-50.0,-50.0,-50.0,-50.0,-50.0
15.87890625,-50.0,-50.0,-50.0,-50.0,-50.0,-50.0,-50.0,-50.0
15.8828125,-50.0,-50.0,-50.0,-50.0,-50.0,-50.0,-50.0,-50.0
15.88671875,-50.0,-50.0,-50.0,-50.0,-50.0,-50.0,-50.0,-50.0
15.890625,-50.0,-50.0,-50.0,-50.0,-50.0,-50.0,-50.0,-50.0
15.89453125,-50.0,-50.0,-50.0,-50.0,-50.0,-50.0,-50.0,-50.0
15.8984375,-50.0,-50.0,-50.0,-50.0,-50.0,-50.0,-50.0,-50.0
15.90234375,-50.0,-50.0,-50.0,-50.0,-50.0,-50.0,-50.0,-50.0
15.90625,-50.0,-50.0,-50.0,-50.0,-50.0,-50.0,-50.0,-50.0
15.91015625,-50.0,-50.0,-50.0,-50.0,-50.0,-50.0,-50.0,-50.0
15.9140625,-50.0,-50.0,-50.0,-50.0,-50.0,-50.0,-50.0,-50.0
15.91796875,-50.0,-50.0,-50.0,-50.0,-50.0,-50.0,-50.0,-50.0
15.921875,-50.0,-50.0,-50.0,-50.0,-50.0,-50.0,-50.0,-50.0
15.92578125,-50.0,-50.0,-50.0,-50.0,-50.0,-50.0,-50.0,-50.0
15.9296875,-50.0,-50.0,-50.0,-50.0,-50.0,-50.0,-50.0,-50.0
15.93359375,-50.0,-50.0,-50.0,-50.0,-50.0,-50.0,-50.0,-50.0
15.9375,-50.0,-50.0,-50.0,-50.0,-50.0,-50.0,-50.0,-50.0
15.94140625,-50.0,-50.0,-50.0,-50.0,-50.0,-50.0,-50.0,-50.0
15.9453125,-50.0,-50.0,-50.0,-50.0,-50.0,-50.0,-50.0,-50.0
15.94921875,-50.0,-50.0,-50.0,-50.0,-50.0,-50.0,-50.0,-50.0
15.953125,-50.0,-50.0,-50.0,-50.0,-50.0,-50.0,-50.0,-50.0
15.95703125,-50.0,-50.0,-50.0,-50.0,-50.0,-50.0,-50.0,-50.0
15.9609375,-50.0,-50.0,-50.0,-50.0,-50.0,-50.0,-50.0,-50.0
15.96484375,-50.0,-50.0,-50.0,-50.0,-50.0,-50.0,-50.0,-50.0
15.96875,-50.0,-50.0,-50.0,-50.0,-50.0,-50.0,-50.0,-50.0
15.97265625,-50.0,-50.0,-50.0,-50.0,-50.0,-50.0,-50.0,-50.0
15.9765625,-50.0,-50.0,-50.0,-50.0,-50.0,-50.0,-50.0,-50.0
15.98046875,-50.0,-50.0,-50.0,-50.0,-50.0,-50.0,-50.0,-50.0
15.984375,-50.0,-50.0,-50.0,-50.0,-50.0,-50.0,-50.0,-50.0
15.98828125,-50.0,-50.0,-50.0,-50.0,-50.0,-50.0,-50.0,-50.0
15.9921875,-50.0,-50.0,-50.0,-50.0,-50.0,-50.0,-50.0,-50.0
15.99609375,-50.0,-50.0,-50.0,-50.0,-50.0,-50.0,-50.0,-50.0
16.0,50.0,50.0,50.0,50.0,50.0,50.0,50.0,50.0
16.00390625,50.0,50.0,50.0,50.0,50.0,50.0,50.0,50.0
16.0078125,50.0,50.0,50.0,50.0,50.0,50.0,50.0,50.0
16.01171875,50.0,50.0,50.0,50.0,50.0,50.0,50.0,50.0
16.015625,50.0,50.0,50.0,50.0,50.0,50.0,50.0,50.0
16.01953125,50.0,50.0,50.0,50.0,50.0,50.0,50.0,50.0
16.0234375,50.0,50.0,50.0,50.0,50.0,50.0,50.0,50.0
16.02734375,50.0,50.0,50.0,50.0,50.0,50.0,50.0,50.0
16.03125,50.0,50.0,50.0,50.0,50.0,50.0,50.0,50.0
16.03515625,50.0,50.0,50.0,50.0,50.0,50.0,50.0,50.0
16.0390625,50.0,50.0,50.0,50.0,50.0,50.0,50.0,50.0
16.04296875,50.0,50.0,50.0,50.0,50.0,50.0,50.0,50.0
16.046875,50.0,50.0,50.0,50.0,50.0,50.0,50.0,50.0
16.05078125,50.0,50.0,50.0,50.0,50.0,50.0,50.0,50.0
16.0546875,50.0,50.0,50.0,50.0,50.0,50.0,50.0,50.0
16.05859375,50.0,50.0,50.0,50.0,50.0,50.0,50.0,50.0
16.0625,50.0,50.0,50.0,50.0,50.0,50.0,50.0,50.0
16.06640625,50.0,50.0,50.0,50.0,50.0,50.0,50.0,50.0
16.0703125,50.0,50.0,50.0,50.0,50.0,50.0,50.0,50.0
16.07421875,50.0,50.0,50.0,50.0,50.0,50.0,50.0,50.0
16.078125,50.0,50.0,50.0,50.0,50.0,50.0,50.0,50.0
16.08203125,50.0,50.0,50.0,50.0,50.0,50.0,50.0,50.0
16.0859375,50.0,50.0,50.0,50.0,50.0,50.0,50.0,50.0
16.08984375,50.0,50.0,50.0,50.0,50.0,50.0,50.0,50.0
16.09375,50.0,50.0,50.0,50.0,50.0,50.0,50.0,50.0
16.09765625,50.0,50.0,50.0,50.0,50.0,50.0,50.0,50.0
16.1015625,50.0,50.0,50.0,50.0,50.0,50.0,50.0,50.0
16.10546875,50.0,50.0,50.0,50.0,50.0,50.0,50.0,50.0
16.109375,50.0,50.0,50.0,50.0,50.0,50.0,50.0,50.0
16.11328125,50.0,50.0,50.0,50.0,50.0,50.0,50.0,50.0
16.1171875,50.0,50.0,50.0,50.0,50.0,50.0,50.0,50.0
16.12109375,50.0,50.0,50.0,50.0,50.0,50.0,50.0,50.0
16.125,50.0,50.0,50.0,50.0,50.0,50.0,50.0,50.0
16.12890625,50.0,50.0,50.0,50.0,50.0,50.0,50.0,50.0
16.1328125,50.0,50.0,50.0,50.0,50.0,50.0,50.0,50.0
16.13671875,50.0,50.0,50.0,50.0,50.0,50.0,50.0,50.0
16.140625,50.0,50.0,50.0,50.0,50.0,50.0,50.0,50.0
16.14453125,50.0,50.0,50.0,50.0,50.0,50.0,50.0,50.0
16.1484375,50.0,50.0,50.0,50.0,50.0,50.0,50.0,50.0
16.15234375,50.0,50.0,50.0,50.0,50.0,50.0,50.0,50.0
16.15625,50.0,50.0,50.0,50.0,50.0,50.0,50.0,50.0
16.16015625,50.0,50.0,50.0,50.0,50.0,50.0,50.0,50.0
16.1640625,50.0,50.0,50.0,50.0,50.0,50.0,50.0,50.0
16.16796875,50.0,-50.0,50.0,50.0,50.0,-50.0,50.0,50.0
16.171875,50.0,-50.0,50.0,50.0,50.0,-50.0,50.0,50.0
16.17578125,50.0,-50.0,50.0,50.0,50.0,-50.0,50.0,50.0
16.1796875,50.0,-50.0,50.0,50.0,50.0,-50.0,50.0,50.0
16.18359375,50.0,-50.0,50.0,50.0,50.0,-50.0,50.0,50.0
16.1875,50.0,-50.0,50.0,50.0,50.0,-50.0,50.0,50.0
16.19140625,50.0,-50.0,50.0,50.0,50.0,-50.0,50.0,50.0
16.1953125,50.0,-50.0,50.0,50.0,50.0,-50.0,50.0,50.0
16.19921875,50.0,-50.0,50.0,50.0,50.0,-50.0,50.0,50.0
16.203125,50.0,-50.0,-50.0,50.0,50.0,-50.0,-50.0,50.0
16.20703125,50.0,-50.0,-50.0,50.0,50.0,-50.0,-50.0,50.0
16.2109375,50.0,-50.0,-50.0,50.0,50.0,-50.0,-50.0,50.0
16.21484375,50.0,-50.0,-50.0,50.0,50.0,-50.0,-50.0,50.0
16.21875,50.0,-50.0,-50.0,50.0,50.0,-50.0,-50.0,50.0
16.22265625,50.0,-50.0,-50.0,50.0,50.0,-50.0,-50.0,50.0
16.2265625,50.0,-50.0,-50.0,50.0,50.0,-50.0,-50.0,50.0
16.23046875,50.0,-50.0,-50.0,50.0,50.0,-50.0,-50.0,50.0
16.234375,50.0,-50.0,-50.0,50.0,50.0,-50.0,-50.0,50.0
16.23828125,50.0,-50.0,-50.0,50.0,50.0,-50.0,-50.0,50.0
16.2421875,50.0,-50.0,-50.0,50.0,50.0,-50.0,-50.0,50.0
16.24609375,50.0,-50.0,-50.0,50.0,50.0,-50.0,-50.0,50.0
16.25,50.0,-50.0,-50.0,50.0,50.0,-50.0,-50.0,50.0
16.25390625,-50.0,-50.0,-50.0,50.0,-50.0,-50.0,-50.0,50.0
16.2578125,-50.0,-50.0,-50.0,50.0,-50.0,-50.0,-50.0,50.0
16.26171875,-50.0,-50.0,-50.0,50.0,-50.0,-50.0,-50.0,50.0
16.265625,-50.0,-50.0,-50.0,50.0,-50.0,-50.0,-50.0,50.0
16.26953125,-50.0,-50.0,-50.0,50.0,-50.0,-50.0,-50.0,50.0
16.2734375,-50.0,-50.0,-50.0,50.0,-50.0,-50.0,-50.0,50.0
16.27734375,-50.0,-50.0,-50.0,50.0,-50.0,-50.0,-50.0,50.0
16.28125,-50.0,-50.0,-50.0,50.0,-50.0,-50.0,-50.0,50.0
16.28515625,-50.0,-50.0,-50.0,50.0,-50.0,-50.0,-50.0,50.0
16.2890625,-50.0,-50.0,-50.0,50.0,-50.0,-50.0,-50.0,50.0
16.29296875,-50.0,-50.0,-50.0,50.0,-50.0,-50.0,-50.0,50.0
16.296875,-50.0,-50.0,-50.0,50.0,-50.0,-50.0,-50.0,50.0
16.30078125,-50.0,-50.0,-50.0,50.0,-50.0,-50.0,-50.0,50.0
16.3046875,-50.0,-50.0,-50.0,50.0,-50.0,-50.0,-50.0,50.0
16.30859375,-50.0,-50.0,-50.0,50.0,-50.0,-50.0,-50.0,50.0
16.3125,-50.0,-50.0,-50.0,50.0,-50.0,-50.0,-50.0,50.0
16.31640625,-50.0,-50.0,-50.0,50.0,-50.0,-50.0,-50.0,50.0
16.3203125,-50.0,-50.0,-50.0,50.0,-50.0,-50.0,-50.0,50.0
16.32421875,-50.0,-50.0,-50.0,50.0,-50.0,-50.0,-50.0,50.0
16.328125,-50.0,-50.0,-50.0,50.0,-50.0,-50.0,-50.0,50.0
16.33203125,-50.0,-50.0,-50.0,50.0,-50.0,-50.0,-50.0,50.0
16.3359375,-50.0,50.0,-50.0,-50.0,-50.0,50.0,-50.0,-50.0
16.33984375,-50.0,50.0,-50.0,-50.0,-50.0,50.0,-50.0,-50.0
16.34375,-50.0,50.0,-50.0,-50.0,-50.0,50.0,-50.0,-50.0
16.34765625,-50.0,50.0,-50.0,-50.0,-50.0,50.0,-50.0,-50.0
16.3515625,-50.0,50.0,-50.0,-50.0,-50.0,50.0,-50.0,-50.0
16.35546875,-50.0,50.0,-50.0,-50.0,-50.0,50.0,-50.0,-50.0
16.359375,-50.0,50.0,-50.0,-50.0,-50.0,50.0,-50.0,-50.0
16.36328125,-50.0,50.0,-50.0,-50.0,-50.0,50.0,-50.0,-50.0
16.3671875,-50.0,50.0,-50.0,-50.0,-50.0,50.0,-50.0,-50.0
16.37109375,-50.0,50.0,-50.0,-50.0,-50.0,50.0,-50.0,-50.0
16.375,-50.0,50.0,-50.0,-50.0,-50.0,50.0,-50.0,-50.0
16.37890625,-50.0,50.0,-50.0,-50.0,-50.0,50.0,-50.0,-50.0
16.3828125,-50.0,50.0,-50.0,-50.0,-50.0,50.0,-50.0,-50.0
16.38671875,-50.0,50.0,-50.0,-50.0,-50.0,50.0,-50.0,-50.0
16.390625,-50.0,50.0,-50.0,-50.0,-50.0,50.0,-50.0,-50.0
16.39453125,-50.0,50.0,-50.0,-50.0,-50.0,50.0,-50.0,-50.0
16.3984375,-50.0,50.0,-50.0,-50.0,-50.0,50.0,-50.0,-50.0
16.40234375,-50.0,50.0,50.0,-50.0,-50.0,50.0,50.0,-50.0
16.40625,-50.0,50.0,50.0,-50.0,-50.0,50.0,50.0,-50.0
16.41015625,-50.0,50.0,50.0,-50.0,-50.0,50.0,50.0,-50.0
16.4140625,-50.0,50.0,50.0,-50.0,-50.0,50.0,50.0,-50.0
16.41796875,-50.0,50.0,50.0,-50.0,-50.0,50.0,50.0,-50.0
16.421875,-50.0,50.0,50.0,-50.0,-50.0,50.0,50.0,-50.0
16.42578125,-50.0,50.0,50.0,-50.0,-50.0,50.0,50.0,-50.0
16.4296875,-50.0,50.0,50.0,-50.0,-50.0,50.0,50.0,-50.0
16.43359375,-50.0,50.0,50.0,-50.0,-50.0,50.0,50.0,-50.0
16.4375,-50.0,50.0,50.0,-50.0,-50.0,50.0,50.0,-50.0
16.44140625,-50.0,50.0,50.0,-50.0,-50.0,50.0,50.0,-50.0
16.4453125,-50.0,50.0,50.0,-50.0,-50.0,50.0,50.0,-50.0
16.44921875,-50.0,50.0,50.0,-50.0,-50.0,50.0,50.0,-50.0
16.453125,-50.0,50.0,50.0,-50.0,-50.0,50.0,50.0,-50.0
16.45703125,-50.0,50.0,50.0,-50.0,-50.0,50.0,50.0,-50.0
16.4609375,-50.0,50.0,50.0,-50.0,-50.0,50.0,50.0,-50.0
16.46484375,-50.0,50.0,50.0,-50.0,-50.0,50.0,50.0,-50.0
16.46875,-50.0,50.0,50.0,-50.0,-50.0,50.0,50.0,-50.0
16.47265625,-50.0,50.0,50.0,-50.0,-50.0,50.0,50.0,-50.0
16.4765625,-50.0,50.0,50.0,-50.0,-50.0,50.0,50.0,-50.0
16.48046875,-50.0,50.0,50.0,-50.0,-50.0,50.0,50.0,-50.0
16.484375,-50.0,50.0,50.0,-50.0,-50.0,50.0,50.0,-50.0
16.48828125,-50.0,50.0,50.0,-50.0,-50.0,50.0,50.0,-50.0
16.4921875,-50.0,50.0,50.0,-50.0,-50.0,50.0,50.0,-50.0
16.49609375,-50.0,50.0,50.0,-50.0,-50.0,50.0,50.0,-50.0
16.5,50.0,-50.0,50.0,-50.0,50.0,-50.0,50.0,-50.0
16.50390625,50.0,-50.0,50.0,-50.0,50.0,-50.0,50.0,-50.0
16.5078125,50.0,-50.0,50.0,-50.0,50.0,-50.0,50.0,-50.0
16.51171875,50.0,-50.0,50.0,-50.0,50.0,-50.0,50.0,-50.0
16.515625,50.0,-50.0,50.0,-50.0,50.0,-50.0,50.0,-50.0
16.51953125,50.0,-50.0,50.0,-50.0,50.0,-50.0,50.0,-50.0
16.5234375,50.0,-50.0,50.0,-50.0,50.0,-50.0,50.0,-50.0
16.52734375,50.0,-50.0,50.0,-50.0,50.0,-50.0,50.0,-50.0
16.53125,50.0,-50.0,50.0,-50.0,50.0,-50.0,50.0,-50.0
16.53515625,50.0,-50.0,50.0,-50.0,50.0,-50.0,50.0,-50.0
16.5390625,50.0,-50.0,50.0,-50.0,50.0,-50.0,50.0,-50.0
16.54296875,50.0,-50.0,50.0,-50.0,50.0,-50.0,50.0,-50.0
16.546875,50.0,-50.0,50.0,-50.0,50.0,-50.0,50.0,-50.0
16.55078125,50.0,-50.0,50.0,-50.0,50.0,-50.0,50.0,-50.0
16.5546875,50.0,-50.0,50.0,-50.0,50.0,-50.0,50.0,-50.0
16.55859375,50.0,-50.0,50.0,-50.0,50.0,-50.0,50.0,-50.0
16.5625,50.0,-50.0,50.0,-50.0,50.0,-50.0,50.0,-50.0
16.56640625,50.0,-50.0,50.0,-50.0,50.0,-50.0,50.0,-50.0
16.5703125,50.0,-50.0,50.0,-50.0,50.0,-50.0,50.0,-50.0
16.57421875,50.0,-50.0,50.0,-50.0,50.0,-50.0,50.0,-50.0
16.578125,50.0,-50.0,50.0,-50.0,50.0,-50.0,50.0,-50.0
16.58203125,50.0,-50.0,50.0,-50.0,50.0,-50.0,50.0,-50.0
16.5859375,50.0,-50.0,50.0,-50.0,50.0,-50.0,50.0,-50.0
16.58984375,50.0,-50.0,50.0,-50.0,50.0,-50.0,50.0,-50.0
16.59375,50.0,-50.0,50.0,-50.0,50.0,-50.0,50.0,-50.0
16.59765625,50.0,-50.0,50.0,-50.0,50.0,-50.0,50.0,-50.0
16.6015625,50.0,-50.0,-50.0,-50.0,50.0,-50.0,-50.0,-50.0
16.60546875,50.0,-50.0,-50.0,-50.0,50.0,-50.0,-50.0,-50.0
16.609375,50.0,-50.0,-50.0,-50.0,50.0,-50.0,-50.0,-50.0
16.61328125,50.0,-50.0,-50.0,-50.0,50.0,-50.0,-50.0,-50.0
16.6171875,50.0,-50.0,-50.0,-50.0,50.0,-50.0,-50.0,-50.0
16.62109375,50.0,-50.0,-50.0,-50.0,50.0,-50.0,-50.0,-50.0
16.625,50.0,-50.0,-50.0,-50.0,50.0,-50.0,-50.0,-50.0
16.62890625,50.0,-50.0,-50.0,-50.0,50.0,-50.0,-50.0,-50.0
16.6328125,50.0,-50.0,-50.0,-50.0,50.0,-50.0,-50.0,-50.0
16.63671875,50.0,-50.0,-50.0,-50.0,50.0,-50.0,-50.0,-50.0
16.640625,50.0,-50.0,-50.0,-50.0,50.0,-50.0,-50.0,-50.0
16.64453125,50.0,-50.0,-50.0,-50.0,50.0,-50.0,-50.0,-50.0
16.6484375,50.0,-50.0,-50.0,-50.0,50.0,-50.0,-50.0,-50.0
16.65234375,50.0,-50.0,-50.0,-50.0,50.0,-50.0,-50.0,-50.0
16.65625,50.0,-50.0,-50.0,-50.0,50.0,-50.0,-50.0,-50.0
16.66015625,50.0,-50.0,-50.0,-50.0,50.0,-50.0,-50.0,-50.0
16.6640625,50.0,-50.0,-50.0,-50.0,50.0,-50.0,-50.0,-50.0
16.66796875,50.0,50.0,-50.0,50.0,50.0,50.0,-50.0,50.0
16.671875,50.0,50.0,-50.0,50.0,50.0,50.0,-50.0,50.0
16.67578125,50.0,50.0,-50.0,50.0,50.0,50.0,-50.0,50.0
16.6796875,50.0,50.0,-50.0,50.0,50.0,50.0,-50.0,50.0
16.68359375,50.0,50.0,-50.0,50.0,50.0,50.0,-50.0,50.0
16.6875,50.0,50.0,-50.0,50.0,50.0,50.0,-50.0,50.0
16.69140625,50.0,50.0,-50.0,50.0,50.0,50.0,-50.0,50.0
16.6953125,50.0,50.0,-50.0,50.0,50.0,50.0,-50.0,50.0
16.69921875,50.0,50.0,-50.0,50.0,50.0,50.0,-50.0,50.0
16.703125,50.0,50.0,-50.0,50.0,50.0,50.0,-50.0,50.0
16.70703125,50.0,50.0,-50.0,50.0,50.0,50.0,-50.0,50.0
16.7109375,50.0,50.0,-50.0,50.0,50.0,50.0,-50.0,50.0
16.71484375,50.0,50.0,-50.0,50.0,50.0,50.0,-50.0,50.0
16.71875,50.0,50.0,-50.0,50.0,50.0,50.0,-50.0,50.0
16.72265625,50.0,50.0,-50.0,50.0,50.0,50.0,-50.0,50.0
16.7265625,50.0,50.0,-50.0,50.0,50.0,50.0,-50.0,50.0
16.73046875,50.0,50.0,-50.0,50.0,50.0,50.0,-50.0,50.0
16.734375,50.0,50.0,-50.0,50.0,50.0,50.0,-50.0,50.0
16.73828125,50.0,50.0,-50.0,50.0,50.0,50.0,-50.0,50.0
16.7421875,50.0,50.0,-50.0,50.0,50.0,50.0,-50.0,50.0
16.74609375,50.0,50.0,-50.0,50.0,50.0,50.0,-50.0,50.0
16.75,50.0,50.0,-50.0,50.0,50.0,50.0,-50.0,50.0
16.75390625,-50.0,50.0,-50.0,50.0,-50.0,50.0,-50.0,50.0
16.7578125,-50.0,50.0,-50.0,50.0,-50.0,50.0,-50.0,50.0
16.76171875,-50.0,50.0,-50.0,50.0,-50.0,50.0,-50.0,50.0
16.765625,-50.0,50.0,-50.0,50.0,-50.0,50.0,-50.0,50.0
16.76953125,-50.0,50.0,-50.0,50.0,-50.0,50.0,-50.0,50.0
16.7734375,-50.0,50.0,-50.0,50.0,-50.0,50.0,-50.0,50.0
16.77734375,-50.0,50.0,-50.0,50.0,-50.0,50.0,-50.0,50.0
16.78125,-50.0,50.0,-50.0,50.0,-50.0,50.0,-50.0,50.0
16.78515625,-50.0,50.0,-50.0,50.0,-50.0,50.0,-50.0,50.0
16.7890625,-50.0,50.0,-50.0,50.0,-50.0,50.0,-50.0,50.0
16.79296875,-50.0,50.0,-50.0,50.0,-50.0,50.0,-50.0,50.0
16.796875,-50.0,50.0,-50.0,50.0,-50.0,50.0,-50.0,50.0
16.80078125,-50.0,50.0,50.0,50.0,-50.0,50.0,50.0,50.0
16.8046875,-50.0,50.0,50.0,50.0,-50.0,50.0,50.0,50.0
16.80859375,-50.0,50.0,50.0,50.0,-50.0,50.0,50.0,50.0
16.8125,-50.0,50.0,50.0,50.0,-50.0,50.0,50.0,50.0
16.81640625,-50.0,50.0,50.0,50.0,-50.0,50.0,50.0,50.0
16.8203125,-50.0,50.0,50.0,50.0,-50.0,50.0,50.0,50.0
16.82421875,-50.0,50.0,50.0,50.0,-50.0,50.0,50.0,50.0
16.828125,-50.0,50.0,50.0,50.0,-50.0,50.0,50.0,50.0
16.83203125,-50.0,50.0,50.0,50.0,-50.0,50.0,50.0,50.0
16.8359375,-50.0,-50.0,50.0,50.0,-50.0,-50.0,50.0,50.0
16.83984375,-50.0,-50.0,50.0,50.0,-50.0,-50.0,50.0,50.0
16.84375,-50.0,-50.0,50.0,50.0,-50.0,-50.0,50.0,50.0
16.84765625,-50.0,-50.0,50.0,50.0,-50.0,-50.0,50.0,50.0
16.8515625,-50.0,-50.0,50.0,50.0,-50.0,-50.0,50.0,50.0
16.85546875,-50.0,-50.0,50.0,50.0,-50.0,-50.0,50.0,50.0
16.859375,-50.0,-50.0,50.0,50.0,-50.0,-50.0,50.0,50.0
16.86328125,-50.0,-50.0,50.0,50.0,-50.0,-50.0,50.0,50.0
16.8671875,-50.0,-50.0,50.0,50.0,-50.0,-50.0,50.0,50.0
16.87109375,-50.0,-50.0,50.0,50.0,-50.0,-50.0,50.0,50.0
16.875,-50.0,-50.0,50.0,50.0,-50.0,-50.0,50.0,50.0
16.87890625,-50.0,-50.0,50.0,50.0,-50.0,-50.0,50.0,50.0
16.8828125,-50.0,-50.0,50.0,50.0,-50.0,-50.0,50.0,50.0
16.88671875,-50.0,-50.0,50.0,50.0,-50.0,-50.0,50.0,50.0
16.890625,-50.0,-50.0,50.0,50.0,-50.0,-50.0,50.0,50.0
16.89453125,-50.0,-50.0,50.0,50.0,-50.0,-50.0,50.0,50.0
16.8984375,-50.0,-50.0,50.0,50.0,-50.0,-50.0,50.0,50.0
16.90234375,-50.0,-50.0,50.0,50.0,-50.0,-50.0,50.0,50.0
16.90625,-50.0,-50.0,50.0,50.0,-50.0,-50.0,50.0,50.0
16.91015625,-50.0,-50.0,50.0,50.0,-50.0,-50.0,50.0,50.0
16.9140625,-50.0,-50.0,50.0,50.0,-50.0,-50.0,50.0,50.0
16.91796875,-50.0,-50.0,50.0,50.0,-50.0,-50.0,50.0,50.0
16.921875,-50.0,-50.0,50.0,50.0,-50.0,-50.0,50.0,50.0
16.92578125,-50.0,-50.0,50.0,50.0,-50.0,-50.0,50.0,50.0
16.9296875,-50.0,-50.0,50.0,50.0,-50.0,-50.0,50.0,50.0
16.93359375,-50.0,-50.0,50.0,50.0,-50.0,-50.0,50.0,50.0
16.9375,-50.0,-50.0,50.0,50.0,-50.0,-50.0,50.0,50.0
16.94140625,-50.0,-50.0,50.0,50.0,-50.0,-50.0,50.0,50.0
16.9453125,-50.0,-50.0,50.0,50.0,-50.0,-50.0,50.0,50.0
16.94921875,-50.0,-50.0,50.0,50.0,-50.0,-50.0,50.0,50.0
16.953125,-50.0,-50.0,50.0,50.0,-50.0,-50.0,50.0,50.0
16.95703125,-50.0,-50.0,50.0,50.0,-50.0,-50.0,50.0,50.0
16.9609375,-50.0,-50.0,50.0,50.0,-50.0,-50.0,50.0,50.0
16.96484375,-50.0,-50.0,50.0,50.0,-50.0,-50.0,50.0,50.0
16.96875,-50.0,-50.0,50.0,50.0,-50.0,-50.0,50.0,50.0
16.97265625,-50.0,-50.0,50.0,50.0,-50.0,-50.0,50.0,50.0
16.9765625,-50.0,-50.0,50.0,50.0,-50.0,-50.0,50.0,50.0
16.98046875,-50.0,-50.0,50.0,50.0,-50.0,-50.0,50.0,50.0
16.984375,-50.0,-50.0,50.0,50.0,-50.0,-50.0,50.0,50.0
16.98828125,-50.0,-50.0,50.0,50.0,-50.0,-50.0,50.0,50.0
16.9921875,-50.0,-50.0,50.0,50.0,-50.0,-50.0,50.0,50.0
16.99609375,-50.0,-50.0,50.0,50.0,-50.0,-50.0,50.0,50.0
17.0,50.0,-50.0,-50.0,50.0,50.0,-50.0,-50.0,50.0
17.00390625,50.0,50.0,-50.0,-50.0,50.0,50.0,-50.0,-50.0
17.0078125,50.0,50.0,-50.0,-50.0,50.0,50.0,-50.0,-50.0
17.01171875,50.0,50.0,-50.0,-50.0,50.0,50.0,-50.0,-50.0
17.015625,50.0,50.0,-50.0,-50.0,50.0,50.0,-50.0,-50.0
17.01953125,50.0,50.0,-50.0,-50.0,50.0,50.0,-50.0,-50.0
17.0234375,50.0,50.0,-50.0,-50.0,50.0,50.0,-50.0,-50.0
17.02734375,50.0,50.0,-50.0,-50.0,50.0,50.0,-50.0,-50.0
17.03125,50.0,50.0,-50.0,-50.0,50.0,50.0,-50.0,-50.0
17.03515625,50.0,50.0,-50.0,-50.0,50.0,50.0,-50.0,-50.0
17.0390625,50.0,50.0,-50.0,-50.0,50.0,50.0,-50.0,-50.0
17.04296875,50.0,50.0,-50.0,-50.0,50.0,50.0,-50.0,-50.0
17.046875,50.0,50.0,-50.0,-50.0,50.0,50.0,-50.0,-50.0
17.05078125,50.0,50.0,-50.0,-50.0,50.0,50.0,-50.0,-50.0
17.0546875,50.0,50.0,-50.0,-50.0,50.0,50.0,-50.0,-50.0
17.05859375,50.0,50.0,-50.0,-50.0,50.0,50.0,-50.0,-50.0
17.0625,50.0,50.0,-50.0,-50.0,50.0,50.0,-50.0,-50.0
17.06640625,50.0,50.0,-50.0,-50.0,50.0,50.0,-50.0,-50.0
17.0703125,50.0,50.0,-50.0,-50.0,50.0,50.0,-50.0,-50.0
17.07421875,50.0,50.0,-50.0,-50.0,50.0,50.0,-50.0,-50.0
17.078125,50.0,50.0,-50.0,-50.0,50.0,50.0,-50.0,-50.0
17.08203125,50.0,50.0,-50.0,-50.0,50.0,50.0,-50.0,-50.0
17.0859375,50.0,50.0,-50.0,-50.0,50.0,50.0,-50.0,-50.0
17.08984375,50.0,50.0,-50.0,-50.0,50.0,50.0,-50.0,-50.0
17.09375,50.0,50.0,-50.0,-50.0,50.0,50.0,-50.0,-50.0
17.09765625,50.0,50.0,-50.0,-50.0,50.0,50.0,-50.0,-50.0
17.1015625,50.0,50.0,-50.0,-50.0,50.0,50.0,-50.0,-50.0
17.10546875,50.0,50.0,-50.0,-50.0,50.0,50.0,-50.0,-50.0
17.109375,50.0,50.0,-50.0,-50.0,50.0,50.0,-50.0,-50.0
17.11328125,50.0,50.0,-50.0,-50.0,50.0,50.0,-50.0,-50.0
17.1171875,50.0,50.0,-50.0,-50.0,50.0,50.0,-50.0,-50.0
17.12109375,50.0,50.0,-50.0,-50.0,50.0,50.0,-50.0,-50.0
17.125,50.0,50.0,-50.0,-50.0,50.0,50.0,-50.0,-50.0
17.12890625,50.0,50.0,-50.0,-50.0,50.0,50.0,-50.0,-50.0
17.1328125,50.0,50.0,-50.0,-50.0,50.0,50.0,-50.0,-50.0
17.13671875,50.0,50.0,-50.0,-50.0,50.0,50.0,-50.0,-50.0
17.140625,50.0,50.0,-50.0,-50.0,50.0,50.0,-50.0,-50.0
17.14453125,50.0,50.0,-50.0,-50.0,50.0,50.0,-50.0,-50.0
17.1484375,50.0,50.0,-50.0,-50.0,50.0,50.0,-50.0,-50.0
17.15234375,50.0,50.0,-50.0,-50.0,50.0,50.0,-50.0,-50.0
17.15625,50.0,50.0,-50.0,-50.0,50.0,50.0,-50.0,-50.0
17.16015625,50.0,50.0,-50.0,-50.0,50.0,50.0,-50.0,-50.0
17.1640625,50.0,50.0,-50.0,-50.0,50.0,50.0,-50.0,-50.0
17.16796875,50.0,-50.0,-50.0,-50.0,50.0,-50.0,-50.0,-50.0
17.171875,50.0,-50.0,-50.0,-50.0,50.0,-50.0,-50.0,-50.0
17.17578125,50.0,-50.0,-50.0,-50.0,50.0,-50.0,-50.0,-50.0
17.1796875,50.0,-50.0,-50.0,-50.0,50.0,-50.0,-50.0,-50.0
17.18359375,50.0,-50.0,-50.0,-50.0,50.0,-50.0,-50.0,-50.0
17.1875,50.0,-50.0,-50.0,-50.0,50.0,-50.0,-50.0,-50.0
17.19140625,50.0,-50.0,-50.0,-50.0,50.0,-50.0,-50.0,-50.0
17.1953125,50.0,-50.0,-50.0,-50.0,50.0,-50.0,-50.0,-50.0
17.19921875,50.0,-50.0,-50.0,-50.0,50.0,-50.0,-50.0,-50.0
17.203125,50.0,-50.0,50.0,-50.0,50.0,-50.0,50.0,-50.0
17.20703125,50.0,-50.0,50.0,-50.0,50.0,-50.0,50.0,-50.0
17.2109375,50.0,-50.0,50.0,-50.0,50.0,-50.0,50.0,-50.0
17.21484375,50.0,-50.0,50.0,-50.0,50.0,-50.0,50.0,-50.0
17.21875,50.0,-50.0,50.0,-50.0,50.0,-50.0,50.0,-50.0
17.22265625,50.0,-50.0,50.0,-50.0,50.0,-50.0,50.0,-50.0
17.2265625,50.0,-50.0,50.0,-50.0,50.0,-50.0,50.0,-50.0
17.23046875,50.0,-50.0,50.0,-50.0,50.0,-50.0,50.0,-50.0
17.234375,50.0,-50.0,50.0,-50.0,50.0,-50.0,50.0,-50.0
17.23828125,50.0,-50.0,50.0,-50.0,50.0,-50.0,50.0,-50.0
17.2421875,50.0,-50.0,50.0,-50.0,50.0,-50.0,50.0,-50.0
17.24609375,50.0,-50.0,50.0,-50.0,50.0,-50.0,50.0,-50.0
17.25,-50.0,-50.0,50.0,-50.0,-50.0,-50.0,50.0,-50.0
17.25390625,-50.0,-50.0,50.0,-50.0,-50.0,-50.0,50.0,-50.0
17.2578125,-50.0,-50.0,50.0,-50.0,-50.0,-50.0,50.0,-50.0
17.26171875,-50.0,-50.0,50.0,-50.0,-50.0,-50.0,50.0,-50.0
17.265625,-50.0,-50.0,50.0,-50.0,-50.0,-50.0,50.0,-50.0
17.26953125,-50.0,-50.0,50.0,-50.0,-50.0,-50.0,50.0,-50.0
17.2734375,-50.0,-50.0,50.0,-50.0,-50.0,-50.0,50.0,-50.0
17.27734375,-50.0,-50.0,50.0,-50.0,-50.0,-50.0,50.0,-50.0
17.28125,-50.0,-50.0,50.0,-50.0,-50.0,-50.0,50.0,-50.0
17.28515625,-50.0,-50.0,50.0,-50.0,-50.0,-50.0,50.0,-50.0
17.2890625,-50.0,-50.0,50.0,-50.0,-50.0,-50.0,50.0,-50.0
17.29296875,-50.0,-50.0,50.0,-50.0,-50.0,-50.0,50.0,-50.0
17.296875,-50.0,-50.0,50.0,-50.0,-50.0,-50.0,50.0,-50.0
17.30078125,-50.0,-50.0,50.0,-50.0,-50.0,-50.0,50.0,-50.0
17.3046875,-50.0,-50.0,50.0,-50.0,-50.0,-50.0,50.0,-50.0
17.30859375,-50.0,-50.0,50.0,-50.0,-50.0,-50.0,50.0,-50.0
17.3125,-50.0,-50.0,50.0,-50.0,-50.0,-50.0,50.0,-50.0
17.31640625,-50.0,-50.0,50.0,-50.0,-50.0,-50.0,50.0,-50.0
17.3203125,-50.0,-50.0,50.0,-50.0,-50.0,-50.0,50.0,-50.0
17.32421875,-50.0,-50.0,50.0,-50.0,-50.0,-50.0,50.0,-50.0
17.328125,-50.0,-50.0,50.0,-50.0,-50.0,-50.0,50.0,-50.0
17.33203125,-50.0,-50.0,50.0,-50.0,-50.0,-50.0,50.0,-50.0
17.3359375,-50.0,50.0,50.0,50.0,-50.0,50.0,50.0,50.0
17.33984375,-50.0,50.0,50.0,50.0,-50.0,50.0,50.0,50.0
17.34375,-50.0,50.0,50.0,50.0,-50.0,50.0,50.0,50.0
17.34765625,-50.0,50.0,50.0,50.0,-50.0,50.0,50.0,50.0
17.3515625,-50.0,50.0,50.0,50.0,-50.0,50.0,50.0,50.0
17.35546875,-50.0,50.0,50.0,50.0,-50.0,50.0,50.0,50.0
17.359375,-50.0,50.0,50.0,50.0,-50.0,50.0,50.0,50.0
17.36328125,-50.0,50.0,50.0,50.0,-50.0,50.0,50.0,50.0
17.3671875,-50.0,50.0,50.0,50.0,-50.0,50.0,50.0,50.0
17.37109375,-50.0,50.0,50.0,50.0,-50.0,50.0,50.0,50.0
17.375,-50.0,50.0,50.0,50.0,-50.0,50.0,50.0,50.0
17.37890625,-50.0,50.0,50.0,50.0,-50.0,50.0,50.0,50.0
17.3828125,-50.0,50.0,50.0,50.0,-50.0,50.0,50.0,50.0
17.38671875,-50.0,50.0,50.0,50.0,-50.0,50.0,50.0,50.0
17.390625,-50.0,50.0,50.0,50.0,-50.0,50.0,50.0,50.0
17.39453125,-50.0,50.0,50.0,50.0,-50.0,50.0,50.0,50.0
17.3984375,-50.0,50.0,50.0,50.0,-50.0,50.0,50.0,50.0
17.40234375,-50.0,50.0,-50.0,50.0,-50.0,50.0,-50.0,50.0
17.40625,-50.0,50.0,-50.0,50.0,-50.0,50.0,-50.0,50.0
17.41015625,-50.0,50.0,-50.0,50.0,-50.0,50.0,-50.0,50.0
17.4140625,-50.0,50.0,-50.0,50.0,-50.0,50.0,-50.0,50.0
17.41796875,-50.0,50.0,-50.0,50.0,-50.0,50.0,-50.0,50.0
17.421875,-50.0,50.0,-50.0,50.0,-50.0,50.0,-50.0,50.0
17.42578125,-50.0,50.0,-50.0,50.0,-50.0,50.0,-50.0,50.0
17.4296875,-50.0,50.0,-50.0,50.0,-50.0,50.0,-50.0,50.0
17.43359375,-50.0,50.0,-50.0,50.0,-50.0,50.0,-50.0,50.0
17.4375,-50.0,50.0,-50.0,50.0,-50.0,50.0,-50.0,50.0
17.44140625,-50.0,50.0,-50.0,50.0,-50.0,50.0,-50.0,50.0
17.4453125,-50.0,50.0,-50.0,50.0,-50.0,50.0,-50.0,50.0
17.44921875,-50.0,50.0,-50.0,50.0,-50.0,50.0,-50.0,50.0
17.453125,-50.0,50.0,-50.0,50.0,-50.0,50.0,-50.0,50.0
17.45703125,-50.0,50.0,-50.0,50.0,-50.0,50.0,-50.0,50.0
17.4609375,-50.0,50.0,-50.0,50.0,-50.0,50.0,-50.0,50.0
17.46484375,-50.0,50.0,-50.0,50.0,-50.0,50.0,-50.0,50.0
17.46875,-50.0,50.0,-50.0,50.0,-50.0,50.0,-50.0,50.0
17.47265625,-50.0,50.0,-50.0,50.0,-50.0,50.0,-50.0,50.0
17.4765625,-50.0,50.0,-50.0,50.0,-50.0,50.0,-50.0,50.0
17.48046875,-50.0,50.0,-50.0,50.0,-50.0,50.0,-50.0,50.0
17.484375,-50.0,50.0,-50.0,50.0,-50.0,50.0,-50.0,50.0
17.48828125,-50.0,50.0,-50.0,50.0,-50.0,50.0,-50.0,50.0
17.4921875,-50.0,50.0,-50.0,50.0,-50.0,50.0,-50.0,50.0
17.49609375,-50.0,50.0,-50.0,50.0,-50.0,50.0,-50.0,50.0
17.5,-50.0,-50.0,-50.0,50.0,-50.0,-50.0,-50.0,50.0
17.50390625,50.0,-50.0,-50.0,50.0,50.0,-50.0,-50.0,50.0
17.5078125,50.0,-50.0,-50.0,50.0,50.0,-50.0,-50.0,50.0
17.51171875,50.0,-50.0,-50.0,50.0,50.0,-50.0,-50.0,50.0
17.515625,50.0,-50.0,-50.0,50.0,50.0,-50.0,-50.0,50.0
17.51953125,50.0,-50.0,-50.0,50.0,50.0,-50.0,-50.0,50.0
17.5234375,50.0,-50.0,-50.0,50.0,50.0,-50.0,-50.0,50.0
17.52734375,50.0,-50.0,-50.0,50.0,50.0,-50.0,-50.0,50.0
17.53125,50.0,-50.0,-50.0,50.0,50.0,-50.0,-50.0,50.0
17.53515625,50.0,-50.0,-50.0,50.0,50.0,-50.0,-50.0,50.0
17.5390625,50.0,-50.0,-50.0,50.0,50.0,-50.0,-50.0,50.0
17.54296875,50.0,-50.0,-50.0,50.0,50.0,-50.0,-50.0,50.0
17.546875,50.0,-50.0,-50.0,50.0,50.0,-50.0,-50.0,50.0
17.55078125,50.0,-50.0,-50.0,50.0,50.0,-50.0,-50.0,50.0
17.5546875,50.0,-50.0,-50.0,50.0,50.0,-50.0,-50.0,50.0
17.55859375,50.0,-50.0,-50.0,50.0,50.0,-50.0,-50.0,50.0
17.5625,50.0,-50.0,-50.0,50.0,50.0,-50.0,-50.0,50.0
17.56640625,50.0,-50.0,-50.0,50.0,50.0,-50.0,-50.0,50.0
17.5703125,50.0,-50.0,-50.0,50.0,50.0,-50.0,-50.0,50.0
17.57421875,50.0,-50.0,-50.0,50.0,50.0,-50.0,-50.0,50.0
17.578125,50.0,-50.0,-50.0,50.0,50.0,-50.0,-50.0,50.0
17.58203125,50.0,-50.0,-50.0,50.0,50.0,-50.0,-50.0,50.0
17.5859375,50.0,-50.0,-50.0,50.0,50.0,-50.0,-50.0,50.0
17.58984375,50.0,-50.0,-50.0,50.0,50.0,-50.0,-50.0,50.0
17.59375,50.0,-50.0,-50.0,50.0,50.0,-50.0,-50.0,50.0
17.59765625,50.0,-50.0,-50.0,50.0,50.0,-50.0,-50.0,50.0
17.6015625,50.0,-50.0,50.0,50.0,50.0,-50.0,50.0,50.0
17.60546875,50.0,-50.0,50.0,50.0,50.0,-50.0,50.0,50.0
17.609375,50.0,-50.0,50.0,50.0,50.0,-50.0,50.0,50.0
17.61328125,50.0,-50.0,50.0,50.0,50.0,-50.0,50.0,50.0
17.6171875,50.0,-50.0,50.0,50.0,50.0,-50.0,50.0,50.0
17.62109375,50.0,-50.0,50.0,50.0,50.0,-50.0,50.0,50.0
17.625,50.0,-50.0,50.0,50.0,50.0,-50.0,50.0,50.0
17.62890625,50.0,-50.0,50.0,50.0,50.0,-50.0,50.0,50.0
17.6328125,50.0,-50.0,50.0,50.0,50.0,-50.0,50.0,50.0
17.63671875,50.0,-50.0,50.0,50.0,50.0,-50.0,50.0,50.0
17.640625,50.0,-50.0,50.0,50.0,50.0,-50.0,50.0,50.0
17.64453125,50.0,-50.0,50.0,50.0,50.0,-50.0,50.0,50.0
17.6484375,50.0,-50.0,50.0,50.0,50.0,-50.0,50.0,50.0
17.65234375,50.0,-50.0,50.0,50.0,50.0,-50.0,50.0,50.0
17.65625,50.0,-50.0,50.0,50.0,50.0,-50.0,50.0,50.0
17.66015625,50.0,-50.0,50.0,50.0,50.0,-50.0,50.0,50.0
17.6640625,50.0,-50.0,50.0,50.0,50.0,-50.0,50.0,50.0
17.66796875,50.0,50.0,50.0,-50.0,50.0,50.0,50.0,-50.0
17.671875,50.0,50.0,50.0,-50.0,50.0,50.0,50.0,-50.0
17.67578125,50.0,50.0,50.0,-50.0,50.0,50.0,50.0,-50.0
17.6796875,50.0,50.0,50.0,-50.0,50.0,50.0,50.0,-50.0
17.68359375,50.0,50.0,50.0,-50.0,50.0,50.0,50.0,-50.0
17.6875,50.0,50.0,50.0,-50.0,50.0,50.0,50.0,-50.0
17.69140625,50.0,50.0,50.0,-50.0,50.0,50.0,50.0,-50.0
17.6953125,50.0,50.0,50.0,-50.0,50.0,50.0,50.0,-50.0
17.69921875,50.0,50.0,50.0,-50.0,50.0,50.0,50.0,-50.0
17.703125,50.0,50.0,50.0,-50.0,50.0,50.0,50.0,-50.0
17.70703125,50.0,50.0,50.0,-50.0,50.0,50.0,50.0,-50.0
17.7109375,50.0,50.0,50.0,-50.0,50.0,50.0,50.0,-50.0
17.71484375,50.0,50.0,50.0,-50.0,50.0,50.0,50.0,-50.0
17.71875,50.0,50.0,50.0,-50.0,50.0,50.0,50.0,-50.0
17.72265625,50.0,50.0,50.0,-50.0,50.0,50.0,50.0,-50.0
17.7265625,50.0,50.0,50.0,-50.0,50.0,50.0,50.0,-50.0
17.73046875,50.0,50.0,50.0,-50.0,50.0,50.0,50.0,-50.0
17.734375,50.0,50.0,50.0,-50.0,50.0,50.0,50.0,-50.0
17.73828125,50.0,50.0,50.0,-50.0,50.0,50.0,50.0,-50.0
17.7421875,50.0,50.0,50.0,-50.0,50.0,50.0,50.0,-50.0
17.74609375,50.0,50.0,50.0,-50.0,50.0,50.0,50.0,-50.0
17.75,-50.0,50.0,50.0,-50.0,-50.0,50.0,50.0,-50.0
17.75390625,-50.0,50.0,50.0,-50.0,-50.0,50.0,50.0,-50.0
17.7578125,-50.0,50.0,50.0,-50.0,-50.0,50.0,50.0,-50.0
17.76171875,-50.0,50.0,50.0,-50.0,-50.0,50.0,50.0,-50.0
17.765625,-50.0,50.0,50.0,-50.0,-50.0,50.0,50.0,-50.0
17.76953125,-50.0,50.0,50.0,-50.0,-50.0,50.0,50.0,-50.0
17.7734375,-50.0,50.0,50.0,-50.0,-50.0,50.0,50.0,-50.0
17.77734375,-50.0,50.0,50.0,-50.0,-50.0,50.0,50.0,-50.0
17.78125,-50.0,50.0,50.0,-50.0,-50.0,50.0,50.0,-50.0
17.78515625,-50.0,50.0,50.0,-50.0,-50.0,50.0,50.0,-50.0
17.7890625,-50.0,50.0,50.0,-50.0,-50.0,50.0,50.0,-50.0
17.79296875,-50.0,50.0,50.0,-50.0,-50.0,50.0,50.0,-50.0
17.796875,-50.0,50.0,50.0,-50.0,-50.0,50.0,50.0,-50.0
17.80078125,-50.0,50.0,-50.0,-50.0,-50.0,50.0,-50.0,-50.0
17.8046875,-50.0,50.0,-50.0,-50.0,-50.0,50.0,-50.0,-50.0
17.80859375,-50.0,50.0,-50.0,-50.0,-50.0,50.0,-50.0,-50.0
17.8125,-50.0,50.0,-50.0,-50.0,-50.0,50.0,-50.0,-50.0
17.81640625,-50.0,50.0,-50.0,-50.0,-50.0,50.0,-50.0,-50.0
17.8203125,-50.0,50.0,-50.0,-50.0,-50.0,50.0,-50.0,-50.0
17.82421875,-50.0,50.0,-50.0,-50.0,-50.0,50.0,-50.0,-50.0
17.828125,-50.0,50.0,-50.0,-50.0,-50.0,50.0,-50.0,-50.0
17.83203125,-50.0,50.0,-50.0,-50.0,-50.0,50.0,-50.0,-50.0
17.8359375,-50.0,-50.0,-50.0,-50.0,-50.0,-50.0,-50.0,-50.0
17.83984375,-50.0,-50.0,-50.0,-50.0,-50.0,-50.0,-50.0,-50.0
17.84375,-50.0,-50.0,-50.0,-50.0,-50.0,-50.0,-50.0,-50.0
17.84765625,-50.0,-50.0,-50.0,-50.0,-50.0,-50.0,-50.0,-50.0
17.8515625,-50.0,-50.0,-50.0,-50.0,-50.0,-50.0,-50.0,-50.0
17.85546875,-50.0,-50.0,-50.0,-50.0,-50.0,-50.0,-50.0,-50.0
17.859375,-50.0,-50.0,-50.0,-50.0,-50.0,-50.0,-50.0,-50.0
17.86328125,-50.0,-50.0,-50.0,-50.0,-50.0,-50.0,-50.0,-50.0
17.8671875,-50.0,-50.0,-50.0,-50.0,-50.0,-50.0,-50.0,-50.0
17.87109375,-50.0,-50.0,-50.0,-50.0,-50.0,-50.0,-50.0,-50.0
17.875,-50.0,-50.0,-50.0,-50.0,-50.0,-50.0,-50.0,-50.0
17.87890625,-50.0,-50.0,-50.0,-50.0,-50.0,-50.0,-50.0,-50.0
17.8828125,-50.0,-50.0,-50.0,-50.0,-50.0,-50.0,-50.0,-50.0
17.88671875,-50.0,-50.0,-50.0,-50.0,-50.0,-50.0,-50.0,-50.0
17.890625,-50.0,-50.0,-50.0,-50.0,-50.0,-50.0,-50.0,-50.0
17.89453125,-50.0,-50.0,-50.0,-50.0,-50.0,-50.0,-50.0,-50.0
17.8984375,-50.0,-50.0,-50.0,-50.0,-50.0,-50.0,-50.0,-50.0
17.90234375,-50.0,-50.0,-50.0,-50.0,-50.0,-50.0,-50.0,-50.0
17.90625,-50.0,-50.0,-50.0,-50.0,-50.0,-50.0,-50.0,-50.0
17.91015625,-50.0,-50.0,-50.0,-50.0,-50.0,-50.0,-50.0,-50.0
17.9140625,-50.0,-50.0,-50.0,-50.0,-50.0,-50.0,-50.0,-50.0
17.91796875,-50.0,-50.0,-50.0,-50.0,-50.0,-50.0,-50.0,-50.0
17.921875,-50.0,-50.0,-50.0,-50.0,-50.0,-50.0,-50.0,-50.0
17.92578125,-50.0,-50.0,-50.0,-50.0,-50.0,-50.0,-50.0,-50.0
17.9296875,-50.0,-50.0,-50.0,-50.0,-50.0,-50.0,-50.0,-50.0
17.93359375,-50.0,-50.0,-50.0,-50.0,-50.0,-50.0,-50.0,-50.0
17.9375,-50.0,-50.0,-50.0,-50.0,-50.0,-50.0,-50.0,-50.0
17.94140625,-50.0,-50.0,-50.0,-50.0,-50.0,-50.0,-50.0,-50.0
17.9453125,-50.0,-50.0,-50.0,-50.0,-50.0,-50.0,-50.0,-50.0
17.94921875,-50.0,-50.0,-50.0,-50.0,-50.0,-50.0,-50.0,-50.0
17.953125,-50.0,-50.0,-50.0,-50.0,-50.0,-50.0,-50.0,-50.0
17.95703125,-50.0,-50.0,-50.0,-50.0,-50.0,-50.0,-50.0,-50.0
17.9609375,-50.0,-50.0,-50.0,-50.0,-50.0,-50.0,-50.0,-50.0
17.96484375,-50.0,-50.0,-50.0,-50.0,-50.0,-50.0,-50.0,-50.0
17.96875,-50.0,-50.0,-50.0,-50.0,-50.0,-50.0,-50.0,-50.0
17.97265625,-50.0,-50.0,-50.0,-50.0,-50.0,-50.0,-50.0,-50.0
17.9765625,-50.0,-50.0,-50.0,-50.0,-50.0,-50.0,-50.0,-50.0
17.98046875,-50.0,-50.0,-50.0,-50.0,-50.0,-50.0,-50.0,-50.0
17.984375,-50.0,-50.0,-50.0,-50.0,-50.0,-50.0,-50.0,-50.0
17.98828125,-50.0,-50.0,-50.0,-50.0,-50.0,-50.0,-50.0,-50.0
17.9921875,-50.0,-50.0,-50.0,-50.0,-50.0,-50.0,-50.0,-50.0
17.99609375,-50.0,-50.0,-50.0,-50.0,-50.0,-50.0,-50.0,-50.0
18.0,50.0,-50.0,50.0,-50.0,50.0,-50.0,50.0,-50.0
18.00390625,50.0,50.0,50.0,50.0,50.0,50.0,50.0,50.0
18.0078125,50.0,50.0,50.0,50.0,50.0,50.0,50.0,50.0
18.01171875,50.0,50.0,50.0,50.0,50.0,50.0,50.0,50.0
18.015625,50.0,50.0,50.0,50.0,50.0,50.0,50.0,50.0
18.01953125,50.0,50.0,50.0,50.0,50.0,50.0,50.0,50.0
18.0234375,50.0,50.0,50.0,50.0,50.0,50.0,50.0,50.0
18.02734375,50.0,50.0,50.0,50.0,50.0,50.0,50.0,50.0
18.03125,50.0,50.0,50.0,50.0,50.0,50.0,50.0,50.0
18.03515625,50.0,50.0,50.0,50.0,50.0,50.0,50.0,50.0
18.0390625,50.0,50.0,50.0,50.0,50.0,50.0,50.0,50.0
18.04296875,50.0,50.0,50.0,50.0,50.0,50.0,50.0,50.0
18.046875,50.0,50.0,50.0,50.0,50.0,50.0,50.0,50.0
18.05078125,50.0,50.0,50.0,50.0,50.0,50.0,50.0,50.0
18.0546875,50.0,50.0,50.0,50.0,50.0,50.0,50.0,50.0
18.05859375,50.0,50.0,50.0,50.0,50.0,50.0,50.0,50.0
18.0625,50.0,50.0,50.0,50.0,50.0,50.0,50.0,50.0
18.06640625,50.0,50.0,50.0,50.0,50.0,50.0,50.0,50.0
18.0703125,50.0,50.0,50.0,50.0,50.0,50.0,50.0,50.0
18.07421875,50.0,50.0,50.0,50.0,50.0,50.0,50.0,50.0
18.078125,50.0,50.0,50.0,50.0,50.0,50.0,50.0,50.0
18.08203125,50.0,50.0,50.0,50.0,50.0,50.0,50.0,50.0
18.0859375,50.0,50.0,50.0,50.0,50.0,50.0,50.0,50.0
18.08984375,50.0,50.0,50.0,50.0,50.0,50.0,50.0,50.0
18.09375,50.0,50.0,50.0,50.0,50.0,50.0,50.0,50.0
18.09765625,50.0,50.0,50.0,50.0,50.0,50.0,50.0,50.0
18.1015625,50.0,50.0,50.0,50.0,50.0,50.0,50.0,50.0
18.10546875,50.0,50.0,50.0,50.0,50.0,50.0,50.0,50.0
18.109375,50.0,50.0,50.0,50.0,50.0,50.0,50.0,50.0
18.11328125,50.0,50.0,50.0,50.0,50.0,50.0,50.0,50.0
18.1171875,50.0,50.0,50.0,50.0,50.0,50.0,50.0,50.0
18.12109375,50.0,50.0,50.0,50.0,50.0,50.0,50.0,50.0
18.125,50.0,50.0,50.0,50.0,50.0,50.0,50.0,50.0
18.12890625,50.0,50.0,50.0,50.0,50.0,50.0,50.0,50.0
18.1328125,50.0,50.0,50.0,50.0,50.0,50.0,50.0,50.0
18.13671875,50.0,50.0,50.0,50.0,50.0,50.0,50.0,50.0
18.140625,50.0,50.0,50.0,50.0,50.0,50.0,50.0,50.0
18.14453125,50.0,50.0,50.0,50.0,50.0,50.0,50.0,50.0
18.1484375,50.0,50.0,50.0,50.0,50.0,50.0,50.0,50.0
18.15234375,50.0,50.0,50.0,50.0,50.0,50.0,50.0,50.0
18.15625,50.0,50.0,50.0,50.0,50.0,50.0,50.0,50.0
18.16015625,50.0,50.0,50.0,50.0,50.0,50.0,50.0,50.0
18.1640625,50.0,50.0,50.0,50.0,50.0,50.0,50.0,50.0
18.16796875,50.0,-50.0,50.0,50.0,50.0,-50.0,50.0,50.0
18.171875,50.0,-50.0,50.0,50.0,50.0,-50.0,50.0,50.0
18.17578125,50.0,-50.0,50.0,50.0,50.0,-50.0,50.0,50.0
18.1796875,50.0,-50.0,50.0,50.0,50.0,-50.0,50.0,50.0
18.18359375,50.0,-50.0,50.0,50.0,50.0,-50.0,50.0,50.0
18.1875,50.0,-50.0,50.0,50.0,50.0,-50.0,50.0,50.0
18.19140625,50.0,-50.0,50.0,50.0,50.0,-50.0,50.0,50.0
18.1953125,50.0,-50.0,50.0,50.0,50.0,-50.0,50.0,50.0
18.19921875,50.0,-50.0,50.0,50.0,50.0,-50.0,50.0,50.0
18.203125,50.0,-50.0,-50.0,50.0,50.0,-50.0,-50.0,50.0
18.20703125,50.0,-50.0,-50.0,50.0,50.0,-50.0,-50.0,50.0
18.2109375,50.0,-50.0,-50.0,50.0,50.0,-50.0,-50.0,50.0
18.21484375,50.0,-50.0,-50.0,50.0,50.0,-50.0,-50.0,50.0
18.21875,50.0,-50.0,-50.0,50.0,50.0,-50.0,-50.0,50.0
18.22265625,50.0,-50.0,-50.0,50.0,50.0,-50.0,-50.0,50.0
18.2265625,50.0,-50.0,-50.0,50.0,50.0,-50.0,-50.0,50.0
18.23046875,50.0,-50.0,-50.0,50.0,50.0,-50.0,-50.0,50.0
18.234375,50.0,-50.0,-50.0,50.0,50.0,-50.0,-50.0,50.0
18.23828125,50.0,-50.0,-50.0,50.0,50.0,-50.0,-50.0,50.0
18.2421875,50.0,-50.0,-50.0,50.0,50.0,-50.0,-50.0,50.0
18.24609375,50.0,-50.0,-50.0,50.0,50.0,-50.0,-50.0,50.0
18.25,50.0,-50.0,-50.0,50.0,50.0,-50.0,-50.0,50.0
18.25390625,-50.0,-50.0,-50.0,50.0,-50.0,-50.0,-50.0,50.0
18.2578125,-50.0,-50.0,-50.0,50.0,-50.0,-50.0,-50.0,50.0
18.26171875,-50.0,-50.0,-50.0,50.0,-50.0,-50.0,-50.0,50.0
18.265625,-50.0,-50.0,-50.0,50.0,-50.0,-50.0,-50.0,50.0
18.26953125,-50.0,-50.0,-50.0,50.0,-50.0,-50.0,-50.0,50.0
18.2734375,-50.0,-50.0,-50.0,50.0,-50.0,-50.0,-50.0,50.0
18.27734375,-50.0,-50.0,-50.0,50.0,-50.0,-50.0,-50.0,50.0
18.28125,-50.0,-50.0,-50.0,50.0,-50.0,-50.0,-50.0,50.0
18.28515625,-50.0,-50.0,-50.0,50.0,-50.0,-50.0,-50.0,50.0
18.2890625,-50.0,-50.0,-50.0,50.0,-50.0,-50.0,-50.0,50.0
18.29296875,-50.0,-50.0,-50.0,50.0,-50.0,-50.0,-50.0,50.0
18.296875,-50.0,-50.0,-50.0,50.0,-50.0,-50.0,-50.0,50.0
18.30078125,-50.0,-50.0,-50.0,50.0,-50.0,-50.0,-50.0,50.0
18.3046875,-50.0,-50.0,-50.0,50.0,-50.0,-50.0,-50.0,50.0
18.30859375,-50.0,-50.0,-50.0,50.0,-50.0,-50.0,-50.0,50.0
18.3125,-50.0,-50.0,-50.0,50.0,-50.0,-50.0,-50.0,50.0
18.31640625,-50.0,-50.0,-50.0,50.0,-50.0,-50.0,-50.0,50.0
18.3203125,-50.0,-50.0,-50.0,50.0,-50.0,-50.0,-50.0,50.0
18.32421875,-50.0,-50.0,-50.0,50.0,-50.0,-50.0,-50.0,50.0
18.328125,-50.0,-50.0,-50.0,50.0,-50.0,-50.0,-50.0,50.0
18.33203125,-50.0,-50.0,-50.0,50.0,-50.0,-50.0,-50.0,50.0
18.3359375,-50.0,50.0,-50.0,-50.0,-50.0,50.0,-50.0,-50.0
18.33984375,-50.0,50.0,-50.0,-50.0,-50.0,50.0,-50.0,-50.0
18.34375,-50.0,50.0,-50.0,-50.0,-50.0,50.0,-50.0,-50.0
18.34765625,-50.0,50.0,-50.0,-50.0,-50.0,50.0,-50.0,-50.0
18.3515625,-50.0,50.0,-50.0,-50.0,-50.0,50.0,-50.0,-50.0
18.35546875,-50.0,50.0,-50.0,-50.0,-50.0,50.0,-50.0,-50.0
18.359375,-50.0,50.0,-50.0,-50.0,-50.0,50.0,-50.0,-50.0
18.36328125,-50.0,50.0,-50.0,-50.0,-50.0,50.0,-50.0,-50.0
18.3671875,-50.0,50.0,-50.0,-50.0,-50.0,50.0,-50.0,-50.0
18.37109375,-50.0,50.0,-50.0,-50.0,-50.0,50.0,-50.0,-50.0
18.375,-50.0,50.0,-50.0,-50.0,-50.0,50.0,-50.0,-50.0
18.37890625,-50.0,50.0,-50.0,-50.0,-50.0,50.0,-50.0,-50.0
18.3828125,-50.0,50.0,-50.0,-50.0,-50.0,50.0,-50.0,-50.0
18.38671875,-50.0,50.0,-50.0,-50.0,-50.0,50.0,-50.0,-50.0
18.390625,-50.0,50.0,-50.0,-50.0,-50.0,50.0,-50.0,-50.0
18.39453125,-50.0,50.0,-50.0,-50.0,-50.0,50.0,-50.0,-50.0
18.3984375,-50.0,50.0,-50.0,-50.0,-50.0,50.0,-50.0,-50.0
18.40234375,-50.0,50.0,50.0,-50.0,-50.0,50.0,50.0,-50.0
18.40625,-50.0,50.0,50.0,-50.0,-50.0,50.0,50.0,-50.0
18.41015625,-50.0,50.0,50.0,-50.0,-50.0,50.0,50.0,-50.0
18.4140625,-50.0,50.0,50.0,-50.0,-50.0,50.0,50.0,-50.0
18.41796875,-50.0,50.0,50.0,-50.0,-50.0,50.0,50.0,-50.0
18.421875,-50.0,50.0,50.0,-50.0,-50.0,50.0,50.0,-50.0
18.42578125,-50.0,50.0,50.0,-50.0,-50.0,50.0,50.0,-50.0
18.4296875,-50.0,50.0,50.0,-50.0,-50.0,50.0,50.0,-50.0
18.43359375,-50.0,50.0,50.0,-50.0,-50.0,50.0,50.0,-50.0
18.4375,-50.0,50.0,50.0,-50.0,-50.0,50.0,50.0,-50.0
18.44140625,-50.0,50.0,50.0,-50.0,-50.0,50.0,50.0,-50.0
18.4453125,-50.0,50.0,50.0,-50.0,-50.0,50.0,50.0,-50.0
18.44921875,-50.0,50.0,50.0,-50.0,-50.0,50.0,50.0,-50.0
18.453125,-50.0,50.0,50.0,-50.0,-50.0,50.0,50.0,-50.0
18.45703125,-50.0,50.0,50.0,-50.0,-50.0,50.0,50.0,-50.0
18.4609375,-50.0,50.0,50.0,-50.0,-50.0,50.0,50.0,-50.0
18.46484375,-50.0,50.0,50.0,-50.0,-50.0,50.0,50.0,-50.0
18.46875,-50.0,50.0,50.0,-50.0,-50.0,50.0,50.0,-50.0
18.47265625,-50.0,50.0,50.0,-50.0,-50.0,50.0,50.0,-50.0
18.4765625,-50.0,50.0,50.0,-50.0,-50.0,50.0,50.0,-50.0
18.48046875,-50.0,50.0,50.0,-50.0,-50.0,50.0,50.0,-50.0
18.484375,-50.0,50.0,50.0,-50.0,-50.0,50.0,50.0,-50.0
18.48828125,-50.0,50.0,50.0,-50.0,-50.0,50.0,50.0,-50.0
18.4921875,-50.0,50.0,50.0,-50.0,-50.0,50.0,50.0,-50.0
18.49609375,-50.0,50.0,50.0,-50.0,-50.0,50.0,50.0,-50.0
18.5,50.0,-50.0,50.0,-50.0,50.0,-50.0,50.0,-50.0
18.50390625,50.0,-50.0,50.0,-50.0,50.0,-50.0,50.0,-50.0
18.5078125,50.0,-50.0,50.0,-50.0,50.0,-50.0,50.0,-50.0
18.51171875,50.0,-50.0,50.0,-50.0,50.0,-50.0,50.0,-50.0
18.515625,50.0,-50.0,50.0,-50.0,50.0,-50.0,50.0,-50.0
18.51953125,50.0,-50.0,50.0,-50.0,50.0,-50.0,50.0,-50.0
18.5234375,50.0,-50.0,50.0,-50.0,50.0,-50.0,50.0,-50.0
18.52734375,50.0,-50.0,50.0,-50.0,50.0,-50.0,50.0,-50.0
18.53125,50.0,-50.0,50.0,-50.0,50.0,-50.0,50.0,-50.0
18.53515625,50.0,-50.0,50.0,-50.0,50.0,-50.0,50.0,-50.0
18.5390625,50.0,-50.0,50.0,-50.0,50.0,-50.0,50.0,-50.0
18.54296875,50.0,-50.0,50.0,-50.0,50.0,-50.0,50.0,-50.0
18.546875,50.0,-50.0,50.0,-50.0,50.0,-50.0,50.0,-50.0
18.55078125,50.0,-50.0,50.0,-50.0,50.0,-50.0,50.0,-50.0
18.5546875,50.0,-50.0,50.0,-50.0,50.0,-50.0,50.0,-50.0
18.55859375,50.0,-50.0,50.0,-50.0,50.0,-50.0,50.0,-50.0
18.5625,50.0,-50.0,50.0,-50.0,50.0,-50.0,50.0,-50.0
18.56640625,50.0,-50.0,50.0,-50.0,50.0,-50.0,50.0,-50.0
18.5703125,50.0,-50.0,50.0,-50.0,50.0,-50.0,50.0,-50.0
18.57421875,50.0,-50.0,50.0,-50.0,50.0,-50.0,50.0,-50.0
18.578125,50.0,-50.0,50.0,-50.0,50.0,-50.0,50.0,-50.0
18.58203125,50.0,-50.0,50.0,-50.0,50.0,-50.0,50.0,-50.0
18.5859375,50.0,-50.0,50.0,-50.0,50.0,-50.0,50.0,-50.0
18.58984375,50.0,-50.0,50.0,-50.0,50.0,-50.0,50.0,-50.0
18.59375,50.0,-50.0,50.0,-50.0,50.0,-50.0,50.0,-50.0
18.59765625,50.0,-50.0,50.0,-50.0,50.0,-50.0,50.0,-50.0
18.6015625,50.0,-50.0,-50.0,-50.0,50.0,-50.0,-50.0,-50.0
18.60546875,50.0,-50.0,-50.0,-50.0,50.0,-50.0,-50.0,-50.0
18.609375,50.0,-50.0,-50.0,-50.0,50.0,-50.0,-50.0,-50.0
18.61328125,50.0,-50.0,-50.0,-50.0,50.0,-50.0,-50.0,-50.0
18.6171875,50.0,-50.0,-50.0,-50.0,50.0,-50.0,-50.0,-50.0
18.62109375,50.0,-50.0,-50.0,-50.0,50.0,-50.0,-50.0,-50.0
18.625,50.0,-50.0,-50.0,-50.0,50.0,-50.0,-50.0,-50.0
18.62890625,50.0,-50.0,-50.0,-50.0,50.0,-50.0,-50.0,-50.0
18.6328125,50.0,-50.0,-50.0,-50.0,50.0,-50.0,-50.0,-50.0
18.63671875,50.0,-50.0,-50.0,-50.0,50.0,-50.0,-50.0,-50.0
18.640625,50.0,-50.0,-50.0,-50.0,50.0,-50.0,-50.0,-50.0
18.64453125,50.0,-50.0,-50.0,-50.0,50.0,-50.0,-50.0,-50.0
18.6484375,50.0,-50.0,-50.0,-50.0,50.0,-50.0,-50.0,-50.0
18.65234375,50.0,-50.0,-50.0,-50.0,50.0,-50.0,-50.0,-50.0
18.65625,50.0,-50.0,-50.0,-50.0,50.0,-50.0,-50.0,-50.0
18.66015625,50.0,-50.0,-50.0,-50.0,50.0,-50.0,-50.0,-50.0
18.6640625,50.0,-50.0,-50.0,-50.0,50.0,-50.0,-50.0,-50.0
18.66796875,50.0,50.0,-50.0,50.0,50.0,50.0,-50.0,50.0
18.671875,50.0,50.0,-50.0,50.0,50.0,50.0,-50.0,50.0
18.67578125,50.0,50.0,-50.0,50.0,50.0,50.0,-50.0,50.0
18.6796875,50.0,50.0,-50.0,50.0,50.0,50.0,-50.0,50.0
18.68359375,50.0,50.0,-50.0,50.0,50.0,50.0,-50.0,50.0
18.6875,50.0,50.0,-50.0,50.0,50.0,50.0,-50.0,50.0
18.69140625,50.0,50.0,-50.0,50.0,50.0,50.0,-50.0,50.0
18.6953125,50.0,50.0,-50.0,50.0,50.0,50.0,-50.0,50.0
18.69921875,50.0,50.0,-50.0,50.0,50.0,50.0,-50.0,50.0
18.703125,50.0,50.0,-50.0,50.0,50.0,50.0,-50.0,50.0
18.70703125,50.0,50.0,-50.0,50.0,50.0,50.0,-50.0,50.0
18.7109375,50.0,50.0,-50.0,50.0,50.0,50.0,-50.0,50.0
18.71484375,50.0,50.0,-50.0,50.0,50.0,50.0,-50.0,50.0
18.71875,50.0,50.0,-50.0,50.0,50.0,50.0,-50.0,50.0
18.72265625,50.0,50.0,-50.0,50.0,50.0,50.0,-50.0,50.0
18.7265625,50.0,50.0,-50.0,50.0,50.0,50.0,-50.0,50.0
18.73046875,50.0,50.0,-50.0,50.0,50.0,50.0,-50.0,50.0
18.734375,50.0,50.0,-50.0,50.0,50.0,50.0,-50.0,50.0
18.73828125,50.0,50.0,-50.0,50.0,50.0,50.0,-50.0,50.0
18.7421875,50.0,50.0,-50.0,50.0,50.0,50.0,-50.0,50.0
18.74609375,50.0,50.0,-50.0,50.0,50.0,50.0,-50.0,50.0
18.75,50.0,50.0,-50.0,50.0,50.0,50.0,-50.0,50.0
18.75390625,-50.0,50.0,-50.0,50.0,-50.0,50.0,-50.0,50.0
18.7578125,-50.0,50.0,-50.0,50.0,-50.0,50.0,-50.0,50.0
18.76171875,-50.0,50.0,-50.0,50.0,-50.0,50.0,-50.0,50.0
18.765625,-50.0,50.0,-50.0,50.0,-50.0,50.0,-50.0,50.0
18.76953125,-50.0,50.0,-50.0,50.0,-50.0,50.0,-50.0,50.0
18.7734375,-50.0,50.0,-50.0,50.0,-50.0,50.0,-50.0,50.0
18.77734375,-50.0,50.0,-50.0,50.0,-50.0,50.0,-50.0,50.0
18.78125,-50.0,50.0,-50.0,50.0,-50.0,50.0,-50.0,50.0
18.78515625,-50.0,50.0,-50.0,50.0,-50.0,50.0,-50.0,50.0
18.7890625,-50.0,50.0,-50.0,50.0,-50.0,50.0,-50.0,50.0
18.79296875,-50.0,50.0,-50.0,50.0,-50.0,50.0,-50.0,50.0
18.796875,-50.0,50.0,-50.0,50.0,-50.0,50.0,-50.0,50.0
18.80078125,-50.0,50.0,50.0,50.0,-50.0,50.0,50.0,50.0
18.8046875,-50.0,50.0,50.0,50.0,-50.0,50.0,50.0,50.0
18.80859375,-50.0,50.0,50.0,50.0,-50.0,50.0,50.0,50.0
18.8125,-50.0,50.0,50.0,50.0,-50.0,50.0,50.0,50.0
18.81640625,-50.0,50.0,50.0,50.0,-50.0,50.0,50.0,50.0
18.8203125,-50.0,50.0,50.0,50.0,-50.0,50.0,50.0,50.0
18.82421875,-50.0,50.0,50.0,50.0,-50.0,50.0,50.0,50.0
18.828125,-50.0,50.0,50.0,50.0,-50.0,50.0,50.0,50.0
18.83203125,-50.0,50.0,50.0,50.0,-50.0,50.0,50.0,50.0
18.8359375,-50.0,-50.0,50.0,50.0,-50.0,-50.0,50.0,50.0
18.83984375,-50.0,-50.0,50.0,50.0,-50.0,-50.0,50.0,50.0
18.84375,-50.0,-50.0,50.0,50.0,-50.0,-50.0,50.0,50.0
18.84765625,-50.0,-50.0,50.0,50.0,-50.0,-50.0,50.0,50.0
18.8515625,-50.0,-50.0,50.0,50.0,-50.0,-50.0,50.0,50.0
18.85546875,-50.0,-50.0,50.0,50.0,-50.0,-50.0,50.0,50.0
18.859375,-50.0,-50.0,50.0,50.0,-50.0,-50.0,50.0,50.0
18.86328125,-50.0,-50.0,50.0,50.0,-50.0,-50.0,50.0,50.0
18.8671875,-50.0,-50.0,50.0,50.0,-50.0,-50.0,50.0,50.0
18.87109375,-50.0,-50.0,50.0,50.0,-50.0,-50.0,50.0,50.0
18.875,-50.0,-50.0,50.0,50.0,-50.0,-50.0,50.0,50.0
18.87890625,-50.0,-50.0,50.0,50.0,-50.0,-50.0,50.0,50.0
18.8828125,-50.0,-50.0,50.0,50.0,-50.0,-50.0,50.0,50.0
18.88671875,-50.0,-50.0,50.0,50.0,-50.0,-50.0,50.0,50.0
18.890625,-50.0,-50.0,50.0,50.0,-50.0,-50.0,50.0,50.0
18.89453125,-50.0,-50.0,50.0,50.0,-50.0,-50.0,50.0,50.0
18.8984375,-50.0,-50.0,50.0,50.0,-50.0,-50.0,50.0,50.0
18.90234375,-50.0,-50.0,50.0,50.0,-50.0,-50.0,50.0,50.0
18.90625,-50.0,-50.0,50.0,50.0,-50.0,-50.0,50.0,50.0
18.91015625,-50.0,-50.0,50.0,50.0,-50.0,-50.0,50.0,50.0
18.9140625,-50.0,-50.0,50.0,50.0,-50.0,-50.0,50.0,50.0
18.91796875,-50.0,-50.0,50.0,50.0,-50.0,-50.0,50.0,50.0
18.921875,-50.0,-50.0,50.0,50.0,-50.0,-50.0,50.0,50.0
18.92578125,-50.0,-50.0,50.0,50.0,-50.0,-50.0,50.0,50.0
18.9296875,-50.0,-50.0,50.0,50.0,-50.0,-50.0,50.0,50.0
18.93359375,-50.0,-50.0,50.0,50.0,-50.0,-50.0,50.0,50.0
18.9375,-50.0,-50.0,50.0,50.0,-50.0,-50.0,50.0,50.0
18.94140625,-50.0,-50.0,50.0,50.0,-50.0,-50.0,50.0,50.0
18.9453125,-50.0,-50.0,50.0,50.0,-50.0,-50.0,50.0,50.0
18.94921875,-50.0,-50.0,50.0,50.0,-50.0,-50.0,50.0,50.0
18.953125,-50.0,-50.0,50.0,50.0,-50.0,-50.0,50.0,50.0
18.95703125,-50.0,-50.0,50.0,50.0,-50.0,-50.0,50.0,50.0
18.9609375,-50.0,-50.0,50.0,50.0,-50.0,-50.0,50.0,50.0
18.96484375,-50.0,-50.0,50.0,50.0,-50.0,-50.0,50.0,50.0
18.96875,-50.0,-50.0,50.0,50.0,-50.0,-50.0,50.0,50.0
18.97265625,-50.0,-50.0,50.0,50.0,-50.0,-50.0,50.0,50.0
18.9765625,-50.0,-50.0,50.0,50.0,-50.0,-50.0,50.0,50.0
18.98046875,-50.0,-50.0,50.0,50.0,-50.0,-50.0,50.0,50.0
18.984375,-50.0,-50.0,50.0,50.0,-50.0,-50.0,50.0,50.0
18.98828125,-50.0,-50.0,50.0,50.0,-50.0,-50.0,50.0,50.0
18.9921875,-50.0,-50.0,50.0,50.0,-50.0,-50.0,50.0,50.0
18.99609375,-50.0,-50.0,50.0,50.0,-50.0,-50.0,50.0,50.0
19.0,-50.0,-50.0,-50.0,50.0,-50.0,-50.0,-50.0,50.0
19.00390625,50.0,50.0,-50.0,-50.0,50.0,50.0,-50.0,-50.0
19.0078125,50.0,50.0,-50.0,-50.0,50.0,50.0,-50.0,-50.0
19.01171875,50.0,50.0,-50.0,-50.0,50.0,50.0,-50.0,-50.0
19.015625,50.0,50.0,-50.0,-50.0,50.0,50.0,-50.0,-50.0
19.01953125,50.0,50.0,-50.0,-50.0,50.0,50.0,-50.0,-50.0
19.0234375,50.0,50.0,-50.0,-50.0,50.0,50.0,-50.0,-50.0
19.02734375,50.0,50.0,-50.0,-50.0,50.0,50.0,-50.0,-50.0
19.03125,50.0,50.0,-50.0,-50.0,50.0,50.0,-50.0,-50.0
19.03515625,50.0,50.0,-50.0,-50.0,50.0,50.0,-50.0,-50.0
19.0390625,50.0,50.0,-50.0,-50.0,50.0,50.0,-50.0,-50.0
19.04296875,50.0,50.0,-50.0,-50.0,50.0,50.0,-50.0,-50.0
19.046875,50.0,50.0,-50.0,-50.0,50.0,50.0,-50.0,-50.0
19.05078125,50.0,50.0,-50.0,-50.0,50.0,50.0,-50.0,-50.0
19.0546875,50.0,50.0,-50.0,-50.0,50.0,50.0,-50.0,-50.0
19.05859375,50.0,50.0,-50.0,-50.0,50.0,50.0,-50.0,-50.0
19.0625,50.0,50.0,-50.0,-50.0,50.0,50.0,-50.0,-50.0
19.06640625,50.0,50.0,-50.0,-50.0,50.0,50.0,-50.0,-50.0
19.0703125,50.0,50.0,-50.0,-50.0,50.0,50.0,-50.0,-50.0
19.07421875,50.0,50.0,-50.0,-50.0,50.0,50.0,-50.0,-50.0
19.078125,50.0,50.0,-50.0,-50.0,50.0,50.0,-50.0,-50.0
19.08203125,50.0,50.0,-50.0,-50.0,50.0,50.0,-50.0,-50.0
19.0859375,50.0,50.0,-50.0,-50.0,50.0,50.0,-50.0,-50.0
19.08984375,50.0,50.0,-50.0,-50.0,50.0,50.0,-50.0,-50.0
19.09375,50.0,50.0,-50.0,-50.0,50.0,50.0,-50.0,-50.0
19.09765625,50.0,50.0,-50.0,-50.0,50.0,50.0,-50.0,-50.0
19.1015625,50.0,50.0,-50.0,-50.0,50.0,50.0,-50.0,-50.0
19.10546875,50.0,50.0,-50.0,-50.0,50.0,50.0,-50.0,-50.0
19.109375,50.0,50.0,-50.0,-50.0,50.0,50.0,-50.0,-50.0
19.11328125,50.0,50.0,-50.0,-50.0,50.0,50.0,-50.0,-50.0
19.1171875,50.0,50.0,-50.0,-50.0,50.0,50.0,-50.0,-50.0
19.12109375,50.0,50.0,-50.0,-50.0,50.0,50.0,-50.0,-50.0
19.125,50.0,50.0,-50.0,-50.0,50.0,50.0,-50.0,-50.0
19.12890625,50.0,50.0,-50.0,-50.0,50.0,50.0,-50.0,-50.0
19.1328125,50.0,50.0,-50.0,-50.0,50.0,50.0,-50.0,-50.0
19.13671875,50.0,50.0,-50.0,-50.0,50.0,50.0,-50.0,-50.0
19.140625,50.0,50.0,-50.0,-50.0,50.0,50.0,-50.0,-50.0
19.14453125,50.0,50.0,-50.0,-50.0,50.0,50.0,-50.0,-50.0
19.1484375,50.0,50.0,-50.0,-50.0,50.0,50.0,-50.0,-50.0
19.15234375,50.0,50.0,-50.0,-50.0,50.0,50.0,-50.0,-50.0
19.15625,50.0,50.0,-50.0,-50.0,50.0,50.0,-50.0,-50.0
19.16015625,50.0,50.0,-50.0,-50.0,50.0,50.0,-50.0,-50.0
19.1640625,50.0,50.0,-50.0,-50.0,50.0,50.0,-50.0,-50.0
19.16796875,50.0,-50.0,-50.0,-50.0,50.0,-50.0,-50.0,-50.0
19.171875,50.0,-50.0,-50.0,-50.0,50.0,-50.0,-50.0,-50.0
19.17578125,50.0,-50.0,-50.0,-50.0,50.0,-50.0,-50.0,-50.0
19.1796875,50.0,-50.0,-50.0,-50.0,50.0,-50.0,-50.0,-50.0
19.18359375,50.0,-50.0,-50.0,-50.0,50.0,-50.0,-50.0,-50.0
19.1875,50.0,-50.0,-50.0,-50.0,50.0,-50.0,-50.0,-50.0
19.19140625,50.0,-50.0,-50.0,-50.0,50.0,-50.0,-50.0,-50.0
19.1953125,50.0,-50.0,-50.0,-50.0,50.0,-50.0,-50.0,-50.0
19.19921875,50.0,-50.0,-50.0,-50.0,50.0,-50.0,-50.0,-50.0
19.203125,50.0,-50.0,50.0,-50.0,50.0,-50.0,50.0,-50.0
19.20703125,50.0,-50.0,50.0,-50.0,50.0,-50.0,50.0,-50.0
19.2109375,50.0,-50.0,50.0,-50.0,50.0,-50.0,50.0,-50.0
19.21484375,50.0,-50.0,50.0,-50.0,50.0,-50.0,50.0,-50.0
19.21875,50.0,-50.0,50.0,-50.0,50.0,-50.0,50.0,-50.0
19.22265625,50.0,-50.0,50.0,-50.0,50.0,-50.0,50.0,-50.0
19.2265625,50.0,-50.0,50.0,-50.0,50.0,-50.0,50.0,-50.0
19.23046875,50.0,-50.0,50.0,-50.0,50.0,-50.0,50.0,-50.0
19.234375,50.0,-50.0,50.0,-50.0,50.0,-50.0,50.0,-50.0
19.23828125,50.0,-50.0,50.0,-50.0,50.0,-50.0,50.0,-50.0
19.2421875,50.0,-50.0,50.0,-50.0,50.0,-50.0,50.0,-50.0
19.24609375,50.0,-50.0,50.0,-50.0,50.0,-50.0,50.0,-50.0
19.25,-50.0,-50.0,50.0,-50.0,-50.0,-50.0,50.0,-50.0
19.25390625,-50.0,-50.0,50.0,-50.0,-50.0,-50.0,50.0,-50.0
19.2578125,-50.0,-50.0,50.0,-50.0,-50.0,-50.0,50.0,-50.0
19.26171875,-50.0,-50.0,50.0,-50.0,-50.0,-50.0,50.0,-50.0
19.265625,-50.0,-50.0,50.0,-50.0,-50.0,-50.0,50.0,-50.0
19.26953125,-50.0,-50.0,50.0,-50.0,-50.0,-50.0,50.0,-50.0
19.2734375,-50.0,-50.0,50.0,-50.0,-50.0,-50.0,50.0,-50.0
19.27734375,-50.0,-50.0,50.0,-50.0,-50.0,-50.0,50.0,-50.0
19.28125,-50.0,-50.0,50.0,-50.0,-50.0,-50.0,50.0,-50.0
19.28515625,-50.0,-50.0,50.0,-50.0,-50.0,-50.0,50.0,-50.0
19.2890625,-50.0,-50.0,50.0,-50.0,-50.0,-50.0,50.0,-50.0
19.29296875,-50.0,-50.0,50.0,-50.0,-50.0,-50.0,50.0,-50.0
19.296875,-50.0,-50.0,50.0,-50.0,-50.0,-50.0,50.0,-50.0
19.30078125,-50.0,-50.0,50.0,-50.0,-50.0,-50.0,50.0,-50.0
19.3046875,-50.0,-50.0,50.0,-50.0,-50.0,-50.0,50.0,-50.0
19.30859375,-50.0,-50.0,50.0,-50.0,-50.0,-50.0,50.0,-50.0
19.3125,-50.0,-50.0,50.0,-50.0,-50.0,-50.0,50.0,-50.0
19.31640625,-50.0,-50.0,50.0,-50.0,-50.0,-50.0,50.0,-50.0
19.3203125,-50.0,-50.0,50.0,-50.0,-50.0,-50.0,50.0,-50.0
19.32421875,-50.0,-50.0,50.0,-50.0,-50.0,-50.0,50.0,-50.0
19.328125,-50.0,-50.0,50.0,-50.0,-50.0,-50.0,50.0,-50.0
19.33203125,-50.0,-50.0,50.0,-50.0,-50.0,-50.0,50.0,-50.0
19.3359375,-50.0,50.0,50.0,50.0,-50.0,50.0,50.0,50.0
19.33984375,-50.0,50.0,50.0,50.0,-50.0,50.0,50.0,50.0
19.34375,-50.0,50.0,50.0,50.0,-50.0,50.0,50.0,50.0
19.34765625,-50.0,50.0,50.0,50.0,-50.0,50.0,50.0,50.0
19.3515625,-50.0,50.0,50.0,50.0,-50.0,50.0,50.0,50.0
19.35546875,-50.0,50.0,50.0,50.0,-50.0,50.0,50.0,50.0
19.359375,-50.0,50.0,50.0,50.0,-50.0,50.0,50.0,50.0
19.36328125,-50.0,50.0,50.0,50.0,-50.0,50.0,50.0,50.0
19.3671875,-50.0,50.0,50.0,50.0,-50.0,50.0,50.0,50.0
19.37109375,-50.0,50.0,50.0,50.0,-50.0,50.0,50.0,50.0
19.375,-50.0,50.0,50.0,50.0,-50.0,50.0,50.0,50.0
19.37890625,-50.0,50.0,50.0,50.0,-50.0,50.0,50.0,50.0
19.3828125,-50.0,50.0,50.0,50.0,-50.0,50.0,50.0,50.0
19.38671875,-50.0,50.0,50.0,50.0,-50.0,50.0,50.0,50.0
19.390625,-50.0,50.0,50.0,50.0,-50.0,50.0,50.0,50.0
19.39453125,-50.0,50.0,50.0,50.0,-50.0,50.0,50.0,50.0
19.3984375,-50.0,50.0,50.0,50.0,-50.0,50.0,50.0,50.0
19.40234375,-50.0,50.0,-50.0,50.0,-50.0,50.0,-50.0,50.0
19.40625,-50.0,50.0,-50.0,50.0,-50.0,50.0,-50.0,50.0
19.41015625,-50.0,50.0,-50.0,50.0,-50.0,50.0,-50.0,50.0
19.4140625,-50.0,50.0,-50.0,50.0,-50.0,50.0,-50.0,50.0
19.41796875,-50.0,50.0,-50.0,50.0,-50.0,50.0,-50.0,50.0
19.421875,-50.0,50.0,-50.0,50.0,-50.0,50.0,-50.0,50.0
19.42578125,-50.0,50.0,-50.0,50.0,-50.0,50.0,-50.0,50.0
19.4296875,-50.0,50.0,-50.0,50.0,-50.0,50.0,-50.0,50.0
19.43359375,-50.0,50.0,-50.0,50.0,-50.0,50.0,-50.0,50.0
19.4375,-50.0,50.0,-50.0,50.0,-50.0,50.0,-50.0,50.0
19.44140625,-50.0,50.0,-50.0,50.0,-50.0,50.0,-50.0,50.0
19.4453125,-50.0,50.0,-50.0,50.0,-50.0,50.0,-50.0,50.0
19.44921875,-50.0,50.0,-50.0,50.0,-50.0,50.0,-50.0,50.0
19.453125,-50.0,50.0,-50.0,50.0,-50.0,50.0,-50.0,50.0
19.45703125,-50.0,50.0,-50.0,50.0,-50.0,50.0,-50.0,50.0
19.4609375,-50.0,50.0,-50.0,50.0,-50.0,50.0,-50.0,50.0
19.46484375,-50.0,50.0,-50.0,50.0,-50.0,50.0,-50.0,50.0
19.46875,-50.0,50.0,-50.0,50.0,-50.0,50.0,-50.0,50.0
19.47265625,-50.0,50.0,-50.0,50.0,-50.0,50.0,-50.0,50.0
19.4765625,-50.0,50.0,-50.0,50.0,-50.0,50.0,-50.0,50.0
19.48046875,-50.0,50.0,-50.0,50.0,-50.0,50.0,-50.0,50.0
19.484375,-50.0,50.0,-50.0,50.0,-50.0,50.0,-50.0,50.0
19.48828125,-50.0,50.0,-50.0,50.0,-50.0,50.0,-50.0,50.0
19.4921875,-50.0,50.0,-50.0,50.0,-50.0,50.0,-50.0,50.0
19.49609375,-50.0,50.0,-50.0,50.0,-50.0,50.0,-50.0,50.0
19.5,-50.0,-50.0,-50.0,50.0,-50.0,-50.0,-50.0,50.0
19.50390625,50.0,-50.0,-50.0,50.0,50.0,-50.0,-50.0,50.0
19.5078125,50.0,-50.0,-50.0,50.0,50.0,-50.0,-50.0,50.0
19.51171875,50.0,-50.0,-50.0,50.0,50.0,-50.0,-50.0,50.0
19.515625,50.0,-50.0,-50.0,50.0,50.0,-50.0,-50.0,50.0
19.51953125,50.0,-50.0,-50.0,50.0,50.0,-50.0,-50.0,50.0
19.5234375,50.0,-50.0,-50.0,50.0,50.0,-50.0,-50.0,50.0
19.52734375,50.0,-50.0,-50.0,50.0,50.0,-50.0,-50.0,50.0
19.53125,50.0,-50.0,-50.0,50.0,50.0,-50.0,-50.0,50.0
19.53515625,50.0,-50.0,-50.0,50.0,50.0,-50.0,-50.0,50.0
19.5390625,50.0,-50.0,-50.0,50.0,50.0,-50.0,-50.0,50.0
19.54296875,50.0,-50.0,-50.0,50.0,50.0,-50.0,-50.0,50.0
19.546875,50.0,-50.0,-50.0,50.0,50.0,-50.0,-50.0,50.0
19.55078125,50.0,-50.0,-50.0,50.0,50.0,-50.0,-50.0,50.0
19.5546875,50.0,-50.0,-50.0,50.0,50.0,-50.0,-50.0,50.0
19.55859375,50.0,-50.0,-50.0,50.0,50.0,-50.0,-50.0,50.0
19.5625,50.0,-50.0,-50.0,50.0,50.0,-50.0,-50.0,50.0
19.56640625,50.0,-50.0,-50.0,50.0,50.0,-50.0,-50.0,50.0
19.5703125,50.0,-50.0,-50.0,50.0,50.0,-50.0,-50.0,50.0
19.57421875,50.0,-50.0,-50.0,50.0,50.0,-50.0,-50.0,50.0
19.578125,50.0,-50.0,-50.0,50.0,50.0,-50.0,-50.0,50.0
19.58203125,50.0,-50.0,-50.0,50.0,50.0,-50.0,-50.0,50.0
19.5859375,50.0,-50.0,-50.0,50.0,50.0,-50.0,-50.0,50.0
19.58984375,50.0,-50.0,-50.0,50.0,50.0,-50.0,-50.0,50.0
19.59375,50.0,-50.0,-50.0,50.0,50.0,-50.0,-50.0,50.0
19.59765625,50.0,-50.0,-50.0,50.0,50.0,-50.0,-50.0,50.0
19.6015625,50.0,-50.0,50.0,50.0,50.0,-50.0,50.0,50.0
19.60546875,50.0,-50.0,50.0,50.0,50.0,-50.0,50.0,50.0
19.609375,50.0,-50.0,50.0,50.0,50.0,-50.0,50.0,50.0
19.61328125,50.0,-50.0,50.0,50.0,50.0,-50.0,50.0,50.0
19.6171875,50.0,-50.0,50.0,50.0,50.0,-50.0,50.0,50.0
19.62109375,50.0,-50.0,50.0,50.0,50.0,-50.0,50.0,50.0
19.625,50.0,-50.0,50.0,50.0,50.0,-50.0,50.0,50.0
19.62890625,50.0,-50.0,50.0,50.0,50.0,-50.0,50.0,50.0
19.6328125,50.0,-50.0,50.0,50.0,50.0,-50.0,50.0,50.0
19.63671875,50.0,-50.0,50.0,50.0,50.0,-50.0,50.0,50.0
19.640625,50.0,-50.0,50.0,50.0,50.0,-50.0,50.0,50.0
19.64453125,50.0,-50.0,50.0,50.0,50.0,-50.0,50.0,50.0
19.6484375,50.0,-50.0,50.0,50.0,50.0,-50.0,50.0,50.0
19.65234375,50.0,-50.0,50.0,50.0,50.0,-50.0,50.0,50.0
19.65625,50.0,-50.0,50.0,50.0,50.0,-50.0,50.0,50.0
19.66015625,50.0,-50.0,50.0,50.0,50.0,-50.0,50.0,50.0
19.6640625,50.0,-50.0,50.0,50.0,50.0,-50.0,50.0,50.0
19.66796875,50.0,50.0,50.0,-50.0,50.0,50.0,50.0,-50.0
19.671875,50.0,50.0,50.0,-50.0,50.0,50.0,50.0,-50.0
19.67578125,50.0,50.0,50.0,-50.0,50.0,50.0,50.0,-50.0
19.6796875,50.0,50.0,50.0,-50.0,50.0,50.0,50.0,-50.0
19.68359375,50.0,50.0,50.0,-50.0,50.0,50.0,50.0,-50.0
19.6875,50.0,50.0,50.0,-50.0,50.0,50.0,50.0,-50.0
19.69140625,50.0,50.0,50.0,-50.0,50.0,50.0,50.0,-50.0
19.6953125,50.0,50.0,50.0,-50.0,50.0,50.0,50.0,-50.0
19.69921875,50.0,50.0,50.0,-50.0,50.0,50.0,50.0,-50.0
19.703125,50.0,50.0,50.0,-50.0,50.0,50.0,50.0,-50.0
19.70703125,50.0,50.0,50.0,-50.0,50.0,50.0,50.0,-50.0
19.7109375,50.0,50.0,50.0,-50.0,50.0,50.0,50.0,-50.0
19.71484375,50.0,50.0,50.0,-50.0,50.0,50.0,50.0,-50.0
19.71875,50.0,50.0,50.0,-50.0,50.0,50.0,50.0,-50.0
19.72265625,50.0,50.0,50.0,-50.0,50.0,50.0,50.0,-50.0
19.7265625,50.0,50.0,50.0,-50.0,50.0,50.0,50.0,-50.0
19.73046875,50.0,50.0,50.0,-50.0,50.0,50.0,50.0,-50.0
19.734375,50.0,50.0,50.0,-50.0,50.0,50.0,50.0,-50.0
19.73828125,50.0,50.0,50.0,-50.0,50.0,50.0,50.0,-50.0
19.7421875,50.0,50.0,50.0,-50.0,50.0,50.0,50.0,-50.0
19.74609375,50.0,50.0,50.0,-50.0,50.0,50.0,50.0,-50.0
19.75,-50.0,50.0,50.0,-50.0,-50.0,50.0,50.0,-50.0
19.75390625,-50.0,50.0,50.0,-50.0,-50.0,50.0,50.0,-50.0
19.7578125,-50.0,50.0,50.0,-50.0,-50.0,50.0,50.0,-50.0
19.76171875,-50.0,50.0,50.0,-50.0,-50.0,50.0,50.0,-50.0
19.765625,-50.0,50.0,50.0,-50.0,-50.0,50.0,50.0,-50.0
19.76953125,-50.0,50.0,50.0,-50.0,-50.0,50.0,50.0,-50.0
19.7734375,-50.0,50.0,50.0,-50.0,-50.0,50.0,50.0,-50.0
19.77734375,-50.0,50.0,50.0,-50.0,-50.0,50.0,50.0,-50.0
19.78125,-50.0,50.0,50.0,-50.0,-50.0,50.0,50.0,-50.0
19.78515625,-50.0,50.0,50.0,-50.0,-50.0,50.0,50.0,-50.0
19.7890625,-50.0,50.0,50.0,-50.0,-50.0,50.0,50.0,-50.0
19.79296875,-50.0,50.0,50.0,-50.0,-50.0,50.0,50.0,-50.0
19.796875,-50.0,50.0,50.0,-50.0,-50.0,50.0,50.0,-50.0
19.80078125,-50.0,50.0,-50.0,-50.0,-50.0,50.0,-50.0,-50.0
19.8046875,-50.0,50.0,-50.0,-50.0,-50.0,50.0,-50.0,-50.0
19.80859375,-50.0,50.0,-50.0,-50.0,-50.0,50.0,-50.0,-50.0
19.8125,-50.0,50.0,-50.0,-50.0,-50.0,50.0,-50.0,-50.0
19.81640625,-50.0,50.0,-50.0,-50.0,-50.0,50.0,-50.0,-50.0
19.8203125,-50.0,50.0,-50.0,-50.0,-50.0,50.0,-50.0,-50.0
19.82421875,-50.0,50.0,-50.0,-50.0,-50.0,50.0,-50.0,-50.0
19.828125,-50.0,50.0,-50.0,-50.0,-50.0,50.0,-50.0,-50.0
19.83203125,-50.0,50.0,-50.0,-50.0,-50.0,50.0,-50.0,-50.0
19.8359375,-50.0,-50.0,-50.0,-50.0,-50.0,-50.0,-50.0,-50.0
19.83984375,-50.0,-50.0,-50.0,-50.0,-50.0,-50.0,-50.0,-50.0
19.84375,-50.0,-50.0,-50.0,-50.0,-50.0,-50.0,-50.0,-50.0
19.84765625,-50.0,-50.0,-50.0,-50.0,-50.0,-50.0,-50.0,-50.0
19.8515625,-50.0,-50.0,-50.0,-50.0,-50.0,-50.0,-50.0,-50.0
19.85546875,-50.0,-50.0,-50.0,-50.0,-50.0,-50.0,-50.0,-50.0
19.859375,-50.0,-50.0,-50.0,-50.0,-50.0,-50.0,-50.0,-50.0
19.86328125,-50.0,-50.0,-50.0,-50.0,-50.0,-50.0,-50.0,-50.0
19.8671875,-50.0,-50.0,-50.0,-50.0,-50.0,-50.0,-50.0,-50.0
19.87109375,-50.0,-50.0,-50.0,-50.0,-50.0,-50.0,-50.0,-50.0
19.875,-50.0,-50.0,-50.0,-50.0,-50.0,-50.0,-50.0,-50.0
19.87890625,-50.0,-50.0,-50.0,-50.0,-50.0,-50.0,-50.0,-50.0
19.8828125,-50.0,-50.0,-50.0,-50.0,-50.0,-50.0,-50.0,-50.0
19.88671875,-50.0,-50.0,-50.0,-50.0,-50.0,-50.0,-50.0,-50.0
19.890625,-50.0,-50.0,-50.0,-50.0,-50.0,-50.0,-50.0,-50.0
19.89453125,-50.0,-50.0,-50.0,-50.0,-50.0,-50.0,-50.0,-50.0
19.8984375,-50.0,-50.0,-50.0,-50.0,-50.0,-50.0,-50.0,-50.0
19.90234375,-50.0,-50.0,-50.0,-50.0,-50.0,-50.0,-50.0,-50.0
19.90625,-50.0,-50.0,-50.0,-50.0,-50.0,-50.0,-50.0,-50.0
19.91015625,-50.0,-50.0,-50.0,-50.0,-50.0,-50.0,-50.0,-50.0
19.9140625,-50.0,-50.0,-50.0,-50.0,-50.0,-50.0,-50.0,-50.0
19.91796875,-50.0,-50.0,-50.0,-50.0,-50.0,-50.0,-50.0,-50.0
19.921875,-50.0,-50.0,-50.0,-50.0,-50.0,-50.0,-50.0,-50.0
19.92578125,-50.0,-50.0,-50.0,-50.0,-50.0,-50.0,-50.0,-50.0
19.9296875,-50.0,-50.0,-50.0,-50.0,-50.0,-50.0,-50.0,-50.0
19.93359375,-50.0,-50.0,-50.0,-50.0,-50.0,-50.0,-50.0,-50.0
19.9375,-50.0,-50.0,-50.0,-50.0,-50.0,-50.0,-50.0,-50.0
19.94140625,-50.0,-50.0,-50.0,-50.0,-50.0,-50.0,-50.0,-50.0
19.9453125,-50.0,-50.0,-50.0,-50.0,-50.0,-50.0,-50.0,-50.0
19.94921875,-50.0,-50.0,-50.0,-50.0,-50.0,-50.0,-50.0,-50.0
19.953125,-50.0,-50.0,-50.0,-50.0,-50.0,-50.0,-50.0,-50.0
19.95703125,-50.0,-50.0,-50.0,-50.0,-50.0,-50.0,-50.0,-50.0
19.9609375,-50.0,-50.0,-50.0,-50.0,-50.0,-50.0,-50.0,-50.0
19.96484375,-50.0,-50.0,-50.0,-50.0,-50.0,-50.0,-50.0,-50.0
19.96875,-50.0,-50.0,-50.0,-50.0,-50.0,-50.0,-50.0,-50.0
19.97265625,-50.0,-50.0,-50.0,-50.0,-50.0,-50.0,-50.0,-50.0
19.9765625,-50.0,-50.0,-50.0,-50.0,-50.0,-50.0,-50.0,-50.0
19.98046875,-50.0,-50.0,-50.0,-50.0,-50.0,-50.0,-50.0,-50.0
19.984375,-50.0,-50.0,-50.0,-50.0,-50.0,-50.0,-50.0,-50.0
19.98828125,-50.0,-50.0,-50.0,-50.0,-50.0,-50.0,-50.0,-50.0
19.9921875,-50.0,-50.0,-50.0,-50.0,-50.0,-50.0,-50.0,-50.0
19.99609375,-50.0,-50.0,-50.0,-50.0,-50.0,-50.0,-50.0,-50.0
20.0,50.0,-50.0,50.0,-50.0,50.0,-50.0,50.0,-50.0
20.00390625,50.0,50.0,50.0,50.0,50.0,50.0,50.0,50.0
20.0078125,50.0,50.0,50.0,50.0,50.0,50.0,50.0,50.0
20.01171875,50.0,50.0,50.0,50.0,50.0,50.0,50.0,50.0
20.015625,50.0,50.0,50.0,50.0,50.0,50.0,50.0,50.0
20.01953125,50.0,50.0,50.0,50.0,50.0,50.0,50.0,50.0
20.0234375,50.0,50.0,50.0,50.0,50.0,50.0,50.0,50.0
20.02734375,50.0,50.0,50.0,50.0,50.0,50.0,50.0,50.0
20.03125,50.0,50.0,50.0,50.0,50.0,50.0,50.0,50.0
20.03515625,50.0,50.0,50.0,50.0,50.0,50.0,50.0,50.0
20.0390625,50.0,50.0,50.0,50.0,50.0,50.0,50.0,50.0
20.04296875,50.0,50.0,50.0,50.0,50.0,50.0,50.0,50.0
20.046875,50.0,50.0,50.0,50.0,50.0,50.0,50.0,50.0
20.05078125,50.0,50.0,50.0,50.0,50.0,50.0,50.0,50.0
20.0546875,50.0,50.0,50.0,50.0,50.0,50.0,50.0,50.0
20.05859375,50.0,50.0,50.0,50.0,50.0,50.0,50.0,50.0
20.0625,50.0,50.0,50.0,50.0,50.0,50.0,50.0,50.0
20.06640625,50.0,50.0,50.0,50.0,50.0,50.0,50.0,50.0
20.0703125,50.0,50.0,50.0,50.0,50.0,50.0,50.0,50.0
20.07421875,50.0,50.0,50.0,50.0,50.0,50.0,50.0,50.0
20.078125,50.0,50.0,50.0,50.0,50.0,50.0,50.0,50.0
20.08203125,50.0,50.0,50.0,50.0,50.0,50.0,50.0,50.0
20.0859375,50.0,50.0,50.0,50.0,50.0,50.0,50.0,50.0
20.08984375,50.0,50.0,50.0,50.0,50.0,50.0,50.0,50.0
20.09375,50.0,50.0,50.0,50.0,50.0,50.0,50.0,50.0
20.09765625,50.0,50.0,50.0,50.0,50.0,50.0,50.0,50.0
20.1015625,50.0,50.0,50.0,50.0,50.0,50.0,50.0,50.0
20.10546875,50.0,50.0,50.0,50.0,50.0,50.0,50.0,50.0
20.109375,50.0,50.0,50.0,50.0,50.0,50.0,50.0,50.0
20.11328125,50.0,50.0,50.0,50.0,50.0,50.0,50.0,50.0
20.1171875,50.0,50.0,50.0,50.0,50.0,50.0,50.0,50.0
20.12109375,50.0,50.0,50.0,50.0,50.0,50.0,50.0,50.0
20.125,50.0,50.0,50.0,50.0,50.0,50.0,50.0,50.0
20.12890625,50.0,50.0,50.0,50.0,50.0,50.0,50.0,50.0
20.1328125,50.0,50.0,50.0,50.0,50.0,50.0,50.0,50.0
20.13671875,50.0,50.0,50.0,50.0,50.0,50.0,50.0,50.0
20.140625,50.0,50.0,50.0,50.0,50.0,50.0,50.0,50.0
20.14453125,50.0,50.0,50.0,50.0,50.0,50.0,50.0,50.0
20.1484375,50.0,50.0,50.0,50.0,50.0,50.0,50.0,50.0
20.15234375,50.0,50.0,50.0,50.0,50.0,50.0,50.0,50.0
20.15625,50.0,50.0,50.0,50.0,50.0,50.0,50.0,50.0
20.16015625,50.0,50.0,50.0,50.0,50.0,50.0,50.0,50.0
20.1640625,50.0,50.0,50.0,50.0,50.0,50.0,50.0,50.0
20.16796875,50.0,-50.0,50.0,50.0,50.0,-50.0,50.0,50.0
20.171875,50.0,-50.0,50.0,50.0,50.0,-50.0,50.0,50.0
20.17578125,50.0,-50.0,50.0,50.0,50.0,-50.0,50.0,50.0
20.1796875,50.0,-50.0,50.0,50.0,50.0,-50.0,50.0,50.0
20.18359375,50.0,-50.0,50.0,50.0,50.0,-50.0,50.0,50.0
20.1875,50.0,-50.0,50.0,50.0,50.0,-50.0,50.0,50.0
20.19140625,50.0,-50.0,50.0,50.0,50.0,-50.0,50.0,50.0
20.1953125,50.0,-50.0,50.0,50.0,50.0,-50.0,50.0,50.0
20.19921875,50.0,-50.0,50.0,50.0,50.0,-50.0,50.0,50.0
20.203125,50.0,-50.0,-50.0,50.0,50.0,-50.0,-50.0,50.0
20.20703125,50.0,-50.0,-50.0,50.0,50.0,-50.0,-50.0,50.0
20.2109375,50.0,-50.0,-50.0,50.0,50.0,-50.0,-50.0,50.0
20.21484375,50.0,-50.0,-50.0,50.0,50.0,-50.0,-50.0,50.0
20.21875,50.0,-50.0,-50.0,50.0,50.0,-50.0,-50.0,50.0
20.22265625,50.0,-50.0,-50.0,50.0,50.0,-50.0,-50.0,50.0
20.2265625,50.0,-50.0,-50.0,50.0,50.0,-50.0,-50.0,50.0
20.23046875,50.0,-50.0,-50.0,50.0,50.0,-50.0,-50.0,50.0
20.234375,50.0,-50.0,-50.0,50.0,50.0,-50.0,-50.0,50.0
20.23828125,50.0,-50.0,-50.0,50.0,50.0,-50.0,-50.0,50.0
20.2421875,50.0,-50.0,-50.0,50.0,50.0,-50.0,-50.0,50.0
20.24609375,50.0,-50.0,-50.0,50.0,50.0,-50.0,-50.0,50.0
20.25,50.0,-50.0,-50.0,50.0,50.0,-50.0,-50.0,50.0
20.25390625,-50.0,-50.0,-50.0,50.0,-50.0,-50.0,-50.0,50.0
20.2578125,-50.0,-50.0,-50.0,50.0,-50.0,-50.0,-50.0,50.0
20.26171875,-50.0,-50.0,-50.0,50.0,-50.0,-50.0,-50.0,50.0
20.265625,-50.0,-50.0,-50.0,50.0,-50.0,-50.0,-50.0,50.0
20.26953125,-50.0,-50.0,-50.0,50.0,-50.0,-50.0,-50.0,50.0
20.2734375,-50.0,-50.0,-50.0,50.0,-50.0,-50.0,-50.0,50.0
20.27734375,-50.0,-50.0,-50.0,50.0,-50.0,-50.0,-50.0,50.0
20.28125,-50.0,-50.0,-50.0,50.0,-50.0,-50.0,-50.0,50.0
20.28515625,-50.0,-50.0,-50.0,50.0,-50.0,-50.0,-50.0,50.0
20.2890625,-50.0,-50.0,-50.0,50.0,-50.0,-50.0,-50.0,50.0
20.29296875,-50.0,-50.0,-50.0,50.0,-50.0,-50.0,-50.0,50.0
20.296875,-50.0,-50.0,-50.0,50.0,-50.0,-50.0,-50.0,50.0
20.30078125,-50.0,-50.0,-50.0,50.0,-50.0,-50.0,-50.0,50.0
20.3046875,-50.0,-50.0,-50.0,50.0,-50.0,-50.0,-50.0,50.0
20.30859375,-50.0,-50.0,-50.0,50.0,-50.0,-50.0,-50.0,50.0
20.3125,-50.0,-50.0,-50.0,50.0,-50.0,-50.0,-50.0,50.0
20.31640625,-50.0,-50.0,-50.0,50.0,-50.0,-50.0,-50.0,50.0
20.3203125,-50.0,-50.0,-50.0,50.0,-50.0,-50.0,-50.0,50.0
20.32421875,-50.0,-50.0,-50.0,50.0,-50.0,-50.0,-50.0,50.0
20.328125,-50.0,-50.0,-50.0,50.0,-50.0,-50.0,-50.0,50.0
20.33203125,-50.0,-50.0,-50.0,50.0,-50.0,-50.0,-50.0,50.0
20.3359375,-50.0,50.0,-50.0,-50.0,-50.0,50.0,-50.0,-50.0
20.33984375,-50.0,50.0,-50.0,-50.0,-50.0,50.0,-50.0,-50.0
20.34375,-50.0,50.0,-50.0,-50.0,-50.0,50.0,-50.0,-50.0
20.34765625,-50.0,50.0,-50.0,-50.0,-50.0,50.0,-50.0,-50.0
20.3515625,-50.0,50.0,-50.0,-50.0,-50.0,50.0,-50.0,-50.0
20.35546875,-50.0,50.0,-50.0,-50.0,-50.0,50.0,-50.0,-50.0
20.359375,-50.0,50.0,-50.0,-50.0,-50.0,50.0,-50.0,-50.0
20.36328125,-50.0,50.0,-50.0,-50.0,-50.0,50.0,-50.0,-50.0
20.3671875,-50.0,50.0,-50.0,-50.0,-50.0,50.0,-50.0,-50.0
20.37109375,-50.0,50.0,-50.0,-50.0,-50.0,50.0,-50.0,-50.0
20.375,-50.0,50.0,-50.0,-50.0,-50.0,50.0,-50.0,-50.0
20.37890625,-50.0,50.0,-50.0,-50.0,-50.0,50.0,-50.0,-50.0
20.3828125,-50.0,50.0,-50.0,-50.0,-50.0,50.0,-50.0,-50.0
20.38671875,-50.0,50.0,-50.0,-50.0,-50.0,50.0,-50.0,-50.0
20.390625,-50.0,50.0,-50.0,-50.0,-50.0,50.0,-50.0,-50.0
20.39453125,-50.0,50.0,-50.0,-50.0,-50.0,50.0,-50.0,-50.0
20.3984375,-50.0,50.0,-50.0,-50.0,-50.0,50.0,-50.0,-50.0
20.40234375,-50.0,50.0,50.0,-50.0,-50.0,50.0,50.0,-50.0
20.40625,-50.0,50.0,50.0,-50.0,-50.0,50.0,50.0,-50.0
20.41015625,-50.0,50.0,50.0,-50.0,-50.0,50.0,50.0,-50.0
20.4140625,-50.0,50.0,50.0,-50.0,-50.0,50.0,50.0,-50.0
20.41796875,-50.0,50.0,50.0,-50.0,-50.0,50.0,50.0,-50.0
20.421875,-50.0,50.0,50.0,-50.0,-50.0,50.0,50.0,-50.0
20.42578125,-50.0,50.0,50.0,-50.0,-50.0,50.0,50.0,-50.0
20.4296875,-50.0,50.0,50.0,-50.0,-50.0,50.0,50.0,-50.0
20.43359375,-50.0,50.0,50.0,-50.0,-50.0,50.0,50.0,-50.0
20.4375,-50.0,50.0,50.0,-50.0,-50.0,50.0,50.0,-50.0
20.44140625,-50.0,50.0,50.0,-50.0,-50.0,50.0,50.0,-50.0
20.4453125,-50.0,50.0,50.0,-50.0,-50.0,50.0,50.0,-50.0
20.44921875,-50.0,50.0,50.0,-50.0,-50.0,50.0,50.0,-50.0
20.453125,-50.0,50.0,50.0,-50.0,-50.0,50.0,50.0,-50.0
20.45703125,-50.0,50.0,50.0,-50.0,-50.0,50.0,50.0,-50.0
20.4609375,-50.0,50.0,50.0,-50.0,-50.0,50.0,50.0,-50.0
20.46484375,-50.0,50.0,50.0,-50.0,-50.0,50.0,50.0,-50.0
20.46875,-50.0,50.0,50.0,-50.0,-50.0,50.0,50.0,-50.0
20.47265625,-50.0,50.0,50.0,-50.0,-50.0,50.0,50.0,-50.0
20.4765625,-50.0,50.0,50.0,-50.0,-50.0,50.0,50.0,-50.0
20.48046875,-50.0,50.0,50.0,-50.0,-50.0,50.0,50.0,-50.0
20.484375,-50.0,50.0,50.0,-50.0,-50.0,50.0,50.0,-50.0
20.48828125,-50.0,50.0,50.0,-50.0,-50.0,50.0,50.0,-50.0
20.4921875,-50.0,50.0,50.0,-50.0,-50.0,50.0,50.0,-50.0
20.49609375,-50.0,50.0,50.0,-50.0,-50.0,50.0,50.0,-50.0
20.5,-50.0,50.0,50.0,-50.0,-50.0,50.0,50.0,-50.0
20.50390625,50.0,-50.0,50.0,-50.0,50.0,-50.0,50.0,-50.0
20.5078125,50.0,-50.0,50.0,-50.0,50.0,-50.0,50.0,-50.0
20.51171875,50.0,-50.0,50.0,-50.0,50.0,-50.0,50.0,-50.0
20.515625,50.0,-50.0,50.0,-50.0,50.0,-50.0,50.0,-50.0
20.51953125,50.0,-50.0,50.0,-50.0,50.0,-50.0,50.0,-50.0
20.5234375,50.0,-50.0,50.0,-50.0,50.0,-50.0,50.0,-50.0
20.52734375,50.0,-50.0,50.0,-50.0,50.0,-50.0,50.0,-50.0
20.53125,50.0,-50.0,50.0,-50.0,50.0,-50.0,50.0,-50.0
20.53515625,50.0,-50.0,50.0,-50.0,50.0,-50.0,50.0,-50.0
20.5390625,50.0,-50.0,50.0,-50.0,50.0,-50.0,50.0,-50.0
20.54296875,50.0,-50.0,50.0,-50.0,50.0,-50.0,50.0,-50.0
20.546875,50.0,-50.0,50.0,-50.0,50.0,-50.0,50.0,-50.0
20.55078125,50.0,-50.0,50.0,-50.0,50.0,-50.0,50.0,-50.0
20.5546875,50.0,-50.0,50.0,-50.0,50.0,-50.0,50.0,-50.0
20.55859375,50.0,-50.0,50.0,-50.0,50.0,-50.0,50.0,-50.0
20.5625,50.0,-50.0,50.0,-50.0,50.0,-50.0,50.0,-50.0
20.56640625,50.0,-50.0,50.0,-50.0,50.0,-50.0,50.0,-50.0
20.5703125,50.0,-50.0,50.0,-50.0,50.0,-50.0,50.0,-50.0
20.57421875,50.0,-50.0,50.0,-50.0,50.0,-50.0,50.0,-50.0
20.578125,50.0,-50.0,50.0,-50.0,50.0,-50.0,50.0,-50.0
20.58203125,50.0,-50.0,50.0,-50.0,50.0,-50.0,50.0,-50.0
20.5859375,50.0,-50.0,50.0,-50.0,50.0,-50.0,50.0,-50.0
20.58984375,50.0,-50.0,50.0,-50.0,50.0,-50.0,50.0,-50.0
20.59375,50.0,-50.0,50.0,-50.0,50.0,-50.0,50.0,-50.0
20.59765625,50.0,-50.0,50.0,-50.0,50.0,-50.0,50.0,-50.0
20.6015625,50.0,-50.0,-50.0,-50.0,50.0,-50.0,-50.0,-50.0
20.60546875,50.0,-50.0,-50.0,-50.0,50.0,-50.0,-50.0,-50.0
20.609375,50.0,-50.0,-50.0,-50.0,50.0,-50.0,-50.0,-50.0
20.61328125,50.0,-50.0,-50.0,-50.0,50.0,-50.0,-50.0,-50.0
20.6171875,50.0,-50.0,-50.0,-50.0,50.0,-50.0,-50.0,-50.0
20.62109375,50.0,-50.0,-50.0,-50.0,50.0,-50.0,-50.0,-50.0
20.625,50.0,-50.0,-50.0,-50.0,50.0,-50.0,-50.0,-50.0
20.62890625,50.0,-50.0,-50.0,-50.0,50.0,-50.0,-50.0,-50.0
20.6328125,50.0,-50.0,-50.0,-50.0,50.0,-50.0,-50.0,-50.0
20.63671875,50.0,-50.0,-50.0,-50.0,50.0,-50.0,-50.0,-50.0
20.640625,50.0,-50.0,-50.0,-50.0,50.0,-50.0,-50.0,-50.0
20.64453125,50.0,-50.0,-50.0,-50.0,50.0,-50.0,-50.0,-50.0
20.6484375,50.0,-50.0,-50.0,-50.0,50.0,-50.0,-50.0,-50.0
20.65234375,50.0,-50.0,-50.0,-50.0,50.0,-50.0,-50.0,-50.0
20.65625,50.0,-50.0,-50.0,-50.0,50.0,-50.0,-50.0,-50.0
20.66015625,50.0,-50.0,-50.0,-50.0,50.0,-50.0,-50.0,-50.0
20.6640625,50.0,-50.0,-50.0,-50.0,50.0,-50.0,-50.0,-50.0
20.66796875,50.0,50.0,-50.0,50.0,50.0,50.0,-50.0,50.0
20.671875,50.0,50.0,-50.0,50.0,50.0,50.0,-50.0,50.0
20.67578125,50.0,50.0,-50.0,50.0,50.0,50.0,-50.0,50.0
20.6796875,50.0,50.0,-50.0,50.0,50.0,50.0,-50.0,50.0
20.68359375,50.0,50.0,-50.0,50.0,50.0,50.0,-50.0,50.0
20.6875,50.0,50.0,-50.0,50.0,50.0,50.0,-50.0,50.0
20.69140625,50.0,50.0,-50.0,50.0,50.0,50.0,-50.0,50.0
20.6953125,50.0,50.0,-50.0,50.0,50.0,50.0,-50.0,50.0
20.69921875,50.0,50.0,-50.0,50.0,50.0,50.0,-50.0,50.0
20.703125,50.0,50.0,-50.0,50.0,50.0,50.0,-50.0,50.0
20.70703125,50.0,50.0,-50.0,50.0,50.0,50.0,-50.0,50.0
20.7109375,50.0,50.0,-50.0,50.0,50.0,50.0,-50.0,50.0
20.71484375,50.0,50.0,-50.0,50.0,50.0,50.0,-50.0,50.0
20.71875,50.0,50.0,-50.0,50.0,50.0,50.0,-50.0,50.0
20.72265625,50.0,50.0,-50.0,50.0,50.0,50.0,-50.0,50.0
20.7265625,50.0,50.0,-50.0,50.0,50.0,50.0,-50.0,50.0
20.73046875,50.0,50.0,-50.0,50.0,50.0,50.0,-50.0,50.0
20.734375,50.0,50.0,-50.0,50.0,50.0,50.0,-50.0,50.0
20.73828125,50.0,50.0,-50.0,50.0,50.0,50.0,-50.0,50.0
20.7421875,50.0,50.0,-50.0,50.0,50.0,50.0,-50.0,50.0
20.74609375,50.0,50.0,-50.0,50.0,50.0,50.0,-50.0,50.0
20.75,-50.0,50.0,-50.0,50.0,-50.0,50.0,-50.0,50.0
20.75390625,-50.0,50.0,-50.0,50.0,-50.0,50.0,-50.0,50.0
20.7578125,-50.0,50.0,-50.0,50.0,-50.0,50.0,-50.0,50.0
20.76171875,-50.0,50.0,-50.0,50.0,-50.0,50.0,-50.0,50.0
20.765625,-50.0,50.0,-50.0,50.0,-50.0,50.0,-50.0,50.0
20.76953125,-50.0,50.0,-50.0,50.0,-50.0,50.0,-50.0,50.0
20.7734375,-50.0,50.0,-50.0,50.0,-50.0,50.0,-50.0,50.0
20.77734375,-50.0,50.0,-50.0,50.0,-50.0,50.0,-50.0,50.0
20.78125,-50.0,50.0,-50.0,50.0,-50.0,50.0,-50.0,50.0
20.78515625,-50.0,50.0,-50.0,50.0,-50.0,50.0,-50.0,50.0
20.7890625,-50.0,50.0,-50.0,50.0,-50.0,50.0,-50.0,50.0
20.79296875,-50.0,50.0,-50.0,50.0,-50.0,50.0,-50.0,50.0
20.796875,-50.0,50.0,-50.0,50.0,-50.0,50.0,-50.0,50.0
20.80078125,-50.0,50.0,50.0,50.0,-50.0,50.0,50.0,50.0
20.8046875,-50.0,50.0,50.0,50.0,-50.0,50.0,50.0,50.0
20.80859375,-50.0,50.0,50.0,50.0,-50.0,50.0,50.0,50.0
20.8125,-50.0,50.0,50.0,50.0,-50.0,50.0,50.0,50.0
20.81640625,-50.0,50.0,50.0,50.0,-50.0,50.0,50.0,50.0
20.8203125,-50.0,50.0,50.0,50.0,-50.0,50.0,50.0,50.0
20.82421875,-50.0,50.0,50.0,50.0,-50.0,50.0,50.0,50.0
20.828125,-50.0,50.0,50.0,50.0,-50.0,50.0,50.0,50.0
20.83203125,-50.0,50.0,50.0,50.0,-50.0,50.0,50.0,50.0
20.8359375,-50.0,-50.0,50.0,50.0,-50.0,-50.0,50.0,50.0
20.83984375,-50.0,-50.0,50.0,50.0,-50.0,-50.0,50.0,50.0
20.84375,-50.0,-50.0,50.0,50.0,-50.0,-50.0,50.0,50.0
20.84765625,-50.0,-50.0,50.0,50.0,-50.0,-50.0,50.0,50.0
20.8515625,-50.0,-50.0,50.0,50.0,-50.0,-50.0,50.0,50.0
20.85546875,-50.0,-50.0,50.0,50.0,-50.0,-50.0,50.0,50.0
20.859375,-50.0,-50.0,50.0,50.0,-50.0,-50.0,50.0,50.0
20.86328125,-50.0,-50.0,50.0,50.0,-50.0,-50.0,50.0,50.0
20.8671875,-50.0,-50.0,50.0,50.0,-50.0,-50.0,50.0,50.0
20.87109375,-50.0,-50.0,50.0,50.0,-50.0,-50.0,50.0,50.0
20.875,-50.0,-50.0,50.0,50.0,-50.0,-50.0,50.0,50.0
20.87890625,-50.0,-50.0,50.0,50.0,-50.0,-50.0,50.0,50.0
20.8828125,-50.0,-50.0,50.0,50.0,-50.0,-50.0,50.0,50.0
20.88671875,-50.0,-50.0,50.0,50.0,-50.0,-50.0,50.0,50.0
20.890625,-50.0,-50.0,50.0,50.0,-50.0,-50.0,50.0,50.0
20.89453125,-50.0,-50.0,50.0,50.0,-50.0,-50.0,50.0,50.0
20.8984375,-50.0,-50.0,50.0,50.0,-50.0,-50.0,50.0,50.0
20.90234375,-50.0,-50.0,50.0,50.0,-50.0,-50.0,50.0,50.0
20.90625,-50.0,-50.0,50.0,50.0,-50.0,-50.0,50.0,50.0
20.91015625,-50.0,-50.0,50.0,50.0,-50.0,-50.0,50.0,50.0
20.9140625,-50.0,-50.0,50.0,50.0,-50.0,-50.0,50.0,50.0
20.91796875,-50.0,-50.0,50.0,50.0,-50.0,-50.0,50.0,50.0
20.921875,-50.0,-50.0,50.0,50.0,-50.0,-50.0,50.0,50.0
20.92578125,-50.0,-50.0,50.0,50.0,-50.0,-50.0,50.0,50.0
20.9296875,-50.0,-50.0,50.0,50.0,-50.0,-50.0,50.0,50.0
20.93359375,-50.0,-50.0,50.0,50.0,-50.0,-50.0,50.0,50.0
20.9375,-50.0,-50.0,50.0,50.0,-50.0,-50.0,50.0,50.0
20.94140625,-50.0,-50.0,50.0,50.0,-50.0,-50.0,50.0,50.0
20.9453125,-50.0,-50.0,50.0,50.0,-50.0,-50.0,50.0,50.0
20.94921875,-50.0,-50.0,50.0,50.0,-50.0,-50.0,50.0,50.0
20.953125,-50.0,-50.0,50.0,50.0,-50.0,-50.0,50.0,50.0
20.95703125,-50.0,-50.0,50.0,50.0,-50.0,-50.0,50.0,50.0
20.9609375,-50.0,-50.0,50.0,50.0,-50.0,-50.0,50.0,50.0
20.96484375,-50.0,-50.0,50.0,50.0,-50.0,-50.0,50.0,50.0
20.96875,-50.0,-50.0,50.0,50.0,-50.0,-50.0,50.0,50.0
20.97265625,-50.0,-50.0,50.0,50.0,-50.0,-50.0,50.0,50.0
20.9765625,-50.0,-50.0,50.0,50.0,-50.0,-50.0,50.0,50.0
20.98046875,-50.0,-50.0,50.0,50.0,-50.0,-50.0,50.0,50.0
20.984375,-50.0,-50.0,50.0,50.0,-50.0,-50.0,50.0,50.0
20.98828125,-50.0,-50.0,50.0,50.0,-50.0,-50.0,50.0,50.0
20.9921875,-50.0,-50.0,50.0,50.0,-50.0,-50.0,50.0,50.0
20.99609375,-50.0,-50.0,50.0,50.0,-50.0,-50.0,50.0,50.0
21.0,50.0,50.0,-50.0,-50.0,50.0,50.0,-50.0,-50.0
21.00390625,50.0,50.0,-50.0,-50.0,50.0,50.0,-50.0,-50.0
21.0078125,50.0,50.0,-50.0,-50.0,50.0,50.0,-50.0,-50.0
21.01171875,50.0,50.0,-50.0,-50.0,50.0,50.0,-50.0,-50.0
21.015625,50.0,50.0,-50.0,-50.0,50.0,50.0,-50.0,-50.0
21.01953125,50.0,50.0,-50.0,-50.0,50.0,50.0,-50.0,-50.0
21.0234375,50.0,50.0,-50.0,-50.0,50.0,50.0,-50.0,-50.0
21.02734375,50.0,50.0,-50.0,-50.0,50.0,50.0,-50.0,-50.0
21.03125,50.0,50.0,-50.0,-50.0,50.0,50.0,-50.0,-50.0
21.03515625,50.0,50.0,-50.0,-50.0,50.0,50.0,-50.0,-50.0
21.0390625,50.0,50.0,-50.0,-50.0,50.0,50.0,-50.0,-50.0
21.04296875,50.0,50.0,-50.0,-50.0,50.0,50.0,-50.0,-50.0
21.046875,50.0,50.0,-50.0,-50.0,50.0,50.0,-50.0,-50.0
21.05078125,50.0,50.0,-50.0,-50.0,50.0,50.0,-50.0,-50.0
21.0546875,50.0,50.0,-50.0,-50.0,50.0,50.0,-50.0,-50.0
21.05859375,50.0,50.0,-50.0,-50.0,50.0,50.0,-50.0,-50.0
21.0625,50.0,50.0,-50.0,-50.0,50.0,50.0,-50.0,-50.0
21.06640625,50.0,50.0,-50.0,-50.0,50.0,50.0,-50.0,-50.0
21.0703125,50.0,50.0,-50.0,-50.0,50.0,50.0,-50.0,-50.0
21.07421875,50.0,50.0,-50.0,-50.0,50.0,50.0,-50.0,-50.0
21.078125,50.0,50.0,-50.0,-50.0,50.0,50.0,-50.0,-50.0
21.08203125,50.0,50.0,-50.0,-50.0,50.0,50.0,-50.0,-50.0
21.0859375,50.0,50.0,-50.0,-50.0,50.0,50.0,-50.0,-50.0
21.08984375,50.0,50.0,-50.0,-50.0,50.0,50.0,-50.0,-50.0
21.09375,50.0,50.0,-50.0,-50.0,50.0,50.0,-50.0,-50.0
21.09765625,50.0,50.0,-50.0,-50.0,50.0,50.0,-50.0,-50.0
21.1015625,50.0,50.0,-50.0,-50.0,50.0,50.0,-50.0,-50.0
21.10546875,50.0,50.0,-50.0,-50.0,50.0,50.0,-50.0,-50.0
21.109375,50.0,50.0,-50.0,-50.0,50.0,50.0,-50.0,-50.0
21.11328125,50.0,50.0,-50.0,-50.0,50.0,50.0,-50.0,-50.0
21.1171875,50.0,50.0,-50.0,-50.0,50.0,50.0,-50.0,-50.0
21.12109375,50.0,50.0,-50.0,-50.0,50.0,50.0,-50.0,-50.0
21.125,50.0,50.0,-50.0,-50.0,50.0,50.0,-50.0,-50.0
21.12890625,50.0,50.0,-50.0,-50.0,50.0,50.0,-50.0,-50.0
21.1328125,50.0,50.0,-50.0,-50.0,50.0,50.0,-50.0,-50.0
21.13671875,50.0,50.0,-50.0,-50.0,50.0,50.0,-50.0,-50.0
21.140625,50.0,50.0,-50.0,-50.0,50.0,50.0,-50.0,-50.0
21.14453125,50.0,50.0,-50.0,-50.0,50.0,50.0,-50.0,-50.0
21.1484375,50.0,50.0,-50.0,-50.0,50.0,50.0,-50.0,-50.0
21.15234375,50.0,50.0,-50.0,-50.0,50.0,50.0,-50.0,-50.0
21.15625,50.0,50.0,-50.0,-50.0,50.0,50.0,-50.0,-50.0
21.16015625,50.0,50.0,-50.0,-50.0,50.0,50.0,-50.0,-50.0
21.1640625,50.0,50.0,-50.0,-50.0,50.0,50.0,-50.0,-50.0
21.16796875,50.0,-50.0,-50.0,-50.0,50.0,-50.0,-50.0,-50.0
21.171875,50.0,-50.0,-50.0,-50.0,50.0,-50.0,-50.0,-50.0
21.17578125,50.0,-50.0,-50.0,-50.0,50.0,-50.0,-50.0,-50.0
21.1796875,50.0,-50.0,-50.0,-50.0,50.0,-50.0,-50.0,-50.0
21.18359375,50.0,-50.0,-50.0,-50.0,50.0,-50.0,-50.0,-50.0
21.1875,50.0,-50.0,-50.0,-50.0,50.0,-50.0,-50.0,-50.0
21.19140625,50.0,-50.0,-50.0,-50.0,50.0,-50.0,-50.0,-50.0
21.1953125,50.0,-50.0,-50.0,-50.0,50.0,-50.0,-50.0,-50.0
21.19921875,50.0,-50.0,-50.0,-50.0,50.0,-50.0,-50.0,-50.0
21.203125,50.0,-50.0,50.0,-50.0,50.0,-50.0,50.0,-50.0
21.20703125,50.0,-50.0,50.0,-50.0,50.0,-50.0,50.0,-50.0
21.2109375,50.0,-50.0,50.0,-50.0,50.0,-50.0,50.0,-50.0
21.21484375,50.0,-50.0,50.0,-50.0,50.0,-50.0,50.0,-50.0
21.21875,50.0,-50.0,50.0,-50.0,50.0,-50.0,50.0,-50.0
21.22265625,50.0,-50.0,50.0,-50.0,50.0,-50.0,50.0,-50.0
21.2265625,50.0,-50.0,50.0,-50.0,50.0,-50.0,50.0,-50.0
21.23046875,50.0,-50.0,50.0,-50.0,50.0,-50.0,50.0,-50.0
21.234375,50.0,-50.0,50.0,-50.0,50.0,-50.0,50.0,-50.0
21.23828125,50.0,-50.0,50.0,-50.0,50.0,-50.0,50.0,-50.0
21.2421875,50.0,-50.0,50.0,-50.0,50.0,-50.0,50.0,-50.0
21.24609375,50.0,-50.0,50.0,-50.0,50.0,-50.0,50.0,-50.0
21.25,-50.0,-50.0,50.0,-50.0,-50.0,-50.0,50.0,-50.0
21.25390625,-50.0,-50.0,50.0,-50.0,-50.0,-50.0,50.0,-50.0
21.2578125,-50.0,-50.0,50.0,-50.0,-50.0,-50.0,50.0,-50.0
21.26171875,-50.0,-50.0,50.0,-50.0,-50.0,-50.0,50.0,-50.0
21.265625,-50.0,-50.0,50.0,-50.0,-50.0,-50.0,50.0,-50.0
21.26953125,-50.0,-50.0,50.0,-50.0,-50.0,-50.0,50.0,-50.0
21.2734375,-50.0,-50.0,50.0,-50.0,-50.0,-50.0,50.0,-50.0
21.27734375,-50.0,-50.0,50.0,-50.0,-50.0,-50.0,50.0,-50.0
21.28125,-50.0,-50.0,50.0,-50.0,-50.0,-50.0,50.0,-50.0
21.28515625,-50.0,-50.0,50.0,-50.0,-50.0,-50.0,50.0,-50.0
21.2890625,-50.0,-50.0,50.0,-50.0,-50.0,-50.0,50.0,-50.0
21.29296875,-50.0,-50.0,50.0,-50.0,-50.0,-50.0,50.0,-50.0
21.296875,-50.0,-50.0,50.0,-50.0,-50.0,-50.0,50.0,-50.0
21.30078125,-50.0,-50.0,50.0,-50.0,-50.0,-50.0,50.0,-50.0
21.3046875,-50.0,-50.0,50.0,-50.0,-50.0,-50.0,50.0,-50.0
21.30859375,-50.0,-50.0,50.0,-50.0,-50.0,-50.0,50.0,-50.0
21.3125,-50.0,-50.0,50.0,-50.0,-50.0,-50.0,50.0,-50.0
21.31640625,-50.0,-50.0,50.0,-50.0,-50.0,-50.0,50.0,-50.0
21.3203125,-50.0,-50.0,50.0,-50.0,-50.0,-50.0,50.0,-50.0
21.32421875,-50.0,-50.0,50.0,-50.0,-50.0,-50.0,50.0,-50.0
21.328125,-50.0,-50.0,50.0,-50.0,-50.0,-50.0,50.0,-50.0
21.33203125,-50.0,-50.0,50.0,-50.0,-50.0,-50.0,50.0,-50.0
21.3359375,-50.0,50.0,50.0,50.0,-50.0,50.0,50.0,50.0
21.33984375,-50.0,50.0,50.0,50.0,-50.0,50.0,50.0,50.0
21.34375,-50.0,50.0,50.0,50.0,-50.0,50.0,50.0,50.0
21.34765625,-50.0,50.0,50.0,50.0,-50.0,50.0,50.0,50.0
21.3515625,-50.0,50.0,50.0,50.0,-50.0,50.0,50.0,50.0
21.35546875,-50.0,50.0,50.0,50.0,-50.0,50.0,50.0,50.0
21.359375,-50.0,50.0,50.0,50.0,-50.0,50.0,50.0,50.0
21.36328125,-50.0,50.0,50.0,50.0,-50.0,50.0,50.0,50.0
21.3671875,-50.0,50.0,50.0,50.0,-50.0,50.0,50.0,50.0
21.37109375,-50.0,50.0,50.0,50.0,-50.0,50.0,50.0,50.0
21.375,-50.0,50.0,50.0,50.0,-50.0,50.0,50.0,50.0
21.37890625,-50.0,50.0,50.0,50.0,-50.0,50.0,50.0,50.0
21.3828125,-50.0,50.0,50.0,50.0,-50.0,50.0,50.0,50.0
21.38671875,-50.0,50.0,50.0,50.0,-50.0,50.0,50.0,50.0
21.390625,-50.0,50.0,50.0,50.0,-50.0,50.0,50.0,50.0
21.39453125,-50.0,50.0,50.0,50.0,-50.0,50.0,50.0,50.0
21.3984375,-50.0,50.0,50.0,50.0,-50.0,50.0,50.0,50.0
21.40234375,-50.0,50.0,-50.0,50.0,-50.0,50.0,-50.0,50.0
21.40625,-50.0,50.0,-50.0,50.0,-50.0,50.0,-50.0,50.0
21.41015625,-50.0,50.0,-50.0,50.0,-50.0,50.0,-50.0,50.0
21.4140625,-50.0,50.0,-50.0,50.0,-50.0,50.0,-50.0,50.0
21.41796875,-50.0,50.0,-50.0,50.0,-50.0,50.0,-50.0,50.0
21.421875,-50.0,50.0,-50.0,50.0,-50.0,50.0,-50.0,50.0
21.42578125,-50.0,50.0,-50.0,50.0,-50.0,50.0,-50.0,50.0
21.4296875,-50.0,50.0,-50.0,50.0,-50.0,50.0,-50.0,50.0
21.43359375,-50.0,50.0,-50.0,50.0,-50.0,50.0,-50.0,50.0
21.4375,-50.0,50.0,-50.0,50.0,-50.0,50.0,-50.0,50.0
21.44140625,-50.0,50.0,-50.0,50.0,-50.0,50.0,-50.0,50.0
21.4453125,-50.0,50.0,-50.0,50.0,-50.0,50.0,-50.0,50.0
21.44921875,-50.0,50.0,-50.0,50.0,-50.0,50.0,-50.0,50.0
21.453125,-50.0,50.0,-50.0,50.0,-50.0,50.0,-50.0,50.0
21.45703125,-50.0,50.0,-50.0,50.0,-50.0,50.0,-50.0,50.0
21.4609375,-50.0,50.0,-50.0,50.0,-50.0,50.0,-50.0,50.0
21.46484375,-50.0,50.0,-50.0,50.0,-50.0,50.0,-50.0,50.0
21.46875,-50.0,50.0,-50.0,50.0,-50.0,50.0,-50.0,50.0
21.47265625,-50.0,50.0,-50.0,50.0,-50.0,50.0,-50.0,50.0
21.4765625,-50.0,50.0,-50.0,50.0,-50.0,50.0,-50.0,50.0
21.48046875,-50.0,50.0,-50.0,50.0,-50.0,50.0,-50.0,50.0
21.484375,-50.0,50.0,-50.0,50.0,-50.0,50.0,-50.0,50.0
21.48828125,-50.0,50.0,-50.0,50.0,-50.0,50.0,-50.0,50.0
21.4921875,-50.0,50.0,-50.0,50.0,-50.0,50.0,-50.0,50.0
21.49609375,-50.0,50.0,-50.0,50.0,-50.0,50.0,-50.0,50.0
21.5,-50.0,50.0,-50.0,50.0,-50.0,50.0,-50.0,50.0
21.50390625,50.0,-50.0,-50.0,50.0,50.0,-50.0,-50.0,50.0
21.5078125,50.0,-50.0,-50.0,50.0,50.0,-50.0,-50.0,50.0
21.51171875,50.0,-50.0,-50.0,50.0,50.0,-50.0,-50.0,50.0
21.515625,50.0,-50.0,-50.0,50.0,50.0,-50.0,-50.0,50.0
21.51953125,50.0,-50.0,-50.0,50.0,50.0,-50.0,-50.0,50.0
21.5234375,50.0,-50.0,-50.0,50.0,50.0,-50.0,-50.0,50.0
21.52734375,50.0,-50.0,-50.0,50.0,50.0,-50.0,-50.0,50.0
21.53125,50.0,-50.0,-50.0,50.0,50.0,-50.0,-50.0,50.0
21.53515625,50.0,-50.0,-50.0,50.0,50.0,-50.0,-50.0,50.0
21.5390625,50.0,-50.0,-50.0,50.0,50.0,-50.0,-50.0,50.0
21.54296875,50.0,-50.0,-50.0,50.0,50.0,-50.0,-50.0,50.0
21.546875,50.0,-50.0,-50.0,50.0,50.0,-50.0,-50.0,50.0
21.55078125,50.0,-50.0,-50.0,50.0,50.0,-50.0,-50.0,50.0
21.5546875,50.0,-50.0,-50.0,50.0,50.0,-50.0,-50.0,50.0
21.55859375,50.0,-50.0,-50.0,50.0,50.0,-50.0,-50.0,50.0
21.5625,50.0,-50.0,-50.0,50.0,50.0,-50.0,-50.0,50.0
21.56640625,50.0,-50.0,-50.0,50.0,50.0,-50.0,-50.0,50.0
21.5703125,50.0,-50.0,-50.0,50.0,50.0,-50.0,-50.0,50.0
21.57421875,50.0,-50.0,-50.0,50.0,50.0,-50.0,-50.0,50.0
21.578125,50.0,-50.0,-50.0,50.0,50.0,-50.0,-50.0,50.0
21.58203125,50.0,-50.0,-50.0,50.0,50.0,-50.0,-50.0,50.0
21.5859375,50.0,-50.0,-50.0,50.0,50.0,-50.0,-50.0,50.0
21.58984375,50.0,-50.0,-50.0,50.0,50.0,-50.0,-50.0,50.0
21.59375,50.0,-50.0,-50.0,50.0,50.0,-50.0,-50.0,50.0
21.59765625,50.0,-50.0,-50.0,50.0,50.0,-50.0,-50.0,50.0
21.6015625,50.0,-50.0,50.0,50.0,50.0,-50.0,50.0,50.0
21.60546875,50.0,-50.0,50.0,50.0,50.0,-50.0,50.0,50.0
21.609375,50.0,-50.0,50.0,50.0,50.0,-50.0,50.0,50.0
21.61328125,50.0,-50.0,50.0,50.0,50.0,-50.0,50.0,50.0
21.6171875,50.0,-50.0,50.0,50.0,50.0,-50.0,50.0,50.0
21.62109375,50.0,-50.0,50.0,50.0,50.0,-50.0,50.0,50.0
21.625,50.0,-50.0,50.0,50.0,50.0,-50.0,50.0,50.0
21.62890625,50.0,-50.0,50.0,50.0,50.0,-50.0,50.0,50.0
21.6328125,50.0,-50.0,50.0,50.0,50.0,-50.0,50.0,50.0
21.63671875,50.0,-50.0,50.0,50.0,50.0,-50.0,50.0,50.0
21.640625,50.0,-50.0,50.0,50.0,50.0,-50.0,50.0,50.0
21.64453125,50.0,-50.0,50.0,50.0,50.0,-50.0,50.0,50.0
21.6484375,50.0,-50.0,50.0,50.0,50.0,-50.0,50.0,50.0
21.65234375,50.0,-50.0,50.0,50.0,50.0,-50.0,50.0,50.0
21.65625,50.0,-50.0,50.0,50.0,50.0,-50.0,50.0,50.0
21.66015625,50.0,-50.0,50.0,50.0,50.0,-50.0,50.0,50.0
21.6640625,50.0,-50.0,50.0,50.0,50.0,-50.0,50.0,50.0
21.66796875,50.0,50.0,50.0,-50.0,50.0,50.0,50.0,-50.0
21.671875,50.0,50.0,50.0,-50.0,50.0,50.0,50.0,-50.0
21.67578125,50.0,50.0,50.0,-50.0,50.0,50.0,50.0,-50.0
21.6796875,50.0,50.0,50.0,-50.0,50.0,50.0,50.0,-50.0
21.68359375,50.0,50.0,50.0,-50.0,50.0,50.0,50.0,-50.0
21.6875,50.0,50.0,50.0,-50.0,50.0,50.0,50.0,-50.0
21.69140625,50.0,50.0,50.0,-50.0,50.0,50.0,50.0,-50.0
21.6953125,50.0,50.0,50.0,-50.0,50.0,50.0,50.0,-50.0
21.69921875,50.0,50.0,50.0,-50.0,50.0,50.0,50.0,-50.0
21.703125,50.0,50.0,50.0,-50.0,50.0,50.0,50.0,-50.0
21.70703125,50.0,50.0,50.0,-50.0,50.0,50.0,50.0,-50.0
21.7109375,50.0,50.0,50.0,-50.0,50.0,50.0,50.0,-50.0
21.71484375,50.0,50.0,50.0,-50.0,50.0,50.0,50.0,-50.0
21.71875,50.0,50.0,50.0,-50.0,50.0,50.0,50.0,-50.0
21.72265625,50.0,50.0,50.0,-50.0,50.0,50.0,50.0,-50.0
21.7265625,50.0,50.0,50.0,-50.0,50.0,50.0,50.0,-50.0
21.73046875,50.0,50.0,50.0,-50.0,50.0,50.0,50.0,-50.0
21.734375,50.0,50.0,50.0,-50.0,50.0,50.0,50.0,-50.0
21.73828125,50.0,50.0,50.0,-50.0,50.0,50.0,50.0,-50.0
21.7421875,50.0,50.0,50.0,-50.0,50.0,50.0,50.0,-50.0
21.74609375,50.0,50.0,50.0,-50.0,50.0,50.0,50.0,-50.0
21.75,50.0,50.0,50.0,-50.0,50.0,50.0,50.0,-50.0
21.75390625,-50.0,50.0,50.0,-50.0,-50.0,50.0,50.0,-50.0
21.7578125,-50.0,50.0,50.0,-50.0,-50.0,50.0,50.0,-50.0
21.76171875,-50.0,50.0,50.0,-50.0,-50.0,50.0,50.0,-50.0
21.765625,-50.0,50.0,50.0,-50.0,-50.0,50.0,50.0,-50.0
21.76953125,-50.0,50.0,50.0,-50.0,-50.0,50.0,50.0,-50.0
21.7734375,-50.0,50.0,50.0,-50.0,-50.0,50.0,50.0,-50.0
21.77734375,-50.0,50.0,50.0,-50.0,-50.0,50.0,50.0,-50.0
21.78125,-50.0,50.0,50.0,-50.0,-50.0,50.0,50.0,-50.0
21.78515625,-50.0,50.0,50.0,-50.0,-50.0,50.0,50.0,-50.0
21.7890625,-50.0,50.0,50.0,-50.0,-50.0,50.0,50.0,-50.0
21.79296875,-50.0,50.0,50.0,-50.0,-50.0,50.0,50.0,-50.0
21.796875,-50.0,50.0,50.0,-50.0,-50.0,50.0,50.0,-50.0
21.80078125,-50.0,50.0,-50.0,-50.0,-50.0,50.0,-50.0,-50.0
21.8046875,-50.0,50.0,-50.0,-50.0,-50.0,50.0,-50.0,-50.0
21.80859375,-50.0,50.0,-50.0,-50.0,-50.0,50.0,-50.0,-50.0
21.8125,-50.0,50.0,-50.0,-50.0,-50.0,50.0,-50.0,-50.0
21.81640625,-50.0,50.0,-50.0,-50.0,-50.0,50.0,-50.0,-50.0
21.8203125,-50.0,50.0,-50.0,-50.0,-50.0,50.0,-50.0,-50.0
21.82421875,-50.0,50.0,-50.0,-50.0,-50.0,50.0,-50.0,-50.0
21.828125,-50.0,50.0,-50.0,-50.0,-50.0,50.0,-50.0,-50.0
21.83203125,-50.0,50.0,-50.0,-50.0,-50.0,50.0,-50.0,-50.0
21.8359375,-50.0,-50.0,-50.0,-50.0,-50.0,-50.0,-50.0,-50.0
21.83984375,-50.0,-50.0,-50.0,-50.0,-50.0,-50.0,-50.0,-50.0
21.84375,-50.0,-50.0,-50.0,-50.0,-50.0,-50.0,-50.0,-50.0
21.84765625,-50.0,-50.0,-50.0,-50.0,-50.0,-50.0,-50.0,-50.0
21.8515625,-50.0,-50.0,-50.0,-50.0,-50.0,-50.0,-50.0,-50.0
21.85546875,-50.0,-50.0,-50.0,-50.0,-50.0,-50.0,-50.0,-50.0
21.859375,-50.0,-50.0,-50.0,-50.0,-50.0,-50.0,-50.0,-50.0
21.86328125,-50.0,-50.0,-50.0,-50.0,-50.0,-50.0,-50.0,-50.0
21.8671875,-50.0,-50.0,-50.0,-50.0,-50.0,-50.0,-50.0,-50.0
21.87109375,-50.0,-50.0,-50.0,-50.0,-50.0,-50.0,-50.0,-50.0
21.875,-50.0,-50.0,-50.0,-50.0,-50.0,-50.0,-50.0,-50.0
21.87890625,-50.0,-50.0,-50.0,-50.0,-50.0,-50.0,-50.0,-50.0
21.8828125,-50.0,-50.0,-50.0,-50.0,-50.0,-50.0,-50.0,-50.0
21.88671875,-50.0,-50.0,-50.0,-50.0,-50.0,-50.0,-50.0,-50.0
21.890625,-50.0,-50.0,-50.0,-50.0,-50.0,-50.0,-50.0,-50.0
21.89453125,-50.0,-50.0,-50.0,-50.0,-50.0,-50.0,-50.0,-50.0
21.8984375,-50.0,-50.0,-50.0,-50.0,-50.0,-50.0,-50.0,-50.0
21.90234375,-50.0,-50.0,-50.0,-50.0,-50.0,-50.0,-50.0,-50.0
21.90625,-50.0,-50.0,-50.0,-50.0,-50.0,-50.0,-50.0,-50.0
21.91015625,-50.0,-50.0,-50.0,-50.0,-50.0,-50.0,-50.0,-50.0
21.9140625,-50.0,-50.0,-50.0,-50.0,-50.0,-50.0,-50.0,-50.0
21.91796875,-50.0,-50.0,-50.0,-50.0,-50.0,-50.0,-50.0,-50.0
21.921875,-50.0,-50.0,-50.0,-50.0,-50.0,-50.0,-50.0,-50.0
21.92578125,-50.0,-50.0,-50.0,-50.0,-50.0,-50.0,-50.0,-50.0
21.9296875,-50.0,-50.0,-50.0,-50.0,-50.0,-50.0,-50.0,-50.0
21.93359375,-50.0,-50.0,-50.0,-50.0,-50.0,-50.0,-50.0,-50.0
21.9375,-50.0,-50.0,-50.0,-50.0,-50.0,-50.0,-50.0,-50.0
21.94140625,-50.0,-50.0,-50.0,-50.0,-50.0,-50.0,-50.0,-50.0
21.9453125,-50.0,-50.0,-50.0,-50.0,-50.0,-50.0,-50.0,-50.0
21.94921875,-50.0,-50.0,-50.0,-50.0,-50.0,-50.0,-50.0,-50.0
21.953125,-50.0,-50.0,-50.0,-50.0,-50.0,-50.0,-50.0,-50.0
21.95703125,-50.0,-50.0,-50.0,-50.0,-50.0,-50.0,-50.0,-50.0
21.9609375,-50.0,-50.0,-50.0,-50.0,-50.0,-50.0,-50.0,-50.0
21.96484375,-50.0,-50.0,-50.0,-50.0,-50.0,-50.0,-50.0,-50.0
21.96875,-50.0,-50.0,-50.0,-50.0,-50.0,-50.0,-50.0,-50.0
21.97265625,-50.0,-50.0,-50.0,-50.0,-50.0,-50.0,-50.0,-50.0
21.9765625,-50.0,-50.0,-50.0,-50.0,-50.0,-50.0,-50.0,-50.0
21.98046875,-50.0,-50.0,-50.0,-50.0,-50.0,-50.0,-50.0,-50.0
21.984375,-50.0,-50.0,-50.0,-50.0,-50.0,-50.0,-50.0,-50.0
21.98828125,-50.0,-50.0,-50.0,-50.0,-50.0,-50.0,-50.0,-50.0
21.9921875,-50.0,-50.0,-50.0,-50.0,-50.0,-50.0,-50.0,-50.0
21.99609375,-50.0,-50.0,-50.0,-50.0,-50.0,-50.0,-50.0,-50.0
22.0,-50.0,50.0,50.0,50.0,-50.0,50.0,50.0,50.0
22.00390625,50.0,50.0,50.0,50.0,50.0,50.0,50.0,50.0
22.0078125,50.0,50.0,50.0,50.0,50.0,50.0,50.0,50.0
22.01171875,50.0,50.0,50.0,50.0,50.0,50.0,50.0,50.0
22.015625,50.0,50.0,50.0,50.0,50.0,50.0,50.0,50.0
22.01953125,50.0,50.0,50.0,50.0,50.0,50.0,50.0,50.0
22.0234375,50.0,50.0,50.0,50.0,50.0,50.0,50.0,50.0
22.02734375,50.0,50.0,50.0,50.0,50.0,50.0,50.0,50.0
22.03125,50.0,50.0,50.0,50.0,50.0,50.0,50.0,50.0
22.03515625,50.0,50.0,50.0,50.0,50.0,50.0,50.0,50.0
22.0390625,50.0,50.0,50.0,50.0,50.0,50.0,50.0,50.0
22.04296875,50.0,50.0,50.0,50.0,50.0,50.0,50.0,50.0
22.046875,50.0,50.0,50.0,50.0,50.0,50.0,50.0,50.0
22.05078125,50.0,50.0,50.0,50.0,50.0,50.0,50.0,50.0
22.0546875,50.0,50.0,50.0,50.0,50.0,50.0,50.0,50.0
22.05859375,50.0,50.0,50.0,50.0,50.0,50.0,50.0,50.0
22.0625,50.0,50.0,50.0,50.0,50.0,50.0,50.0,50.0
22.06640625,50.0,50.0,50.0,50.0,50.0,50.0,50.0,50.0
22.0703125,50.0,50.0,50.0,50.0,50.0,50.0,50.0,50.0
22.07421875,50.0,50.0,50.0,50.0,50.0,50.0,50.0,50.0
22.078125,50.0,50.0,50.0,50.0,50.0,50.0,50.0,50.0
22.08203125,50.0,50.0,50.0,50.0,50.0,50.0,50.0,50.0
22.0859375,50.0,50.0,50.0,50.0,50.0,50.0,50.0,50.0
22.08984375,50.0,50.0,50.0,50.0,50.0,50.0,50.0,50.0
22.09375,50.0,50.0,50.0,50.0,50.0,50.0,50.0,50.0
22.09765625,50.0,50.0,50.0,50.0,50.0,50.0,50.0,50.0
22.1015625,50.0,50.0,50.0,50.0,50.0,50.0,50.0,50.0
22.10546875,50.0,50.0,50.0,50.0,50.0,50.0,50.0,50.0
22.109375,50.0,50.0,50.0,50.0,50.0,50.0,50.0,50.0
22.11328125,50.0,50.0,50.0,50.0,50.0,50.0,50.0,50.0
22.1171875,50.0,50.0,50.0,50.0,50.0,50.0,50.0,50.0
22.12109375,50.0,50.0,50.0,50.0,50.0,50.0,50.0,50.0
22.125,50.0,50.0,50.0,50.0,50.0,50.0,50.0,50.0
22.12890625,50.0,50.0,50.0,50.0,50.0,50.0,50.0,50.0
22.1328125,50.0,50.0,50.0,50.0,50.0,50.0,50.0,50.0
22.13671875,50.0,50.0,50.0,50.0,50.0,50.0,50.0,50.0
22.140625,50.0,50.0,50.0,50.0,50.0,50.0,50.0,50.0
22.14453125,50.0,50.0,50.0,50.0,50.0,50.0,50.0,50.0
22.1484375,50.0,50.0,50.0,50.0,50.0,50.0,50.0,50.0
22.15234375,50.0,50.0,50.0,50.0,50.0,50.0,50.0,50.0
22.15625,50.0,50.0,50.0,50.0,50.0,50.0,50.0,50.0
22.16015625,50.0,50.0,50.0,50.0,50.0,50.0,50.0,50.0
22.1640625,50.0,50.0,50.0,50.0,50.0,50.0,50.0,50.0
22.16796875,50.0,-50.0,50.0,50.0,50.0,-50.0,50.0,50.0
22.171875,50.0,-50.0,50.0,50.0,50.0,-50.0,50.0,50.0
22.17578125,50.0,-50.0,50.0,50.0,50.0,-50.0,50.0,50.0
22.1796875,50.0,-50.0,50.0,50.0,50.0,-50.0,50.0,50.0
22.18359375,50.0,-50.0,50.0,50.0,50.0,-50.0,50.0,50.0
22.1875,50.0,-50.0,50.0,50.0,50.0,-50.0,50.0,50.0
22.19140625,50.0,-50.0,50.0,50.0,50.0,-50.0,50.0,50.0
22.1953125,50.0,-50.0,50.0,50.0,50.0,-50.0,50.0,50.0
22.19921875,50.0,-50.0,50.0,50.0,50.0,-50.0,50.0,50.0
22.203125,50.0,-50.0,-50.0,50.0,50.0,-50.0,-50.0,50.0
22.20703125,50.0,-50.0,-50.0,50.0,50.0,-50.0,-50.0,50.0
22.2109375,50.0,-50.0,-50.0,50.0,50.0,-50.0,-50.0,50.0
22.21484375,50.0,-50.0,-50.0,50.0,50.0,-50.0,-50.0,50.0
22.21875,50.0,-50.0,-50.0,50.0,50.0,-50.0,-50.0,50.0
22.22265625,50.0,-50.0,-50.0,50.0,50.0,-50.0,-50.0,50.0
22.2265625,50.0,-50.0,-50.0,50.0,50.0,-50.0,-50.0,50.0
22.23046875,50.0,-50.0,-50.0,50.0,50.0,-50.0,-50.0,50.0
22.234375,50.0,-50.0,-50.0,50.0,50.0,-50.0,-50.0,50.0
22.23828125,50.0,-50.0,-50.0,50.0,50.0,-50.0,-50.0,50.0
22.2421875,50.0,-50.0,-50.0,50.0,50.0,-50.0,-50.0,50.0
22.24609375,50.0,-50.0,-50.0,50.0,50.0,-50.0,-50.0,50.0
22.25,-50.0,-50.0,-50.0,50.0,-50.0,-50.0,-50.0,50.0
22.25390625,-50.0,-50.0,-50.0,50.0,-50.0,-50.0,-50.0,50.0
22.2578125,-50.0,-50.0,-50.0,50.0,-50.0,-50.0,-50.0,50.0
22.26171875,-50.0,-50.0,-50.0,50.0,-50.0,-50.0,-50.0,50.0
22.265625,-50.0,-50.0,-50.0,50.0,-50.0,-50.0,-50.0,50.0
22.26953125,-50.0,-50.0,-50.0,50.0,-50.0,-50.0,-50.0,50.0
22.2734375,-50.0,-50.0,-50.0,50.0,-50.0,-50.0,-50.0,50.0
22.27734375,-50.0,-50.0,-50.0,50.0,-50.0,-50.0,-50.0,50.0
22.28125,-50.0,-50.0,-50.0,50.0,-50.0,-50.0,-50.0,50.0
22.28515625,-50.0,-50.0,-50.0,50.0,-50.0,-50.0,-50.0,50.0
22.2890625,-50.0,-50.0,-50.0,50.0,-50.0,-50.0,-50.0,50.0
22.29296875,-50.0,-50.0,-50.0,50.0,-50.0,-50.0,-50.0,50.0
22.296875,-50.0,-50.0,-50.0,50.0,-50.0,-50.0,-50.0,50.0
22.30078125,-50.0,-50.0,-50.0,50.0,-50.0,-50.0,-50.0,50.0
22.3046875,-50.0,-50.0,-50.0,50.0,-50.0,-50.0,-50.0,50.0
22.30859375,-50.0,-50.0,-50.0,50.0,-50.0,-50.0,-50.0,50.0
22.3125,-50.0,-50.0,-50.0,50.0,-50.0,-50.0,-50.0,50.0
22.31640625,-50.0,-50.0,-50.0,50.0,-50.0,-50.0,-50.0,50.0
22.3203125,-50.0,-50.0,-50.0,50.0,-50.0,-50.0,-50.0,50.0
22.32421875,-50.0,-50.0,-50.0,50.0,-50.0,-50.0,-50.0,50.0
22.328125,-50.0,-50.0,-50.0,50.0,-50.0,-50.0,-50.0,50.0
22.33203125,-50.0,-50.0,-50.0,50.0,-50.0,-50.0,-50.0,50.0
22.3359375,-50.0,50.0,-50.0,-50.0,-50.0,50.0,-50.0,-50.0
22.33984375,-50.0,50.0,-50.0,-50.0,-50.0,50.0,-50.0,-50.0
22.34375,-50.0,50.0,-50.0,-50.0,-50.0,50.0,-50.0,-50.0
22.34765625,-50.0,50.0,-50.0,-50.0,-50.0,50.0,-50.0,-50.0
22.3515625,-50.0,50.0,-50.0,-50.0,-50.0,50.0,-50.0,-50.0
22.35546875,-50.0,50.0,-50.0,-50.0,-50.0,50.0,-50.0,-50.0
22.359375,-50.0,50.0,-50.0,-50.0,-50.0,50.0,-50.0,-50.0
22.36328125,-50.0,50.0,-50.0,-50.0,-50.0,50.0,-50.0,-50.0
22.3671875,-50.0,50.0,-50.0,-50.0,-50.0,50.0,-50.0,-50.0
22.37109375,-50.0,50.0,-50.0,-50.0,-50.0,50.0,-50.0,-50.0
22.375,-50.0,50.0,-50.0,-50.0,-50.0,50.0,-50.0,-50.0
22.37890625,-50.0,50.0,-50.0,-50.0,-50.0,50.0,-50.0,-50.0
22.3828125,-50.0,50.0,-50.0,-50.0,-50.0,50.0,-50.0,-50.0
22.38671875,-50.0,50.0,-50.0,-50.0,-50.0,50.0,-50.0,-50.0
22.390625,-50.0,50.0,-50.0,-50.0,-50.0,50.0,-50.0,-50.0
22.39453125,-50.0,50.0,-50.0,-50.0,-50.0,50.0,-50.0,-50.0
22.3984375,-50.0,50.0,-50.0,-50.0,-50.0,50.0,-50.0,-50.0
22.40234375,-50.0,50.0,50.0,-50.0,-50.0,50.0,50.0,-50.0
22.40625,-50.0,50.0,50.0,-50.0,-50.0,50.0,50.0,-50.0
22.41015625,-50.0,50.0,50.0,-50.0,-50.0,50.0,50.0,-50.0
22.4140625,-50.0,50.0,50.0,-50.0,-50.0,50.0,50.0,-50.0
22.41796875,-50.0,50.0,50.0,-50.0,-50.0,50.0,50.0,-50.0
22.421875,-50.0,50.0,50.0,-50.0,-50.0,50.0,50.0,-50.0
22.42578125,-50.0,50.0,50.0,-50.0,-50.0,50.0,50.0,-50.0
22.4296875,-50.0,50.0,50.0,-50.0,-50.0,50.0,50.0,-50.0
22.43359375,-50.0,50.0,50.0,-50.0,-50.0,50.0,50.0,-50.0
22.4375,-50.0,50.0,50.0,-50.0,-50.0,50.0,50.0,-50.0
22.44140625,-50.0,50.0,50.0,-50.0,-50.0,50.0,50.0,-50.0
22.4453125,-50.0,50.0,50.0,-50.0,-50.0,50.0,50.0,-50.0
22.44921875,-50.0,50.0,50.0,-50.0,-50.0,50.0,50.0,-50.0
22.453125,-50.0,50.0,50.0,-50.0,-50.0,50.0,50.0,-50.0
22.45703125,-50.0,50.0,50.0,-50.0,-50.0,50.0,50.0,-50.0
22.4609375,-50.0,50.0,50.0,-50.0,-50.0,50.0,50.0,-50.0
22.46484375,-50.0,50.0,50.0,-50.0,-50.0,50.0,50.0,-50.0
22.46875,-50.0,50.0,50.0,-50.0,-50.0,50.0,50.0,-50.0
22.47265625,-50.0,50.0,50.0,-50.0,-50.0,50.0,50.0,-50.0
22.4765625,-50.0,50.0,50.0,-50.0,-50.0,50.0,50.0,-50.0
22.48046875,-50.0,50.0,50.0,-50.0,-50.0,50.0,50.0,-50.0
22.484375,-50.0,50.0,50.0,-50.0,-50.0,50.0,50.0,-50.0
22.48828125,-50.0,50.0,50.0,-50.0,-50.0,50.0,50.0,-50.0
22.4921875,-50.0,50.0,50.0,-50.0,-50.0,50.0,50.0,-50.0
22.49609375,-50.0,50.0,50.0,-50.0,-50.0,50.0,50.0,-50.0
22.5,50.0,50.0,50.0,-50.0,50.0,50.0,50.0,-50.0
22.50390625,50.0,-50.0,50.0,-50.0,50.0,-50.0,50.0,-50.0
22.5078125,50.0,-50.0,50.0,-50.0,50.0,-50.0,50.0,-50.0
22.51171875,50.0,-50.0,50.0,-50.0,50.0,-50.0,50.0,-50.0
22.515625,50.0,-50.0,50.0,-50.0,50.0,-50.0,50.0,-50.0
22.51953125,50.0,-50.0,50.0,-50.0,50.0,-50.0,50.0,-50.0
22.5234375,50.0,-50.0,50.0,-50.0,50.0,-50.0,50.0,-50.0
22.52734375,50.0,-50.0,50.0,-50.0,50.0,-50.0,50.0,-50.0
22.53125,50.0,-50.0,50.0,-50.0,50.0,-50.0,50.0,-50.0
22.53515625,50.0,-50.0,50.0,-50.0,50.0,-50.0,50.0,-50.0
22.5390625,50.0,-50.0,50.0,-50.0,50.0,-50.0,50.0,-50.0
22.54296875,50.0,-50.0,50.0,-50.0,50.0,-50.0,50.0,-50.0
22.546875,50.0,-50.0,50.0,-50.0,50.0,-50.0,50.0,-50.0
22.55078125,50.0,-50.0,50.0,-50.0,50.0,-50.0,50.0,-50.0
22.5546875,50.0,-50.0,50.0,-50.0,50.0,-50.0,50.0,-50.0
22.55859375,50.0,-50.0,50.0,-50.0,50.0,-50.0,50.0,-50.0
22.5625,50.0,-50.0,50.0,-50.0,50.0,-50.0,50.0,-50.0
22.56640625,50.0,-50.0,50.0,-50.0,50.0,-50.0,50.0,-50.0
22.5703125,50.0,-50.0,50.0,-50.0,50.0,-50.0,50.0,-50.0
22.57421875,50.0,-50.0,50.0,-50.0,50.0,-50.0,50.0,-50.0
22.578125,50.0,-50.0,50.0,-50.0,50.0,-50.0,50.0,-50.0
22.58203125,50.0,-50.0,50.0,-50.0,50.0,-50.0,50.0,-50.0
22.5859375,50.0,-50.0,50.0,-50.0,50.0,-50.0,50.0,-50.0
22.58984375,50.0,-50.0,50.0,-50.0,50.0,-50.0,50.0,-50.0
22.59375,50.0,-50.0,50.0,-50.0,50.0,-50.0,50.0,-50.0
22.59765625,50.0,-50.0,50.0,-50.0,50.0,-50.0,50.0,-50.0
22.6015625,50.0,-50.0,-50.0,-50.0,50.0,-50.0,-50.0,-50.0
22.60546875,50.0,-50.0,-50.0,-50.0,50.0,-50.0,-50.0,-50.0
22.609375,50.0,-50.0,-50.0,-50.0,50.0,-50.0,-50.0,-50.0
22.61328125,50.0,-50.0,-50.0,-50.0,50.0,-50.0,-50.0,-50.0
22.6171875,50.0,-50.0,-50.0,-50.0,50.0,-50.0,-50.0,-50.0
22.62109375,50.0,-50.0,-50.0,-50.0,50.0,-50.0,-50.0,-50.0
22.625,50.0,-50.0,-50.0,-50.0,50.0,-50.0,-50.0,-50.0
22.62890625,50.0,-50.0,-50.0,-50.0,50.0,-50.0,-50.0,-50.0
22.6328125,50.0,-50.0,-50.0,-50.0,50.0,-50.0,-50.0,-50.0
22.63671875,50.0,-50.0,-50.0,-50.0,50.0,-50.0,-50.0,-50.0
22.640625,50.0,-50.0,-50.0,-50.0,50.0,-50.0,-50.0,-50.0
22.64453125,50.0,-50.0,-50.0,-50.0,50.0,-50.0,-50.0,-50.0
22.6484375,50.0,-50.0,-50.0,-50.0,50.0,-50.0,-50.0,-50.0
22.65234375,50.0,-50.0,-50.0,-50.0,50.0,-50.0,-50.0,-50.0
22.65625,50.0,-50.0,-50.0,-50.0,50.0,-50.0,-50.0,-50.0
22.66015625,50.0,-50.0,-50.0,-50.0,50.0,-50.0,-50.0,-50.0
22.6640625,50.0,-50.0,-50.0,-50.0,50.0,-50.0,-50.0,-50.0
22.66796875,50.0,50.0,-50.0,50.0,50.0,50.0,-50.0,50.0
22.671875,50.0,50.0,-50.0,50.0,50.0,50.0,-50.0,50.0
22.67578125,50.0,50.0,-50.0,50.0,50.0,50.0,-50.0,50.0
22.6796875,50.0,50.0,-50.0,50.0,50.0,50.0,-50.0,50.0
22.68359375,50.0,50.0,-50.0,50.0,50.0,50.0,-50.0,50.0
22.6875,50.0,50.0,-50.0,50.0,50.0,50.0,-50.0,50.0
22.69140625,50.0,50.0,-50.0,50.0,50.0,50.0,-50.0,50.0
22.6953125,50.0,50.0,-50.0,50.0,50.0,50.0,-50.0,50.0
22.69921875,50.0,50.0,-50.0,50.0,50.0,50.0,-50.0,50.0
22.703125,50.0,50.0,-50.0,50.0,50.0,50.0,-50.0,50.0
22.70703125,50.0,50.0,-50.0,50.0,50.0,50.0,-50.0,50.0
22.7109375,50.0,50.0,-50.0,50.0,50.0,50.0,-50.0,50.0
22.71484375,50.0,50.0,-50.0,50.0,50.0,50.0,-50.0,50.0
22.71875,50.0,50.0,-50.0,50.0,50.0,50.0,-50.0,50.0
22.72265625,50.0,50.0,-50.0,50.0,50.0,50.0,-50.0,50.0
22.7265625,50.0,50.0,-50.0,50.0,50.0,50.0,-50.0,50.0
22.73046875,50.0,50.0,-50.0,50.0,50.0,50.0,-50.0,50.0
22.734375,50.0,50.0,-50.0,50.0,50.0,50.0,-50.0,50.0
22.73828125,50.0,50.0,-50.0,50.0,50.0,50.0,-50.0,50.0
22.7421875,50.0,50.0,-50.0,50.0,50.0,50.0,-50.0,50.0
22.74609375,50.0,50.0,-50.0,50.0,50.0,50.0,-50.0,50.0
22.75,50.0,50.0,-50.0,50.0,50.0,50.0,-50.0,50.0
22.75390625,-50.0,50.0,-50.0,50.0,-50.0,50.0,-50.0,50.0
22.7578125,-50.0,50.0,-50.0,50.0,-50.0,50.0,-50.0,50.0
22.76171875,-50.0,50.0,-50.0,50.0,-50.0,50.0,-50.0,50.0
22.765625,-50.0,50.0,-50.0,50.0,-50.0,50.0,-50.0,50.0
22.76953125,-50.0,50.0,-50.0,50.0,-50.0,50.0,-50.0,50.0
22.7734375,-50.0,50.0,-50.0,50.0,-50.0,50.0,-50.0,50.0
22.77734375,-50.0,50.0,-50.0,50.0,-50.0,50.0,-50.0,50.0
22.78125,-50.0,50.0,-50.0,50.0,-50.0,50.0,-50.0,50.0
22.78515625,-50.0,50.0,-50.0,50.0,-50.0,50.0,-50.0,50.0
22.7890625,-50.0,50.0,-50.0,50.0,-50.0,50.0,-50.0,50.0
22.79296875,-50.0,50.0,-50.0,50.0,-50.0,50.0,-50.0,50.0
22.796875,-50.0,50.0,-50.0,50.0,-50.0,50.0,-50.0,50.0
22.80078125,-50.0,50.0,50.0,50.0,-50.0,50.0,50.0,50.0
22.8046875,-50.0,50.0,50.0,50.0,-50.0,50.0,50.0,50.0
22.80859375,-50.0,50.0,50.0,50.0,-50.0,50.0,50.0,50.0
22.8125,-50.0,50.0,50.0,50.0,-50.0,50.0,50.0,50.0
22.81640625,-50.0,50.0,50.0,50.0,-50.0,50.0,50.0,50.0
22.8203125,-50.0,50.0,50.0,50.0,-50.0,50.0,50.0,50.0
22.82421875,-50.0,50.0,50.0,50.0,-50.0,50.0,50.0,50.0
22.828125,-50.0,50.0,50.0,50.0,-50.0,50.0,50.0,50.0
22.83203125,-50.0,50.0,50.0,50.0,-50.0,50.0,50.0,50.0
22.8359375,-50.0,-50.0,50.0,50.0,-50.0,-50.0,50.0,50.0
22.83984375,-50.0,-50.0,50.0,50.0,-50.0,-50.0,50.0,50.0
22.84375,-50.0,-50.0,50.0,50.0,-50.0,-50.0,50.0,50.0
22.84765625,-50.0,-50.0,50.0,50.0,-50.0,-50.0,50.0,50.0
22.8515625,-50.0,-50.0,50.0,50.0,-50.0,-50.0,50.0,50.0
22.85546875,-50.0,-50.0,50.0,50.0,-50.0,-50.0,50.0,50.0
22.859375,-50.0,-50.0,50.0,50.0,-50.0,-50.0,50.0,50.0
22.86328125,-50.0,-50.0,50.0,50.0,-50.0,-50.0,50.0,50.0
22.8671875,-50.0,-50.0,50.0,50.0,-50.0,-50.0,50.0,50.0
22.87109375,-50.0,-50.0,50.0,50.0,-50.0,-50.0,50.0,50.0
22.875,-50.0,-50.0,50.0,50.0,-50.0,-50.0,50.0,50.0
22.87890625,-50.0,-50.0,50.0,50.0,-50.0,-50.0,50.0,50.0
22.8828125,-50.0,-50.0,50.0,50.0,-50.0,-50.0,50.0,50.0
22.88671875,-50.0,-50.0,50.0,50.0,-50.0,-50.0,50.0,50.0
22.890625,-50.0,-50.0,50.0,50.0,-50.0,-50.0,50.0,50.0
22.89453125,-50.0,-50.0,50.0,50.0,-50.0,-50.0,50.0,50.0
22.8984375,-50.0,-50.0,50.0,50.0,-50.0,-50.0,50.0,50.0
22.90234375,-50.0,-50.0,50.0,50.0,-50.0,-50.0,50.0,50.0
22.90625,-50.0,-50.0,50.0,50.0,-50.0,-50.0,50.0,50.0
22.91015625,-50.0,-50.0,50.0,50.0,-50.0,-50.0,50.0,50.0
22.9140625,-50.0,-50.0,50.0,50.0,-50.0,-50.0,50.0,50.0
22.91796875,-50.0,-50.0,50.0,50.0,-50.0,-50.0,50.0,50.0
22.921875,-50.0,-50.0,50.0,50.0,-50.0,-50.0,50.0,50.0
22.92578125,-50.0,-50.0,50.0,50.0,-50.0,-50.0,50.0,50.0
22.9296875,-50.0,-50.0,50.0,50.0,-50.0,-50.0,50.0,50.0
22.93359375,-50.0,-50.0,50.0,50.0,-50.0,-50.0,50.0,50.0
22.9375,-50.0,-50.0,50.0,50.0,-50.0,-50.0,50.0,50.0
22.94140625,-50.0,-50.0,50.0,50.0,-50.0,-50.0,50.0,50.0
22.9453125,-50.0,-50.0,50.0,50.0,-50.0,-50.0,50.0,50.0
22.94921875,-50.0,-50.0,50.0,50.0,-50.0,-50.0,50.0,50.0
22.953125,-50.0,-50.0,50.0,50.0,-50.0,-50.0,50.0,50.0
22.95703125,-50.0,-50.0,50.0,50.0,-50.0,-50.0,50.0,50.0
22.9609375,-50.0,-50.0,50.0,50.0,-50.0,-50.0,50.0,50.0
22.96484375,-50.0,-50.0,50.0,50.0,-50.0,-50.0,50.0,50.0
22.96875,-50.0,-50.0,50.0,50.0,-50.0,-50.0,50.0,50.0
22.97265625,-50.0,-50.0,50.0,50.0,-50.0,-50.0,50.0,50.0
22.9765625,-50.0,-50.0,50.0,50.0,-50.0,-50.0,50.0,50.0
22.98046875,-50.0,-50.0,50.0,50.0,-50.0,-50.0,50.0,50.0
22.984375,-50.0,-50.0,50.0,50.0,-50.0,-50.0,50.0,50.0
22.98828125,-50.0,-50.0,50.0,50.0,-50.0,-50.0,50.0,50.0
22.9921875,-50.0,-50.0,50.0,50.0,-50.0,-50.0,50.0,50.0
22.99609375,-50.0,-50.0,50.0,50.0,-50.0,-50.0,50.0,50.0
23.0,-50.0,50.0,-50.0,-50.0,-50.0,50.0,-50.0,-50.0
23.00390625,50.0,50.0,-50.0,-50.0,50.0,50.0,-50.0,-50.0
23.0078125,50.0,50.0,-50.0,-50.0,50.0,50.0,-50.0,-50.0
23.01171875,50.0,50.0,-50.0,-50.0,50.0,50.0,-50.0,-50.0
23.015625,50.0,50.0,-50.0,-50.0,50.0,50.0,-50.0,-50.0
23.01953125,50.0,50.0,-50.0,-50.0,50.0,50.0,-50.0,-50.0
23.0234375,50.0,50.0,-50.0,-50.0,50.0,50.0,-50.0,-50.0
23.02734375,50.0,50.0,-50.0,-50.0,50.0,50.0,-50.0,-50.0
23.03125,50.0,50.0,-50.0,-50.0,50.0,50.0,-50.0,-50.0
23.03515625,50.0,50.0,-50.0,-50.0,50.0,50.0,-50.0,-50.0
23.0390625,50.0,50.0,-50.0,-50.0,50.0,50.0,-50.0,-50.0
23.04296875,50.0,50.0,-50.0,-50.0,50.0,50.0,-50.0,-50.0
23.046875,50.0,50.0,-50.0,-50.0,50.0,50.0,-50.0,-50.0
23.05078125,50.0,50.0,-50.0,-50.0,50.0,50.0,-50.0,-50.0
23.0546875,50.0,50.0,-50.0,-50.0,50.0,50.0,-50.0,-50.0
23.05859375,50.0,50.0,-50.0,-50.0,50.0,50.0,-50.0,-50.0
23.0625,50.0,50.0,-50.0,-50.0,50.0,50.0,-50.0,-50.0
23.06640625,50.0,50.0,-50.0,-50.0,50.0,50.0,-50.0,-50.0
23.0703125,50.0,50.0,-50.0,-50.0,50.0,50.0,-50.0,-50.0
23.07421875,50.0,50.0,-50.0,-50.0,50.0,50.0,-50.0,-50.0
23.078125,50.0,50.0,-50.0,-50.0,50.0,50.0,-50.0,-50.0
23.08203125,50.0,50.0,-50.0,-50.0,50.0,50.0,-50.0,-50.0
23.0859375,50.0,50.0,-50.0,-50.0,50.0,50.0,-50.0,-50.0
23.08984375,50.0,50.0,-50.0,-50.0,50.0,50.0,-50.0,-50.0
23.09375,50.0,50.0,-50.0,-50.0,50.0,50.0,-50.0,-50.0
23.09765625,50.0,50.0,-50.0,-50.0,50.0,50.0,-50.0,-50.0
23.1015625,50.0,50.0,-50.0,-50.0,50.0,50.0,-50.0,-50.0
23.10546875,50.0,50.0,-50.0,-50.0,50.0,50.0,-50.0,-50.0
23.109375,50.0,50.0,-50.0,-50.0,50.0,50.0,-50.0,-50.0
23.11328125,50.0,50.0,-50.0,-50.0,50.0,50.0,-50.0,-50.0
23.1171875,50.0,50.0,-50.0,-50.0,50.0,50.0,-50.0,-50.0
23.12109375,50.0,50.0,-50.0,-50.0,50.0,50.0,-50.0,-50.0
23.125,50.0,50.0,-50.0,-50.0,50.0,50.0,-50.0,-50.0
23.12890625,50.0,50.0,-50.0,-50.0,50.0,50.0,-50.0,-50.0
23.1328125,50.0,50.0,-50.0,-50.0,50.0,50.0,-50.0,-50.0
23.13671875,50.0,50.0,-50.0,-50.0,50.0,50.0,-50.0,-50.0
23.140625,50.0,50.0,-50.0,-50.0,50.0,50.0,-50.0,-50.0
23.14453125,50.0,50.0,-50.0,-50.0,50.0,50.0,-50.0,-50.0
23.1484375,50.0,50.0,-50.0,-50.0,50.0,50.0,-50.0,-50.0
23.15234375,50.0,50.0,-50.0,-50.0,50.0,50.0,-50.0,-50.0
23.15625,50.0,50.0,-50.0,-50.0,50.0,50.0,-50.0,-50.0
23.16015625,50.0,50.0,-50.0,-50.0,50.0,50.0,-50.0,-50.0
23.1640625,50.0,50.0,-50.0,-50.0,50.0,50.0,-50.0,-50.0
23.16796875,50.0,-50.0,-50.0,-50.0,50.0,-50.0,-50.0,-50.0
23.171875,50.0,-50.0,-50.0,-50.0,50.0,-50.0,-50.0,-50.0
23.17578125,50.0,-50.0,-50.0,-50.0,50.0,-50.0,-50.0,-50.0
23.1796875,50.0,-50.0,-50.0,-50.0,50.0,-50.0,-50.0,-50.0
23.18359375,50.0,-50.0,-50.0,-50.0,50.0,-50.0,-50.0,-50.0
23.1875,50.0,-50.0,-50.0,-50.0,50.0,-50.0,-50.0,-50.0
23.19140625,50.0,-50.0,-50.0,-50.0,50.0,-50.0,-50.0,-50.0
23.1953125,50.0,-50.0,-50.0,-50.0,50.0,-50.0,-50.0,-50.0
23.19921875,50.0,-50.0,-50.0,-50.0,50.0,-50.0,-50.0,-50.0
23.203125,50.0,-50.0,50.0,-50.0,50.0,-50.0,50.0,-50.0
23.20703125,50.0,-50.0,50.0,-50.0,50.0,-50.0,50.0,-50.0
23.2109375,50.0,-50.0,50.0,-50.0,50.0,-50.0,50.0,-50.0
23.21484375,50.0,-50.0,50.0,-50.0,50.0,-50.0,50.0,-50.0
23.21875,50.0,-50.0,50.0,-50.0,50.0,-50.0,50.0,-50.0
23.22265625,50.0,-50.0,50.0,-50.0,50.0,-50.0,50.0,-50.0
23.2265625,50.0,-50.0,50.0,-50.0,50.0,-50.0,50.0,-50.0
23.23046875,50.0,-50.0,50.0,-50.0,50.0,-50.0,50.0,-50.0
23.234375,50.0,-50.0,50.0,-50.0,50.0,-50.0,50.0,-50.0
23.23828125,50.0,-50.0,50.0,-50.0,50.0,-50.0,50.0,-50.0
23.2421875,50.0,-50.0,50.0,-50.0,50.0,-50.0,50.0,-50.0
23.24609375,50.0,-50.0,50.0,-50.0,50.0,-50.0,50.0,-50.0
23.25,50.0,-50.0,50.0,-50.0,50.0,-50.0,50.0,-50.0
23.25390625,-50.0,-50.0,50.0,-50.0,-50.0,-50.0,50.0,-50.0
23.2578125,-50.0,-50.0,50.0,-50.0,-50.0,-50.0,50.0,-50.0
23.26171875,-50.0,-50.0,50.0,-50.0,-50.0,-50.0,50.0,-50.0
23.265625,-50.0,-50.0,50.0,-50.0,-50.0,-50.0,50.0,-50.0
23.26953125,-50.0,-50.0,50.0,-50.0,-50.0,-50.0,50.0,-50.0
23.2734375,-50.0,-50.0,50.0,-50.0,-50.0,-50.0,50.0,-50.0
23.27734375,-50.0,-50.0,50.0,-50.0,-50.0,-50.0,50.0,-50.0
23.28125,-50.0,-50.0,50.0,-50.0,-50.0,-50.0,50.0,-50.0
23.28515625,-50.0,-50.0,50.0,-50.0,-50.0,-50.0,50.0,-50.0
23.2890625,-50.0,-50.0,50.0,-50.0,-50.0,-50.0,50.0,-50.0
23.29296875,-50.0,-50.0,50.0,-50.0,-50.0,-50.0,50.0,-50.0
23.296875,-50.0,-50.0,50.0,-50.0,-50.0,-50.0,50.0,-50.0
23.30078125,-50.0,-50.0,50.0,-50.0,-50.0,-50.0,50.0,-50.0
23.3046875,-50.0,-50.0,50.0,-50.0,-50.0,-50.0,50.0,-50.0
23.30859375,-50.0,-50.0,50.0,-50.0,-50.0,-50.0,50.0,-50.0
23.3125,-50.0,-50.0,50.0,-50.0,-50.0,-50.0,50.0,-50.0
23.31640625,-50.0,-50.0,50.0,-50.0,-50.0,-50.0,50.0,-50.0
23.3203125,-50.0,-50.0,50.0,-50.0,-50.0,-50.0,50.0,-50.0
23.32421875,-50.0,-50.0,50.0,-50.0,-50.0,-50.0,50.0,-50.0
23.328125,-50.0,-50.0,50.0,-50.0,-50.0,-50.0,50.0,-50.0
23.33203125,-50.0,-50.0,50.0,-50.0,-50.0,-50.0,50.0,-50.0
23.3359375,-50.0,50.0,50.0,50.0,-50.0,50.0,50.0,50.0
23.33984375,-50.0,50.0,50.0,50.0,-50.0,50.0,50.0,50.0
23.34375,-50.0,50.0,50.0,50.0,-50.0,50.0,50.0,50.0
23.34765625,-50.0,50.0,50.0,50.0,-50.0,50.0,50.0,50.0
23.3515625,-50.0,50.0,50.0,50.0,-50.0,50.0,50.0,50.0
23.35546875,-50.0,50.0,50.0,50.0,-50.0,50.0,50.0,50.0
23.359375,-50.0,50.0,50.0,50.0,-50.0,50.0,50.0,50.0
23.36328125,-50.0,50.0,50.0,50.0,-50.0,50.0,50.0,50.0
23.3671875,-50.0,50.0,50.0,50.0,-50.0,50.0,50.0,50.0
23.37109375,-50.0,50.0,50.0,50.0,-50.0,50.0,50.0,50.0
23.375,-50.0,50.0,50.0,50.0,-50.0,50.0,50.0,50.0
23.37890625,-50.0,50.0,50.0,50.0,-50.0,50.0,50.0,50.0
23.3828125,-50.0,50.0,50.0,50.0,-50.0,50.0,50.0,50.0
23.38671875,-50.0,50.0,50.0,50.0,-50.0,50.0,50.0,50.0
23.390625,-50.0,50.0,50.0,50.0,-50.0,50.0,50.0,50.0
23.39453125,-50.0,50.0,50.0,50.0,-50.0,50.0,50.0,50.0
23.3984375,-50.0,50.0,50.0,50.0,-50.0,50.0,50.0,50.0
23.40234375,-50.0,50.0,-50.0,50.0,-50.0,50.0,-50.0,50.0
23.40625,-50.0,50.0,-50.0,50.0,-50.0,50.0,-50.0,50.0
23.41015625,-50.0,50.0,-50.0,50.0,-50.0,50.0,-50.0,50.0
23.4140625,-50.0,50.0,-50.0,50.0,-50.0,50.0,-50.0,50.0
23.41796875,-50.0,50.0,-50.0,50.0,-50.0,50.0,-50.0,50.0
23.421875,-50.0,50.0,-50.0,50.0,-50.0,50.0,-50.0,50.0
23.42578125,-50.0,50.0,-50.0,50.0,-50.0,50.0,-50.0,50.0
23.4296875,-50.0,50.0,-50.0,50.0,-50.0,50.0,-50.0,50.0
23.43359375,-50.0,50.0,-50.0,50.0,-50.0,50.0,-50.0,50.0
23.4375,-50.0,50.0,-50.0,50.0,-50.0,50.0,-50.0,50.0
23.44140625,-50.0,50.0,-50.0,50.0,-50.0,50.0,-50.0,50.0
23.4453125,-50.0,50.0,-50.0,50.0,-50.0,50.0,-50.0,50.0
23.44921875,-50.0,50.0,-50.0,50.0,-50.0,50.0,-50.0,50.0
23.453125,-50.0,50.0,-50.0,50.0,-50.0,50.0,-50.0,50.0
23.45703125,-50.0,50.0,-50.0,50.0,-50.0,50.0,-50.0,50.0
23.4609375,-50.0,50.0,-50.0,50.0,-50.0,50.0,-50.0,50.0
23.46484375,-50.0,50.0,-50.0,50.0,-50.0,50.0,-50.0,50.0
23.46875,-50.0,50.0,-50.0,50.0,-50.0,50.0,-50.0,50.0
23.47265625,-50.0,50.0,-50.0,50.0,-50.0,50.0,-50.0,50.0
23.4765625,-50.0,50.0,-50.0,50.0,-50.0,50.0,-50.0,50.0
23.48046875,-50.0,50.0,-50.0,50.0,-50.0,50.0,-50.0,50.0
23.484375,-50.0,50.0,-50.0,50.0,-50.0,50.0,-50.0,50.0
23.48828125,-50.0,50.0,-50.0,50.0,-50.0,50.0,-50.0,50.0
23.4921875,-50.0,50.0,-50.0,50.0,-50.0,50.0,-50.0,50.0
23.49609375,-50.0,50.0,-50.0,50.0,-50.0,50.0,-50.0,50.0
23.5,50.0,50.0,-50.0,50.0,50.0,50.0,-50.0,50.0
23.50390625,50.0,-50.0,-50.0,50.0,50.0,-50.0,-50.0,50.0
23.5078125,50.0,-50.0,-50.0,50.0,50.0,-50.0,-50.0,50.0
23.51171875,50.0,-50.0,-50.0,50.0,50.0,-50.0,-50.0,50.0
23.515625,50.0,-50.0,-50.0,50.0,50.0,-50.0,-50.0,50.0
23.51953125,50.0,-50.0,-50.0,50.0,50.0,-50.0,-50.0,50.0
23.5234375,50.0,-50.0,-50.0,50.0,50.0,-50.0,-50.0,50.0
23.52734375,50.0,-50.0,-50.0,50.0,50.0,-50.0,-50.0,50.0
23.53125,50.0,-50.0,-50.0,50.0,50.0,-50.0,-50.0,50.0
23.53515625,50.0,-50.0,-50.0,50.0,50.0,-50.0,-50.0,50.0
23.5390625,50.0,-50.0,-50.0,50.0,50.0,-50.0,-50.0,50.0
23.54296875,50.0,-50.0,-50.0,50.0,50.0,-50.0,-50.0,50.0
23.546875,50.0,-50.0,-50.0,50.0,50.0,-50.0,-50.0,50.0
23.55078125,50.0,-50.0,-50.0,50.0,50.0,-50.0,-50.0,50.0
23.5546875,50.0,-50.0,-50.0,50.0,50.0,-50.0,-50.0,50.0
23.55859375,50.0,-50.0,-50.0,50.0,50.0,-50.0,-50.0,50.0
23.5625,50.0,-50.0,-50.0,50.0,50.0,-50.0,-50.0,50.0
23.56640625,50.0,-50.0,-50.0,50.0,50.0,-50.0,-50.0,50.0
23.5703125,50.0,-50.0,-50.0,50.0,50.0,-50.0,-50.0,50.0
23.57421875,50.0,-50.0,-50.0,50.0,50.0,-50.0,-50.0,50.0
23.578125,50.0,-50.0,-50.0,50.0,50.0,-50.0,-50.0,50.0
23.58203125,50.0,-50.0,-50.0,50.0,50.0,-50.0,-50.0,50.0
23.5859375,50.0,-50.0,-50.0,50.0,50.0,-50.0,-50.0,50.0
23.58984375,50.0,-50.0,-50.0,50.0,50.0,-50.0,-50.0,50.0
23.59375,50.0,-50.0,-50.0,50.0,50.0,-50.0,-50.0,50.0
23.59765625,50.0,-50.0,-50.0,50.0,50.0,-50.0,-50.0,50.0
23.6015625,50.0,-50.0,50.0,50.0,50.0,-50.0,50.0,50.0
23.60546875,50.0,-50.0,50.0,50.0,50.0,-50.0,50.0,50.0
23.609375,50.0,-50.0,50.0,50.0,50.0,-50.0,50.0,50.0
23.61328125,50.0,-50.0,50.0,50.0,50.0,-50.0,50.0,50.0
23.6171875,50.0,-50.0,50.0,50.0,50.0,-50.0,50.0,50.0
23.62109375,50.0,-50.0,50.0,50.0,50.0,-50.0,50.0,50.0
23.625,50.0,-50.0,50.0,50.0,50.0,-50.0,50.0,50.0
23.62890625,50.0,-50.0,50.0,50.0,50.0,-50.0,50.0,50.0
23.6328125,50.0,-50.0,50.0,50.0,50.0,-50.0,50.0,50.0
23.63671875,50.0,-50.0,50.0,50.0,50.0,-50.0,50.0,50.0
23.640625,50.0,-50.0,50.0,50.0,50.0,-50.0,50.0,50.0
23.64453125,50.0,-50.0,50.0,50.0,50.0,-50.0,50.0,50.0
23.6484375,50.0,-50.0,50.0,50.0,50.0,-50.0,50.0,50.0
23.65234375,50.0,-50.0,50.0,50.0,50.0,-50.0,50.0,50.0
23.65625,50.0,-50.0,50.0,50.0,50.0,-50.0,50.0,50.0
23.66015625,50.0,-50.0,50.0,50.0,50.0,-50.0,50.0,50.0
23.6640625,50.0,-50.0,50.0,50.0,50.0,-50.0,50.0,50.0
23.66796875,50.0,50.0,50.0,-50.0,50.0,50.0,50.0,-50.0
23.671875,50.0,50.0,50.0,-50.0,50.0,50.0,50.0,-50.0
23.67578125,50.0,50.0,50.0,-50.0,50.0,50.0,50.0,-50.0
23.6796875,50.0,50.0,50.0,-50.0,50.0,50.0,50.0,-50.0
23.68359375,50.0,50.0,50.0,-50.0,50.0,50.0,50.0,-50.0
23.6875,50.0,50.0,50.0,-50.0,50.0,50.0,50.0,-50.0
23.69140625,50.0,50.0,50.0,-50.0,50.0,50.0,50.0,-50.0
23.6953125,50.0,50.0,50.0,-50.0,50.0,50.0,50.0,-50.0
23.69921875,50.0,50.0,50.0,-50.0,50.0,50.0,50.0,-50.0
23.703125,50.0,50.0,50.0,-50.0,50.0,50.0,50.0,-50.0
23.70703125,50.0,50.0,50.0,-50.0,50.0,50.0,50.0,-50.0
23.7109375,50.0,50.0,50.0,-50.0,50.0,50.0,50.0,-50.0
23.71484375,50.0,50.0,50.0,-50.0,50.0,50.0,50.0,-50.0
23.71875,50.0,50.0,50.0,-50.0,50.0,50.0,50.0,-50.0
23.72265625,50.0,50.0,50.0,-50.0,50.0,50.0,50.0,-50.0
23.7265625,50.0,50.0,50.0,-50.0,50.0,50.0,50.0,-50.0
23.73046875,50.0,50.0,50.0,-50.0,50.0,50.0,50.0,-50.0
23.734375,50.0,50.0,50.0,-50.0,50.0,50.0,50.0,-50.0
23.73828125,50.0,50.0,50.0,-50.0,50.0,50.0,50.0,-50.0
23.7421875,50.0,50.0,50.0,-50.0,50.0,50.0,50.0,-50.0
23.74609375,50.0,50.0,50.0,-50.0,50.0,50.0,50.0,-50.0
23.75,-50.0,50.0,50.0,-50.0,-50.0,50.0,50.0,-50.0
23.75390625,-50.0,50.0,50.0,-50.0,-50.0,50.0,50.0,-50.0
23.7578125,-50.0,50.0,50.0,-50.0,-50.0,50.0,50.0,-50.0
23.76171875,-50.0,50.0,50.0,-50.0,-50.0,50.0,50.0,-50.0
23.765625,-50.0,50.0,50.0,-50.0,-50.0,50.0,50.0,-50.0
23.76953125,-50.0,50.0,50.0,-50.0,-50.0,50.0,50.0,-50.0
23.7734375,-50.0,50.0,50.0,-50.0,-50.0,50.0,50.0,-50.0
23.77734375,-50.0,50.0,50.0,-50.0,-50.0,50.0,50.0,-50.0
23.78125,-50.0,50.0,50.0,-50.0,-50.0,50.0,50.0,-50.0
23.78515625,-50.0,50.0,50.0,-50.0,-50.0,50.0,50.0,-50.0
23.7890625,-50.0,50.0,50.0,-50.0,-50.0,50.0,50.0,-50.0
23.79296875,-50.0,50.0,50.0,-50.0,-50.0,50.0,50.0,-50.0
23.796875,-50.0,50.0,50.0,-50.0,-50.0,50.0,50.0,-50.0
23.80078125,-50.0,50.0,-50.0,-50.0,-50.0,50.0,-50.0,-50.0
23.8046875,-50.0,50.0,-50.0,-50.0,-50.0,50.0,-50.0,-50.0
23.80859375,-50.0,50.0,-50.0,-50.0,-50.0,50.0,-50.0,-50.0
23.8125,-50.0,50.0,-50.0,-50.0,-50.0,50.0,-50.0,-50.0
23.81640625,-50.0,50.0,-50.0,-50.0,-50.0,50.0,-50.0,-50.0
23.8203125,-50.0,50.0,-50.0,-50.0,-50.0,50.0,-50.0,-50.0
23.82421875,-50.0,50.0,-50.0,-50.0,-50.0,50.0,-50.0,-50.0
23.828125,-50.0,50.0,-50.0,-50.0,-50.0,50.0,-50.0,-50.0
23.83203125,-50.0,50.0,-50.0,-50.0,-50.0,50.0,-50.0,-50.0
23.8359375,-50.0,-50.0,-50.0,-50.0,-50.0,-50.0,-50.0,-50.0
23.83984375,-50.0,-50.0,-50.0,-50.0,-50.0,-50.0,-50.0,-50.0
23.84375,-50.0,-50.0,-50.0,-50.0,-50.0,-50.0,-50.0,-50.0
23.84765625,-50.0,-50.0,-50.0,-50.0,-50.0,-50.0,-50.0,-50.0
23.8515625,-50.0,-50.0,-50.0,-50.0,-50.0,-50.0,-50.0,-50.0
23.85546875,-50.0,-50.0,-50.0,-50.0,-50.0,-50.0,-50.0,-50.0
23.859375,-50.0,-50.0,-50.0,-50.0,-50.0,-50.0,-50.0,-50.0
23.86328125,-50.0,-50.0,-50.0,-50.0,-50.0,-50.0,-50.0,-50.0
23.8671875,-50.0,-50.0,-50.0,-50.0,-50.0,-50.0,-50.0,-50.0
23.87109375,-50.0,-50.0,-50.0,-50.0,-50.0,-50.0,-50.0,-50.0
23.875,-50.0,-50.0,-50.0,-50.0,-50.0,-50.0,-50.0,-50.0
23.87890625,-50.0,-50.0,-50.0,-50.0,-50.0,-50.0,-50.0,-50.0
23.8828125,-50.0,-50.0,-50.0,-50.0,-50.0,-50.0,-50.0,-50.0
23.88671875,-50.0,-50.0,-50.0,-50.0,-50.0,-50.0,-50.0,-50.0
23.890625,-50.0,-50.0,-50.0,-50.0,-50.0,-50.0,-50.0,-50.0
23.89453125,-50.0,-50.0,-50.0,-50.0,-50.0,-50.0,-50.0,-50.0
23.8984375,-50.0,-50.0,-50.0,-50.0,-50.0,-50.0,-50.0,-50.0
23.90234375,-50.0,-50.0,-50.0,-50.0,-50.0,-50.0,-50.0,-50.0
23.90625,-50.0,-50.0,-50.0,-50.0,-50.0,-50.0,-50.0,-50.0
23.91015625,-50.0,-50.0,-50.0,-50.0,-50.0,-50.0,-50.0,-50.0
23.9140625,-50.0,-50.0,-50.0,-50.0,-50.0,-50.0,-50.0,-50.0
23.91796875,-50.0,-50.0,-50.0,-50.0,-50.0,-50.0,-50.0,-50.0
23.921875,-50.0,-50.0,-50.0,-50.0,-50.0,-50.0,-50.0,-50.0
23.92578125,-50.0,-50.0,-50.0,-50.0,-50.0,-50.0,-50.0,-50.0
23.9296875,-50.0,-50.0,-50.0,-50.0,-50.0,-50.0,-50.0,-50.0
23.93359375,-50.0,-50.0,-50.0,-50.0,-50.0,-50.0,-50.0,-50.0
23.9375,-50.0,-50.0,-50.0,-50.0,-50.0,-50.0,-50.0,-50.0
23.94140625,-50.0,-50.0,-50.0,-50.0,-50.0,-50.0,-50.0,-50.0
23.9453125,-50.0,-50.0,-50.0,-50.0,-50.0,-50.0,-50.0,-50.0
23.94921875,-50.0,-50.0,-50.0,-50.0,-50.0,-50.0,-50.0,-50.0
23.953125,-50.0,-50.0,-50.0,-50.0,-50.0,-50.0,-50.0,-50.0
23.95703125,-50.0,-50.0,-50.0,-50.0,-50.0,-50.0,-50.0,-50.0
23.9609375,-50.0,-50.0,-50.0,-50.0,-50.0,-50.0,-50.0,-50.0
23.96484375,-50.0,-50.0,-50.0,-50.0,-50.0,-50.0,-50.0,-50.0
23.96875,-50.0,-50.0,-50.0,-50.0,-50.0,-50.0,-50.0,-50.0
23.97265625,-50.0,-50.0,-50.0,-50.0,-50.0,-50.0,-50.0,-50.0
23.9765625,-50.0,-50.0,-50.0,-50.0,-50.0,-50.0,-50.0,-50.0
23.98046875,-50.0,-50.0,-50.0,-50.0,-50.0,-50.0,-50.0,-50.0
23.984375,-50.0,-50.0,-50.0,-50.0,-50.0,-50.0,-50.0,-50.0
23.98828125,-50.0,-50.0,-50.0,-50.0,-50.0,-50.0,-50.0,-50.0
23.9921875,-50.0,-50.0,-50.0,-50.0,-50.0,-50.0,-50.0,-50.0
23.99609375,-50.0,-50.0,-50.0,-50.0,-50.0,-50.0,-50.0,-50.0
24.0,50.0,50.0,-50.0,50.0,50.0,50.0,-50.0,50.0
24.00390625,50.0,50.0,50.0,50.0,50.0,50.0,50.0,50.0
24.0078125,50.0,50.0,50.0,50.0,50.0,50.0,50.0,50.0
24.01171875,50.0,50.0,50.0,50.0,50.0,50.0,50.0,50.0
24.015625,50.0,50.0,50.0,50.0,50.0,50.0,50.0,50.0
24.01953125,50.0,50.0,50.0,50.0,50.0,50.0,50.0,50.0
24.0234375,50.0,50.0,50.0,50.0,50.0,50.0,50.0,50.0
24.02734375,50.0,50.0,50.0,50.0,50.0,50.0,50.0,50.0
24.03125,50.0,50.0,50.0,50.0,50.0,50.0,50.0,50.0
24.03515625,50.0,50.0,50.0,50.0,50.0,50.0,50.0,50.0
24.0390625,50.0,50.0,50.0,50.0,50.0,50.0,50.0,50.0
24.04296875,50.0,50.0,50.0,50.0,50.0,50.0,50.0,50.0
24.046875,50.0,50.0,50.0,50.0,50.0,50.0,50.0,50.0
24.05078125,50.0,50.0,50.0,50.0,50.0,50.0,50.0,50.0
24.0546875,50.0,50.0,50.0,50.0,50.0,50.0,50.0,50.0
24.05859375,50.0,50.0,50.0,50.0,50.0,50.0,50.0,50.0
24.0625,50.0,50.0,50.0,50.0,50.0,50.0,50.0,50.0
24.06640625,50.0,50.0,50.0,50.0,50.0,50.0,50.0,50.0
24.0703125,50.0,50.0,50.0,50.0,50.0,50.0,50.0,50.0
24.07421875,50.0,50.0,50.0,50.0,50.0,50.0,50.0,50.0
24.078125,50.0,50.0,50.0,50.0,50.0,50.0,50.0,50.0
24.08203125,50.0,50.0,50.0,50.0,50.0,50.0,50.0,50.0
24.0859375,50.0,50.0,50.0,50.0,50.0,50.0,50.0,50.0
24.08984375,50.0,50.0,50.0,50.0,50.0,50.0,50.0,50.0
24.09375,50.0,50.0,50.0,50.0,50.0,50.0,50.0,50.0
24.09765625,50.0,50.0,50.0,50.0,50.0,50.0,50.0,50.0
24.1015625,50.0,50.0,50.0,50.0,50.0,50.0,50.0,50.0
24.10546875,50.0,50.0,50.0,50.0,50.0,50.0,50.0,50.0
24.109375,50.0,50.0,50.0,50.0,50.0,50.0,50.0,50.0
24.11328125,50.0,50.0,50.0,50.0,50.0,50.0,50.0,50.0
24.1171875,50.0,50.0,50.0,50.0,50.0,50.0,50.0,50.0
24.12109375,50.0,50.0,50.0,50.0,50.0,50.0,50.0,50.0
24.125,50.0,50.0,50.0,50.0,50.0,50.0,50.0,50.0
24.12890625,50.0,50.0,50.0,50.0,50.0,50.0,50.0,50.0
24.1328125,50.0,50.0,50.0,50.0,50.0,50.0,50.0,50.0
24.13671875,50.0,50.0,50.0,50.0,50.0,50.0,50.0,50.0
24.140625,50.0,50.0,50.0,50.0,50.0,50.0,50.0,50.0
24.14453125,50.0,50.0,50.0,50.0,50.0,50.0,50.0,50.0
24.1484375,50.0,50.0,50.0,50.0,50.0,50.0,50.0,50.0
24.15234375,50.0,50.0,50.0,50.0,50.0,50.0,50.0,50.0
24.15625,50.0,50.0,50.0,50.0,50.0,50.0,50.0,50.0
24.16015625,50.0,50.0,50.0,50.0,50.0,50.0,50.0,50.0
24.1640625,50.0,50.0,50.0,50.0,50.0,50.0,50.0,50.0
24.16796875,50.0,-50.0,50.0,50.0,50.0,-50.0,50.0,50.0
24.171875,50.0,-50.0,50.0,50.0,50.0,-50.0,50.0,50.0
24.17578125,50.0,-50.0,50.0,50.0,50.0,-50.0,50.0,50.0
24.1796875,50.0,-50.0,50.0,50.0,50.0,-50.0,50.0,50.0
24.18359375,50.0,-50.0,50.0,50.0,50.0,-50.0,50.0,50.0
24.1875,50.0,-50.0,50.0,50.0,50.0,-50.0,50.0,50.0
24.19140625,50.0,-50.0,50.0,50.0,50.0,-50.0,50.0,50.0
24.1953125,50.0,-50.0,50.0,50.0,50.0,-50.0,50.0,50.0
24.19921875,50.0,-50.0,50.0,50.0,50.0,-50.0,50.0,50.0
24.203125,50.0,-50.0,-50.0,50.0,50.0,-50.0,-50.0,50.0
24.20703125,50.0,-50.0,-50.0,50.0,50.0,-50.0,-50.0,50.0
24.2109375,50.0,-50.0,-50.0,50.0,50.0,-50.0,-50.0,50.0
24.21484375,50.0,-50.0,-50.0,50.0,50.0,-50.0,-50.0,50.0
24.21875,50.0,-50.0,-50.0,50.0,50.0,-50.0,-50.0,50.0
24.22265625,50.0,-50.0,-50.0,50.0,50.0,-50.0,-50.0,50.0
24.2265625,50.0,-50.0,-50.0,50.0,50.0,-50.0,-50.0,50.0
24.23046875,50.0,-50.0,-50.0,50.0,50.0,-50.0,-50.0,50.0
24.234375,50.0,-50.0,-50.0,50.0,50.0,-50.0,-50.0,50.0
24.23828125,50.0,-50.0,-50.0,50.0,50.0,-50.0,-50.0,50.0
24.2421875,50.0,-50.0,-50.0,50.0,50.0,-50.0,-50.0,50.0
24.24609375,50.0,-50.0,-50.0,50.0,50.0,-50.0,-50.0,50.0
24.25,50.0,-50.0,-50.0,50.0,50.0,-50.0,-50.0,50.0
24.25390625,-50.0,-50.0,-50.0,50.0,-50.0,-50.0,-50.0,50.0
24.2578125,-50.0,-50.0,-50.0,50.0,-50.0,-50.0,-50.0,50.0
24.26171875,-50.0,-50.0,-50.0,50.0,-50.0,-50.0,-50.0,50.0
24.265625,-50.0,-50.0,-50.0,50.0,-50.0,-50.0,-50.0,50.0
24.26953125,-50.0,-50.0,-50.0,50.0,-50.0,-50.0,-50.0,50.0
24.2734375,-50.0,-50.0,-50.0,50.0,-50.0,-50.0,-50.0,50.0
24.27734375,-50.0,-50.0,-50.0,50.0,-50.0,-50.0,-50.0,50.0
24.28125,-50.0,-50.0,-50.0,50.0,-50.0,-50.0,-50.0,50.0
24.28515625,-50.0,-50.0,-50.0,50.0,-50.0,-50.0,-50.0,50.0
24.2890625,-50.0,-50.0,-50.0,50.0,-50.0,-50.0,-50.0,50.0
24.29296875,-50.0,-50.0,-50.0,50.0,-50.0,-50.0,-50.0,50.0
24.296875,-50.0,-50.0,-50.0,50.0,-50.0,-50.0,-50.0,50.0
24.30078125,-50.0,-50.0,-50.0,50.0,-50.0,-50.0,-50.0,50.0
24.3046875,-50.0,-50.0,-50.0,50.0,-50.0,-50.0,-50.0,50.0
24.30859375,-50.0,-50.0,-50.0,50.0,-50.0,-50.0,-50.0,50.0
24.3125,-50.0,-50.0,-50.0,50.0,-50.0,-50.0,-50.0,50.0
24.31640625,-50.0,-50.0,-50.0,50.0,-50.0,-50.0,-50.0,50.0
24.3203125,-50.0,-50.0,-50.0,50.0,-50.0,-50.0,-50.0,50.0
24.32421875,-50.0,-50.0,-50.0,50.0,-50.0,-50.0,-50.0,50.0
24.328125,-50.0,-50.0,-50.0,50.0,-50.0,-50.0,-50.0,50.0
24.33203125,-50.0,-50.0,-50.0,50.0,-50.0,-50.0,-50.0,50.0
24.3359375,-50.0,50.0,-50.0,-50.0,-50.0,50.0,-50.0,-50.0
24.33984375,-50.0,50.0,-50.0,-50.0,-50.0,50.0,-50.0,-50.0
24.34375,-50.0,50.0,-50.0,-50.0,-50.0,50.0,-50.0,-50.0
24.34765625,-50.0,50.0,-50.0,-50.0,-50.0,50.0,-50.0,-50.0
24.3515625,-50.0,50.0,-50.0,-50.0,-50.0,50.0,-50.0,-50.0
24.35546875,-50.0,50.0,-50.0,-50.0,-50.0,50.0,-50.0,-50.0
24.359375,-50.0,50.0,-50.0,-50.0,-50.0,50.0,-50.0,-50.0
24.36328125,-50.0,50.0,-50.0,-50.0,-50.0,50.0,-50.0,-50.0
24.3671875,-50.0,50.0,-50.0,-50.0,-50.0,50.0,-50.0,-50.0
24.37109375,-50.0,50.0,-50.0,-50.0,-50.0,50.0,-50.0,-50.0
24.375,-50.0,50.0,-50.0,-50.0,-50.0,50.0,-50.0,-50.0
24.37890625,-50.0,50.0,-50.0,-50.0,-50.0,50.0,-50.0,-50.0
24.3828125,-50.0,50.0,-50.0,-50.0,-50.0,50.0,-50.0,-50.0
24.38671875,-50.0,50.0,-50.0,-50.0,-50.0,50.0,-50.0,-50.0
24.390625,-50.0,50.0,-50.0,-50.0,-50.0,50.0,-50.0,-50.0
24.39453125,-50.0,50.0,-50.0,-50.0,-50.0,50.0,-50.0,-50.0
24.3984375,-50.0,50.0,-50.0,-50.0,-50.0,50.0,-50.0,-50.0
24.40234375,-50.0,50.0,50.0,-50.0,-50.0,50.0,50.0,-50.0
24.40625,-50.0,50.0,50.0,-50.0,-50.0,50.0,50.0,-50.0
24.41015625,-50.0,50.0,50.0,-50.0,-50.0,50.0,50.0,-50.0
24.4140625,-50.0,50.0,50.0,-50.0,-50.0,50.0,50.0,-50.0
24.41796875,-50.0,50.0,50.0,-50.0,-50.0,50.0,50.0,-50.0
24.421875,-50.0,50.0,50.0,-50.0,-50.0,50.0,50.0,-50.0
24.42578125,-50.0,50.0,50.0,-50.0,-50.0,50.0,50.0,-50.0
24.4296875,-50.0,50.0,50.0,-50.0,-50.0,50.0,50.0,-50.0
24.43359375,-50.0,50.0,50.0,-50.0,-50.0,50.0,50.0,-50.0
24.4375,-50.0,50.0,50.0,-50.0,-50.0,50.0,50.0,-50.0
24.44140625,-50.0,50.0,50.0,-50.0,-50.0,50.0,50.0,-50.0
24.4453125,-50.0,50.0,50.0,-50.0,-50.0,50.0,50.0,-50.0
24.44921875,-50.0,50.0,50.0,-50.0,-50.0,50.0,50.0,-50.0
24.453125,-50.0,50.0,50.0,-50.0,-50.0,50.0,50.0,-50.0
24.45703125,-50.0,50.0,50.0,-50.0,-50.0,50.0,50.0,-50.0
24.4609375,-50.0,50.0,50.0,-50.0,-50.0,50.0,50.0,-50.0
24.46484375,-50.0,50.0,50.0,-50.0,-50.0,50.0,50.0,-50.0
24.46875,-50.0,50.0,50.0,-50.0,-50.0,50.0,50.0,-50.0
24.47265625,-50.0,50.0,50.0,-50.0,-50.0,50.0,50.0,-50.0
24.4765625,-50.0,50.0,50.0,-50.0,-50.0,50.0,50.0,-50.0
24.48046875,-50.0,50.0,50.0,-50.0,-50.0,50.0,50.0,-50.0
24.484375,-50.0,50.0,50.0,-50.0,-50.0,50.0,50.0,-50.0
24.48828125,-50.0,50.0,50.0,-50.0,-50.0,50.0,50.0,-50.0
24.4921875,-50.0,50.0,50.0,-50.0,-50.0,50.0,50.0,-50.0
24.49609375,-50.0,50.0,50.0,-50.0,-50.0,50.0,50.0,-50.0
24.5,-50.0,-50.0,50.0,-50.0,-50.0,-50.0,50.0,-50.0
24.50390625,50.0,-50.0,50.0,-50.0,50.0,-50.0,50.0,-50.0
24.5078125,50.0,-50.0,50.0,-50.0,50.0,-50.0,50.0,-50.0
24.51171875,50.0,-50.0,50.0,-50.0,50.0,-50.0,50.0,-50.0
24.515625,50.0,-50.0,50.0,-50.0,50.0,-50.0,50.0,-50.0
24.51953125,50.0,-50.0,50.0,-50.0,50.0,-50.0,50.0,-50.0
24.5234375,50.0,-50.0,50.0,-50.0,50.0,-50.0,50.0,-50.0
24.52734375,50.0,-50.0,50.0,-50.0,50.0,-50.0,50.0,-50.0
24.53125,50.0,-50.0,50.0,-50.0,50.0,-50.0,50.0,-50.0
24.53515625,50.0,-50.0,50.0,-50.0,50.0,-50.0,50.0,-50.0
24.5390625,50.0,-50.0,50.0,-50.0,50.0,-50.0,50.0,-50.0
24.54296875,50.0,-50.0,50.0,-50.0,50.0,-50.0,50.0,-50.0
24.546875,50.0,-50.0,50.0,-50.0,50.0,-50.0,50.0,-50.0
24.55078125,50.0,-50.0,50.0,-50.0,50.0,-50.0,50.0,-50.0
24.5546875,50.0,-50.0,50.0,-50.0,50.0,-50.0,50.0,-50.0
24.55859375,50.0,-50.0,50.0,-50.0,50.0,-50.0,50.0,-50.0
24.5625,50.0,-50.0,50.0,-50.0,50.0,-50.0,50.0,-50.0
24.56640625,50.0,-50.0,50.0,-50.0,50.0,-50.0,50.0,-50.0
24.5703125,50.0,-50.0,50.0,-50.0,50.0,-50.0,50.0,-50.0
24.57421875,50.0,-50.0,50.0,-50.0,50.0,-50.0,50.0,-50.0
24.578125,50.0,-50.0,50.0,-50.0,50.0,-50.0,50.0,-50.0
24.58203125,50.0,-50.0,50.0,-50.0,50.0,-50.0,50.0,-50.0
24.5859375,50.0,-50.0,50.0,-50.0,50.0,-50.0,50.0,-50.0
24.58984375,50.0,-50.0,50.0,-50.0,50.0,-50.0,50.0,-50.0
24.59375,50.0,-50.0,50.0,-50.0,50.0,-50.0,50.0,-50.0
24.59765625,50.0,-50.0,50.0,-50.0,50.0,-50.0,50.0,-50.0
24.6015625,50.0,-50.0,-50.0,-50.0,50.0,-50.0,-50.0,-50.0
24.60546875,50.0,-50.0,-50.0,-50.0,50.0,-50.0,-50.0,-50.0
24.609375,50.0,-50.0,-50.0,-50.0,50.0,-50.0,-50.0,-50.0
24.61328125,50.0,-50.0,-50.0,-50.0,50.0,-50.0,-50.0,-50.0
24.6171875,50.0,-50.0,-50.0,-50.0,50.0,-50.0,-50.0,-50.0
24.62109375,50.0,-50.0,-50.0,-50.0,50.0,-50.0,-50.0,-50.0
24.625,50.0,-50.0,-50.0,-50.0,50.0,-50.0,-50.0,-50.0
24.62890625,50.0,-50.0,-50.0,-50.0,50.0,-50.0,-50.0,-50.0
24.6328125,50.0,-50.0,-50.0,-50.0,50.0,-50.0,-50.0,-50.0
24.63671875,50.0,-50.0,-50.0,-50.0,50.0,-50.0,-50.0,-50.0
24.640625,50.0,-50.0,-50.0,-50.0,50.0,-50.0,-50.0,-50.0
24.64453125,50.0,-50.0,-50.0,-50.0,50.0,-50.0,-50.0,-50.0
24.6484375,50.0,-50.0,-50.0,-50.0,50.0,-50.0,-50.0,-50.0
24.65234375,50.0,-50.0,-50.0,-50.0,50.0,-50.0,-50.0,-50.0
24.65625,50.0,-50.0,-50.0,-50.0,50.0,-50.0,-50.0,-50.0
24.66015625,50.0,-50.0,-50.0,-50.0,50.0,-50.0,-50.0,-50.0
24.6640625,50.0,-50.0,-50.0,-50.0,50.0,-50.0,-50.0,-50.0
24.66796875,50.0,50.0,-50.0,50.0,50.0,50.0,-50.0,50.0
24.671875,50.0,50.0,-50.0,50.0,50.0,50.0,-50.0,50.0
24.67578125,50.0,50.0,-50.0,50.0,50.0,50.0,-50.0,50.0
24.6796875,50.0,50.0,-50.0,50.0,50.0,50.0,-50.0,50.0
24.68359375,50.0,50.0,-50.0,50.0,50.0,50.0,-50.0,50.0
24.6875,50.0,50.0,-50.0,50.0,50.0,50.0,-50.0,50.0
24.69140625,50.0,50.0,-50.0,50.0,50.0,50.0,-50.0,50.0
24.6953125,50.0,50.0,-50.0,50.0,50.0,50.0,-50.0,50.0
24.69921875,50.0,50.0,-50.0,50.0,50.0,50.0,-50.0,50.0
24.703125,50.0,50.0,-50.0,50.0,50.0,50.0,-50.0,50.0
24.70703125,50.0,50.0,-50.0,50.0,50.0,50.0,-50.0,50.0
24.7109375,50.0,50.0,-50.0,50.0,50.0,50.0,-50.0,50.0
24.71484375,50.0,50.0,-50.0,50.0,50.0,50.0,-50.0,50.0
24.71875,50.0,50.0,-50.0,50.0,50.0,50.0,-50.0,50.0
24.72265625,50.0,50.0,-50.0,50.0,50.0,50.0,-50.0,50.0
24.7265625,50.0,50.0,-50.0,50.0,50.0,50.0,-50.0,50.0
24.73046875,50.0,50.0,-50.0,50.0,50.0,50.0,-50.0,50.0
24.734375,50.0,50.0,-50.0,50.0,50.0,50.0,-50.0,50.0
24.73828125,50.0,50.0,-50.0,50.0,50.0,50.0,-50.0,50.0
24.7421875,50.0,50.0,-50.0,50.0,50.0,50.0,-50.0,50.0
24.74609375,50.0,50.0,-50.0,50.0,50.0,50.0,-50.0,50.0
24.75,-50.0,50.0,-50.0,50.0,-50.0,50.0,-50.0,50.0
24.75390625,-50.0,50.0,-50.0,50.0,-50.0,50.0,-50.0,50.0
24.7578125,-50.0,50.0,-50.0,50.0,-50.0,50.0,-50.0,50.0
24.76171875,-50.0,50.0,-50.0,50.0,-50.0,50.0,-50.0,50.0
24.765625,-50.0,50.0,-50.0,50.0,-50.0,50.0,-50.0,50.0
24.76953125,-50.0,50.0,-50.0,50.0,-50.0,50.0,-50.0,50.0
24.7734375,-50.0,50.0,-50.0,50.0,-50.0,50.0,-50.0,50.0
24.77734375,-50.0,50.0,-50.0,50.0,-50.0,50.0,-50.0,50.0
24.78125,-50.0,50.0,-50.0,50.0,-50.0,50.0,-50.0,50.0
24.78515625,-50.0,50.0,-50.0,50.0,-50.0,50.0,-50.0,50.0
24.7890625,-50.0,50.0,-50.0,50.0,-50.0,50.0,-50.0,50.0
24.79296875,-50.0,50.0,-50.0,50.0,-50.0,50.0,-50.0,50.0
24.796875,-50.0,50.0,-50.0,50.0,-50.0,50.0,-50.0,50.0
24.80078125,-50.0,50.0,50.0,50.0,-50.0,50.0,50.0,50.0
24.8046875,-50.0,50.0,50.0,50.0,-50.0,50.0,50.0,50.0
24.80859375,-50.0,50.0,50.0,50.0,-50.0,50.0,50.0,50.0
24.8125,-50.0,50.0,50.0,50.0,-50.0,50.0,50.0,50.0
24.81640625,-50.0,50.0,50.0,50.0,-50.0,50.0,50.0,50.0
24.8203125,-50.0,50.0,50.0,50.0,-50.0,50.0,50.0,50.0
24.82421875,-50.0,50.0,50.0,50.0,-50.0,50.0,50.0,50.0
24.828125,-50.0,50.0,50.0,50.0,-50.0,50.0,50.0,50.0
24.83203125,-50.0,50.0,50.0,50.0,-50.0,50.0,50.0,50.0
24.8359375,-50.0,-50.0,50.0,50.0,-50.0,-50.0,50.0,50.0
24.83984375,-50.0,-50.0,50.0,50.0,-50.0,-50.0,50.0,50.0
24.84375,-50.0,-50.0,50.0,50.0,-50.0,-50.0,50.0,50.0
24.84765625,-50.0,-50.0,50.0,50.0,-50.0,-50.0,50.0,50.0
24.8515625,-50.0,-50.0,50.0,50.0,-50.0,-50.0,50.0,50.0
24.85546875,-50.0,-50.0,50.0,50.0,-50.0,-50.0,50.0,50.0
24.859375,-50.0,-50.0,50.0,50.0,-50.0,-50.0,50.0,50.0
24.86328125,-50.0,-50.0,50.0,50.0,-50.0,-50.0,50.0,50.0
24.8671875,-50.0,-50.0,50.0,50.0,-50.0,-50.0,50.0,50.0
24.87109375,-50.0,-50.0,50.0,50.0,-50.0,-50.0,50.0,50.0
24.875,-50.0,-50.0,50.0,50.0,-50.0,-50.0,50.0,50.0
24.87890625,-50.0,-50.0,50.0,50.0,-50.0,-50.0,50.0,50.0
24.8828125,-50.0,-50.0,50.0,50.0,-50.0,-50.0,50.0,50.0
24.88671875,-50.0,-50.0,50.0,50.0,-50.0,-50.0,50.0,50.0
24.890625,-50.0,-50.0,50.0,50.0,-50.0,-50.0,50.0,50.0
24.89453125,-50.0,-50.0,50.0,50.0,-50.0,-50.0,50.0,50.0
24.8984375,-50.0,-50.0,50.0,50.0,-50.0,-50.0,50.0,50.0
24.90234375,-50.0,-50.0,50.0,50.0,-50.0,-50.0,50.0,50.0
24.90625,-50.0,-50.0,50.0,50.0,-50.0,-50.0,50.0,50.0
24.91015625,-50.0,-50.0,50.0,50.0,-50.0,-50.0,50.0,50.0
24.9140625,-50.0,-50.0,50.0,50.0,-50.0,-50.0,50.0,50.0
24.91796875,-50.0,-50.0,50.0,50.0,-50.0,-50.0,50.0,50.0
24.921875,-50.0,-50.0,50.0,50.0,-50.0,-50.0,50.0,50.0
24.92578125,-50.0,-50.0,50.0,50.0,-50.0,-50.0,50.0,50.0
24.9296875,-50.0,-50.0,50.0,50.0,-50.0,-50.0,50.0,50.0
24.93359375,-50.0,-50.0,50.0,50.0,-50.0,-50.0,50.0,50.0
24.9375,-50.0,-50.0,50.0,50.0,-50.0,-50.0,50.0,50.0
24.94140625,-50.0,-50.0,50.0,50.0,-50.0,-50.0,50.0,50.0
24.9453125,-50.0,-50.0,50.0,50.0,-50.0,-50.0,50.0,50.0
24.94921875,-50.0,-50.0,50.0,50.0,-50.0,-50.0,50.0,50.0
24.953125,-50.0,-50.0,50.0,50.0,-50.0,-50.0,50.0,50.0
24.95703125,-50.0,-50.0,50.0,50.0,-50.0,-50.0,50.0,50.0
24.9609375,-50.0,-50.0,50.0,50.0,-50.0,-50.0,50.0,50.0
24.96484375,-50.0,-50.0,50.0,50.0,-50.0,-50.0,50.0,50.0
24.96875,-50.0,-50.0,50.0,50.0,-50.0,-50.0,50.0,50.0
24.97265625,-50.0,-50.0,50.0,50.0,-50.0,-50.0,50.0,50.0
24.9765625,-50.0,-50.0,50.0,50.0,-50.0,-50.0,50.0,50.0
24.98046875,-50.0,-50.0,50.0,50.0,-50.0,-50.0,50.0,50.0
24.984375,-50.0,-50.0,50.0,50.0,-50.0,-50.0,50.0,50.0
24.98828125,-50.0,-50.0,50.0,50.0,-50.0,-50.0,50.0,50.0
24.9921875,-50.0,-50.0,50.0,50.0,-50.0,-50.0,50.0,50.0
24.99609375,-50.0,-50.0,50.0,50.0,-50.0,-50.0,50.0,50.0
25.0,50.0,-50.0,50.0,50.0,50.0,-50.0,50.0,50.0
25.00390625,50.0,50.0,-50.0,-50.0,50.0,50.0,-50.0,-50.0
25.0078125,50.0,50.0,-50.0,-50.0,50.0,50.0,-50.0,-50.0
25.01171875,50.0,50.0,-50.0,-50.0,50.0,50.0,-50.0,-50.0
25.015625,50.0,50.0,-50.0,-50.0,50.0,50.0,-50.0,-50.0
25.01953125,50.0,50.0,-50.0,-50.0,50.0,50.0,-50.0,-50.0
25.0234375,50.0,50.0,-50.0,-50.0,50.0,50.0,-50.0,-50.0
25.02734375,50.0,50.0,-50.0,-50.0,50.0,50.0,-50.0,-50.0
25.03125,50.0,50.0,-50.0,-50.0,50.0,50.0,-50.0,-50.0
25.03515625,50.0,50.0,-50.0,-50.0,50.0,50.0,-50.0,-50.0
25.0390625,50.0,50.0,-50.0,-50.0,50.0,50.0,-50.0,-50.0
25.04296875,50.0,50.0,-50.0,-50.0,50.0,50.0,-50.0,-50.0
25.046875,50.0,50.0,-50.0,-50.0,50.0,50.0,-50.0,-50.0
25.05078125,50.0,50.0,-50.0,-50.0,50.0,50.0,-50.0,-50.0
25.0546875,50.0,50.0,-50.0,-50.0,50.0,50.0,-50.0,-50.0
25.05859375,50.0,50.0,-50.0,-50.0,50.0,50.0,-50.0,-50.0
25.0625,50.0,50.0,-50.0,-50.0,50.0,50.0,-50.0,-50.0
25.06640625,50.0,50.0,-50.0,-50.0,50.0,50.0,-50.0,-50.0
25.0703125,50.0,50.0,-50.0,-50.0,50.0,50.0,-50.0,-50.0
25.07421875,50.0,50.0,-50.0,-50.0,50.0,50.0,-50.0,-50.0
25.078125,50.0,50.0,-50.0,-50.0,50.0,50.0,-50.0,-50.0
25.08203125,50.0,50.0,-50.0,-50.0,50.0,50.0,-50.0,-50.0
25.0859375,50.0,50.0,-50.0,-50.0,50.0,50.0,-50.0,-50.0
25.08984375,50.0,50.0,-50.0,-50.0,50.0,50.0,-50.0,-50.0
25.09375,50.0,50.0,-50.0,-50.0,50.0,50.0,-50.0,-50.0
25.09765625,50.0,50.0,-50.0,-50.0,50.0,50.0,-50.0,-50.0
25.1015625,50.0,50.0,-50.0,-50.0,50.0,50.0,-50.0,-50.0
25.10546875,50.0,50.0,-50.0,-50.0,50.0,50.0,-50.0,-50.0
25.109375,50.0,50.0,-50.0,-50.0,50.0,50.0,-50.0,-50.0
25.11328125,50.0,50.0,-50.0,-50.0,50.0,50.0,-50.0,-50.0
25.1171875,50.0,50.0,-50.0,-50.0,50.0,50.0,-50.0,-50.0
25.12109375,50.0,50.0,-50.0,-50.0,50.0,50.0,-50.0,-50.0
25.125,50.0,50.0,-50.0,-50.0,50.0,50.0,-50.0,-50.0
25.12890625,50.0,50.0,-50.0,-50.0,50.0,50.0,-50.0,-50.0
25.1328125,50.0,50.0,-50.0,-50.0,50.0,50.0,-50.0,-50.0
25.13671875,50.0,50.0,-50.0,-50.0,50.0,50.0,-50.0,-50.0
25.140625,50.0,50.0,-50.0,-50.0,50.0,50.0,-50.0,-50.0
25.14453125,50.0,50.0,-50.0,-50.0,50.0,50.0,-50.0,-50.0
25.1484375,50.0,50.0,-50.0,-50.0,50.0,50.0,-50.0,-50.0
25.15234375,50.0,50.0,-50.0,-50.0,50.0,50.0,-50.0,-50.0
25.15625,50.0,50.0,-50.0,-50.0,50.0,50.0,-50.0,-50.0
25.16015625,50.0,50.0,-50.0,-50.0,50.0,50.0,-50.0,-50.0
25.1640625,50.0,50.0,-50.0,-50.0,50.0,50.0,-50.0,-50.0
25.16796875,50.0,-50.0,-50.0,-50.0,50.0,-50.0,-50.0,-50.0
25.171875,50.0,-50.0,-50.0,-50.0,50.0,-50.0,-50.0,-50.0
25.17578125,50.0,-50.0,-50.0,-50.0,50.0,-50.0,-50.0,-50.0
25.1796875,50.0,-50.0,-50.0,-50.0,50.0,-50.0,-50.0,-50.0
25.18359375,50.0,-50.0,-50.0,-50.0,50.0,-50.0,-50.0,-50.0
25.1875,50.0,-50.0,-50.0,-50.0,50.0,-50.0,-50.0,-50.0
25.19140625,50.0,-50.0,-50.0,-50.0,50.0,-50.0,-50.0,-50.0
25.1953125,50.0,-50.0,-50.0,-50.0,50.0,-50.0,-50.0,-50.0
25.19921875,50.0,-50.0,-50.0,-50.0,50.0,-50.0,-50.0,-50.0
25.203125,50.0,-50.0,50.0,-50.0,50.0,-50.0,50.0,-50.0
25.20703125,50.0,-50.0,50.0,-50.0,50.0,-50.0,50.0,-50.0
25.2109375,50.0,-50.0,50.0,-50.0,50.0,-50.0,50.0,-50.0
25.21484375,50.0,-50.0,50.0,-50.0,50.0,-50.0,50.0,-50.0
25.21875,50.0,-50.0,50.0,-50.0,50.0,-50.0,50.0,-50.0
25.22265625,50.0,-50.0,50.0,-50.0,50.0,-50.0,50.0,-50.0
25.2265625,50.0,-50.0,50.0,-50.0,50.0,-50.0,50.0,-50.0
25.23046875,50.0,-50.0,50.0,-50.0,50.0,-50.0,50.0,-50.0
25.234375,50.0,-50.0,50.0,-50.0,50.0,-50.0,50.0,-50.0
25.23828125,50.0,-50.0,50.0,-50.0,50.0,-50.0,50.0,-50.0
25.2421875,50.0,-50.0,50.0,-50.0,50.0,-50.0,50.0,-50.0
25.24609375,50.0,-50.0,50.0,-50.0,50.0,-50.0,50.0,-50.0
25.25,-50.0,-50.0,50.0,-50.0,-50.0,-50.0,50.0,-50.0
25.25390625,-50.0,-50.0,50.0,-50.0,-50.0,-50.0,50.0,-50.0
25.2578125,-50.0,-50.0,50.0,-50.0,-50.0,-50.0,50.0,-50.0
25.26171875,-50.0,-50.0,50.0,-50.0,-50.0,-50.0,50.0,-50.0
25.265625,-50.0,-50.0,50.0,-50.0,-50.0,-50.0,50.0,-50.0
25.26953125,-50.0,-50.0,50.0,-50.0,-50.0,-50.0,50.0,-50.0
25.2734375,-50.0,-50.0,50.0,-50.0,-50.0,-50.0,50.0,-50.0
25.27734375,-50.0,-50.0,50.0,-50.0,-50.0,-50.0,50.0,-50.0
25.28125,-50.0,-50.0,50.0,-50.0,-50.0,-50.0,50.0,-50.0
25.28515625,-50.0,-50.0,50.0,-50.0,-50.0,-50.0,50.0,-50.0
25.2890625,-50.0,-50.0,50.0,-50.0,-50.0,-50.0,50.0,-50.0
25.29296875,-50.0,-50.0,50.0,-50.0,-50.0,-50.0,50.0,-50.0
25.296875,-50.0,-50.0,50.0,-50.0,-50.0,-50.0,50.0,-50.0
25.30078125,-50.0,-50.0,50.0,-50.0,-50.0,-50.0,50.0,-50.0
25.3046875,-50.0,-50.0,50.0,-50.0,-50.0,-50.0,50.0,-50.0
25.30859375,-50.0,-50.0,50.0,-50.0,-50.0,-50.0,50.0,-50.0
25.3125,-50.0,-50.0,50.0,-50.0,-50.0,-50.0,50.0,-50.0
25.31640625,-50.0,-50.0,50.0,-50.0,-50.0,-50.0,50.0,-50.0
25.3203125,-50.0,-50.0,50.0,-50.0,-50.0,-50.0,50.0,-50.0
25.32421875,-50.0,-50.0,50.0,-50.0,-50.0,-50.0,50.0,-50.0
25.328125,-50.0,-50.0,50.0,-50.0,-50.0,-50.0,50.0,-50.0
25.33203125,-50.0,-50.0,50.0,-50.0,-50.0,-50.0,50.0,-50.0
25.3359375,-50.0,50.0,50.0,50.0,-50.0,50.0,50.0,50.0
25.33984375,-50.0,50.0,50.0,50.0,-50.0,50.0,50.0,50.0
25.34375,-50.0,50.0,50.0,50.0,-50.0,50.0,50.0,50.0
25.34765625,-50.0,50.0,50.0,50.0,-50.0,50.0,50.0,50.0
25.3515625,-50.0,50.0,50.0,50.0,-50.0,50.0,50.0,50.0
25.35546875,-50.0,50.0,50.0,50.0,-50.0,50.0,50.0,50.0
25.359375,-50.0,50.0,50.0,50.0,-50.0,50.0,50.0,50.0
25.36328125,-50.0,50.0,50.0,50.0,-50.0,50.0,50.0,50.0
25.3671875,-50.0,50.0,50.0,50.0,-50.0,50.0,50.0,50.0
25.37109375,-50.0,50.0,50.0,50.0,-50.0,50.0,50.0,50.0
25.375,-50.0,50.0,50.0,50.0,-50.0,50.0,50.0,50.0
25.37890625,-50.0,50.0,50.0,50.0,-50.0,50.0,50.0,50.0
25.3828125,-50.0,50.0,50.0,50.0,-50.0,50.0,50.0,50.0
25.38671875,-50.0,50.0,50.0,50.0,-50.0,50.0,50.0,50.0
25.390625,-50.0,50.0,50.0,50.0,-50.0,50.0,50.0,50.0
25.39453125,-50.0,50.0,50.0,50.0,-50.0,50.0,50.0,50.0
25.3984375,-50.0,50.0,50.0,50.0,-50.0,50.0,50.0,50.0
25.40234375,-50.0,50.0,-50.0,50.0,-50.0,50.0,-50.0,50.0
25.40625,-50.0,50.0,-50.0,50.0,-50.0,50.0,-50.0,50.0
25.41015625,-50.0,50.0,-50.0,50.0,-50.0,50.0,-50.0,50.0
25.4140625,-50.0,50.0,-50.0,50.0,-50.0,50.0,-50.0,50.0
25.41796875,-50.0,50.0,-50.0,50.0,-50.0,50.0,-50.0,50.0
25.421875,-50.0,50.0,-50.0,50.0,-50.0,50.0,-50.0,50.0
25.42578125,-50.0,50.0,-50.0,50.0,-50.0,50.0,-50.0,50.0
25.4296875,-50.0,50.0,-50.0,50.0,-50.0,50.0,-50.0,50.0
25.43359375,-50.0,50.0,-50.0,50.0,-50.0,50.0,-50.0,50.0
25.4375,-50.0,50.0,-50.0,50.0,-50.0,50.0,-50.0,50.0
25.44140625,-50.0,50.0,-50.0,50.0,-50.0,50.0,-50.0,50.0
25.4453125,-50.0,50.0,-50.0,50.0,-50.0,50.0,-50.0,50.0
25.44921875,-50.0,50.0,-50.0,50.0,-50.0,50.0,-50.0,50.0
25.453125,-50.0,50.0,-50.0,50.0,-50.0,50.0,-50.0,50.0
25.45703125,-50.0,50.0,-50.0,50.0,-50.0,50.0,-50.0,50.0
25.4609375,-50.0,50.0,-50.0,50.0,-50.0,50.0,-50.0,50.0
25.46484375,-50.0,50.0,-50.0,50.0,-50.0,50.0,-50.0,50.0
25.46875,-50.0,50.0,-50.0,50.0,-50.0,50.0,-50.0,50.0
25.47265625,-50.0,50.0,-50.0,50.0,-50.0,50.0,-50.0,50.0
25.4765625,-50.0,50.0,-50.0,50.0,-50.0,50.0,-50.0,50.0
25.48046875,-50.0,50.0,-50.0,50.0,-50.0,50.0,-50.0,50.0
25.484375,-50.0,50.0,-50.0,50.0,-50.0,50.0,-50.0,50.0
25.48828125,-50.0,50.0,-50.0,50.0,-50.0,50.0,-50.0,50.0
25.4921875,-50.0,50.0,-50.0,50.0,-50.0,50.0,-50.0,50.0
25.49609375,-50.0,50.0,-50.0,50.0,-50.0,50.0,-50.0,50.0
25.5,-50.0,-50.0,-50.0,50.0,-50.0,-50.0,-50.0,50.0
25.50390625,50.0,-50.0,-50.0,50.0,50.0,-50.0,-50.0,50.0
25.5078125,50.0,-50.0,-50.0,50.0,50.0,-50.0,-50.0,50.0
25.51171875,50.0,-50.0,-50.0,50.0,50.0,-50.0,-50.0,50.0
25.515625,50.0,-50.0,-50.0,50.0,50.0,-50.0,-50.0,50.0
25.51953125,50.0,-50.0,-50.0,50.0,50.0,-50.0,-50.0,50.0
25.5234375,50.0,-50.0,-50.0,50.0,50.0,-50.0,-50.0,50.0
25.52734375,50.0,-50.0,-50.0,50.0,50.0,-50.0,-50.0,50.0
25.53125,50.0,-50.0,-50.0,50.0,50.0,-50.0,-50.0,50.0
25.53515625,50.0,-50.0,-50.0,50.0,50.0,-50.0,-50.0,50.0
25.5390625,50.0,-50.0,-50.0,50.0,50.0,-50.0,-50.0,50.0
25.54296875,50.0,-50.0,-50.0,50.0,50.0,-50.0,-50.0,50.0
25.546875,50.0,-50.0,-50.0,50.0,50.0,-50.0,-50.0,50.0
25.55078125,50.0,-50.0,-50.0,50.0,50.0,-50.0,-50.0,50.0
25.5546875,50.0,-50.0,-50.0,50.0,50.0,-50.0,-50.0,50.0
25.55859375,50.0,-50.0,-50.0,50.0,50.0,-50.0,-50.0,50.0
25.5625,50.0,-50.0,-50.0,50.0,50.0,-50.0,-50.0,50.0
25.56640625,50.0,-50.0,-50.0,50.0,50.0,-50.0,-50.0,50.0
25.5703125,50.0,-50.0,-50.0,50.0,50.0,-50.0,-50.0,50.0
25.57421875,50.0,-50.0,-50.0,50.0,50.0,-50.0,-50.0,50.0
25.578125,50.0,-50.0,-50.0,50.0,50.0,-50.0,-50.0,50.0
25.58203125,50.0,-50.0,-50.0,50.0,50.0,-50.0,-50.0,50.0
25.5859375,50.0,-50.0,-50.0,50.0,50.0,-50.0,-50.0,50.0
25.58984375,50.0,-50.0,-50.0,50.0,50.0,-50.0,-50.0,50.0
25.59375,50.0,-50.0,-50.0,50.0,50.0,-50.0,-50.0,50.0
25.59765625,50.0,-50.0,-50.0,50.0,50.0,-50.0,-50.0,50.0
25.6015625,50.0,-50.0,50.0,50.0,50.0,-50.0,50.0,50.0
25.60546875,50.0,-50.0,50.0,50.0,50.0,-50.0,50.0,50.0
25.609375,50.0,-50.0,50.0,50.0,50.0,-50.0,50.0,50.0
25.61328125,50.0,-50.0,50.0,50.0,50.0,-50.0,50.0,50.0
25.6171875,50.0,-50.0,50.0,50.0,50.0,-50.0,50.0,50.0
25.62109375,50.0,-50.0,50.0,50.0,50.0,-50.0,50.0,50.0
25.625,50.0,-50.0,50.0,50.0,50.0,-50.0,50.0,50.0
25.62890625,50.0,-50.0,50.0,50.0,50.0,-50.0,50.0,50.0
25.6328125,50.0,-50.0,50.0,50.0,50.0,-50.0,50.0,50.0
25.63671875,50.0,-50.0,50.0,50.0,50.0,-50.0,50.0,50.0
25.640625,50.0,-50.0,50.0,50.0,50.0,-50.0,50.0,50.0
25.64453125,50.0,-50.0,50.0,50.0,50.0,-50.0,50.0,50.0
25.6484375,50.0,-50.0,50.0,50.0,50.0,-50.0,50.0,50.0
25.65234375,50.0,-50.0,50.0,50.0,50.0,-50.0,50.0,50.0
25.65625,50.0,-50.0,50.0,50.0,50.0,-50.0,50.0,50.0
25.66015625,50.0,-50.0,50.0,50.0,50.0,-50.0,50.0,50.0
25.6640625,50.0,-50.0,50.0,50.0,50.0,-50.0,50.0,50.0
25.66796875,50.0,50.0,50.0,-50.0,50.0,50.0,50.0,-50.0
25.671875,50.0,50.0,50.0,-50.0,50.0,50.0,50.0,-50.0
25.67578125,50.0,50.0,50.0,-50.0,50.0,50.0,50.0,-50.0
25.6796875,50.0,50.0,50.0,-50.0,50.0,50.0,50.0,-50.0
25.68359375,50.0,50.0,50.0,-50.0,50.0,50.0,50.0,-50.0
25.6875,50.0,50.0,50.0,-50.0,50.0,50.0,50.0,-50.0
25.69140625,50.0,50.0,50.0,-50.0,50.0,50.0,50.0,-50.0
25.6953125,50.0,50.0,50.0,-50.0,50.0,50.0,50.0,-50.0
25.69921875,50.0,50.0,50.0,-50.0,50.0,50.0,50.0,-50.0
25.703125,50.0,50.0,50.0,-50.0,50.0,50.0,50.0,-50.0
25.70703125,50.0,50.0,50.0,-50.0,50.0,50.0,50.0,-50.0
25.7109375,50.0,50.0,50.0,-50.0,50.0,50.0,50.0,-50.0
25.71484375,50.0,50.0,50.0,-50.0,50.0,50.0,50.0,-50.0
25.71875,50.0,50.0,50.0,-50.0,50.0,50.0,50.0,-50.0
25.72265625,50.0,50.0,50.0,-50.0,50.0,50.0,50.0,-50.0
25.7265625,50.0,50.0,50.0,-50.0,50.0,50.0,50.0,-50.0
25.73046875,50.0,50.0,50.0,-50.0,50.0,50.0,50.0,-50.0
25.734375,50.0,50.0,50.0,-50.0,50.0,50.0,50.0,-50.0
25.73828125,50.0,50.0,50.0,-50.0,50.0,50.0,50.0,-50.0
25.7421875,50.0,50.0,50.0,-50.0,50.0,50.0,50.0,-50.0
25.74609375,50.0,50.0,50.0,-50.0,50.0,50.0,50.0,-50.0
25.75,50.0,50.0,50.0,-50.0,50.0,50.0,50.0,-50.0
25.75390625,-50.0,50.0,50.0,-50.0,-50.0,50.0,50.0,-50.0
25.7578125,-50.0,50.0,50.0,-50.0,-50.0,50.0,50.0,-50.0
25.76171875,-50.0,50.0,50.0,-50.0,-50.0,50.0,50.0,-50.0
25.765625,-50.0,50.0,50.0,-50.0,-50.0,50.0,50.0,-50.0
25.76953125,-50.0,50.0,50.0,-50.0,-50.0,50.0,50.0,-50.0
25.7734375,-50.0,50.0,50.0,-50.0,-50.0,50.0,50.0,-50.0
25.77734375,-50.0,50.0,50.0,-50.0,-50.0,50.0,50.0,-50.0
25.78125,-50.0,50.0,50.0,-50.0,-50.0,50.0,50.0,-50.0
25.78515625,-50.0,50.0,50.0,-50.0,-50.0,50.0,50.0,-50.0
25.7890625,-50.0,50.0,50.0,-50.0,-50.0,50.0,50.0,-50.0
25.79296875,-50.0,50.0,50.0,-50.0,-50.0,50.0,50.0,-50.0
25.796875,-50.0,50.0,50.0,-50.0,-50.0,50.0,50.0,-50.0
25.80078125,-50.0,50.0,-50.0,-50.0,-50.0,50.0,-50.0,-50.0
25.8046875,-50.0,50.0,-50.0,-50.0,-50.0,50.0,-50.0,-50.0
25.80859375,-50.0,50.0,-50.0,-50.0,-50.0,50.0,-50.0,-50.0
25.8125,-50.0,50.0,-50.0,-50.0,-50.0,50.0,-50.0,-50.0
25.81640625,-50.0,50.0,-50.0,-50.0,-50.0,50.0,-50.0,-50.0
25.8203125,-50.0,50.0,-50.0,-50.0,-50.0,50.0,-50.0,-50.0
25.82421875,-50.0,50.0,-50.0,-50.0,-50.0,50.0,-50.0,-50.0
25.828125,-50.0,50.0,-50.0,-50.0,-50.0,50.0,-50.0,-50.0
25.83203125,-50.0,50.0,-50.0,-50.0,-50.0,50.0,-50.0,-50.0
25.8359375,-50.0,-50.0,-50.0,-50.0,-50.0,-50.0,-50.0,-50.0
25.83984375,-50.0,-50.0,-50.0,-50.0,-50.0,-50.0,-50.0,-50.0
25.84375,-50.0,-50.0,-50.0,-50.0,-50.0,-50.0,-50.0,-50.0
25.84765625,-50.0,-50.0,-50.0,-50.0,-50.0,-50.0,-50.0,-50.0
25.8515625,-50.0,-50.0,-50.0,-50.0,-50.0,-50.0,-50.0,-50.0
25.85546875,-50.0,-50.0,-50.0,-50.0,-50.0,-50.0,-50.0,-50.0
25.859375,-50.0,-50.0,-50.0,-50.0,-50.0,-50.0,-50.0,-50.0
25.86328125,-50.0,-50.0,-50.0,-50.0,-50.0,-50.0,-50.0,-50.0
25.8671875,-50.0,-50.0,-50.0,-50.0,-50.0,-50.0,-50.0,-50.0
25.87109375,-50.0,-50.0,-50.0,-50.0,-50.0,-50.0,-50.0,-50.0
25.875,-50.0,-50.0,-50.0,-50.0,-50.0,-50.0,-50.0,-50.0
25.87890625,-50.0,-50.0,-50.0,-50.0,-50.0,-50.0,-50.0,-50.0
25.8828125,-50.0,-50.0,-50.0,-50.0,-50.0,-50.0,-50.0,-50.0
25.88671875,-50.0,-50.0,-50.0,-50.0,-50.0,-50.0,-50.0,-50.0
25.890625,-50.0,-50.0,-50.0,-50.0,-50.0,-50.0,-50.0,-50.0
25.89453125,-50.0,-50.0,-50.0,-50.0,-50.0,-50.0,-50.0,-50.0
25.8984375,-50.0,-50.0,-50.0,-50.0,-50.0,-50.0,-50.0,-50.0
25.90234375,-50.0,-50.0,-50.0,-50.0,-50.0,-50.0,-50.0,-50.0
25.90625,-50.0,-50.0,-50.0,-50.0,-50.0,-50.0,-50.0,-50.0
25.91015625,-50.0,-50.0,-50.0,-50.0,-50.0,-50.0,-50.0,-50.0
25.9140625,-50.0,-50.0,-50.0,-50.0,-50.0,-50.0,-50.0,-50.0
25.91796875,-50.0,-50.0,-50.0,-50.0,-50.0,-50.0,-50.0,-50.0
25.921875,-50.0,-50.0,-50.0,-50.0,-50.0,-50.0,-50.0,-50.0
25.92578125,-50.0,-50.0,-50.0,-50.0,-50.0,-50.0,-50.0,-50.0
25.9296875,-50.0,-50.0,-50.0,-50.0,-50.0,-50.0,-50.0,-50.0
25.93359375,-50.0,-50.0,-50.0,-50.0,-50.0,-50.0,-50.0,-50.0
25.9375,-50.0,-50.0,-50.0,-50.0,-50.0,-50.0,-50.0,-50.0
25.94140625,-50.0,-50.0,-50.0,-50.0,-50.0,-50.0,-50.0,-50.0
25.9453125,-50.0,-50.0,-50.0,-50.0,-50.0,-50.0,-50.0,-50.0
25.94921875,-50.0,-50.0,-50.0,-50.0,-50.0,-50.0,-50.0,-50.0
25.953125,-50.0,-50.0,-50.0,-50.0,-50.0,-50.0,-50.0,-50.0
25.95703125,-50.0,-50.0,-50.0,-50.0,-50.0,-50.0,-50.0,-50.0
25.9609375,-50.0,-50.0,-50.0,-50.0,-50.0,-50.0,-50.0,-50.0
25.96484375,-50.0,-50.0,-50.0,-50.0,-50.0,-50.0,-50.0,-50.0
25.96875,-50.0,-50.0,-50.0,-50.0,-50.0,-50.0,-50.0,-50.0
25.97265625,-50.0,-50.0,-50.0,-50.0,-50.0,-50.0,-50.0,-50.0
25.9765625,-50.0,-50.0,-50.0,-50.0,-50.0,-50.0,-50.0,-50.0
25.98046875,-50.0,-50.0,-50.0,-50.0,-50.0,-50.0,-50.0,-50.0
25.984375,-50.0,-50.0,-50.0,-50.0,-50.0,-50.0,-50.0,-50.0
25.98828125,-50.0,-50.0,-50.0,-50.0,-50.0,-50.0,-50.0,-50.0
25.9921875,-50.0,-50.0,-50.0,-50.0,-50.0,-50.0,-50.0,-50.0
25.99609375,-50.0,-50.0,-50.0,-50.0,-50.0,-50.0,-50.0,-50.0
26.0,50.0,-50.0,-50.0,-50.0,50.0,-50.0,-50.0,-50.0
26.00390625,50.0,50.0,50.0,50.0,50.0,50.0,50.0,50.0
26.0078125,50.0,50.0,50.0,50.0,50.0,50.0,50.0,50.0
26.01171875,50.0,50.0,50.0,50.0,50.0,50.0,50.0,50.0
26.015625,50.0,50.0,50.0,50.0,50.0,50.0,50.0,50.0
26.01953125,50.0,50.0,50.0,50.0,50.0,50.0,50.0,50.0
26.0234375,50.0,50.0,50.0,50.0,50.0,50.0,50.0,50.0
26.02734375,50.0,50.0,50.0,50.0,50.0,50.0,50.0,50.0
26.03125,50.0,50.0,50.0,50.0,50.0,50.0,50.0,50.0
26.03515625,50.0,50.0,50.0,50.0,50.0,50.0,50.0,50.0
26.0390625,50.0,50.0,50.0,50.0,50.0,50.0,50.0,50.0
26.04296875,50.0,50.0,50.0,50.0,50.0,50.0,50.0,50.0
26.046875,50.0,50.0,50.0,50.0,50.0,50.0,50.0,50.0
26.05078125,50.0,50.0,50.0,50.0,50.0,50.0,50.0,50.0
26.0546875,50.0,50.0,50.0,50.0,50.0,50.0,50.0,50.0
26.05859375,50.0,50.0,50.0,50.0,50.0,50.0,50.0,50.0
26.0625,50.0,50.0,50.0,50.0,50.0,50.0,50.0,50.0
26.06640625,50.0,50.0,50.0,50.0,50.0,50.0,50.0,50.0
26.0703125,50.0,50.0,50.0,50.0,50.0,50.0,50.0,50.0
26.07421875,50.0,50.0,50.0,50.0,50.0,50.0,50.0,50.0
26.078125,50.0,50.0,50.0,50.0,50.0,50.0,50.0,50.0
26.08203125,50.0,50.0,50.0,50.0,50.0,50.0,50.0,50.0
26.0859375,50.0,50.0,50.0,50.0,50.0,50.0,50.0,50.0
26.08984375,50.0,50.0,50.0,50.0,50.0,50.0,50.0,50.0
26.09375,50.0,50.0,50.0,50.0,50.0,50.0,50.0,50.0
26.09765625,50.0,50.0,50.0,50.0,50.0,50.0,50.0,50.0
26.1015625,50.0,50.0,50.0,50.0,50.0,50.0,50.0,50.0
26.10546875,50.0,50.0,50.0,50.0,50.0,50.0,50.0,50.0
26.109375,50.0,50.0,50.0,50.0,50.0,50.0,50.0,50.0
26.11328125,50.0,50.0,50.0,50.0,50.0,50.0,50.0,50.0
26.1171875,50.0,50.0,50.0,50.0,50.0,50.0,50.0,50.0
26.12109375,50.0,50.0,50.0,50.0,50.0,50.0,50.0,50.0
26.125,50.0,50.0,50.0,50.0,50.0,50.0,50.0,50.0
26.12890625,50.0,50.0,50.0,50.0,50.0,50.0,50.0,50.0
26.1328125,50.0,50.0,50.0,50.0,50.0,50.0,50.0,50.0
26.13671875,50.0,50.0,50.0,50.0,50.0,50.0,50.0,50.0
26.140625,50.0,50.0,50.0,50.0,50.0,50.0,50.0,50.0
26.14453125,50.0,50.0,50.0,50.0,50.0,50.0,50.0,50.0
26.1484375,50.0,50.0,50.0,50.0,50.0,50.0,50.0,50.0
26.15234375,50.0,50.0,50.0,50.0,50.0,50.0,50.0,50.0
26.15625,50.0,50.0,50.0,50.0,50.0,50.0,50.0,50.0
26.16015625,50.0,50.0,50.0,50.0,50.0,50.0,50.0,50.0
26.1640625,50.0,50.0,50.0,50.0,50.0,50.0,50.0,50.0
26.16796875,50.0,-50.0,50.0,50.0,50.0,-50.0,50.0,50.0
26.171875,50.0,-50.0,50.0,50.0,50.0,-50.0,50.0,50.0
26.17578125,50.0,-50.0,50.0,50.0,50.0,-50.0,50.0,50.0
26.1796875,50.0,-50.0,50.0,50.0,50.0,-50.0,50.0,50.0
26.18359375,50.0,-50.0,50.0,50.0,50.0,-50.0,50.0,50.0
26.1875,50.0,-50.0,50.0,50.0,50.0,-50.0,50.0,50.0
26.19140625,50.0,-50.0,50.0,50.0,50.0,-50.0,50.0,50.0
26.1953125,50.0,-50.0,50.0,50.0,50.0,-50.0,50.0,50.0
26.19921875,50.0,-50.0,50.0,50.0,50.0,-50.0,50.0,50.0
26.203125,50.0,-50.0,-50.0,50.0,50.0,-50.0,-50.0,50.0
26.20703125,50.0,-50.0,-50.0,50.0,50.0,-50.0,-50.0,50.0
26.2109375,50.0,-50.0,-50.0,50.0,50.0,-50.0,-50.0,50.0
26.21484375,50.0,-50.0,-50.0,50.0,50.0,-50.0,-50.0,50.0
26.21875,50.0,-50.0,-50.0,50.0,50.0,-50.0,-50.0,50.0
26.22265625,50.0,-50.0,-50.0,50.0,50.0,-50.0,-50.0,50.0
26.2265625,50.0,-50.0,-50.0,50.0,50.0,-50.0,-50.0,50.0
26.23046875,50.0,-50.0,-50.0,50.0,50.0,-50.0,-50.0,50.0
26.234375,50.0,-50.0,-50.0,50.0,50.0,-50.0,-50.0,50.0
26.23828125,50.0,-50.0,-50.0,50.0,50.0,-50.0,-50.0,50.0
26.2421875,50.0,-50.0,-50.0,50.0,50.0,-50.0,-50.0,50.0
26.24609375,50.0,-50.0,-50.0,50.0,50.0,-50.0,-50.0,50.0
26.25,-50.0,-50.0,-50.0,50.0,-50.0,-50.0,-50.0,50.0
26.25390625,-50.0,-50.0,-50.0,50.0,-50.0,-50.0,-50.0,50.0
26.2578125,-50.0,-50.0,-50.0,50.0,-50.0,-50.0,-50.0,50.0
26.26171875,-50.0,-50.0,-50.0,50.0,-50.0,-50.0,-50.0,50.0
26.265625,-50.0,-50.0,-50.0,50.0,-50.0,-50.0,-50.0,50.0
26.26953125,-50.0,-50.0,-50.0,50.0,-50.0,-50.0,-50.0,50.0
26.2734375,-50.0,-50.0,-50.0,50.0,-50.0,-50.0,-50.0,50.0
26.27734375,-50.0,-50.0,-50.0,50.0,-50.0,-50.0,-50.0,50.0
26.28125,-50.0,-50.0,-50.0,50.0,-50.0,-50.0,-50.0,50.0
26.28515625,-50.0,-50.0,-50.0,50.0,-50.0,-50.0,-50.0,50.0
26.2890625,-50.0,-50.0,-50.0,50.0,-50.0,-50.0,-50.0,50.0
26.29296875,-50.0,-50.0,-50.0,50.0,-50.0,-50.0,-50.0,50.0
26.296875,-50.0,-50.0,-50.0,50.0,-50.0,-50.0,-50.0,50.0
26.30078125,-50.0,-50.0,-50.0,50.0,-50.0,-50.0,-50.0,50.0
26.3046875,-50.0,-50.0,-50.0,50.0,-50.0,-50.0,-50.0,50.0
26.30859375,-50.0,-50.0,-50.0,50.0,-50.0,-50.0,-50.0,50.0
26.3125,-50.0,-50.0,-50.0,50.0,-50.0,-50.0,-50.0,50.0
26.31640625,-50.0,-50.0,-50.0,50.0,-50.0,-50.0,-50.0,50.0
26.3203125,-50.0,-50.0,-50.0,50.0,-50.0,-50.0,-50.0,50.0
26.32421875,-50.0,-50.0,-50.0,50.0,-50.0,-50.0,-50.0,50.0
26.328125,-50.0,-50.0,-50.0,50.0,-50.0,-50.0,-50.0,50.0
26.33203125,-50.0,-50.0,-50.0,50.0,-50.0,-50.0,-50.0,50.0
26.3359375,-50.0,50.0,-50.0,-50.0,-50.0,50.0,-50.0,-50.0
26.33984375,-50.0,50.0,-50.0,-50.0,-50.0,50.0,-50.0,-50.0
26.34375,-50.0,50.0,-50.0,-50.0,-50.0,50.0,-50.0,-50.0
26.34765625,-50.0,50.0,-50.0,-50.0,-50.0,50.0,-50.0,-50.0
26.3515625,-50.0,50.0,-50.0,-50.0,-50.0,50.0,-50.0,-50.0
26.35546875,-50.0,50.0,-50.0,-50.0,-50.0,50.0,-50.0,-50.0
26.359375,-50.0,50.0,-50.0,-50.0,-50.0,50.0,-50.0,-50.0
26.36328125,-50.0,50.0,-50.0,-50.0,-50.0,50.0,-50.0,-50.0
26.3671875,-50.0,50.0,-50.0,-50.0,-50.0,50.0,-50.0,-50.0
26.37109375,-50.0,50.0,-50.0,-50.0,-50.0,50.0,-50.0,-50.0
26.375,-50.0,50.0,-50.0,-50.0,-50.0,50.0,-50.0,-50.0
26.37890625,-50.0,50.0,-50.0,-50.0,-50.0,50.0,-50.0,-50.0
26.3828125,-50.0,50.0,-50.0,-50.0,-50.0,50.0,-50.0,-50.0
26.38671875,-50.0,50.0,-50.0,-50.0,-50.0,50.0,-50.0,-50.0
26.390625,-50.0,50.0,-50.0,-50.0,-50.0,50.0,-50.0,-50.0
26.39453125,-50.0,50.0,-50.0,-50.0,-50.0,50.0,-50.0,-50.0
26.3984375,-50.0,50.0,-50.0,-50.0,-50.0,50.0,-50.0,-50.0
26.40234375,-50.0,50.0,50.0,-50.0,-50.0,50.0,50.0,-50.0
26.40625,-50.0,50.0,50.0,-50.0,-50.0,50.0,50.0,-50.0
26.41015625,-50.0,50.0,50.0,-50.0,-50.0,50.0,50.0,-50.0
26.4140625,-50.0,50.0,50.0,-50.0,-50.0,50.0,50.0,-50.0
26.41796875,-50.0,50.0,50.0,-50.0,-50.0,50.0,50.0,-50.0
26.421875,-50.0,50.0,50.0,-50.0,-50.0,50.0,50.0,-50.0
26.42578125,-50.0,50.0,50.0,-50.0,-50.0,50.0,50.0,-50.0
26.4296875,-50.0,50.0,50.0,-50.0,-50.0,50.0,50.0,-50.0
26.43359375,-50.0,50.0,50.0,-50.0,-50.0,50.0,50.0,-50.0
26.4375,-50.0,50.0,50.0,-50.0,-50.0,50.0,50.0,-50.0
26.44140625,-50.0,50.0,50.0,-50.0,-50.0,50.0,50.0,-50.0
26.4453125,-50.0,50.0,50.0,-50.0,-50.0,50.0,50.0,-50.0
26.44921875,-50.0,50.0,50.0,-50.0,-50.0,50.0,50.0,-50.0
26.453125,-50.0,50.0,50.0,-50.0,-50.0,50.0,50.0,-50.0
26.45703125,-50.0,50.0,50.0,-50.0,-50.0,50.0,50.0,-50.0
26.4609375,-50.0,50.0,50.0,-50.0,-50.0,50.0,50.0,-50.0
26.46484375,-50.0,50.0,50.0,-50.0,-50.0,50.0,50.0,-50.0
26.46875,-50.0,50.0,50.0,-50.0,-50.0,50.0,50.0,-50.0
26.47265625,-50.0,50.0,50.0,-50.0,-50.0,50.0,50.0,-50.0
26.4765625,-50.0,50.0,50.0,-50.0,-50.0,50.0,50.0,-50.0
26.48046875,-50.0,50.0,50.0,-50.0,-50.0,50.0,50.0,-50.0
26.484375,-50.0,50.0,50.0,-50.0,-50.0,50.0,50.0,-50.0
26.48828125,-50.0,50.0,50.0,-50.0,-50.0,50.0,50.0,-50.0
26.4921875,-50.0,50.0,50.0,-50.0,-50.0,50.0,50.0,-50.0
26.49609375,-50.0,50.0,50.0,-50.0,-50.0,50.0,50.0,-50.0
26.5,50.0,-50.0,50.0,-50.0,50.0,-50.0,50.0,-50.0
26.50390625,50.0,-50.0,50.0,-50.0,50.0,-50.0,50.0,-50.0
26.5078125,50.0,-50.0,50.0,-50.0,50.0,-50.0,50.0,-50.0
26.51171875,50.0,-50.0,50.0,-50.0,50.0,-50.0,50.0,-50.0
26.515625,50.0,-50.0,50.0,-50.0,50.0,-50.0,50.0,-50.0
26.51953125,50.0,-50.0,50.0,-50.0,50.0,-50.0,50.0,-50.0
26.5234375,50.0,-50.0,50.0,-50.0,50.0,-50.0,50.0,-50.0
26.52734375,50.0,-50.0,50.0,-50.0,50.0,-50.0,50.0,-50.0
26.53125,50.0,-50.0,50.0,-50.0,50.0,-50.0,50.0,-50.0
26.53515625,50.0,-50.0,50.0,-50.0,50.0,-50.0,50.0,-50.0
26.5390625,50.0,-50.0,50.0,-50.0,50.0,-50.0,50.0,-50.0
26.54296875,50.0,-50.0,50.0,-50.0,50.0,-50.0,50.0,-50.0
26.546875,50.0,-50.0,50.0,-50.0,50.0,-50.0,50.0,-50.0
26.55078125,50.0,-50.0,50.0,-50.0,50.0,-50.0,50.0,-50.0
26.5546875,50.0,-50.0,50.0,-50.0,50.0,-50.0,50.0,-50.0
26.55859375,50.0,-50.0,50.0,-50.0,50.0,-50.0,50.0,-50.0
26.5625,50.0,-50.0,50.0,-50.0,50.0,-50.0,50.0,-50.0
26.56640625,50.0,-50.0,50.0,-50.0,50.0,-50.0,50.0,-50.0
26.5703125,50.0,-50.0,50.0,-50.0,50.0,-50.0,50.0,-50.0
26.57421875,50.0,-50.0,50.0,-50.0,50.0,-50.0,50.0,-50.0
26.578125,50.0,-50.0,50.0,-50.0,50.0,-50.0,50.0,-50.0
26.58203125,50.0,-50.0,50.0,-50.0,50.0,-50.0,50.0,-50.0
26.5859375,50.0,-50.0,50.0,-50.0,50.0,-50.0,50.0,-50.0
26.58984375,50.0,-50.0,50.0,-50.0,50.0,-50.0,50.0,-50.0
26.59375,50.0,-50.0,50.0,-50.0,50.0,-50.0,50.0,-50.0
26.59765625,50.0,-50.0,50.0,-50.0,50.0,-50.0,50.0,-50.0
26.6015625,50.0,-50.0,-50.0,-50.0,50.0,-50.0,-50.0,-50.0
26.60546875,50.0,-50.0,-50.0,-50.0,50.0,-50.0,-50.0,-50.0
26.609375,50.0,-50.0,-50.0,-50.0,50.0,-50.0,-50.0,-50.0
26.61328125,50.0,-50.0,-50.0,-50.0,50.0,-50.0,-50.0,-50.0
26.6171875,50.0,-50.0,-50.0,-50.0,50.0,-50.0,-50.0,-50.0
26.62109375,50.0,-50.0,-50.0,-50.0,50.0,-50.0,-50.0,-50.0
26.625,50.0,-50.0,-50.0,-50.0,50.0,-50.0,-50.0,-50.0
26.62890625,50.0,-50.0,-50.0,-50.0,50.0,-50.0,-50.0,-50.0
26.6328125,50.0,-50.0,-50.0,-50.0,50.0,-50.0,-50.0,-50.0
26.63671875,50.0,-50.0,-50.0,-50.0,50.0,-50.0,-50.0,-50.0
26.640625,50.0,-50.0,-50.0,-50.0,50.0,-50.0,-50.0,-50.0
26.64453125,50.0,-50.0,-50.0,-50.0,50.0,-50.0,-50.0,-50.0
26.6484375,50.0,-50.0,-50.0,-50.0,50.0,-50.0,-50.0,-50.0
26.65234375,50.0,-50.0,-50.0,-50.0,50.0,-50.0,-50.0,-50.0
26.65625,50.0,-50.0,-50.0,-50.0,50.0,-50.0,-50.0,-50.0
26.66015625,50.0,-50.0,-50.0,-50.0,50.0,-50.0,-50.0,-50.0
26.6640625,50.0,-50.0,-50.0,-50.0,50.0,-50.0,-50.0,-50.0
26.66796875,50.0,50.0,-50.0,50.0,50.0,50.0,-50.0,50.0
26.671875,50.0,50.0,-50.0,50.0,50.0,50.0,-50.0,50.0
26.67578125,50.0,50.0,-50.0,50.0,50.0,50.0,-50.0,50.0
26.6796875,50.0,50.0,-50.0,50.0,50.0,50.0,-50.0,50.0
26.68359375,50.0,50.0,-50.0,50.0,50.0,50.0,-50.0,50.0
26.6875,50.0,50.0,-50.0,50.0,50.0,50.0,-50.0,50.0
26.69140625,50.0,50.0,-50.0,50.0,50.0,50.0,-50.0,50.0
26.6953125,50.0,50.0,-50.0,50.0,50.0,50.0,-50.0,50.0
26.69921875,50.0,50.0,-50.0,50.0,50.0,50.0,-50.0,50.0
26.703125,50.0,50.0,-50.0,50.0,50.0,50.0,-50.0,50.0
26.70703125,50.0,50.0,-50.0,50.0,50.0,50.0,-50.0,50.0
26.7109375,50.0,50.0,-50.0,50.0,50.0,50.0,-50.0,50.0
26.71484375,50.0,50.0,-50.0,50.0,50.0,50.0,-50.0,50.0
26.71875,50.0,50.0,-50.0,50.0,50.0,50.0,-50.0,50.0
26.72265625,50.0,50.0,-50.0,50.0,50.0,50.0,-50.0,50.0
26.7265625,50.0,50.0,-50.0,50.0,50.0,50.0,-50.0,50.0
26.73046875,50.0,50.0,-50.0,50.0,50.0,50.0,-50.0,50.0
26.734375,50.0,50.0,-50.0,50.0,50.0,50.0,-50.0,50.0
26.73828125,50.0,50.0,-50.0,50.0,50.0,50.0,-50.0,50.0
26.7421875,50.0,50.0,-50.0,50.0,50.0,50.0,-50.0,50.0
26.74609375,50.0,50.0,-50.0,50.0,50.0,50.0,-50.0,50.0
26.75,50.0,50.0,-50.0,50.0,50.0,50.0,-50.0,50.0
26.75390625,-50.0,50.0,-50.0,50.0,-50.0,50.0,-50.0,50.0
26.7578125,-50.0,50.0,-50.0,50.0,-50.0,50.0,-50.0,50.0
26.76171875,-50.0,50.0,-50.0,50.0,-50.0,50.0,-50.0,50.0
26.765625,-50.0,50.0,-50.0,50.0,-50.0,50.0,-50.0,50.0
26.76953125,-50.0,50.0,-50.0,50.0,-50.0,50.0,-50.0,50.0
26.7734375,-50.0,50.0,-50.0,50.0,-50.0,50.0,-50.0,50.0
26.77734375,-50.0,50.0,-50.0,50.0,-50.0,50.0,-50.0,50.0
26.78125,-50.0,50.0,-50.0,50.0,-50.0,50.0,-50.0,50.0
26.78515625,-50.0,50.0,-50.0,50.0,-50.0,50.0,-50.0,50.0
26.7890625,-50.0,50.0,-50.0,50.0,-50.0,50.0,-50.0,50.0
26.79296875,-50.0,50.0,-50.0,50.0,-50.0,50.0,-50.0,50.0
26.796875,-50.0,50.0,-50.0,50.0,-50.0,50.0,-50.0,50.0
26.80078125,-50.0,50.0,50.0,50.0,-50.0,50.0,50.0,50.0
26.8046875,-50.0,50.0,50.0,50.0,-50.0,50.0,50.0,50.0
26.80859375,-50.0,50.0,50.0,50.0,-50.0,50.0,50.0,50.0
26.8125,-50.0,50.0,50.0,50.0,-50.0,50.0,50.0,50.0
26.81640625,-50.0,50.0,50.0,50.0,-50.0,50.0,50.0,50.0
26.8203125,-50.0,50.0,50.0,50.0,-50.0,50.0,50.0,50.0
26.82421875,-50.0,50.0,50.0,50.0,-50.0,50.0,50.0,50.0
26.828125,-50.0,50.0,50.0,50.0,-50.0,50.0,50.0,50.0
26.83203125,-50.0,50.0,50.0,50.0,-50.0,50.0,50.0,50.0
26.8359375,-50.0,-50.0,50.0,50.0,-50.0,-50.0,50.0,50.0
26.83984375,-50.0,-50.0,50.0,50.0,-50.0,-50.0,50.0,50.0
26.84375,-50.0,-50.0,50.0,50.0,-50.0,-50.0,50.0,50.0
26.84765625,-50.0,-50.0,50.0,50.0,-50.0,-50.0,50.0,50.0
26.8515625,-50.0,-50.0,50.0,50.0,-50.0,-50.0,50.0,50.0
26.85546875,-50.0,-50.0,50.0,50.0,-50.0,-50.0,50.0,50.0
26.859375,-50.0,-50.0,50.0,50.0,-50.0,-50.0,50.0,50.0
26.86328125,-50.0,-50.0,50.0,50.0,-50.0,-50.0,50.0,50.0
26.8671875,-50.0,-50.0,50.0,50.0,-50.0,-50.0,50.0,50.0
26.87109375,-50.0,-50.0,50.0,50.0,-50.0,-50.0,50.0,50.0
26.875,-50.0,-50.0,50.0,50.0,-50.0,-50.0,50.0,50.0
26.87890625,-50.0,-50.0,50.0,50.0,-50.0,-50.0,50.0,50.0
26.8828125,-50.0,-50.0,50.0,50.0,-50.0,-50.0,50.0,50.0
26.88671875,-50.0,-50.0,50.0,50.0,-50.0,-50.0,50.0,50.0
26.890625,-50.0,-50.0,50.0,50.0,-50.0,-50.0,50.0,50.0
26.89453125,-50.0,-50.0,50.0,50.0,-50.0,-50.0,50.0,50.0
26.8984375,-50.0,-50.0,50.0,50.0,-50.0,-50.0,50.0,50.0
26.90234375,-50.0,-50.0,50.0,50.0,-50.0,-50.0,50.0,50.0
26.90625,-50.0,-50.0,50.0,50.0,-50.0,-50.0,50.0,50.0
26.91015625,-50.0,-50.0,50.0,50.0,-50.0,-50.0,50.0,50.0
26.9140625,-50.0,-50.0,50.0,50.0,-50.0,-50.0,50.0,50.0
26.91796875,-50.0,-50.0,50.0,50.0,-50.0,-50.0,50.0,50.0
26.921875,-50.0,-50.0,50.0,50.0,-50.0,-50.0,50.0,50.0
26.92578125,-50.0,-50.0,50.0,50.0,-50.0,-50.0,50.0,50.0
26.9296875,-50.0,-50.0,50.0,50.0,-50.0,-50.0,50.0,50.0
26.93359375,-50.0,-50.0,50.0,50.0,-50.0,-50.0,50.0,50.0
26.9375,-50.0,-50.0,50.0,50.0,-50.0,-50.0,50.0,50.0
26.94140625,-50.0,-50.0,50.0,50.0,-50.0,-50.0,50.0,50.0
26.9453125,-50.0,-50.0,50.0,50.0,-50.0,-50.0,50.0,50.0
26.94921875,-50.0,-50.0,50.0,50.0,-50.0,-50.0,50.0,50.0
26.953125,-50.0,-50.0,50.0,50.0,-50.0,-50.0,50.0,50.0
26.95703125,-50.0,-50.0,50.0,50.0,-50.0,-50.0,50.0,50.0
26.9609375,-50.0,-50.0,50.0,50.0,-50.0,-50.0,50.0,50.0
26.96484375,-50.0,-50.0,50.0,50.0,-50.0,-50.0,50.0,50.0
26.96875,-50.0,-50.0,50.0,50.0,-50.0,-50.0,50.0,50.0
26.97265625,-50.0,-50.0,50.0,50.0,-50.0,-50.0,50.0,50.0
26.9765625,-50.0,-50.0,50.0,50.0,-50.0,-50.0,50.0,50.0
26.98046875,-50.0,-50.0,50.0,50.0,-50.0,-50.0,50.0,50.0
26.984375,-50.0,-50.0,50.0,50.0,-50.0,-50.0,50.0,50.0
26.98828125,-50.0,-50.0,50.0,50.0,-50.0,-50.0,50.0,50.0
26.9921875,-50.0,-50.0,50.0,50.0,-50.0,-50.0,50.0,50.0
26.99609375,-50.0,-50.0,50.0,50.0,-50.0,-50.0,50.0,50.0
27.0,-50.0,-50.0,50.0,50.0,-50.0,-50.0,50.0,50.0
27.00390625,50.0,50.0,-50.0,-50.0,50.0,50.0,-50.0,-50.0
27.0078125,50.0,50.0,-50.0,-50.0,50.0,50.0,-50.0,-50.0
27.01171875,50.0,50.0,-50.0,-50.0,50.0,50.0,-50.0,-50.0
27.015625,50.0,50.0,-50.0,-50.0,50.0,50.0,-50.0,-50.0
27.01953125,50.0,50.0,-50.0,-50.0,50.0,50.0,-50.0,-50.0
27.0234375,50.0,50.0,-50.0,-50.0,50.0,50.0,-50.0,-50.0
27.02734375,50.0,50.0,-50.0,-50.0,50.0,50.0,-50.0,-50.0
27.03125,50.0,50.0,-50.0,-50.0,50.0,50.0,-50.0,-50.0
27.03515625,50.0,50.0,-50.0,-50.0,50.0,50.0,-50.0,-50.0
27.0390625,50.0,50.0,-50.0,-50.0,50.0,50.0,-50.0,-50.0
27.04296875,50.0,50.0,-50.0,-50.0,50.0,50.0,-50.0,-50.0
27.046875,50.0,50.0,-50.0,-50.0,50.0,50.0,-50.0,-50.0
27.05078125,50.0,50.0,-50.0,-50.0,50.0,50.0,-50.0,-50.0
27.0546875,50.0,50.0,-50.0,-50.0,50.0,50.0,-50.0,-50.0
27.05859375,50.0,50.0,-50.0,-50.0,50.0,50.0,-50.0,-50.0
27.0625,50.0,50.0,-50.0,-50.0,50.0,50.0,-50.0,-50.0
27.06640625,50.0,50.0,-50.0,-50.0,50.0,50.0,-50.0,-50.0
27.0703125,50.0,50.0,-50.0,-50.0,50.0,50.0,-50.0,-50.0
27.07421875,50.0,50.0,-50.0,-50.0,50.0,50.0,-50.0,-50.0
27.078125,50.0,50.0,-50.0,-50.0,50.0,50.0,-50.0,-50.0
27.08203125,50.0,50.0,-50.0,-50.0,50.0,50.0,-50.0,-50.0
27.0859375,50.0,50.0,-50.0,-50.0,50.0,50.0,-50.0,-50.0
27.08984375,50.0,50.0,-50.0,-50.0,50.0,50.0,-50.0,-50.0
27.09375,50.0,50.0,-50.0,-50.0,50.0,50.0,-50.0,-50.0
27.09765625,50.0,50.0,-50.0,-50.0,50.0,50.0,-50.0,-50.0
27.1015625,50.0,50.0,-50.0,-50.0,50.0,50.0,-50.0,-50.0
27.10546875,50.0,50.0,-50.0,-50.0,50.0,50.0,-50.0,-50.0
27.109375,50.0,50.0,-50.0,-50.0,50.0,50.0,-50.0,-50.0
27.11328125,50.0,50.0,-50.0,-50.0,50.0,50.0,-50.0,-50.0
27.1171875,50.0,50.0,-50.0,-50.0,50.0,50.0,-50.0,-50.0
27.12109375,50.0,50.0,-50.0,-50.0,50.0,50.0,-50.0,-50.0
27.125,50.0,50.0,-50.0,-50.0,50.0,50.0,-50.0,-50.0
27.12890625,50.0,50.0,-50.0,-50.0,50.0,50.0,-50.0,-50.0
27.1328125,50.0,50.0,-50.0,-50.0,50.0,50.0,-50.0,-50.0
27.13671875,50.0,50.0,-50.0,-50.0,50.0,50.0,-50.0,-50.0
27.140625,50.0,50.0,-50.0,-50.0,50.0,50.0,-50.0,-50.0
27.14453125,50.0,50.0,-50.0,-50.0,50.0,50.0,-50.0,-50.0
27.1484375,50.0,50.0,-50.0,-50.0,50.0,50.0,-50.0,-50.0
27.15234375,50.0,50.0,-50.0,-50.0,50.0,50.0,-50.0,-50.0
27.15625,50.0,50.0,-50.0,-50.0,50.0,50.0,-50.0,-50.0
27.16015625,50.0,50.0,-50.0,-50.0,50.0,50.0,-50.0,-50.0
27.1640625,50.0,50.0,-50.0,-50.0,50.0,50.0,-50.0,-50.0
27.16796875,50.0,-50.0,-50.0,-50.0,50.0,-50.0,-50.0,-50.0
27.171875,50.0,-50.0,-50.0,-50.0,50.0,-50.0,-50.0,-50.0
27.17578125,50.0,-50.0,-50.0,-50.0,50.0,-50.0,-50.0,-50.0
27.1796875,50.0,-50.0,-50.0,-50.0,50.0,-50.0,-50.0,-50.0
27.18359375,50.0,-50.0,-50.0,-50.0,50.0,-50.0,-50.0,-50.0
27.1875,50.0,-50.0,-50.0,-50.0,50.0,-50.0,-50.0,-50.0
27.19140625,50.0,-50.0,-50.0,-50.0,50.0,-50.0,-50.0,-50.0
27.1953125,50.0,-50.0,-50.0,-50.0,50.0,-50.0,-50.0,-50.0
27.19921875,50.0,-50.0,-50.0,-50.0,50.0,-50.0,-50.0,-50.0
27.203125,50.0,-50.0,50.0,-50.0,50.0,-50.0,50.0,-50.0
27.20703125,50.0,-50.0,50.0,-50.0,50.0,-50.0,50.0,-50.0
27.2109375,50.0,-50.0,50.0,-50.0,50.0,-50.0,50.0,-50.0
27.21484375,50.0,-50.0,50.0,-50.0,50.0,-50.0,50.0,-50.0
27.21875,50.0,-50.0,50.0,-50.0,50.0,-50.0,50.0,-50.0
27.22265625,50.0,-50.0,50.0,-50.0,50.0,-50.0,50.0,-50.0
27.2265625,50.0,-50.0,50.0,-50.0,50.0,-50.0,50.0,-50.0
27.23046875,50.0,-50.0,50.0,-50.0,50.0,-50.0,50.0,-50.0
27.234375,50.0,-50.0,50.0,-50.0,50.0,-50.0,50.0,-50.0
27.23828125,50.0,-50.0,50.0,-50.0,50.0,-50.0,50.0,-50.0
27.2421875,50.0,-50.0,50.0,-50.0,50.0,-50.0,50.0,-50.0
27.24609375,50.0,-50.0,50.0,-50.0,50.0,-50.0,50.0,-50.0
27.25,50.0,-50.0,50.0,-50.0,50.0,-50.0,50.0,-50.0
27.25390625,-50.0,-50.0,50.0,-50.0,-50.0,-50.0,50.0,-50.0
27.2578125,-50.0,-50.0,50.0,-50.0,-50.0,-50.0,50.0,-50.0
27.26171875,-50.0,-50.0,50.0,-50.0,-50.0,-50.0,50.0,-50.0
27.265625,-50.0,-50.0,50.0,-50.0,-50.0,-50.0,50.0,-50.0
27.26953125,-50.0,-50.0,50.0,-50.0,-50.0,-50.0,50.0,-50.0
27.2734375,-50.0,-50.0,50.0,-50.0,-50.0,-50.0,50.0,-50.0
27.27734375,-50.0,-50.0,50.0,-50.0,-50.0,-50.0,50.0,-50.0
27.28125,-50.0,-50.0,50.0,-50.0,-50.0,-50.0,50.0,-50.0
27.28515625,-50.0,-50.0,50.0,-50.0,-50.0,-50.0,50.0,-50.0
27.2890625,-50.0,-50.0,50.0,-50.0,-50.0,-50.0,50.0,-50.0
27.29296875,-50.0,-50.0,50.0,-50.0,-50.0,-50.0,50.0,-50.0
27.296875,-50.0,-50.0,50.0,-50.0,-50.0,-50.0,50.0,-50.0
27.30078125,-50.0,-50.0,50.0,-50.0,-50.0,-50.0,50.0,-50.0
27.3046875,-50.0,-50.0,50.0,-50.0,-50.0,-50.0,50.0,-50.0
27.30859375,-50.0,-50.0,50.0,-50.0,-50.0,-50.0,50.0,-50.0
27.3125,-50.0,-50.0,50.0,-50.0,-50.0,-50.0,50.0,-50.0
27.31640625,-50.0,-50.0,50.0,-50.0,-50.0,-50.0,50.0,-50.0
27.3203125,-50.0,-50.0,50.0,-50.0,-50.0,-50.0,50.0,-50.0
27.32421875,-50.0,-50.0,50.0,-50.0,-50.0,-50.0,50.0,-50.0
27.328125,-50.0,-50.0,50.0,-50.0,-50.0,-50.0,50.0,-50.0
27.33203125,-50.0,-50.0,50.0,-50.0,-50.0,-50.0,50.0,-50.0
27.3359375,-50.0,50.0,50.0,50.0,-50.0,50.0,50.0,50.0
27.33984375,-50.0,50.0,50.0,50.0,-50.0,50.0,50.0,50.0
27.34375,-50.0,50.0,50.0,50.0,-50.0,50.0,50.0,50.0
27.34765625,-50.0,50.0,50.0,50.0,-50.0,50.0,50.0,50.0
27.3515625,-50.0,50.0,50.0,50.0,-50.0,50.0,50.0,50.0
27.35546875,-50.0,50.0,50.0,50.0,-50.0,50.0,50.0,50.0
27.359375,-50.0,50.0,50.0,50.0,-50.0,50.0,50.0,50.0
27.36328125,-50.0,50.0,50.0,50.0,-50.0,50.0,50.0,50.0
27.3671875,-50.0,50.0,50.0,50.0,-50.0,50.0,50.0,50.0
27.37109375,-50.0,50.0,50.0,50.0,-50.0,50.0,50.0,50.0
27.375,-50.0,50.0,50.0,50.0,-50.0,50.0,50.0,50.0
27.37890625,-50.0,50.0,50.0,50.0,-50.0,50.0,50.0,50.0
27.3828125,-50.0,50.0,50.0,50.0,-50.0,50.0,50.0,50.0
27.38671875,-50.0,50.0,50.0,50.0,-50.0,50.0,50.0,50.0
27.390625,-50.0,50.0,50.0,50.0,-50.0,50.0,50.0,50.0
27.39453125,-50.0,50.0,50.0,50.0,-50.0,50.0,50.0,50.0
27.3984375,-50.0,50.0,50.0,50.0,-50.0,50.0,50.0,50.0
27.40234375,-50.0,50.0,-50.0,50.0,-50.0,50.0,-50.0,50.0
27.40625,-50.0,50.0,-50.0,50.0,-50.0,50.0,-50.0,50.0
27.41015625,-50.0,50.0,-50.0,50.0,-50.0,50.0,-50.0,50.0
27.4140625,-50.0,50.0,-50.0,50.0,-50.0,50.0,-50.0,50.0
27.41796875,-50.0,50.0,-50.0,50.0,-50.0,50.0,-50.0,50.0
27.421875,-50.0,50.0,-50.0,50.0,-50.0,50.0,-50.0,50.0
27.42578125,-50.0,50.0,-50.0,50.0,-50.0,50.0,-50.0,50.0
27.4296875,-50.0,50.0,-50.0,50.0,-50.0,50.0,-50.0,50.0
27.43359375,-50.0,50.0,-50.0,50.0,-50.0,50.0,-50.0,50.0
27.4375,-50.0,50.0,-50.0,50.0,-50.0,50.0,-50.0,50.0
27.44140625,-50.0,50.0,-50.0,50.0,-50.0,50.0,-50.0,50.0
27.4453125,-50.0,50.0,-50.0,50.0,-50.0,50.0,-50.0,50.0
27.44921875,-50.0,50.0,-50.0,50.0,-50.0,50.0,-50.0,50.0
27.453125,-50.0,50.0,-50.0,50.0,-50.0,50.0,-50.0,50.0
27.45703125,-50.0,50.0,-50.0,50.0,-50.0,50.0,-50.0,50.0
27.4609375,-50.0,50.0,-50.0,50.0,-50.0,50.0,-50.0,50.0
27.46484375,-50.0,50.0,-50.0,50.0,-50.0,50.0,-50.0,50.0
27.46875,-50.0,50.0,-50.0,50.0,-50.0,50.0,-50.0,50.0
27.47265625,-50.0,50.0,-50.0,50.0,-50.0,50.0,-50.0,50.0
27.4765625,-50.0,50.0,-50.0,50.0,-50.0,50.0,-50.0,50.0
27.48046875,-50.0,50.0,-50.0,50.0,-50.0,50.0,-50.0,50.0
27.484375,-50.0,50.0,-50.0,50.0,-50.0,50.0,-50.0,50.0
27.48828125,-50.0,50.0,-50.0,50.0,-50.0,50.0,-50.0,50.0
27.4921875,-50.0,50.0,-50.0,50.0,-50.0,50.0,-50.0,50.0
27.49609375,-50.0,50.0,-50.0,50.0,-50.0,50.0,-50.0,50.0
27.5,50.0,50.0,-50.0,50.0,50.0,50.0,-50.0,50.0
27.50390625,50.0,-50.0,-50.0,50.0,50.0,-50.0,-50.0,50.0
27.5078125,50.0,-50.0,-50.0,50.0,50.0,-50.0,-50.0,50.0
27.51171875,50.0,-50.0,-50.0,50.0,50.0,-50.0,-50.0,50.0
27.515625,50.0,-50.0,-50.0,50.0,50.0,-50.0,-50.0,50.0
27.51953125,50.0,-50.0,-50.0,50.0,50.0,-50.0,-50.0,50.0
27.5234375,50.0,-50.0,-50.0,50.0,50.0,-50.0,-50.0,50.0
27.52734375,50.0,-50.0,-50.0,50.0,50.0,-50.0,-50.0,50.0
27.53125,50.0,-50.0,-50.0,50.0,50.0,-50.0,-50.0,50.0
27.53515625,50.0,-50.0,-50.0,50.0,50.0,-50.0,-50.0,50.0
27.5390625,50.0,-50.0,-50.0,50.0,50.0,-50.0,-50.0,50.0
27.54296875,50.0,-50.0,-50.0,50.0,50.0,-50.0,-50.0,50.0
27.546875,50.0,-50.0,-50.0,50.0,50.0,-50.0,-50.0,50.0
27.55078125,50.0,-50.0,-50.0,50.0,50.0,-50.0,-50.0,50.0
27.5546875,50.0,-50.0,-50.0,50.0,50.0,-50.0,-50.0,50.0
27.55859375,50.0,-50.0,-50.0,50.0,50.0,-50.0,-50.0,50.0
27.5625,50.0,-50.0,-50.0,50.0,50.0,-50.0,-50.0,50.0
27.56640625,50.0,-50.0,-50.0,50.0,50.0,-50.0,-50.0,50.0
27.5703125,50.0,-50.0,-50.0,50.0,50.0,-50.0,-50.0,50.0
27.57421875,50.0,-50.0,-50.0,50.0,50.0,-50.0,-50.0,50.0
27.578125,50.0,-50.0,-50.0,50.0,50.0,-50.0,-50.0,50.0
27.58203125,50.0,-50.0,-50.0,50.0,50.0,-50.0,-50.0,50.0
27.5859375,50.0,-50.0,-50.0,50.0,50.0,-50.0,-50.0,50.0
27.58984375,50.0,-50.0,-50.0,50.0,50.0,-50.0,-50.0,50.0
27.59375,50.0,-50.0,-50.0,50.0,50.0,-50.0,-50.0,50.0
27.59765625,50.0,-50.0,-50.0,50.0,50.0,-50.0,-50.0,50.0
27.6015625,50.0,-50.0,50.0,50.0,50.0,-50.0,50.0,50.0
27.60546875,50.0,-50.0,50.0,50.0,50.0,-50.0,50.0,50.0
27.609375,50.0,-50.0,50.0,50.0,50.0,-50.0,50.0,50.0
27.61328125,50.0,-50.0,50.0,50.0,50.0,-50.0,50.0,50.0
27.6171875,50.0,-50.0,50.0,50.0,50.0,-50.0,50.0,50.0
27.62109375,50.0,-50.0,50.0,50.0,50.0,-50.0,50.0,50.0
27.625,50.0,-50.0,50.0,50.0,50.0,-50.0,50.0,50.0
27.62890625,50.0,-50.0,50.0,50.0,50.0,-50.0,50.0,50.0
27.6328125,50.0,-50.0,50.0,50.0,50.0,-50.0,50.0,50.0
27.63671875,50.0,-50.0,50.0,50.0,50.0,-50.0,50.0,50.0
27.640625,50.0,-50.0,50.0,50.0,50.0,-50.0,50.0,50.0
27.64453125,50.0,-50.0,50.0,50.0,50.0,-50.0,50.0,50.0
27.6484375,50.0,-50.0,50.0,50.0,50.0,-50.0,50.0,50.0
27.65234375,50.0,-50.0,50.0,50.0,50.0,-50.0,50.0,50.0
27.65625,50.0,-50.0,50.0,50.0,50.0,-50.0,50.0,50.0
27.66015625,50.0,-50.0,50.0,50.0,50.0,-50.0,50.0,50.0
27.6640625,50.0,-50.0,50.0,50.0,50.0,-50.0,50.0,50.0
27.66796875,50.0,50.0,50.0,-50.0,50.0,50.0,50.0,-50.0
27.671875,50.0,50.0,50.0,-50.0,50.0,50.0,50.0,-50.0
27.67578125,50.0,50.0,50.0,-50.0,50.0,50.0,50.0,-50.0
27.6796875,50.0,50.0,50.0,-50.0,50.0,50.0,50.0,-50.0
27.68359375,50.0,50.0,50.0,-50.0,50.0,50.0,50.0,-50.0
27.6875,50.0,50.0,50.0,-50.0,50.0,50.0,50.0,-50.0
27.69140625,50.0,50.0,50.0,-50.0,50.0,50.0,50.0,-50.0
27.6953125,50.0,50.0,50.0,-50.0,50.0,50.0,50.0,-50.0
27.69921875,50.0,50.0,50.0,-50.0,50.0,50.0,50.0,-50.0
27.703125,50.0,50.0,50.0,-50.0,50.0,50.0,50.0,-50.0
27.70703125,50.0,50.0,50.0,-50.0,50.0,50.0,50.0,-50.0
27.7109375,50.0,50.0,50.0,-50.0,50.0,50.0,50.0,-50.0
27.71484375,50.0,50.0,50.0,-50.0,50.0,50.0,50.0,-50.0
27.71875,50.0,50.0,50.0,-50.0,50.0,50.0,50.0,-50.0
27.72265625,50.0,50.0,50.0,-50.0,50.0,50.0,50.0,-50.0
27.7265625,50.0,50.0,50.0,-50.0,50.0,50.0,50.0,-50.0
27.73046875,50.0,50.0,50.0,-50.0,50.0,50.0,50.0,-50.0
27.734375,50.0,50.0,50.0,-50.0,50.0,50.0,50.0,-50.0
27.73828125,50.0,50.0,50.0,-50.0,50.0,50.0,50.0,-50.0
27.7421875,50.0,50.0,50.0,-50.0,50.0,50.0,50.0,-50.0
27.74609375,50.0,50.0,50.0,-50.0,50.0,50.0,50.0,-50.0
27.75,-50.0,50.0,50.0,-50.0,-50.0,50.0,50.0,-50.0
27.75390625,-50.0,50.0,50.0,-50.0,-50.0,50.0,50.0,-50.0
27.7578125,-50.0,50.0,50.0,-50.0,-50.0,50.0,50.0,-50.0
27.76171875,-50.0,50.0,50.0,-50.0,-50.0,50.0,50.0,-50.0
27.765625,-50.0,50.0,50.0,-50.0,-50.0,50.0,50.0,-50.0
27.76953125,-50.0,50.0,50.0,-50.0,-50.0,50.0,50.0,-50.0
27.7734375,-50.0,50.0,50.0,-50.0,-50.0,50.0,50.0,-50.0
27.77734375,-50.0,50.0,50.0,-50.0,-50.0,50.0,50.0,-50.0
27.78125,-50.0,50.0,50.0,-50.0,-50.0,50.0,50.0,-50.0
27.78515625,-50.0,50.0,50.0,-50.0,-50.0,50.0,50.0,-50.0
27.7890625,-50.0,50.0,50.0,-50.0,-50.0,50.0,50.0,-50.0
27.79296875,-50.0,50.0,50.0,-50.0,-50.0,50.0,50.0,-50.0
27.796875,-50.0,50.0,50.0,-50.0,-50.0,50.0,50.0,-50.0
27.80078125,-50.0,50.0,-50.0,-50.0,-50.0,50.0,-50.0,-50.0
27.8046875,-50.0,50.0,-50.0,-50.0,-50.0,50.0,-50.0,-50.0
27.80859375,-50.0,50.0,-50.0,-50.0,-50.0,50.0,-50.0,-50.0
27.8125,-50.0,50.0,-50.0,-50.0,-50.0,50.0,-50.0,-50.0
27.81640625,-50.0,50.0,-50.0,-50.0,-50.0,50.0,-50.0,-50.0
27.8203125,-50.0,50.0,-50.0,-50.0,-50.0,50.0,-50.0,-50.0
27.82421875,-50.0,50.0,-50.0,-50.0,-50.0,50.0,-50.0,-50.0
27.828125,-50.0,50.0,-50.0,-50.0,-50.0,50.0,-50.0,-50.0
27.83203125,-50.0,50.0,-50.0,-50.0,-50.0,50.0,-50.0,-50.0
27.8359375,-50.0,-50.0,-50.0,-50.0,-50.0,-50.0,-50.0,-50.0
27.83984375,-50.0,-50.0,-50.0,-50.0,-50.0,-50.0,-50.0,-50.0
27.84375,-50.0,-50.0,-50.0,-50.0,-50.0,-50.0,-50.0,-50.0
27.84765625,-50.0,-50.0,-50.0,-50.0,-50.0,-50.0,-50.0,-50.0
27.8515625,-50.0,-50.0,-50.0,-50.0,-50.0,-50.0,-50.0,-50.0
27.85546875,-50.0,-50.0,-50.0,-50.0,-50.0,-50.0,-50.0,-50.0
27.859375,-50.0,-50.0,-50.0,-50.0,-50.0,-50.0,-50.0,-50.0
27.86328125,-50.0,-50.0,-50.0,-50.0,-50.0,-50.0,-50.0,-50.0
27.8671875,-50.0,-50.0,-50.0,-50.0,-50.0,-50.0,-50.0,-50.0
27.87109375,-50.0,-50.0,-50.0,-50.0,-50.0,-50.0,-50.0,-50.0
27.875,-50.0,-50.0,-50.0,-50.0,-50.0,-50.0,-50.0,-50.0
27.87890625,-50.0,-50.0,-50.0,-50.0,-50.0,-50.0,-50.0,-50.0
27.8828125,-50.0,-50.0,-50.0,-50.0,-50.0,-50.0,-50.0,-50.0
27.88671875,-50.0,-50.0,-50.0,-50.0,-50.0,-50.0,-50.0,-50.0
27.890625,-50.0,-50.0,-50.0,-50.0,-50.0,-50.0,-50.0,-50.0
27.89453125,-50.0,-50.0,-50.0,-50.0,-50.0,-50.0,-50.0,-50.0
27.8984375,-50.0,-50.0,-50.0,-50.0,-50.0,-50.0,-50.0,-50.0
27.90234375,-50.0,-50.0,-50.0,-50.0,-50.0,-50.0,-50.0,-50.0
27.90625,-50.0,-50.0,-50.0,-50.0,-50.0,-50.0,-50.0,-50.0
27.91015625,-50.0,-50.0,-50.0,-50.0,-50.0,-50.0,-50.0,-50.0
27.9140625,-50.0,-50.0,-50.0,-50.0,-50.0,-50.0,-50.0,-50.0
27.91796875,-50.0,-50.0,-50.0,-50.0,-50.0,-50.0,-50.0,-50.0
27.921875,-50.0,-50.0,-50.0,-50.0,-50.0,-50.0,-50.0,-50.0
27.92578125,-50.0,-50.0,-50.0,-50.0,-50.0,-50.0,-50.0,-50.0
27.9296875,-50.0,-50.0,-50.0,-50.0,-50.0,-50.0,-50.0,-50.0
27.93359375,-50.0,-50.0,-50.0,-50.0,-50.0,-50.0,-50.0,-50.0
27.9375,-50.0,-50.0,-50.0,-50.0,-50.0,-50.0,-50.0,-50.0
27.94140625,-50.0,-50.0,-50.0,-50.0,-50.0,-50.0,-50.0,-50.0
27.9453125,-50.0,-50.0,-50.0,-50.0,-50.0,-50.0,-50.0,-50.0
27.94921875,-50.0,-50.0,-50.0,-50.0,-50.0,-50.0,-50.0,-50.0
27.953125,-50.0,-50.0,-50.0,-50.0,-50.0,-50.0,-50.0,-50.0
27.95703125,-50.0,-50.0,-50.0,-50.0,-50.0,-50.0,-50.0,-50.0
27.9609375,-50.0,-50.0,-50.0,-50.0,-50.0,-50.0,-50.0,-50.0
27.96484375,-50.0,-50.0,-50.0,-50.0,-50.0,-50.0,-50.0,-50.0
27.96875,-50.0,-50.0,-50.0,-50.0,-50.0,-50.0,-50.0,-50.0
27.97265625,-50.0,-50.0,-50.0,-50.0,-50.0,-50.0,-50.0,-50.0
27.9765625,-50.0,-50.0,-50.0,-50.0,-50.0,-50.0,-50.0,-50.0
27.98046875,-50.0,-50.0,-50.0,-50.0,-50.0,-50.0,-50.0,-50.0
27.984375,-50.0,-50.0,-50.0,-50.0,-50.0,-50.0,-50.0,-50.0
27.98828125,-50.0,-50.0,-50.0,-50.0,-50.0,-50.0,-50.0,-50.0
27.9921875,-50.0,-50.0,-50.0,-50.0,-50.0,-50.0,-50.0,-50.0
27.99609375,-50.0,-50.0,-50.0,-50.0,-50.0,-50.0,-50.0,-50.0
28.0,50.0,50.0,-50.0,50.0,50.0,50.0,-50.0,50.0
28.00390625,50.0,50.0,50.0,50.0,50.0,50.0,50.0,50.0
28.0078125,50.0,50.0,50.0,50.0,50.0,50.0,50.0,50.0
28.01171875,50.0,50.0,50.0,50.0,50.0,50.0,50.0,50.0
28.015625,50.0,50.0,50.0,50.0,50.0,50.0,50.0,50.0
28.01953125,50.0,50.0,50.0,50.0,50.0,50.0,50.0,50.0
28.0234375,50.0,50.0,50.0,50.0,50.0,50.0,50.0,50.0
28.02734375,50.0,50.0,50.0,50.0,50.0,50.0,50.0,50.0
28.03125,50.0,50.0,50.0,50.0,50.0,50.0,50.0,50.0
28.03515625,50.0,50.0,50.0,50.0,50.0,50.0,50.0,50.0
28.0390625,50.0,50.0,50.0,50.0,50.0,50.0,50.0,50.0
28.04296875,50.0,50.0,50.0,50.0,50.0,50.0,50.0,50.0
28.046875,50.0,50.0,50.0,50.0,50.0,50.0,50.0,50.0
28.05078125,50.0,50.0,50.0,50.0,50.0,50.0,50.0,50.0
28.0546875,50.0,50.0,50.0,50.0,50.0,50.0,50.0,50.0
28.05859375,50.0,50.0,50.0,50.0,50.0,50.0,50.0,50.0
28.0625,50.0,50.0,50.0,50.0,50.0,50.0,50.0,50.0
28.06640625,50.0,50.0,50.0,50.0,50.0,50.0,50.0,50.0
28.0703125,50.0,50.0,50.0,50.0,50.0,50.0,50.0,50.0
28.07421875,50.0,50.0,50.0,50.0,50.0,50.0,50.0,50.0
28.078125,50.0,50.0,50.0,50.0,50.0,50.0,50.0,50.0
28.08203125,50.0,50.0,50.0,50.0,50.0,50.0,50.0,50.0
28.0859375,50.0,50.0,50.0,50.0,50.0,50.0,50.0,50.0
28.08984375,50.0,50.0,50.0,50.0,50.0,50.0,50.0,50.0
28.09375,50.0,50.0,50.0,50.0,50.0,50.0,50.0,50.0
28.09765625,50.0,50.0,50.0,50.0,50.0,50.0,50.0,50.0
28.1015625,50.0,50.0,50.0,50.0,50.0,50.0,50.0,50.0
28.10546875,50.0,50.0,50.0,50.0,50.0,50.0,50.0,50.0
28.109375,50.0,50.0,50.0,50.0,50.0,50.0,50.0,50.0
28.11328125,50.0,50.0,50.0,50.0,50.0,50.0,50.0,50.0
28.1171875,50.0,50.0,50.0,50.0,50.0,50.0,50.0,50.0
28.12109375,50.0,50.0,50.0,50.0,50.0,50.0,50.0,50.0
28.125,50.0,50.0,50.0,50.0,50.0,50.0,50.0,50.0
28.12890625,50.0,50.0,50.0,50.0,50.0,50.0,50.0,50.0
28.1328125,50.0,50.0,50.0,50.0,50.0,50.0,50.0,50.0
28.13671875,50.0,50.0,50.0,50.0,50.0,50.0,50.0,50.0
28.140625,50.0,50.0,50.0,50.0,50.0,50.0,50.0,50.0
28.14453125,50.0,50.0,50.0,50.0,50.0,50.0,50.0,50.0
28.1484375,50.0,50.0,50.0,50.0,50.0,50.0,50.0,50.0
28.15234375,50.0,50.0,50.0,50.0,50.0,50.0,50.0,50.0
28.15625,50.0,50.0,50.0,50.0,50.0,50.0,50.0,50.0
28.16015625,50.0,50.0,50.0,50.0,50.0,50.0,50.0,50.0
28.1640625,50.0,50.0,50.0,50.0,50.0,50.0,50.0,50.0
28.16796875,50.0,-50.0,50.0,50.0,50.0,-50.0,50.0,50.0
28.171875,50.0,-50.0,50.0,50.0,50.0,-50.0,50.0,50.0
28.17578125,50.0,-50.0,50.0,50.0,50.0,-50.0,50.0,50.0
28.1796875,50.0,-50.0,50.0,50.0,50.0,-50.0,50.0,50.0
28.18359375,50.0,-50.0,50.0,50.0,50.0,-50.0,50.0,50.0
28.1875,50.0,-50.0,50.0,50.0,50.0,-50.0,50.0,50.0
28.19140625,50.0,-50.0,50.0,50.0,50.0,-50.0,50.0,50.0
28.1953125,50.0,-50.0,50.0,50.0,50.0,-50.0,50.0,50.0
28.19921875,50.0,-50.0,50.0,50.0,50.0,-50.0,50.0,50.0
28.203125,50.0,-50.0,-50.0,50.0,50.0,-50.0,-50.0,50.0
28.20703125,50.0,-50.0,-50.0,50.0,50.0,-50.0,-50.0,50.0
28.2109375,50.0,-50.0,-50.0,50.0,50.0,-50.0,-50.0,50.0
28.21484375,50.0,-50.0,-50.0,50.0,50.0,-50.0,-50.0,50.0
28.21875,50.0,-50.0,-50.0,50.0,50.0,-50.0,-50.0,50.0
28.22265625,50.0,-50.0,-50.0,50.0,50.0,-50.0,-50.0,50.0
28.2265625,50.0,-50.0,-50.0,50.0,50.0,-50.0,-50.0,50.0
28.23046875,50.0,-50.0,-50.0,50.0,50.0,-50.0,-50.0,50.0
28.234375,50.0,-50.0,-50.0,50.0,50.0,-50.0,-50.0,50.0
28.23828125,50.0,-50.0,-50.0,50.0,50.0,-50.0,-50.0,50.0
28.2421875,50.0,-50.0,-50.0,50.0,50.0,-50.0,-50.0,50.0
28.24609375,50.0,-50.0,-50.0,50.0,50.0,-50.0,-50.0,50.0
28.25,50.0,-50.0,-50.0,50.0,50.0,-50.0,-50.0,50.0
28.25390625,-50.0,-50.0,-50.0,50.0,-50.0,-50.0,-50.0,50.0
28.2578125,-50.0,-50.0,-50.0,50.0,-50.0,-50.0,-50.0,50.0
28.26171875,-50.0,-50.0,-50.0,50.0,-50.0,-50.0,-50.0,50.0
28.265625,-50.0,-50.0,-50.0,50.0,-50.0,-50.0,-50.0,50.0
28.26953125,-50.0,-50.0,-50.0,50.0,-50.0,-50.0,-50.0,50.0
28.2734375,-50.0,-50.0,-50.0,50.0,-50.0,-50.0,-50.0,50.0
28.27734375,-50.0,-50.0,-50.0,50.0,-50.0,-50.0,-50.0,50.0
28.28125,-50.0,-50.0,-50.0,50.0,-50.0,-50.0,-50.0,50.0
28.28515625,-50.0,-50.0,-50.0,50.0,-50.0,-50.0,-50.0,50.0
28.2890625,-50.0,-50.0,-50.0,50.0,-50.0,-50.0,-50.0,50.0
28.29296875,-50.0,-50.0,-50.0,50.0,-50.0,-50.0,-50.0,50.0
28.296875,-50.0,-50.0,-50.0,50.0,-50.0,-50.0,-50.0,50.0
28.30078125,-50.0,-50.0,-50.0,50.0,-50.0,-50.0,-50.0,50.0
28.3046875,-50.0,-50.0,-50.0,50.0,-50.0,-50.0,-50.0,50.0
28.30859375,-50.0,-50.0,-50.0,50.0,-50.0,-50.0,-50.0,50.0
28.3125,-50.0,-50.0,-50.0,50.0,-50.0,-50.0,-50.0,50.0
28.31640625,-50.0,-50.0,-50.0,50.0,-50.0,-50.0,-50.0,50.0
28.3203125,-50.0,-50.0,-50.0,50.0,-50.0,-50.0,-50.0,50.0
28.32421875,-50.0,-50.0,-50.0,50.0,-50.0,-50.0,-50.0,50.0
28.328125,-50.0,-50.0,-50.0,50.0,-50.0,-50.0,-50.0,50.0
28.33203125,-50.0,-50.0,-50.0,50.0,-50.0,-50.0,-50.0,50.0
28.3359375,-50.0,50.0,-50.0,-50.0,-50.0,50.0,-50.0,-50.0
28.33984375,-50.0,50.0,-50.0,-50.0,-50.0,50.0,-50.0,-50.0
28.34375,-50.0,50.0,-50.0,-50.0,-50.0,50.0,-50.0,-50.0
28.34765625,-50.0,50.0,-50.0,-50.0,-50.0,50.0,-50.0,-50.0
28.3515625,-50.0,50.0,-50.0,-50.0,-50.0,50.0,-50.0,-50.0
28.35546875,-50.0,50.0,-50.0,-50.0,-50.0,50.0,-50.0,-50.0
28.359375,-50.0,50.0,-50.0,-50.0,-50.0,50.0,-50.0,-50.0
28.36328125,-50.0,50.0,-50.0,-50.0,-50.0,50.0,-50.0,-50.0
28.3671875,-50.0,50.0,-50.0,-50.0,-50.0,50.0,-50.0,-50.0
28.37109375,-50.0,50.0,-50.0,-50.0,-50.0,50.0,-50.0,-50.0
28.375,-50.0,50.0,-50.0,-50.0,-50.0,50.0,-50.0,-50.0
28.37890625,-50.0,50.0,-50.0,-50.0,-50.0,50.0,-50.0,-50.0
28.3828125,-50.0,50.0,-50.0,-50.0,-50.0,50.0,-50.0,-50.0
28.38671875,-50.0,50.0,-50.0,-50.0,-50.0,50.0,-50.0,-50.0
28.390625,-50.0,50.0,-50.0,-50.0,-50.0,50.0,-50.0,-50.0
28.39453125,-50.0,50.0,-50.0,-50.0,-50.0,50.0,-50.0,-50.0
28.3984375,-50.0,50.0,-50.0,-50.0,-50.0,50.0,-50.0,-50.0
28.40234375,-50.0,50.0,50.0,-50.0,-50.0,50.0,50.0,-50.0
28.40625,-50.0,50.0,50.0,-50.0,-50.0,50.0,50.0,-50.0
28.41015625,-50.0,50.0,50.0,-50.0,-50.0,50.0,50.0,-50.0
28.4140625,-50.0,50.0,50.0,-50.0,-50.0,50.0,50.0,-50.0
28.41796875,-50.0,50.0,50.0,-50.0,-50.0,50.0,50.0,-50.0
28.421875,-50.0,50.0,50.0,-50.0,-50.0,50.0,50.0,-50.0
28.42578125,-50.0,50.0,50.0,-50.0,-50.0,50.0,50.0,-50.0
28.4296875,-50.0,50.0,50.0,-50.0,-50.0,50.0,50.0,-50.0
28.43359375,-50.0,50.0,50.0,-50.0,-50.0,50.0,50.0,-50.0
28.4375,-50.0,50.0,50.0,-50.0,-50.0,50.0,50.0,-50.0
28.44140625,-50.0,50.0,50.0,-50.0,-50.0,50.0,50.0,-50.0
28.4453125,-50.0,50.0,50.0,-50.0,-50.0,50.0,50.0,-50.0
28.44921875,-50.0,50.0,50.0,-50.0,-50.0,50.0,50.0,-50.0
28.453125,-50.0,50.0,50.0,-50.0,-50.0,50.0,50.0,-50.0
28.45703125,-50.0,50.0,50.0,-50.0,-50.0,50.0,50.0,-50.0
28.4609375,-50.0,50.0,50.0,-50.0,-50.0,50.0,50.0,-50.0
28.46484375,-50.0,50.0,50.0,-50.0,-50.0,50.0,50.0,-50.0
28.46875,-50.0,50.0,50.0,-50.0,-50.0,50.0,50.0,-50.0
28.47265625,-50.0,50.0,50.0,-50.0,-50.0,50.0,50.0,-50.0
28.4765625,-50.0,50.0,50.0,-50.0,-50.0,50.0,50.0,-50.0
28.48046875,-50.0,50.0,50.0,-50.0,-50.0,50.0,50.0,-50.0
28.484375,-50.0,50.0,50.0,-50.0,-50.0,50.0,50.0,-50.0
28.48828125,-50.0,50.0,50.0,-50.0,-50.0,50.0,50.0,-50.0
28.4921875,-50.0,50.0,50.0,-50.0,-50.0,50.0,50.0,-50.0
28.49609375,-50.0,50.0,50.0,-50.0,-50.0,50.0,50.0,-50.0
28.5,-50.0,50.0,50.0,-50.0,-50.0,50.0,50.0,-50.0
28.50390625,50.0,-50.0,50.0,-50.0,50.0,-50.0,50.0,-50.0
28.5078125,50.0,-50.0,50.0,-50.0,50.0,-50.0,50.0,-50.0
28.51171875,50.0,-50.0,50.0,-50.0,50.0,-50.0,50.0,-50.0
28.515625,50.0,-50.0,50.0,-50.0,50.0,-50.0,50.0,-50.0
28.51953125,50.0,-50.0,50.0,-50.0,50.0,-50.0,50.0,-50.0
28.5234375,50.0,-50.0,50.0,-50.0,50.0,-50.0,50.0,-50.0
28.52734375,50.0,-50.0,50.0,-50.0,50.0,-50.0,50.0,-50.0
28.53125,50.0,-50.0,50.0,-50.0,50.0,-50.0,50.0,-50.0
28.53515625,50.0,-50.0,50.0,-50.0,50.0,-50.0,50.0,-50.0
28.5390625,50.0,-50.0,50.0,-50.0,50.0,-50.0,50.0,-50.0
28.54296875,50.0,-50.0,50.0,-50.0,50.0,-50.0,50.0,-50.0
28.546875,50.0,-50.0,50.0,-50.0,50.0,-50.0,50.0,-50.0
28.55078125,50.0,-50.0,50.0,-50.0,50.0,-50.0,50.0,-50.0
28.5546875,50.0,-50.0,50.0,-50.0,50.0,-50.0,50.0,-50.0
28.55859375,50.0,-50.0,50.0,-50.0,50.0,-50.0,50.0,-50.0
28.5625,50.0,-50.0,50.0,-50.0,50.0,-50.0,50.0,-50.0
28.56640625,50.0,-50.0,50.0,-50.0,50.0,-50.0,50.0,-50.0
28.5703125,50.0,-50.0,50.0,-50.0,50.0,-50.0,50.0,-50.0
28.57421875,50.0,-50.0,50.0,-50.0,50.0,-50.0,50.0,-50.0
28.578125,50.0,-50.0,50.0,-50.0,50.0,-50.0,50.0,-50.0
28.58203125,50.0,-50.0,50.0,-50.0,50.0,-50.0,50.0,-50.0
28.5859375,50.0,-50.0,50.0,-50.0,50.0,-50.0,50.0,-50.0
28.58984375,50.0,-50.0,50.0,-50.0,50.0,-50.0,50.0,-50.0
28.59375,50.0,-50.0,50.0,-50.0,50.0,-50.0,50.0,-50.0
28.59765625,50.0,-50.0,50.0,-50.0,50.0,-50.0,50.0,-50.0
28.6015625,50.0,-50.0,-50.0,-50.0,50.0,-50.0,-50.0,-50.0
28.60546875,50.0,-50.0,-50.0,-50.0,50.0,-50.0,-50.0,-50.0
28.609375,50.0,-50.0,-50.0,-50.0,50.0,-50.0,-50.0,-50.0
28.61328125,50.0,-50.0,-50.0,-50.0,50.0,-50.0,-50.0,-50.0
28.6171875,50.0,-50.0,-50.0,-50.0,50.0,-50.0,-50.0,-50.0
28.62109375,50.0,-50.0,-50.0,-50.0,50.0,-50.0,-50.0,-50.0
28.625,50.0,-50.0,-50.0,-50.0,50.0,-50.0,-50.0,-50.0
28.62890625,50.0,-50.0,-50.0,-50.0,50.0,-50.0,-50.0,-50.0
28.6328125,50.0,-50.0,-50.0,-50.0,50.0,-50.0,-50.0,-50.0
28.63671875,50.0,-50.0,-50.0,-50.0,50.0,-50.0,-50.0,-50.0
28.640625,50.0,-50.0,-50.0,-50.0,50.0,-50.0,-50.0,-50.0
28.64453125,50.0,-50.0,-50.0,-50.0,50.0,-50.0,-50.0,-50.0
28.6484375,50.0,-50.0,-50.0,-50.0,50.0,-50.0,-50.0,-50.0
28.65234375,50.0,-50.0,-50.0,-50.0,50.0,-50.0,-50.0,-50.0
28.65625,50.0,-50.0,-50.0,-50.0,50.0,-50.0,-50.0,-50.0
28.66015625,50.0,-50.0,-50.0,-50.0,50.0,-50.0,-50.0,-50.0
28.6640625,50.0,-50.0,-50.0,-50.0,50.0,-50.0,-50.0,-50.0
28.66796875,50.0,50.0,-50.0,50.0,50.0,50.0,-50.0,50.0
28.671875,50.0,50.0,-50.0,50.0,50.0,50.0,-50.0,50.0
28.67578125,50.0,50.0,-50.0,50.0,50.0,50.0,-50.0,50.0
28.6796875,50.0,50.0,-50.0,50.0,50.0,50.0,-50.0,50.0
28.68359375,50.0,50.0,-50.0,50.0,50.0,50.0,-50.0,50.0
28.6875,50.0,50.0,-50.0,50.0,50.0,50.0,-50.0,50.0
28.69140625,50.0,50.0,-50.0,50.0,50.0,50.0,-50.0,50.0
28.6953125,50.0,50.0,-50.0,50.0,50.0,50.0,-50.0,50.0
28.69921875,50.0,50.0,-50.0,50.0,50.0,50.0,-50.0,50.0
28.703125,50.0,50.0,-50.0,50.0,50.0,50.0,-50.0,50.0
28.70703125,50.0,50.0,-50.0,50.0,50.0,50.0,-50.0,50.0
28.7109375,50.0,50.0,-50.0,50.0,50.0,50.0,-50.0,50.0
28.71484375,50.0,50.0,-50.0,50.0,50.0,50.0,-50.0,50.0
28.71875,50.0,50.0,-50.0,50.0,50.0,50.0,-50.0,50.0
28.72265625,50.0,50.0,-50.0,50.0,50.0,50.0,-50.0,50.0
28.7265625,50.0,50.0,-50.0,50.0,50.0,50.0,-50.0,50.0
28.73046875,50.0,50.0,-50.0,50.0,50.0,50.0,-50.0,50.0
28.734375,50.0,50.0,-50.0,50.0,50.0,50.0,-50.0,50.0
28.73828125,50.0,50.0,-50.0,50.0,50.0,50.0,-50.0,50.0
28.7421875,50.0,50.0,-50.0,50.0,50.0,50.0,-50.0,50.0
28.74609375,50.0,50.0,-50.0,50.0,50.0,50.0,-50.0,50.0
28.75,-50.0,50.0,-50.0,50.0,-50.0,50.0,-50.0,50.0
28.75390625,-50.0,50.0,-50.0,50.0,-50.0,50.0,-50.0,50.0
28.7578125,-50.0,50.0,-50.0,50.0,-50.0,50.0,-50.0,50.0
28.76171875,-50.0,50.0,-50.0,50.0,-50.0,50.0,-50.0,50.0
28.765625,-50.0,50.0,-50.0,50.0,-50.0,50.0,-50.0,50.0
28.76953125,-50.0,50.0,-50.0,50.0,-50.0,50.0,-50.0,50.0
28.7734375,-50.0,50.0,-50.0,50.0,-50.0,50.0,-50.0,50.0
28.77734375,-50.0,50.0,-50.0,50.0,-50.0,50.0,-50.0,50.0
28.78125,-50.0,50.0,-50.0,50.0,-50.0,50.0,-50.0,50.0
28.78515625,-50.0,50.0,-50.0,50.0,-50.0,50.0,-50.0,50.0
28.7890625,-50.0,50.0,-50.0,50.0,-50.0,50.0,-50.0,50.0
28.79296875,-50.0,50.0,-50.0,50.0,-50.0,50.0,-50.0,50.0
28.796875,-50.0,50.0,-50.0,50.0,-50.0,50.0,-50.0,50.0
28.80078125,-50.0,50.0,50.0,50.0,-50.0,50.0,50.0,50.0
28.8046875,-50.0,50.0,50.0,50.0,-50.0,50.0,50.0,50.0
28.80859375,-50.0,50.0,50.0,50.0,-50.0,50.0,50.0,50.0
28.8125,-50.0,50.0,50.0,50.0,-50.0,50.0,50.0,50.0
28.81640625,-50.0,50.0,50.0,50.0,-50.0,50.0,50.0,50.0
28.8203125,-50.0,50.0,50.0,50.0,-50.0,50.0,50.0,50.0
28.82421875,-50.0,50.0,50.0,50.0,-50.0,50.0,50.0,50.0
28.828125,-50.0,50.0,50.0,50.0,-50.0,50.0,50.0,50.0
28.83203125,-50.0,50.0,50.0,50.0,-50.0,50.0,50.0,50.0
28.8359375,-50.0,-50.0,50.0,50.0,-50.0,-50.0,50.0,50.0
28.83984375,-50.0,-50.0,50.0,50.0,-50.0,-50.0,50.0,50.0
28.84375,-50.0,-50.0,50.0,50.0,-50.0,-50.0,50.0,50.0
28.84765625,-50.0,-50.0,50.0,50.0,-50.0,-50.0,50.0,50.0
28.8515625,-50.0,-50.0,50.0,50.0,-50.0,-50.0,50.0,50.0
28.85546875,-50.0,-50.0,50.0,50.0,-50.0,-50.0,50.0,50.0
28.859375,-50.0,-50.0,50.0,50.0,-50.0,-50.0,50.0,50.0
28.86328125,-50.0,-50.0,50.0,50.0,-50.0,-50.0,50.0,50.0
28.8671875,-50.0,-50.0,50.0,50.0,-50.0,-50.0,50.0,50.0
28.87109375,-50.0,-50.0,50.0,50.0,-50.0,-50.0,50.0,50.0
28.875,-50.0,-50.0,50.0,50.0,-50.0,-50.0,50.0,50.0
28.87890625,-50.0,-50.0,50.0,50.0,-50.0,-50.0,50.0,50.0
28.8828125,-50.0,-50.0,50.0,50.0,-50.0,-50.0,50.0,50.0
28.88671875,-50.0,-50.0,50.0,50.0,-50.0,-50.0,50.0,50.0
28.890625,-50.0,-50.0,50.0,50.0,-50.0,-50.0,50.0,50.0
28.89453125,-50.0,-50.0,50.0,50.0,-50.0,-50.0,50.0,50.0
28.8984375,-50.0,-50.0,50.0,50.0,-50.0,-50.0,50.0,50.0
28.90234375,-50.0,-50.0,50.0,50.0,-50.0,-50.0,50.0,50.0
28.90625,-50.0,-50.0,50.0,50.0,-50.0,-50.0,50.0,50.0
28.91015625,-50.0,-50.0,50.0,50.0,-50.0,-50.0,50.0,50.0
28.9140625,-50.0,-50.0,50.0,50.0,-50.0,-50.0,50.0,50.0
28.91796875,-50.0,-50.0,50.0,50.0,-50.0,-50.0,50.0,50.0
28.921875,-50.0,-50.0,50.0,50.0,-50.0,-50.0,50.0,50.0
28.92578125,-50.0,-50.0,50.0,50.0,-50.0,-50.0,50.0,50.0
28.9296875,-50.0,-50.0,50.0,50.0,-50.0,-50.0,50.0,50.0
28.93359375,-50.0,-50.0,50.0,50.0,-50.0,-50.0,50.0,50.0
28.9375,-50.0,-50.0,50.0,50.0,-50.0,-50.0,50.0,50.0
28.94140625,-50.0,-50.0,50.0,50.0,-50.0,-50.0,50.0,50.0
28.9453125,-50.0,-50.0,50.0,50.0,-50.0,-50.0,50.0,50.0
28.94921875,-50.0,-50.0,50.0,50.0,-50.0,-50.0,50.0,50.0
28.953125,-50.0,-50.0,50.0,50.0,-50.0,-50.0,50.0,50.0
28.95703125,-50.0,-50.0,50.0,50.0,-50.0,-50.0,50.0,50.0
28.9609375,-50.0,-50.0,50.0,50.0,-50.0,-50.0,50.0,50.0
28.96484375,-50.0,-50.0,50.0,50.0,-50.0,-50.0,50.0,50.0
28.96875,-50.0,-50.0,50.0,50.0,-50.0,-50.0,50.0,50.0
28.97265625,-50.0,-50.0,50.0,50.0,-50.0,-50.0,50.0,50.0
28.9765625,-50.0,-50.0,50.0,50.0,-50.0,-50.0,50.0,50.0
28.98046875,-50.0,-50.0,50.0,50.0,-50.0,-50.0,50.0,50.0
28.984375,-50.0,-50.0,50.0,50.0,-50.0,-50.0,50.0,50.0
28.98828125,-50.0,-50.0,50.0,50.0,-50.0,-50.0,50.0,50.0
28.9921875,-50.0,-50.0,50.0,50.0,-50.0,-50.0,50.0,50.0
28.99609375,-50.0,-50.0,50.0,50.0,-50.0,-50.0,50.0,50.0
29.0,50.0,-50.0,50.0,50.0,50.0,-50.0,50.0,50.0
29.00390625,50.0,50.0,-50.0,-50.0,50.0,50.0,-50.0,-50.0
29.0078125,50.0,50.0,-50.0,-50.0,50.0,50.0,-50.0,-50.0
29.01171875,50.0,50.0,-50.0,-50.0,50.0,50.0,-50.0,-50.0
29.015625,50.0,50.0,-50.0,-50.0,50.0,50.0,-50.0,-50.0
29.01953125,50.0,50.0,-50.0,-50.0,50.0,50.0,-50.0,-50.0
29.0234375,50.0,50.0,-50.0,-50.0,50.0,50.0,-50.0,-50.0
29.02734375,50.0,50.0,-50.0,-50.0,50.0,50.0,-50.0,-50.0
29.03125,50.0,50.0,-50.0,-50.0,50.0,50.0,-50.0,-50.0
29.03515625,50.0,50.0,-50.0,-50.0,50.0,50.0,-50.0,-50.0
29.0390625,50.0,50.0,-50.0,-50.0,50.0,50.0,-50.0,-50.0
29.04296875,50.0,50.0,-50.0,-50.0,50.0,50.0,-50.0,-50.0
29.046875,50.0,50.0,-50.0,-50.0,50.0,50.0,-50.0,-50.0
29.05078125,50.0,50.0,-50.0,-50.0,50.0,50.0,-50.0,-50.0
29.0546875,50.0,50.0,-50.0,-50.0,50.0,50.0,-50.0,-50.0
29.05859375,50.0,50.0,-50.0,-50.0,50.0,50.0,-50.0,-50.0
29.0625,50.0,50.0,-50.0,-50.0,50.0,50.0,-50.0,-50.0
29.06640625,50.0,50.0,-50.0,-50.0,50.0,50.0,-50.0,-50.0
29.0703125,50.0,50.0,-50.0,-50.0,50.0,50.0,-50.0,-50.0
29.07421875,50.0,50.0,-50.0,-50.0,50.0,50.0,-50.0,-50.0
29.078125,50.0,50.0,-50.0,-50.0,50.0,50.0,-50.0,-50.0
29.08203125,50.0,50.0,-50.0,-50.0,50.0,50.0,-50.0,-50.0
29.0859375,50.0,50.0,-50.0,-50.0,50.0,50.0,-50.0,-50.0
29.08984375,50.0,50.0,-50.0,-50.0,50.0,50.0,-50.0,-50.0
29.09375,50.0,50.0,-50.0,-50.0,50.0,50.0,-50.0,-50.0
29.09765625,50.0,50.0,-50.0,-50.0,50.0,50.0,-50.0,-50.0
29.1015625,50.0,50.0,-50.0,-50.0,50.0,50.0,-50.0,-50.0
29.10546875,50.0,50.0,-50.0,-50.0,50.0,50.0,-50.0,-50.0
29.109375,50.0,50.0,-50.0,-50.0,50.0,50.0,-50.0,-50.0
29.11328125,50.0,50.0,-50.0,-50.0,50.0,50.0,-50.0,-50.0
29.1171875,50.0,50.0,-50.0,-50.0,50.0,50.0,-50.0,-50.0
29.12109375,50.0,50.0,-50.0,-50.0,50.0,50.0,-50.0,-50.0
29.125,50.0,50.0,-50.0,-50.0,50.0,50.0,-50.0,-50.0
29.12890625,50.0,50.0,-50.0,-50.0,50.0,50.0,-50.0,-50.0
29.1328125,50.0,50.0,-50.0,-50.0,50.0,50.0,-50.0,-50.0
29.13671875,50.0,50.0,-50.0,-50.0,50.0,50.0,-50.0,-50.0
29.140625,50.0,50.0,-50.0,-50.0,50.0,50.0,-50.0,-50.0
29.14453125,50.0,50.0,-50.0,-50.0,50.0,50.0,-50.0,-50.0
29.1484375,50.0,50.0,-50.0,-50.0,50.0,50.0,-50.0,-50.0
29.15234375,50.0,50.0,-50.0,-50.0,50.0,50.0,-50.0,-50.0
29.15625,50.0,50.0,-50.0,-50.0,50.0,50.0,-50.0,-50.0
29.16015625,50.0,50.0,-50.0,-50.0,50.0,50.0,-50.0,-50.0
29.1640625,50.0,50.0,-50.0,-50.0,50.0,50.0,-50.0,-50.0
29.16796875,50.0,-50.0,-50.0,-50.0,50.0,-50.0,-50.0,-50.0
29.171875,50.0,-50.0,-50.0,-50.0,50.0,-50.0,-50.0,-50.0
29.17578125,50.0,-50.0,-50.0,-50.0,50.0,-50.0,-50.0,-50.0
29.1796875,50.0,-50.0,-50.0,-50.0,50.0,-50.0,-50.0,-50.0
29.18359375,50.0,-50.0,-50.0,-50.0,50.0,-50.0,-50.0,-50.0
29.1875,50.0,-50.0,-50.0,-50.0,50.0,-50.0,-50.0,-50.0
29.19140625,50.0,-50.0,-50.0,-50.0,50.0,-50.0,-50.0,-50.0
29.1953125,50.0,-50.0,-50.0,-50.0,50.0,-50.0,-50.0,-50.0
29.19921875,50.0,-50.0,-50.0,-50.0,50.0,-50.0,-50.0,-50.0
29.203125,50.0,-50.0,50.0,-50.0,50.0,-50.0,50.0,-50.0
29.20703125,50.0,-50.0,50.0,-50.0,50.0,-50.0,50.0,-50.0
29.2109375,50.0,-50.0,50.0,-50.0,50.0,-50.0,50.0,-50.0
29.21484375,50.0,-50.0,50.0,-50.0,50.0,-50.0,50.0,-50.0
29.21875,50.0,-50.0,50.0,-50.0,50.0,-50.0,50.0,-50.0
29.22265625,50.0,-50.0,50.0,-50.0,50.0,-50.0,50.0,-50.0
29.2265625,50.0,-50.0,50.0,-50.0,50.0,-50.0,50.0,-50.0
29.23046875,50.0,-50.0,50.0,-50.0,50.0,-50.0,50.0,-50.0
29.234375,50.0,-50.0,50.0,-50.0,50.0,-50.0,50.0,-50.0
29.23828125,50.0,-50.0,50.0,-50.0,50.0,-50.0,50.0,-50.0
29.2421875,50.0,-50.0,50.0,-50.0,50.0,-50.0,50.0,-50.0
29.24609375,50.0,-50.0,50.0,-50.0,50.0,-50.0,50.0,-50.0
29.25,-50.0,-50.0,50.0,-50.0,-50.0,-50.0,50.0,-50.0
29.25390625,-50.0,-50.0,50.0,-50.0,-50.0,-50.0,50.0,-50.0
29.2578125,-50.0,-50.0,50.0,-50.0,-50.0,-50.0,50.0,-50.0
29.26171875,-50.0,-50.0,50.0,-50.0,-50.0,-50.0,50.0,-50.0
29.265625,-50.0,-50.0,50.0,-50.0,-50.0,-50.0,50.0,-50.0
29.26953125,-50.0,-50.0,50.0,-50.0,-50.0,-50.0,50.0,-50.0
29.2734375,-50.0,-50.0,50.0,-50.0,-50.0,-50.0,50.0,-50.0
29.27734375,-50.0,-50.0,50.0,-50.0,-50.0,-50.0,50.0,-50.0
29.28125,-50.0,-50.0,50.0,-50.0,-50.0,-50.0,50.0,-50.0
29.28515625,-50.0,-50.0,50.0,-50.0,-50.0,-50.0,50.0,-50.0
29.2890625,-50.0,-50.0,50.0,-50.0,-50.0,-50.0,50.0,-50.0
29.29296875,-50.0,-50.0,50.0,-50.0,-50.0,-50.0,50.0,-50.0
