Time,C3,C4,P3,P4,PO3,PO4,O1,O2
0.00,2.33,6.92,14.18,21.10,22.84,15.64,14.22,2.22
4.00,4.83,12.27,17.53,21.42,20.96,15.84,9.34,-1.69
8.00,6.79,15.64,18.05,20.75,17.51,10.35,3.21,-5.45
12.00,10.61,13.99,17.85,18.26,14.91,7.59,1.53,-8.96
16.00,10.71,18.95,18.77,14.14,12.24,2.06,-5.32,-7.61
20.00,13.92,18.66,18.40,13.76,9.72,-1.14,-6.39,-10.04
24.00,15.03,16.52,13.76,12.27,6.05,-0.88,-6.43,-11.22
28.00,16.46,13.98,14.29,7.52,-0.13,-5.55,-10.77,-12.15
32.00,14.88,15.47,8.66,3.74,-1.71,-8.82,-10.57,-11.98
36.00,15.98,13.34,9.74,-0.59,-6.02,-8.17,-9.58,-5.82
40.00,12.75,11.24,5.56,0.66,-5.64,-9.79,-8.93,-7.43
44.00,10.43,5.56,1.37,-4.96,-9.79,-7.18,-6.36,-1.61
48.00,10.74,3.41,-2.23,-6.99,-5.66,-7.94,-5.41,-0.78
52.00,5.58,1.61,-3.76,-4.21,-7.87,-6.66,-2.08,2.43
56.00,6.02,-1.43,-3.95,-7.53,-7.24,-5.41,1.19,6.50
60.00,3.34,-1.52,-6.72,-7.41,-2.86,-2.42,4.02,6.85
64.00,-0.14,-2.71,-4.95,-3.62,-1.77,0.78,7.95,8.11
68.00,-4.50,-3.49,-4.60,-5.30,2.35,1.92,9.06,10.76
72.00,-4.60,-6.73,-2.58,-3.27,0.17,7.01,10.68,9.75
76.00,-3.50,-6.66,-1.69,-1.70,3.90,5.88,9.94,5.21
80.00,-5.15,-4.02,-1.93,1.86,7.83,9.17,5.96,6.41
84.00,-1.65,0.09,1.15,4.85,8.37,6.87,6.96,2.64
88.00,-4.89,1.66,1.88,7.91,6.39,10.21,4.21,-0.85
92.00,0.45,0.86,6.68,7.00,7.56,7.82,3.40,-3.47
96.00,0.87,4.54,8.97,7.85,9.41,4.65,0.26,-9.53
100.00,3.71,5.94,8.73,7.62,6.33,1.44,-5.71,-10.19
104.00,5.68,6.77,6.68,5.72,2.13,-2.57,-7.00,-11.90
108.00,4.43,8.08,7.00,7.46,3.99,-2.95,-13.46,-16.41
112.00,6.35,9.49,9.56,2.45,-1.05,-9.59,-15.32,-15.12
116.00,6.91,9.18,7.51,2.44,-3.43,-10.44,-14.39,-18.61
120.00,8.92,6.71,2.99,-1.98,-7.83,-11.48,-14.99,-15.03
124.00,9.56,7.37,2.77,-5.12,-9.76,-13.63,-17.98,-13.48
128.00,9.44,5.48,-1.63,-5.33,-14.88,-14.50,-15.11,-10.87
132.00,5.23,2.78,-4.40,-8.60,-11.97,-14.61,-11.75,-6.38
136.00,3.37,-1.43,-8.64,-13.69,-15.64,-17.58,-10.78,-2.17
140.00,3.27,-2.03,-11.14,-11.12,-15.03,-14.45,-8.88,1.65
144.00,0.16,-8.18,-12.61,-12.96,-15.79,-10.54,-0.82,6.70
148.00,-2.13,-9.55,-11.20,-15.83,-13.45,-4.98,3.36,12.46
152.00,-4.52,-8.35,-15.04,-13.50,-10.97,-1.01,4.87,18.77
156.00,-6.37,-13.24,-13.00,-12.65,-4.82,0.13,14.13,20.28
160.00,-10.66,-13.46,-14.44,-9.45,-3.96,7.38,15.39,24.02
164.00,-9.39,-10.88,-9.88,-6.81,3.20,12.51,22.93,27.04
168.00,-13.31,-10.90,-11.12,-5.39,3.26,14.38,22.26,29.30
172.00,-14.25,-12.99,-8.96,0.53,8.74,19.38,27.52,29.50
176.00,-13.96,-8.35,-5.66,3.88,12.68,22.32,26.39,31.32
180.00,-9.08,-5.53,1.00,9.78,20.38,25.26,27.28,26.23
184.00,-7.62,-5.29,6.58,12.69,22.43,27.79,29.21,23.79
188.00,-5.70,0.76,6.58,14.88,21.94,27.49,25.44,21.77
192.00,-3.77,2.37,10.80,19.76,25.00,26.91,24.89,18.88
196.00,-0.11,7.57,15.25,21.08,26.15,23.60,21.12,14.45
200.00,2.20,10.91,17.11,24.63,25.90,20.88,14.52,8.51
204.00,6.33,14.40,18.42,23.67,22.58,20.33,13.84,3.82
208.00,11.22,17.90,20.63,25.67,19.28,15.98,9.07,1.21
212.00,14.98,20.50,21.19,23.14,17.29,12.94,3.35,-1.56
216.00,16.12,21.09,23.75,19.69,15.71,7.12,-0.86,-5.94
220.00,16.57,22.67,23.15,17.39,9.29,5.58,-3.86,-8.17
224.00,17.57,18.86,17.01,16.25,8.75,0.82,-3.62,-5.80
228.00,18.77,20.99,15.51,12.96,2.57,-2.57,-6.39,-8.52
232.00,16.83,16.89,14.20,8.84,1.28,-3.08,-5.84,-7.05
236.00,15.87,16.95,7.95,4.01,-0.06,-5.59,-4.95,-4.12
240.00,16.85,10.49,6.55,0.29,-1.63,-3.06,-7.01,-1.74
244.00,13.02,12.19,3.61,0.70,-6.14,-3.97,-5.23,-0.94
248.00,12.34,8.53,3.21,-3.80,-6.03,-3.24,-1.26,5.79
252.00,8.87,2.67,-0.66,-1.84,-4.53,-3.90,3.73,7.48
256.00,8.45,1.90,-2.19,-4.61,-3.37,-0.83,2.53,11.40
260.00,4.90,0.39,-3.23,-5.11,-0.79,-0.05,8.62,9.84
264.00,3.60,-3.00,-5.67,-1.19,0.63,4.64,10.00,10.00
268.00,-0.21,-0.19,-1.25,-0.04,4.02,5.66,8.00,12.70
272.00,-1.13,-3.97,-0.61,0.00,5.11,8.14,12.37,9.70
276.00,-3.07,-4.39,-1.08,1.66,5.41,8.67,10.16,11.17
280.00,-1.72,-1.75,2.62,4.64,7.14,9.21,8.15,5.29
284.00,-0.71,-1.87,0.95,6.10,8.44,11.00,8.45,6.00
288.00,-2.78,3.79,4.79,6.05,12.23,10.25,7.35,3.11
292.00,1.47,1.09,7.69,11.19,9.93,7.83,2.64,-2.80
296.00,0.81,3.57,6.52,12.55,9.85,4.03,2.67,-7.16
300.00,5.02,4.69,9.56,11.68,8.60,6.02,-0.62,-7.44
304.00,3.15,9.58,11.29,8.50,3.78,-1.78,-4.64,-14.14
308.00,9.08,10.06,10.74,10.06,1.23,-3.42,-7.11,-14.12
312.00,7.28,11.82,7.65,3.93,2.03,-7.61,-14.54,-15.47
316.00,6.84,9.99,4.97,4.35,-1.84,-11.62,-12.79,-13.75
320.00,11.48,8.04,2.88,-0.29,-8.18,-11.51,-17.83,-14.64
324.00,7.90,6.30,4.67,-1.60,-7.13,-13.25,-15.14,-15.58
328.00,9.79,7.54,-2.21,-8.32,-10.77,-13.61,-13.99,-12.70
332.00,7.13,3.75,-4.45,-7.45,-12.25,-13.38,-14.15,-5.55
336.00,2.81,-0.36,-4.56,-9.40,-12.54,-16.36,-12.93,-3.57
340.00,3.67,-2.19,-10.80,-15.64,-16.65,-12.99,-8.08,0.83
344.00,0.91,-6.02,-8.62,-13.81,-16.16,-12.91,-4.48,9.43
348.00,-3.21,-8.13,-13.36,-15.33,-15.08,-9.22,3.83,11.19
352.00,-7.72,-9.22,-16.05,-15.57,-11.98,-4.19,6.89,18.31
356.00,-9.16,-11.62,-13.47,-14.98,-9.40,-0.80,10.04,20.02
360.00,-10.30,-13.40,-13.33,-12.02,-2.62,6.88,13.89,25.37
364.00,-13.02,-14.35,-12.22,-5.05,-0.25,10.94,21.26,28.54
368.00,-12.29,-14.33,-9.95,-4.88,5.50,14.01,23.63,31.00
372.00,-12.76,-14.15,-7.28,0.48,10.18,18.05,27.94,28.11
376.00,-14.91,-12.07,-2.71,5.88,14.60,21.05,28.23,26.95
380.00,-11.86,-7.52,-2.24,6.43,14.97,22.76,25.81,27.81
384.00,-7.53,-6.22,4.76,13.42,19.09,24.10,29.02,23.10
388.00,-6.19,1.27,6.42,15.50,20.27,27.62,24.69,19.90
392.00,-2.22,2.17,12.31,19.27,24.45,26.09,19.98,14.92
396.00,-3.28,3.90,12.14,21.58,22.91,23.42,19.16,12.68
400.00,3.57,7.88,15.49,21.58,21.82,23.27,13.19,7.06
404.00,7.53,12.44,21.15,21.47,21.21,15.74,10.82,1.49
408.00,10.34,16.39,21.27,24.16,17.51,12.82,6.47,-2.92
412.00,11.10,18.40,22.17,21.44,17.35,12.33,2.69,-4.08
416.00,11.73,18.74,21.58,19.46,12.53,5.43,-2.04,-8.17
420.00,16.60,20.67,18.38,14.77,10.31,3.97,-6.45,-6.55
424.00,15.30,20.02,15.09,14.06,5.14,-0.31,-8.93,-10.84
428.00,16.50,15.12,15.30,10.86,0.48,-5.68,-6.63,-7.13
432.00,16.99,17.34,9.58,3.47,-1.04,-7.84,-10.33,-9.72
436.00,16.13,13.31,6.93,1.21,-3.22,-6.89,-9.21,-7.15
440.00,15.21,9.19,4.81,-0.36,-8.23,-6.33,-9.68,-3.68
444.00,11.13,6.94,2.38,-2.28,-8.10,-6.66,-5.62,-2.75
448.00,8.46,4.75,1.22,-4.09,-7.98,-5.57,-2.36,2.69
452.00,7.83,3.32,-1.82,-5.86,-5.16,-6.60,-0.38,2.29
456.00,6.18,1.46,-7.42,-9.21,-4.87,-4.56,1.90,3.43
460.00,1.57,-1.62,-7.60,-6.56,-5.93,-0.13,3.39,6.71
464.00,-2.95,-2.52,-4.13,-7.79,-4.36,3.33,6.59,7.06
468.00,-3.68,-6.51,-8.19,-3.54,0.41,3.44,8.03,8.70
472.00,-3.15,-3.51,-3.80,-0.60,0.70,6.08,5.11,5.26
476.00,-5.46,-7.87,-4.56,-2.33,3.47,7.60,6.00,2.69
480.00,-4.58,-2.56,-4.03,-0.77,6.44,8.74,4.95,1.68
484.00,-2.90,-5.90,-1.55,4.78,4.93,7.75,5.41,-1.89
488.00,-5.23,-2.18,3.93,5.17,6.91,6.78,1.53,-5.68
492.00,-5.41,-2.48,5.40,6.94,4.77,4.30,-0.60,-6.52
496.00,-0.83,3.77,5.86,5.47,7.15,3.84,-1.61,-12.54
500.00,2.48,3.06,6.92,4.46,5.27,-3.37,-7.46,-15.51
504.00,2.00,5.15,8.29,4.39,2.23,-6.27,-8.94,-17.23
508.00,1.36,5.30,3.75,2.60,-2.15,-5.72,-15.54,-17.99
512.00,5.14,6.61,4.45,3.01,-4.95,-12.37,-16.96,-20.63
516.00,6.22,7.08,4.42,-2.01,-7.88,-11.86,-20.10,-20.48
520.00,6.17,5.41,3.16,-2.51,-13.29,-15.50,-22.91,-21.10
524.00,5.56,1.70,-3.07,-9.37,-14.74,-16.96,-21.05,-17.93
528.00,5.02,1.33,-1.69,-11.32,-15.93,-20.12,-20.11,-13.81
532.00,2.88,-2.29,-7.54,-15.29,-18.65,-21.87,-16.22,-12.29
536.00,1.92,-2.32,-12.03,-16.36,-17.80,-19.71,-13.59,-8.14
540.00,-1.95,-9.23,-13.98,-19.87,-19.79,-15.96,-11.28,-1.38
544.00,-3.29,-8.74,-13.04,-18.39,-19.42,-15.40,-9.82,2.63
548.00,-6.77,-10.54,-15.04,-18.96,-17.16,-13.84,-1.35,4.98
552.00,-9.36,-14.08,-20.23,-18.06,-13.31,-8.99,2.53,9.22
556.00,-11.96,-14.58,-20.35,-18.03,-14.35,-3.69,7.72,17.47
560.00,-11.82,-18.61,-19.45,-17.80,-9.16,-0.99,12.33,18.13
564.00,-15.91,-16.56,-14.98,-13.06,-5.87,3.00,16.50,22.18
568.00,-14.97,-19.39,-15.76,-6.49,-0.02,7.17,19.91,20.38
572.00,-16.08,-18.80,-10.93,-3.03,2.20,15.35,20.28,23.59
576.00,-19.37,-15.77,-9.56,-0.48,7.37,15.87,19.93,22.70
580.00,-14.21,-10.57,-3.84,2.82,12.52,19.05,20.50,21.07
584.00,-13.79,-7.79,-3.57,8.62,13.98,21.03,21.08,19.32
588.00,-10.88,-4.73,1.63,10.86,17.89,20.51,19.21,12.12
592.00,-9.43,-0.14,8.18,11.86,16.11,16.89,16.01,11.71
596.00,-3.09,-0.07,8.68,15.67,19.03,17.35,11.58,6.13
600.00,-2.53,7.03,14.63,17.60,16.90,13.96,9.68,-1.01
604.00,1.20,6.50,16.20,17.06,14.64,11.42,7.05,-1.75
608.00,2.62,10.27,17.18,15.05,11.69,10.31,0.54,-8.56
612.00,6.72,11.34,15.13,14.71,9.45,5.42,-1.59,-8.78
616.00,9.96,12.60,16.07,14.91,9.32,1.55,-7.04,-11.10
620.00,10.43,14.35,14.43,9.14,2.95,-4.96,-10.83,-13.24
624.00,10.56,11.68,10.48,6.06,0.44,-4.94,-14.63,-16.51
628.00,12.97,15.15,8.73,5.01,-1.68,-9.98,-15.20,-17.72
632.00,10.43,11.28,8.70,1.86,-3.97,-10.15,-15.78,-12.36
636.00,13.93,11.13,1.13,-0.91,-7.34,-12.30,-14.00,-15.23
640.00,11.67,8.39,2.59,-5.70,-11.11,-13.32,-12.18,-8.80
644.00,6.24,5.50,-3.25,-8.35,-10.83,-10.95,-13.33,-9.70
648.00,6.71,2.65,-6.40,-8.05,-10.66,-11.72,-8.38,-3.70
652.00,4.87,-0.52,-10.12,-10.54,-9.94,-12.88,-7.49,-0.71
656.00,2.39,-3.07,-9.35,-13.01,-11.99,-10.57,-2.67,1.48
660.00,-0.85,-8.54,-11.65,-9.27,-11.98,-6.05,-0.89,0.08
664.00,-2.45,-10.99,-10.02,-9.40,-8.65,-6.26,1.96,0.94
668.00,-4.34,-10.00,-11.16,-9.45,-8.00,-3.92,2.61,1.43
672.00,-5.63,-10.22,-7.58,-5.37,-3.91,-0.09,1.23,0.86
676.00,-9.14,-7.36,-5.72,-6.24,-2.95,0.67,-0.41,0.49
680.00,-10.81,-8.60,-5.06,-1.86,2.07,3.19,-0.80,-1.83
684.00,-9.28,-6.66,-2.23,-2.21,3.22,-0.16,-2.06,-4.14
688.00,-9.65,-5.05,-3.76,-1.18,0.67,1.12,-3.21,-8.77
692.00,-7.20,-2.87,0.06,2.77,-0.55,1.77,-7.56,-10.42
696.00,-4.72,-2.53,-1.61,4.14,2.33,-3.98,-8.21,-17.45
700.00,-2.80,-1.00,1.92,3.00,1.77,-5.44,-13.62,-17.55
704.00,-1.75,0.62,3.30,-0.33,-0.99,-8.35,-15.80,-21.01
708.00,0.21,2.71,4.48,-0.16,-3.02,-10.34,-21.37,-25.29
712.00,2.72,0.67,2.85,-2.50,-7.03,-16.68,-22.11,-23.36
716.00,1.05,1.74,-0.35,-6.45,-12.23,-20.38,-22.92,-24.82
720.00,0.01,3.00,-2.25,-6.93,-13.76,-19.44,-22.65,-27.07
724.00,2.50,1.29,-2.48,-13.41,-15.53,-20.67,-25.50,-22.71
728.00,3.69,-3.17,-6.80,-13.21,-21.35,-22.80,-24.29,-22.17
732.00,1.42,-6.06,-10.30,-16.64,-23.77,-24.25,-23.38,-16.80
736.00,-3.83,-8.30,-15.55,-18.55,-21.14,-24.67,-18.97,-10.64
740.00,-4.10,-7.60,-14.96,-20.58,-22.95,-21.15,-15.53,-9.35
744.00,-4.89,-11.29,-20.49,-22.87,-22.20,-17.04,-13.85,-1.85
748.00,-9.36,-16.81,-18.63,-22.82,-18.82,-13.64,-5.70,1.94
752.00,-10.14,-16.67,-20.49,-20.50,-19.12,-12.71,-1.94,6.17
756.00,-14.71,-17.58,-23.87,-18.06,-13.27,-5.32,1.42,10.46
760.00,-18.03,-20.25,-20.73,-19.06,-11.45,-0.35,7.55,13.79
764.00,-19.93,-20.45,-16.98,-14.38,-5.10,0.25,11.22,19.26
768.00,-18.25,-19.17,-18.86,-11.30,-4.71,4.11,12.23,22.26
772.00,-18.58,-21.01,-15.29,-9.22,3.18,9.18,17.06,18.34
776.00,-17.02,-16.44,-10.51,-2.64,7.12,12.39,17.28,21.36
780.00,-19.43,-11.36,-8.16,2.03,9.97,14.32,18.69,17.09
784.00,-15.49,-8.70,-5.42,5.83,11.79,18.18,18.11,12.55
788.00,-13.57,-6.23,0.75,10.43,17.44,16.51,18.11,12.24
792.00,-8.35,-2.19,5.95,13.77,14.27,17.34,12.25,6.82
796.00,-7.49,1.59,10.34,14.66,14.98,16.28,12.18,2.16
800.00,-3.30,3.70,11.67,16.95,16.24,15.33,6.87,-2.55
804.00,-2.22,6.67,11.30,16.68,15.96,12.11,5.01,-3.91
808.00,1.81,8.41,15.46,14.92,14.01,4.67,0.67,-11.85
812.00,7.21,10.70,15.42,12.39,11.51,2.22,-4.99,-12.44
816.00,7.85,14.27,15.82,9.94,6.06,-2.59,-8.40,-12.42
820.00,11.86,12.71,12.99,9.21,1.30,-2.86,-11.21,-14.78
824.00,12.62,15.29,9.01,7.68,-0.67,-7.58,-13.15,-19.19
828.00,11.02,11.30,8.26,3.00,-4.17,-12.28,-16.57,-18.16
832.00,10.65,12.56,5.29,-1.64,-9.36,-11.61,-14.70,-14.15
836.00,12.97,8.35,1.20,-1.08,-7.64,-13.62,-15.99,-15.01
840.00,11.50,7.06,0.61,-4.63,-13.45,-15.26,-11.64,-10.41
844.00,8.96,4.99,-4.67,-8.99,-13.49,-12.69,-11.91,-9.79
848.00,7.72,0.75,-8.06,-9.80,-11.98,-11.50,-7.66,-4.05
852.00,4.23,-3.62,-8.39,-12.89,-12.81,-12.74,-7.14,-3.70
856.00,1.70,-3.45,-9.07,-12.32,-10.24,-6.93,-4.28,0.29
860.00,-3.04,-6.85,-11.28,-11.65,-8.85,-8.24,0.04,3.42
864.00,-4.98,-7.96,-11.88,-8.01,-7.05,-2.42,-1.19,0.11
868.00,-7.04,-7.79,-9.19,-9.33,-4.29,-3.49,3.67,3.07
872.00,-5.96,-8.31,-6.67,-6.29,-2.60,-1.58,4.92,0.35
876.00,-6.32,-11.10,-9.45,-5.23,0.67,0.96,4.32,0.86
880.00,-10.24,-7.04,-4.49,-2.64,2.36,2.97,3.54,-3.65
884.00,-7.67,-7.23,-4.25,-2.11,0.25,2.97,1.18,-4.53
888.00,-5.36,-2.36,0.74,0.44,1.72,0.14,-1.38,-6.82
892.00,-5.63,-2.35,2.77,1.49,4.59,0.99,-3.64,-12.41
896.00,-6.32,0.00,0.96,5.01,1.36,-1.52,-5.00,-15.17
900.00,-1.58,1.54,5.46,4.20,1.38,-1.26,-9.46,-18.56
904.00,1.34,2.20,2.75,4.73,-0.92,-9.08,-14.89,-22.19
908.00,3.05,5.10,4.65,1.88,-2.60,-11.93,-15.42,-21.78
912.00,2.54,3.28,4.57,-0.97,-5.42,-15.55,-19.67,-24.12
916.00,4.23,4.28,1.24,-4.76,-7.17,-16.82,-21.71,-22.14
920.00,4.23,4.14,0.25,-6.97,-12.64,-19.08,-20.38,-20.67
924.00,1.76,-0.25,-2.67,-9.39,-14.61,-20.80,-23.63,-21.07
928.00,4.18,-1.35,-4.14,-11.27,-20.00,-20.86,-22.03,-16.07
932.00,0.88,-1.74,-8.15,-16.62,-21.55,-22.65,-21.21,-12.13
936.00,0.02,-2.63,-11.20,-17.02,-20.73,-21.13,-15.96,-9.35
940.00,-0.45,-5.57,-15.01,-19.30,-22.56,-20.39,-11.45,-3.62
944.00,-3.52,-9.22,-16.10,-17.56,-19.96,-18.56,-7.07,2.14
948.00,-5.44,-13.50,-15.64,-17.55,-16.48,-12.82,-3.08,9.13
952.00,-8.37,-16.32,-18.13,-18.63,-16.08,-7.30,-1.02,12.87
956.00,-11.87,-17.72,-18.18,-16.16,-11.22,-4.38,3.91,15.23
960.00,-11.85,-15.15,-19.53,-14.35,-8.53,3.41,10.42,19.51
964.00,-15.92,-16.48,-13.92,-11.12,-4.76,4.43,16.57,22.77
968.00,-16.85,-18.16,-14.73,-8.11,-0.39,7.79,19.88,24.46
972.00,-14.64,-16.99,-12.50,-5.78,6.76,16.22,19.15,26.23
976.00,-13.40,-13.62,-8.75,-1.11,11.74,18.00,22.35,24.05
980.00,-16.03,-10.59,-5.71,2.58,12.48,19.20,22.27,21.78
984.00,-10.93,-7.79,-1.62,11.19,16.05,21.28,24.64,17.75
988.00,-9.77,-2.91,5.03,11.85,21.16,22.71,21.58,15.66
992.00,-8.18,1.10,7.40,14.60,22.42,20.87,18.12,13.59
996.00,-3.30,4.31,12.45,16.13,22.29,21.02,16.87,5.66
1000.00,1.63,7.00,12.28,17.01,19.23,20.00,10.53,2.23
1004.00,1.17,11.05,15.31,22.31,19.38,14.60,8.16,1.00
1008.00,6.87,14.16,20.66,21.95,15.28,11.24,1.95,-5.55
1012.00,9.09,15.14,19.72,16.68,15.00,5.87,-2.05,-4.89
1016.00,10.14,18.88,16.62,18.18,9.65,2.45,-4.43,-11.19
1020.00,16.55,16.96,19.46,15.45,9.29,-0.82,-4.84,-9.65
1024.00,16.45,15.22,15.83,8.40,6.24,-3.41,-7.96,-10.60
1028.00,15.42,17.91,15.62,7.14,-0.74,-7.61,-8.59,-8.75
1032.00,14.97,12.86,10.15,2.61,-0.19,-6.62,-10.47,-10.86
1036.00,13.51,13.27,5.98,2.06,-6.93,-7.82,-9.74,-9.42
1040.00,15.86,11.14,3.62,0.37,-5.55,-6.38,-9.39,-4.79
1044.00,9.74,6.11,-0.86,-3.55,-9.55,-8.05,-4.60,-0.92
1048.00,7.44,2.75,-3.29,-7.02,-6.70,-8.29,-2.93,0.14
1052.00,8.81,2.31,-1.91,-6.59,-6.80,-5.93,-1.83,0.80
1056.00,4.03,0.33,-5.31,-4.51,-5.17,-1.53,0.14,5.94
1060.00,2.59,-5.12,-5.49,-3.93,-3.34,-2.10,4.38,6.66
1064.00,-0.14,-6.17,-6.86,-5.50,-3.56,0.29,7.23,10.19
1068.00,-0.75,-6.29,-5.69,-3.93,-1.54,4.26,9.64,9.80
1072.00,-5.59,-3.06,-1.91,-1.33,3.53,6.70,5.93,7.89
1076.00,-1.89,-6.16,-1.84,-1.08,5.88,6.23,8.48,5.55
1080.00,-3.98,-4.80,-1.80,3.25,6.65,10.07,7.62,5.22
1084.00,-2.53,-1.12,0.94,3.46,7.19,7.47,4.52,2.09
1088.00,-4.15,-0.61,1.31,7.46,8.96,8.89,6.45,-1.40
1092.00,0.93,3.14,4.61,5.50,9.69,7.91,1.31,-6.69
1096.00,0.75,1.40,5.52,10.44,6.02,6.92,-0.69,-7.21
1100.00,-0.24,7.10,7.46,6.57,8.98,3.42,-4.93,-13.32
1104.00,5.98,8.58,6.06,5.95,2.70,0.97,-9.06,-12.27
1108.00,6.41,8.35,8.68,7.61,3.90,-2.04,-12.99,-17.99
1112.00,8.06,8.77,9.01,5.64,0.24,-6.75,-15.83,-16.72
1116.00,6.47,9.00,4.52,2.22,-3.65,-8.11,-16.48,-15.88
1120.00,8.28,5.58,6.54,-2.48,-7.57,-11.77,-16.58,-18.26
1124.00,7.47,3.82,3.37,-1.69,-10.43,-12.66,-14.49,-13.73
1128.00,7.04,6.09,1.81,-7.34,-10.84,-13.89,-17.66,-9.08
1132.00,8.57,1.09,-5.50,-8.98,-15.91,-17.09,-12.39,-6.14
1136.00,3.59,-0.51,-7.59,-12.35,-13.31,-14.89,-12.46,-4.42
1140.00,1.14,-3.42,-11.29,-12.84,-16.60,-15.13,-8.48,3.29
1144.00,-1.45,-3.66,-13.64,-14.86,-14.58,-13.25,-0.97,6.74
1148.00,-4.42,-8.78,-13.49,-13.10,-11.97,-6.09,1.15,14.01
1152.00,-3.25,-8.12,-11.48,-13.97,-11.98,-2.80,6.86,17.27
1156.00,-7.14,-9.80,-14.44,-15.06,-9.27,-0.73,9.57,19.53
1160.00,-7.74,-15.10,-11.68,-9.94,-3.04,6.62,15.50,23.62
1164.00,-10.37,-14.52,-13.42,-6.27,0.52,12.48,21.91,25.72
1168.00,-13.81,-13.42,-11.73,-2.29,6.46,16.08,22.40,28.13
1172.00,-10.68,-13.43,-5.03,1.26,8.28,19.78,24.57,32.41
1176.00,-14.49,-10.07,-3.69,7.21,15.86,23.98,29.66,30.26
1180.00,-12.19,-6.54,-0.74,11.31,16.76,24.20,27.37,29.04
1184.00,-8.33,-4.16,6.07,13.64,20.73,24.58,29.41,22.54
1188.00,-4.98,1.00,10.15,15.39,21.66,28.23,26.78,19.62
1192.00,-5.56,5.50,10.28,19.64,26.14,27.61,21.71,15.77
1196.00,2.31,7.38,17.88,20.93,25.91,27.07,20.61,14.37
1200.00,3.16,11.37,19.58,22.56,26.40,23.07,17.19,7.97
1204.00,9.29,13.58,18.65,25.12,24.75,17.63,12.36,1.86
1208.00,11.01,15.63,20.55,23.78,22.69,13.95,6.08,0.24
1212.00,15.44,18.42,21.90,22.86,17.18,13.17,6.65,-1.78
1216.00,16.00,18.23,23.57,18.13,15.53,6.10,0.75,-3.14
1220.00,18.04,22.18,22.83,19.72,12.96,5.10,-1.70,-7.10
1224.00,20.14,20.60,16.62,15.12,7.30,0.89,-2.05,-6.79
1228.00,16.83,20.00,18.57,12.36,2.38,-1.74,-7.37,-6.65
1232.00,21.17,17.83,13.20,8.20,1.13,-3.36,-7.19,-4.78
1236.00,17.46,17.75,12.07,5.64,-0.53,-5.17,-5.53,-3.18
1240.00,15.94,13.42,6.24,0.72,-2.67,-5.03,-4.69,-0.51
1244.00,14.33,11.73,2.09,-1.99,-1.79,-3.51,-2.11,3.39
1248.00,12.42,9.09,3.45,-3.47,-3.95,-3.83,1.10,6.23
1252.00,10.31,6.03,-1.86,-3.81,-3.59,-3.77,4.15,5.40
1256.00,4.52,0.88,-4.50,-4.02,-1.46,-0.79,4.51,11.39
1260.00,6.12,-1.99,-2.62,-4.16,0.75,2.10,7.36,10.95
1264.00,2.85,0.09,-1.27,-4.72,0.73,5.53,9.43,9.19
1268.00,2.04,-4.16,-1.27,-0.56,0.74,7.47,10.26,9.11
1272.00,-0.01,-1.21,-3.56,3.07,6.06,8.92,11.94,12.15
1276.00,-2.19,-3.33,-1.43,1.42,9.00,11.76,10.45,7.39
1280.00,-0.82,-2.87,2.15,2.81,7.09,12.81,10.38,7.85
1284.00,-1.99,2.13,3.66,7.20,9.39,9.50,11.41,3.71
1288.00,0.42,0.02,4.36,7.30,9.89,9.67,8.36,2.14
1292.00,-1.51,3.97,8.76,9.19,12.55,9.91,1.59,-2.89
1296.00,3.76,4.21,8.14,9.11,7.78,5.38,-0.76,-4.08
1300.00,3.30,6.79,10.44,9.31,6.63,4.00,-3.92,-7.73
1304.00,5.67,7.96,8.21,9.19,3.97,-0.35,-7.24,-14.87
1308.00,7.59,6.85,7.28,9.79,4.69,-2.18,-11.78,-12.78
1312.00,7.34,7.39,8.14,3.63,-1.46,-5.02,-11.20,-16.75
1316.00,8.51,9.96,5.54,2.59,-2.35,-8.00,-12.29,-16.30
1320.00,8.46,8.49,3.04,1.08,-8.09,-11.84,-15.81,-14.29
1324.00,9.29,5.80,4.82,-0.78,-10.77,-15.52,-16.80,-12.15
1328.00,9.81,5.40,-1.19,-4.48,-11.83,-17.34,-15.84,-11.96
1332.00,5.38,1.61,-0.71,-7.27,-12.93,-13.51,-13.07,-8.83
1336.00,3.40,0.98,-8.35,-9.56,-12.90,-16.34,-11.71,-2.80
1340.00,1.76,-2.96,-7.46,-11.54,-16.05,-14.89,-7.71,0.10
1344.00,2.40,-4.59,-11.41,-13.84,-12.60,-10.40,-3.57,8.81
1348.00,-3.51,-6.29,-15.16,-12.24,-14.79,-4.82,3.01,11.40
1352.00,-3.41,-9.03,-15.02,-15.04,-8.58,-3.31,8.82,15.44
1356.00,-7.78,-14.42,-11.99,-15.12,-9.08,1.49,9.29,23.33
1360.00,-10.67,-15.55,-11.58,-10.50,-4.54,6.84,15.25,25.09
1364.00,-10.40,-14.45,-14.24,-5.18,0.06,9.64,21.00,25.98
1368.00,-11.24,-14.57,-8.59,-3.30,4.73,14.52,21.78,29.79
1372.00,-12.19,-10.24,-7.06,-1.00,8.73,20.53,25.10,29.34
1376.00,-12.05,-12.39,-4.30,3.55,15.54,21.42,28.13,28.67
1380.00,-11.15,-7.66,-0.64,10.24,19.30,24.40,27.91,28.28
1384.00,-8.66,-2.08,1.88,14.19,18.65,27.39,28.49,25.77
1388.00,-5.79,-1.48,8.05,14.44,21.59,24.71,25.65,21.87
1392.00,-3.25,1.80,10.53,19.65,25.66,25.76,20.64,17.96
1396.00,0.67,5.80,14.68,22.52,22.17,21.15,16.45,9.28
1400.00,2.34,11.31,17.04,21.01,23.71,20.51,14.84,4.58
1404.00,5.04,14.39,20.75,21.74,21.69,17.25,8.18,3.83
1408.00,10.07,13.34,19.75,19.51,17.87,12.01,7.51,-0.95
1412.00,9.75,18.29,22.36,19.59,16.77,8.24,3.27,-6.56
1416.00,14.06,19.77,21.29,19.00,10.80,6.19,-2.14,-5.00
1420.00,18.27,20.57,20.43,17.74,9.53,3.69,-5.24,-11.12
1424.00,18.39,19.05,16.86,11.60,7.46,0.44,-8.77,-10.60
1428.00,19.66,19.34,12.26,9.13,-0.07,-6.30,-6.41,-11.83
1432.00,18.04,16.56,10.23,2.85,-2.89,-7.05,-8.94,-7.72
1436.00,15.16,11.44,6.59,0.09,-3.36,-9.48,-9.85,-5.98
1440.00,14.42,11.73,2.77,-3.15,-5.96,-10.24,-6.27,-4.15
1444.00,9.61,6.45,2.98,-3.54,-7.49,-7.47,-6.64,-3.34
1448.00,10.46,2.24,-1.79,-6.15,-9.41,-9.25,-5.07,-0.26
1452.00,5.44,2.81,-4.18,-7.97,-5.38,-7.05,-0.45,4.27
1456.00,3.24,-1.50,-3.59,-8.82,-6.37,-1.76,1.79,2.90
1460.00,3.68,-1.83,-6.87,-4.71,-5.48,-2.05,1.29,8.05
1464.00,-2.24,-2.36,-7.13,-6.94,-4.10,1.06,3.72,9.27
1468.00,-4.27,-4.40,-7.29,-2.73,0.51,4.43,6.97,6.10
1472.00,-2.83,-8.43,-7.67,-2.06,3.51,5.85,8.72,7.66
1476.00,-4.73,-7.90,-3.89,-2.91,4.01,7.93,9.31,2.47
1480.00,-6.14,-6.65,-1.56,1.80,3.55,7.10,7.65,4.89
1484.00,-6.09,-3.57,-2.61,4.20,6.99,5.38,5.63,-0.23
1488.00,-2.96,-2.94,3.29,5.58,7.92,4.83,-0.28,-3.77
1492.00,-1.04,-1.51,3.57,8.10,8.67,4.82,1.28,-9.47
1496.00,-0.45,3.43,3.81,5.96,4.85,0.49,-4.64,-10.85
1500.00,-1.80,2.55,5.25,5.43,4.58,-3.17,-9.51,-12.27
1504.00,-0.02,5.10,5.94,7.31,-0.30,-2.46,-9.82,-16.50
1508.00,1.96,5.71,6.72,1.61,-2.81,-8.64,-14.68,-21.38
1512.00,2.28,5.41,4.14,2.91,-2.55,-9.68,-18.73,-20.87
1516.00,7.39,5.06,1.16,-0.57,-6.29,-12.41,-20.62,-21.05
1520.00,7.00,7.01,3.63,-2.65,-8.97,-18.97,-22.85,-22.50
1524.00,6.14,1.03,-3.80,-7.64,-12.19,-19.21,-22.91,-21.31
1528.00,2.37,2.53,-4.84,-9.04,-16.62,-22.39,-22.58,-17.24
1532.00,3.01,0.44,-5.64,-12.11,-18.85,-22.95,-20.47,-14.31
1536.00,2.78,-5.11,-9.96,-15.91,-21.13,-22.36,-16.11,-7.16
1540.00,-1.98,-5.82,-10.62,-19.48,-20.96,-20.33,-10.18,-2.15
1544.00,-4.35,-9.95,-13.49,-20.16,-20.13,-15.98,-8.56,2.35
1548.00,-4.62,-11.71,-16.27,-21.70,-16.95,-11.07,-2.34,6.83
1552.00,-8.56,-12.64,-19.14,-19.76,-15.69,-7.15,1.19,10.16
1556.00,-13.15,-17.67,-20.53,-15.49,-11.11,-2.17,7.43,14.14
1560.00,-16.54,-17.46,-18.63,-13.27,-11.26,-1.59,8.09,21.00
1564.00,-17.91,-20.11,-18.24,-12.09,-3.56,3.49,13.24,19.09
1568.00,-14.89,-16.53,-16.61,-10.00,2.08,9.67,17.15,21.45
1572.00,-14.74,-14.46,-10.77,-4.40,5.98,11.70,18.96,25.41
1576.00,-17.95,-14.12,-10.74,-0.97,8.41,15.63,23.53,24.54
1580.00,-18.02,-12.07,-6.18,1.02,13.03,17.22,22.02,20.86
1584.00,-13.59,-8.72,-2.46,6.48,15.34,17.35,22.25,19.36
1588.00,-11.94,-6.44,1.39,10.95,19.07,21.32,19.15,15.33
1592.00,-7.82,0.41,8.42,13.27,19.88,17.84,15.95,11.48
1596.00,-3.56,1.45,11.71,17.03,16.83,15.59,12.47,3.98
1600.00,-1.15,7.26,11.16,18.41,15.77,15.99,6.82,2.55
1604.00,2.38,8.77,11.92,16.00,18.10,13.79,7.14,-3.53
1608.00,6.89,12.72,14.73,15.51,12.36,10.38,-0.44,-5.40
1612.00,9.15,10.99,16.62,12.83,9.28,6.29,-3.37,-10.22
1616.00,8.32,14.76,13.82,14.14,5.46,1.69,-8.70,-11.52
1620.00,11.69,12.79,13.04,10.31,2.26,-2.39,-7.97,-12.69
1624.00,11.15,15.92,12.12,9.31,-1.26,-7.51,-10.88,-15.33
1628.00,12.51,10.61,11.20,3.09,-5.57,-9.53,-15.56,-17.24
1632.00,12.13,10.09,4.53,2.12,-7.42,-10.44,-15.88,-13.62
1636.00,9.83,10.31,2.20,-3.09,-10.89,-12.72,-13.79,-13.41
1640.00,8.07,5.82,0.86,-7.00,-11.98,-13.52,-12.44,-8.66
1644.00,9.92,4.75,-1.25,-8.31,-10.77,-12.54,-13.87,-7.54
1648.00,5.61,2.10,-5.26,-12.06,-13.71,-11.25,-10.31,-6.79
1652.00,4.67,-4.34,-10.20,-10.27,-12.53,-8.82,-7.42,-1.39
1656.00,-0.97,-5.96,-11.86,-13.33,-10.55,-8.82,-3.25,0.99
1660.00,-1.60,-7.71,-12.73,-13.84,-8.34,-5.97,-1.96,1.48
1664.00,-5.51,-9.75,-12.31,-8.19,-6.79,-2.17,1.52,2.08
1668.00,-5.96,-11.78,-12.75,-8.00,-4.67,-4.34,1.76,0.42
1672.00,-6.40,-8.74,-10.02,-8.17,-2.12,1.29,3.87,-0.66
1676.00,-10.98,-8.72,-7.03,-4.62,0.15,2.04,2.52,-1.06
1680.00,-9.74,-8.57,-7.56,-4.48,-2.09,2.70,1.87,-1.91
1684.00,-10.37,-8.79,-3.62,-3.54,0.27,3.46,-0.90,-6.41
1688.00,-10.09,-5.86,-4.37,-1.27,3.44,1.73,-1.23,-10.00
1692.00,-8.33,-2.56,0.63,0.95,0.54,-0.58,-5.48,-15.11
1696.00,-6.81,0.28,0.28,0.36,0.81,-0.21,-9.58,-17.30
1700.00,-2.53,-1.65,0.87,3.87,1.20,-3.76,-11.11,-18.10
1704.00,-2.28,0.25,4.62,2.96,-3.82,-7.11,-16.21,-20.15
1708.00,-0.00,2.90,0.34,1.67,-6.27,-11.00,-19.47,-26.81
1712.00,2.35,3.80,2.99,-1.72,-10.69,-15.43,-20.02,-27.34
1716.00,1.67,3.01,2.14,-5.93,-12.77,-19.34,-23.79,-25.36
1720.00,-0.03,2.78,-1.69,-5.73,-16.83,-21.80,-27.11,-26.05
1724.00,2.54,-2.44,-5.89,-8.97,-16.00,-20.63,-25.45,-22.86
1728.00,-0.59,-0.97,-7.42,-15.15,-20.10,-22.77,-25.26,-19.57
1732.00,2.51,-2.01,-10.67,-19.03,-23.17,-26.09,-24.31,-14.78
1736.00,-2.83,-5.72,-12.65,-19.67,-23.52,-23.03,-21.57,-14.01
1740.00,-5.83,-11.90,-18.00,-22.16,-25.17,-21.57,-17.37,-7.69
1744.00,-8.45,-12.15,-18.31,-19.82,-23.42,-20.27,-12.30,-2.37
1748.00,-9.45,-16.07,-18.86,-21.09,-21.75,-14.95,-8.63,4.45
1752.00,-13.06,-16.97,-19.81,-21.02,-20.41,-10.40,-0.01,6.12
1756.00,-15.49,-18.96,-23.08,-18.50,-15.16,-8.20,4.77,13.58
1760.00,-17.82,-18.50,-18.78,-17.85,-10.72,-2.61,8.88,17.97
1764.00,-16.43,-18.02,-20.28,-16.39,-7.01,2.29,9.50,16.81
1768.00,-18.95,-20.52,-19.57,-12.08,-0.87,7.16,15.94,20.31
1772.00,-17.37,-18.43,-12.95,-5.15,3.84,9.17,17.10,20.04
1776.00,-20.33,-15.79,-10.17,-5.38,6.91,16.17,17.66,20.39
1780.00,-19.64,-11.96,-7.22,2.93,9.20,16.68,17.33,20.05
1784.00,-16.71,-11.68,-4.77,6.32,10.23,18.86,19.85,15.38
1788.00,-12.45,-6.70,1.48,7.36,14.26,18.07,14.39,12.24
1792.00,-10.53,-4.15,5.23,13.27,18.19,17.35,14.43,7.89
1796.00,-5.77,-0.53,5.77,12.85,18.64,16.92,12.15,1.08
1800.00,-1.07,3.25,10.49,17.24,14.95,14.20,6.56,-0.08
1804.00,0.22,7.41,11.72,17.39,15.79,9.50,4.18,-4.25
1808.00,3.05,7.80,14.30,14.97,15.14,4.77,-2.72,-10.67
1812.00,4.14,12.51,13.97,12.89,10.71,3.89,-5.01,-10.85
1816.00,7.37,12.25,14.76,12.60,5.27,-2.08,-9.00,-15.05
1820.00,11.66,11.89,15.13,9.97,5.13,-5.51,-13.63,-17.67
1824.00,14.23,11.40,10.10,7.36,1.55,-7.46,-14.63,-17.05
1828.00,12.81,14.53,9.60,2.88,-3.06,-12.16,-13.19,-15.11
1832.00,10.88,8.21,5.55,-2.21,-7.25,-13.26,-14.42,-16.01
1836.00,12.84,9.41,3.11,-3.80,-9.74,-13.67,-12.72,-11.18
1840.00,8.70,4.08,1.88,-7.53,-13.79,-12.36,-12.38,-13.16
1844.00,9.33,3.59,-5.45,-9.12,-11.88,-14.44,-10.39,-7.55
1848.00,3.09,-1.83,-4.46,-12.36,-10.39,-10.12,-10.93,-7.18
1852.00,2.37,-2.22,-6.96,-11.96,-13.44,-12.25,-4.69,-4.07
1856.00,-0.70,-4.26,-8.12,-9.47,-12.10,-6.99,-4.52,0.71
1860.00,-2.02,-8.46,-10.49,-12.04,-10.84,-6.79,-3.62,1.70
1864.00,-6.13,-9.11,-12.49,-11.68,-5.94,-5.85,-0.37,3.63
1868.00,-3.69,-10.00,-9.58,-9.49,-6.94,-0.56,2.85,1.76
1872.00,-9.73,-8.88,-6.83,-4.06,-5.32,1.70,3.01,-0.51
1876.00,-7.90,-8.94,-6.42,-2.47,0.38,3.35,1.34,2.63
1880.00,-9.49,-6.14,-4.45,-0.34,1.31,1.99,1.70,-1.37
1884.00,-5.41,-6.10,-5.11,2.39,3.34,5.37,2.10,-2.40
1888.00,-8.15,-2.70,-1.95,-0.02,4.25,4.83,0.20,-5.33
1892.00,-5.28,-4.17,1.81,5.18,3.45,-0.02,-4.80,-9.03
1896.00,-4.51,1.08,2.32,2.25,3.64,-1.14,-5.90,-15.77
1900.00,-2.45,-0.75,3.33,5.53,-0.14,-4.70,-11.42,-17.14
1904.00,-0.67,1.38,3.77,1.82,1.01,-4.64,-11.53,-18.20
1908.00,1.78,1.41,5.19,2.56,-5.21,-12.11,-18.47,-21.63
1912.00,1.16,5.90,4.55,-1.70,-6.30,-12.39,-21.08,-23.84
1916.00,1.91,4.41,2.10,-5.12,-11.29,-15.95,-19.30,-25.47
1920.00,2.81,5.50,-1.42,-4.56,-10.34,-17.98,-20.93,-21.74
1924.00,5.10,0.41,-4.31,-9.49,-16.01,-19.73,-20.63,-20.57
1928.00,5.83,-2.22,-5.02,-11.24,-15.16,-19.30,-21.42,-18.15
1932.00,3.27,-0.91,-7.09,-14.72,-17.51,-24.00,-18.48,-12.05
1936.00,1.57,-5.83,-12.41,-17.98,-18.27,-19.10,-15.53,-9.40
1940.00,-3.73,-8.25,-11.53,-19.66,-20.09,-20.52,-12.45,-5.03
1944.00,-5.21,-11.09,-16.85,-21.25,-19.42,-15.22,-9.01,2.75
1948.00,-6.59,-14.11,-17.95,-19.96,-15.68,-13.91,-4.00,7.31
1952.00,-10.52,-12.66,-19.38,-21.01,-14.56,-7.12,3.58,10.50
1956.00,-13.93,-15.58,-17.33,-18.01,-9.76,-5.44,6.70,17.76
1960.00,-15.29,-16.06,-15.68,-13.67,-7.27,2.30,10.62,18.44
1964.00,-16.03,-16.76,-15.30,-12.49,-5.48,8.18,15.49,21.44
1968.00,-17.96,-18.69,-14.53,-8.47,-1.53,12.00,16.18,22.55
1972.00,-15.86,-13.90,-13.57,-2.96,2.88,14.38,20.29,24.31
1976.00,-17.41,-12.60,-8.20,-1.79,9.36,19.09,23.83,22.88
1980.00,-15.42,-8.34,-4.77,6.35,11.08,20.38,23.15,19.93
1984.00,-10.20,-8.48,2.28,10.51,16.47,21.07,20.88,21.31
1988.00,-12.01,-1.57,3.45,14.43,19.16,24.69,22.22,13.56
1992.00,-8.94,2.52,7.00,13.93,21.35,21.68,20.66,10.16
1996.00,-3.42,5.09,9.46,16.32,19.29,21.75,14.90,9.14
2000.00,1.88,5.47,14.51,18.90,18.49,16.43,13.08,1.54
2004.00,2.41,12.41,18.11,19.28,20.80,12.60,10.07,-0.15
2008.00,9.13,13.05,16.59,17.31,16.77,9.34,2.68,-5.27
2012.00,7.92,16.87,20.50,17.21,13.62,9.15,-1.93,-8.02
2016.00,12.76,15.73,16.82,15.07,11.10,2.30,-1.94,-10.62
2020.00,15.09,18.88,16.40,14.02,6.84,0.96,-4.68,-10.77
2024.00,14.04,16.48,16.75,9.53,3.77,-4.17,-9.37,-13.43
2028.00,14.22,15.56,11.23,5.45,2.45,-6.42,-11.33,-8.82
2032.00,17.63,16.56,11.74,3.40,-1.79,-6.60,-7.87,-9.30
2036.00,13.90,12.14,5.91,3.08,-6.94,-9.88,-11.99,-9.68
2040.00,12.91,11.44,3.08,-1.86,-7.68,-9.83,-6.28,-7.43
2044.00,13.48,5.55,2.53,-3.36,-5.53,-6.24,-5.97,-1.23
2048.00,11.46,5.48,-2.32,-4.95,-7.31,-6.21,-2.96,1.43
2052.00,8.47,2.37,-4.89,-6.21,-7.08,-7.06,-2.63,2.82
2056.00,6.52,-3.19,-4.43,-6.81,-4.72,-3.10,1.75,3.21
2060.00,1.09,-4.32,-6.43,-4.07,-5.29,-0.35,3.43,5.78
2064.00,-1.08,-4.70,-4.37,-5.90,-2.53,4.08,5.23,8.01
2068.00,-3.71,-6.35,-5.11,-5.33,1.03,2.50,6.53,8.89
2072.00,-4.51,-6.59,-6.27,-0.98,0.71,8.49,6.50,7.95
2076.00,-5.66,-3.76,-0.80,0.90,6.90,5.91,6.33,8.80
2080.00,-1.81,-5.99,-1.79,2.37,5.07,10.82,6.11,6.09
2084.00,-4.15,-4.21,-0.99,5.69,5.72,9.83,7.78,3.86
2088.00,-2.79,-2.20,1.88,8.25,7.07,8.49,4.70,-2.03
2092.00,0.31,4.11,4.10,6.80,7.66,7.76,1.26,-3.74
2096.00,1.98,3.85,8.24,8.65,10.02,6.73,-2.33,-10.86
2100.00,-0.15,3.55,6.10,9.81,7.53,0.80,-5.13,-9.66
2104.00,2.53,5.79,6.56,8.53,4.76,-2.25,-6.82,-13.72
2108.00,7.26,7.32,7.32,8.59,1.48,-6.79,-11.33,-14.58
2112.00,8.22,6.16,6.82,2.76,-1.08,-6.89,-13.20,-19.32
2116.00,5.84,9.20,6.86,0.50,-3.25,-10.14,-17.12,-19.41
2120.00,9.51,7.36,6.02,-2.57,-8.00,-14.65,-16.97,-14.41
2124.00,9.81,7.76,3.87,-3.37,-12.18,-16.66,-18.13,-11.92
2128.00,9.94,4.39,-0.91,-6.49,-13.54,-17.85,-17.37,-13.01
2132.00,3.79,4.04,-1.47,-8.93,-11.87,-14.09,-12.50,-9.37
2136.00,6.37,-2.66,-8.59,-12.25,-15.76,-13.90,-8.65,-3.97
2140.00,2.20,-4.46,-8.26,-13.91,-16.48,-15.54,-9.28,1.82
2144.00,1.38,-7.88,-9.78,-12.33,-13.48,-9.09,-3.29,7.53
2148.00,-5.01,-9.06,-13.06,-16.13,-14.55,-9.19,-0.59,14.06
2152.00,-7.55,-10.48,-14.47,-12.66,-9.33,-3.69,5.16,19.94
2156.00,-9.09,-12.34,-14.83,-14.57,-8.98,-0.11,10.07,21.49
2160.00,-12.08,-15.51,-15.30,-8.06,-4.40,4.24,14.33,24.92
2164.00,-13.65,-12.06,-10.23,-7.12,0.16,9.46,18.67,27.86
2168.00,-13.96,-13.50,-12.14,-1.73,7.16,13.41,21.85,31.21
2172.00,-14.77,-10.90,-6.26,-0.01,12.43,17.79,26.02,31.54
2176.00,-10.07,-10.94,-4.98,3.05,14.02,24.48,29.54,29.56
2180.00,-10.67,-7.12,-2.06,8.50,17.06,23.19,28.29,27.12
2184.00,-6.57,-3.54,5.32,15.11,20.94,25.16,25.62,26.55
2188.00,-7.60,0.68,8.04,17.89,23.13,29.47,26.88,23.48
2192.00,-1.61,3.78,11.85,22.03,26.80,24.05,25.99,19.27
2196.00,-1.42,9.09,13.22,21.46,25.34,26.65,18.70,11.10
2200.00,3.47,9.26,19.10,21.34,25.39,20.38,16.61,9.73
2204.00,6.33,12.25,19.47,24.16,21.20,19.40,12.65,5.83
2208.00,8.68,19.40,23.84,23.20,21.80,16.66,8.64,-0.91
2212.00,12.45,21.12,24.58,21.43,18.24,10.04,6.11,-1.28
2216.00,15.01,19.80,23.66,21.36,13.39,5.91,1.83,-3.43
2220.00,18.15,21.33,21.51,19.18,11.21,3.81,-3.72,-7.55
2224.00,18.20,19.17,19.59,15.79,6.41,2.61,-5.60,-6.56
2228.00,17.16,16.85,16.02,13.47,3.66,-0.08,-3.82,-6.41
2232.00,19.05,15.40,12.34,6.82,2.52,-5.27,-8.46,-7.85
2236.00,16.69,17.02,9.61,1.99,-2.09,-4.10,-4.26,-4.89
2240.00,18.57,12.04,5.09,3.02,-1.86,-7.58,-4.74,-0.35
2244.00,11.90,10.89,6.51,-2.04,-2.56,-3.22,-0.44,1.27
2248.00,10.21,5.00,3.05,-0.42,-4.56,-5.38,0.44,2.87
2252.00,8.71,4.36,0.37,-5.60,-5.57,-2.46,1.98,6.20
2256.00,4.47,2.07,-2.09,-6.45,-1.49,-1.56,6.93,9.10
2260.00,3.84,-1.60,-3.73,-5.49,-2.09,1.57,6.51,12.36
2264.00,0.35,-3.75,-4.15,-5.12,-1.94,4.91,7.20,9.74
2268.00,-1.37,-4.56,-3.81,-2.44,4.94,6.16,8.92,11.94
2272.00,-2.89,-1.86,-3.34,1.00,3.47,8.01,11.43,11.62
2276.00,-1.38,-0.85,-1.10,4.12,5.52,11.78,11.90,11.00
2280.00,-0.17,-1.43,-0.83,6.07,6.59,12.23,12.55,6.94
2284.00,-2.21,1.59,2.80,6.49,8.93,10.10,9.79,6.34
2288.00,-1.16,0.57,3.34,9.47,10.12,8.14,7.64,2.81
2292.00,-0.28,2.88,8.48,11.09,9.42,10.78,2.63,-2.79
2296.00,0.08,6.53,9.86,8.83,10.89,4.22,1.60,-7.37
2300.00,2.15,6.03,9.30,10.48,9.77,4.89,-1.84,-11.25
2304.00,6.41,6.14,10.43,8.64,5.43,0.03,-8.16,-10.43
2308.00,6.85,8.95,7.96,6.03,1.78,-2.25,-10.78,-16.19
2312.00,7.81,10.91,9.63,7.12,-0.47,-7.65,-9.96,-16.51
2316.00,10.11,8.62,9.07,1.71,-3.06,-9.65,-13.17,-15.58
2320.00,6.77,10.02,3.10,0.07,-5.17,-9.55,-13.18,-17.33
2324.00,7.81,7.10,3.27,-4.94,-11.25,-12.79,-13.80,-15.28
2328.00,7.16,5.83,2.47,-4.05,-10.82,-15.00,-13.92,-8.59
2332.00,5.08,4.71,-2.22,-8.23,-12.08,-15.00,-15.18,-6.88
2336.00,5.73,1.57,-4.83,-13.18,-12.40,-15.24,-9.74,-2.31
2340.00,3.20,-4.06,-7.82,-13.80,-17.15,-15.11,-5.92,3.77
2344.00,0.43,-5.67,-9.06,-12.24,-12.71,-12.37,-5.34,8.28
2348.00,-3.77,-10.59,-12.67,-13.54,-11.71,-5.31,3.54,13.07
2352.00,-7.13,-12.05,-12.59,-13.46,-10.26,-4.17,5.45,14.98
2356.00,-6.11,-14.14,-13.87,-11.90,-6.74,1.62,10.45,21.59
2360.00,-8.98,-13.28,-13.66,-9.48,-3.89,7.67,15.07,26.42
2364.00,-11.85,-14.14,-10.68,-6.45,2.21,10.07,19.24,29.58
2368.00,-10.55,-13.95,-10.03,-5.32,6.32,12.90,20.93,28.30
2372.00,-15.46,-13.82,-8.27,-2.33,8.22,19.46,27.35,30.30
2376.00,-13.38,-12.44,-6.73,2.18,13.90,22.84,28.70,29.67
2380.00,-10.93,-6.66,-0.30,7.86,17.37,25.33,27.92,24.13
2384.00,-10.98,-2.12,4.32,12.85,19.33,24.85,25.59,23.08
2388.00,-7.76,-1.97,8.26,15.82,21.94,23.46,22.91,20.75
2392.00,-4.58,3.61,11.62,19.22,24.33,24.65,20.78,16.57
2396.00,0.05,5.53,13.63,21.13,22.79,21.62,21.04,10.55
2400.00,2.35,10.06,15.04,20.12,23.47,18.47,16.38,7.54
2404.00,6.24,11.87,20.03,20.94,20.79,15.50,8.87,0.38
2408.00,9.50,13.36,20.71,23.01,20.08,14.88,5.87,-3.08
2412.00,11.79,18.64,21.62,21.22,18.74,9.56,2.16,-5.79
2416.00,12.80,18.35,21.77,20.13,13.12,4.47,-3.84,-8.30
2420.00,16.95,19.46,16.60,16.45,7.75,1.99,-3.01,-7.35
2424.00,15.57,16.31,14.52,11.61,7.81,-0.84,-8.46,-9.21
2428.00,14.94,16.30,12.61,9.08,1.59,-2.11,-9.96,-10.51
2432.00,14.46,16.73,10.30,4.83,0.48,-8.31,-10.24,-8.72
2436.00,15.08,13.49,10.23,1.45,-6.17,-5.73,-10.97,-8.38
2440.00,14.65,10.28,4.69,0.75,-7.55,-8.84,-5.92,-3.41
2444.00,11.99,8.24,2.77,-3.34,-8.86,-7.34,-4.43,-3.47
2448.00,11.51,4.59,-2.71,-4.45,-7.16,-6.81,-3.81,-1.38
2452.00,7.66,4.00,-2.34,-6.31,-8.46,-4.96,-3.96,0.88
2456.00,1.91,-3.30,-6.03,-5.31,-4.02,-2.92,3.03,6.28
2460.00,-0.28,-4.84,-6.62,-6.62,-4.24,0.54,1.79,7.40
2464.00,0.44,-7.02,-4.16,-4.81,-2.76,1.53,5.61,8.77
2468.00,-3.40,-3.64,-6.16,-5.54,-0.51,1.95,8.42,7.78
2472.00,-3.80,-4.27,-6.89,-2.67,3.10,3.65,9.02,6.97
2476.00,-2.74,-6.84,-5.80,-1.98,4.01,8.49,5.65,5.16
2480.00,-3.68,-3.40,-1.32,1.74,6.44,5.41,7.38,0.85
2484.00,-2.69,-3.60,1.46,0.96,5.47,5.61,5.11,-2.53
2488.00,-3.00,-0.92,2.96,3.41,7.97,6.93,0.65,-2.55
2492.00,-1.13,1.27,2.49,7.29,7.58,4.21,-2.96,-5.85
2496.00,-1.42,-0.77,5.94,4.62,3.83,-0.60,-5.13,-11.30
2500.00,-1.57,3.51,3.98,5.47,6.07,-2.53,-7.27,-14.05
2504.00,1.06,6.08,8.44,4.83,-0.66,-6.26,-9.79,-17.11
2508.00,1.09,5.03,5.31,6.10,-3.46,-6.07,-12.40,-17.24
2512.00,4.70,4.97,3.89,2.96,-4.47,-8.86,-16.33,-23.47
2516.00,7.13,7.65,1.64,-2.91,-8.39,-12.60,-18.77,-19.07
2520.00,5.44,3.30,1.65,-4.82,-11.48,-17.24,-20.50,-19.81
2524.00,3.21,5.36,1.19,-6.67,-12.41,-19.86,-19.31,-19.02
2528.00,6.27,2.68,-4.78,-9.36,-15.01,-21.57,-22.17,-17.83
2532.00,3.73,-2.61,-5.59,-15.94,-19.37,-22.53,-17.84,-10.72
2536.00,1.36,-5.48,-10.72,-14.11,-19.77,-21.02,-15.03,-7.84
2540.00,-0.44,-6.28,-14.34,-20.34,-19.90,-19.56,-12.15,-1.74
2544.00,-4.35,-8.09,-16.54,-16.98,-17.73,-17.92,-6.18,3.44
2548.00,-7.26,-13.13,-19.69,-20.05,-20.20,-14.90,-5.07,7.03
2552.00,-11.76,-13.85,-18.90,-17.01,-17.15,-6.23,0.22,13.98
2556.00,-11.99,-16.42,-18.98,-18.71,-14.61,-2.30,7.16,17.85
2560.00,-15.34,-19.18,-16.64,-13.06,-10.09,-0.51,11.04,16.72
2564.00,-14.84,-17.84,-16.77,-13.98,-6.50,5.88,13.60,21.34
2568.00,-18.14,-15.46,-14.78,-6.43,-0.27,7.42,16.73,22.81
2572.00,-19.53,-18.02,-14.19,-3.55,5.45,12.29,17.67,24.97
2576.00,-19.01,-15.19,-9.75,-1.51,8.28,15.18,19.52,23.57
2580.00,-18.23,-13.59,-6.21,2.04,9.51,17.05,20.33,20.70
2584.00,-12.40,-9.34,-1.26,4.71,15.43,20.70,20.61,17.92
2588.00,-12.11,-4.36,2.46,11.49,17.25,19.57,17.46,14.99
2592.00,-6.37,-3.28,7.82,11.36,18.99,20.29,17.93,11.88
2596.00,-4.61,0.14,9.86,16.20,20.65,19.20,12.82,5.62
2600.00,0.33,7.47,11.38,18.48,19.81,13.68,6.72,-1.15
2604.00,1.82,9.57,12.77,17.34,17.39,12.46,6.05,-4.75
2608.00,5.85,10.99,17.70,15.85,16.40,8.14,-0.73,-7.79
2612.00,5.55,11.41,17.64,17.06,10.82,6.72,-3.03,-9.31
2616.00,10.71,13.81,16.98,14.42,8.20,1.68,-9.78,-11.82
2620.00,9.96,15.11,11.60,9.66,2.39,-5.01,-10.02,-16.75
2624.00,13.06,16.38,10.69,9.60,1.08,-4.34,-11.48,-14.23
2628.00,10.76,11.49,9.49,3.03,-3.74,-8.03,-16.21,-17.55
2632.00,12.19,9.69,6.71,-1.67,-4.43,-13.56,-12.78,-16.15
2636.00,12.10,8.17,4.63,-5.21,-9.11,-13.49,-13.67,-13.03
2640.00,10.38,4.79,-0.34,-4.16,-9.38,-13.61,-11.23,-8.44
2644.00,9.36,0.70,-4.05,-6.60,-13.51,-14.00,-11.16,-9.57
2648.00,7.62,1.59,-4.63,-11.57,-14.46,-13.09,-8.40,-7.10
2652.00,3.89,-1.79,-5.78,-12.85,-14.41,-12.64,-5.91,-4.87
2656.00,-1.56,-4.71,-10.50,-10.08,-9.33,-9.77,-2.68,-0.26
2660.00,-3.65,-6.14,-8.31,-11.17,-9.06,-7.76,-2.72,0.57
2664.00,-6.42,-8.63,-8.84,-9.11,-10.41,-5.56,-1.32,2.82
2668.00,-4.57,-9.12,-12.69,-10.67,-4.30,0.01,0.48,3.95
2672.00,-10.41,-11.06,-9.27,-8.19,-3.88,-1.03,-0.31,-0.07
2676.00,-7.46,-7.90,-8.02,-6.16,-2.93,0.63,1.28,-1.68
2680.00,-10.75,-10.80,-7.87,-4.14,1.12,3.51,2.67,-1.36
2684.00,-7.83,-6.51,-4.23,-0.40,1.14,-0.05,-1.69,-3.40
2688.00,-5.85,-4.16,-1.70,-1.70,2.60,1.53,-5.18,-10.01
2692.00,-5.52,-3.89,-1.41,2.08,-0.01,1.28,-6.25,-11.04
2696.00,-3.72,-3.97,2.51,4.33,0.21,-3.09,-8.67,-17.76
2700.00,-1.24,-1.63,1.60,2.51,-1.06,-7.91,-10.43,-20.83
2704.00,0.46,1.44,-0.06,-1.29,-4.94,-9.22,-18.10,-23.05
2708.00,-1.45,0.45,0.64,1.02,-4.07,-9.62,-20.71,-24.16
2712.00,-0.12,1.05,2.99,-3.40,-7.15,-14.50,-21.71,-26.70
2716.00,4.32,2.51,1.03,-3.09,-10.45,-17.36,-25.50,-24.40
2720.00,1.28,-0.77,-1.88,-9.05,-15.16,-18.81,-26.02,-26.89
2724.00,4.66,-1.79,-6.40,-10.63,-16.77,-22.69,-25.21,-23.22
2728.00,1.83,-1.72,-5.98,-13.92,-19.80,-24.88,-24.15,-19.07
2732.00,-1.02,-1.86,-12.27,-18.91,-23.89,-26.43,-20.30,-14.92
2736.00,-1.48,-5.77,-14.31,-18.89,-22.42,-22.41,-17.69,-10.64
2740.00,-5.42,-11.72,-16.92,-21.70,-23.92,-22.18,-15.46,-8.17
2744.00,-8.64,-10.42,-17.34,-24.27,-24.66,-17.06,-10.82,-1.56
2748.00,-8.32,-14.63,-19.99,-23.70,-20.93,-15.22,-6.71,2.16
2752.00,-12.81,-16.91,-21.10,-22.65,-19.07,-11.35,-1.36,6.95
2756.00,-16.44,-21.32,-20.22,-22.51,-15.48,-8.78,2.75,10.91
2760.00,-17.42,-19.49,-22.02,-17.69,-13.32,-2.64,5.37,15.05
2764.00,-18.70,-20.47,-19.82,-16.34,-6.49,1.73,11.67,16.84
2768.00,-17.06,-20.29,-16.85,-12.77,-3.28,6.57,13.94,18.89
2772.00,-21.10,-17.88,-13.57,-7.99,0.10,11.75,17.26,18.54
2776.00,-17.77,-17.82,-10.60,-1.14,5.24,13.70,18.10,17.25
2780.00,-16.61,-12.63,-6.58,0.71,11.52,17.69,19.01,17.46
2784.00,-13.61,-8.38,-3.88,2.98,12.81,16.20,19.65,17.01
2788.00,-14.68,-5.80,-0.90,6.81,16.64,18.04,16.56,12.59
2792.00,-9.33,-1.35,4.65,14.01,18.36,18.69,14.58,9.16
2796.00,-7.07,-0.42,9.33,14.29,15.88,14.34,11.27,3.03
2800.00,-5.48,5.19,9.77,17.12,14.79,11.00,4.68,-3.46
2804.00,1.88,7.28,11.37,13.60,14.93,11.67,3.91,-7.30
2808.00,3.82,8.47,16.19,14.40,12.08,6.79,1.06,-11.22
2812.00,7.80,11.97,13.21,14.49,9.61,5.02,-4.73,-11.19
2816.00,11.15,11.10,16.39,11.90,7.04,-1.37,-10.01,-14.31
2820.00,9.78,15.06,12.43,10.39,0.86,-5.05,-9.00,-15.03
2824.00,11.59,11.27,13.49,6.55,-3.01,-5.52,-15.36,-17.53
2828.00,13.17,11.98,8.62,1.81,-1.91,-8.95,-17.22,-14.04
2832.00,12.27,8.37,8.53,0.56,-8.57,-11.11,-16.70,-17.49
2836.00,9.61,7.67,0.59,-2.03,-11.41,-14.12,-13.34,-14.81
2840.00,10.30,3.31,0.92,-6.14,-12.86,-15.35,-14.52,-9.33
2844.00,8.41,2.18,-3.04,-8.16,-14.03,-12.77,-13.70,-8.40
2848.00,7.36,0.55,-3.62,-8.00,-14.49,-10.36,-10.35,-6.35
2852.00,2.96,-0.26,-7.46,-9.71,-10.59,-10.10,-6.48,-3.60
2856.00,2.18,-6.65,-7.45,-12.84,-13.38,-10.83,-6.22,-1.09
2860.00,-1.33,-6.39,-10.35,-10.70,-9.43,-6.39,-4.47,1.73
2864.00,-5.03,-10.22,-11.62,-9.34,-6.55,-2.41,2.11,3.55
2868.00,-8.04,-8.38,-11.98,-8.90,-6.95,-0.52,0.28,4.43
2872.00,-7.07,-10.39,-7.37,-4.14,-3.08,-0.48,1.46,3.69
2876.00,-8.76,-8.03,-9.02,-4.83,-1.34,0.99,2.69,-0.97
2880.00,-6.47,-9.69,-5.56,0.29,2.20,3.99,0.39,-0.88
2884.00,-6.91,-6.92,-3.88,1.73,2.92,1.71,-0.78,-3.47
2888.00,-6.75,-4.65,-0.38,1.38,2.94,4.15,0.88,-6.95
2892.00,-3.24,-2.67,0.91,1.62,1.25,3.25,-1.80,-12.24
2896.00,-4.03,0.66,1.53,3.16,5.11,-0.11,-5.18,-15.99
2900.00,-0.69,-1.31,5.28,4.18,-0.83,-3.04,-12.05,-18.02
2904.00,-0.17,3.18,3.51,3.82,1.22,-4.63,-14.34,-22.53
2908.00,0.36,4.36,3.38,1.13,-4.70,-10.40,-15.23,-20.52
2912.00,1.94,5.66,4.89,-1.88,-4.48,-13.59,-18.07,-21.35
2916.00,5.50,4.76,2.69,-1.03,-7.72,-16.17,-21.54,-21.35
2920.00,4.15,2.45,0.56,-3.54,-10.38,-18.38,-21.13,-21.79
2924.00,4.32,3.19,-2.77,-9.35,-13.56,-19.42,-23.74,-22.12
2928.00,1.61,2.27,-7.56,-12.39,-19.65,-19.88,-24.06,-17.87
2932.00,3.53,-3.71,-9.26,-16.61,-18.57,-24.07,-20.48,-13.50
2936.00,0.20,-4.31,-9.04,-15.02,-20.52,-19.62,-17.57,-9.40
2940.00,-1.80,-6.88,-12.87,-15.96,-18.29,-18.82,-14.96,-3.88
2944.00,-6.29,-7.85,-15.60,-19.00,-20.96,-17.75,-10.80,0.36
2948.00,-6.85,-11.05,-18.95,-20.00,-18.28,-13.49,-3.81,5.76
2952.00,-8.41,-13.88,-16.17,-20.85,-15.94,-8.77,0.31,13.46
2956.00,-12.26,-13.85,-17.69,-18.03,-14.64,-2.73,6.36,17.70
2960.00,-12.90,-16.46,-19.47,-12.68,-8.84,1.63,13.05,17.41
2964.00,-15.59,-15.40,-14.71,-12.70,-4.56,5.22,13.47,20.81
2968.00,-13.65,-15.30,-15.96,-7.74,-1.53,7.88,16.32,26.14
2972.00,-13.87,-15.08,-9.11,-2.12,3.30,13.76,20.44,25.70
2976.00,-15.43,-13.19,-7.73,1.93,11.51,16.42,22.39,22.46
2980.00,-12.77,-8.44,-3.77,4.47,15.85,21.50,21.08,21.42
2984.00,-10.58,-8.86,-1.00,8.00,14.85,19.43,23.48,19.70
2988.00,-12.18,-2.62,5.72,12.26,17.10,20.60,20.72,17.12
2992.00,-6.98,2.09,10.34,15.73,22.14,22.38,19.00,10.51
2996.00,-5.67,3.81,12.31,18.85,21.42,22.12,13.07,6.21
3000.00,1.78,6.05,16.09,18.10,21.57,20.06,12.91,5.82
3004.00,5.18,9.82,18.82,21.53,21.62,14.60,6.82,0.61
3008.00,8.86,15.51,17.43,20.19,15.69,10.00,4.79,-5.38
3012.00,10.75,18.07,18.15,18.60,13.14,5.54,0.82,-8.75
3016.00,13.40,18.61,16.06,18.33,9.26,5.54,-4.84,-9.35
3020.00,16.95,15.82,18.36,13.54,8.75,2.30,-8.34,-9.65
3024.00,14.51,17.06,17.14,11.37,3.87,-1.22,-7.45,-12.93
3028.00,16.64,18.22,13.46,9.84,-1.56,-5.32,-9.20,-10.13
3032.00,15.28,16.55,9.11,4.08,-3.48,-8.30,-10.59,-8.62
3036.00,14.70,11.68,7.19,-0.49,-5.99,-6.53,-7.41,-7.21
3040.00,13.29,12.30,5.66,-3.99,-4.90,-6.83,-9.58,-6.96
3044.00,9.39,6.28,0.16,-4.07,-9.03,-8.93,-5.24,-3.27
3048.00,7.50,3.02,-3.07,-7.63,-8.47,-4.73,-2.49,-1.86
3052.00,5.05,3.79,-4.36,-5.56,-9.22,-5.14,-3.97,2.11
3056.00,2.20,-0.63,-3.91,-4.90,-6.92,-1.61,-0.15,7.61
3060.00,3.86,-4.94,-7.15,-6.96,-2.45,-1.40,5.36,5.64
3064.00,-0.51,-2.73,-7.72,-6.78,-3.76,-0.55,5.88,9.72
3068.00,-1.71,-3.16,-7.59,-4.22,1.84,6.61,5.76,8.71
3072.00,-4.50,-7.42,-4.32,-1.78,3.20,5.59,10.77,8.17
3076.00,-6.02,-4.76,-2.86,1.12,4.75,6.78,7.43,7.54
3080.00,-2.89,-3.35,-0.53,5.27,6.94,8.64,6.77,3.52
3084.00,-4.15,-4.28,1.99,5.12,6.67,9.39,8.60,1.62
3088.00,-0.72,1.84,1.91,5.26,8.70,10.32,5.15,-2.96
3092.00,-2.53,-0.45,6.22,8.84,7.51,8.55,1.88,-2.62
3096.00,-1.33,5.64,7.98,10.90,8.67,3.78,-2.16,-8.62
3100.00,1.03,6.98,8.29,10.85,5.05,3.75,-4.58,-10.12
3104.00,1.74,7.51,10.45,10.11,2.09,-1.68,-9.27,-11.79
3108.00,5.66,7.00,6.11,7.66,-0.34,-6.72,-13.41,-15.66
3112.00,7.36,6.07,6.04,2.28,-2.58,-7.57,-15.34,-15.75
3116.00,7.36,10.81,7.89,3.92,-2.04,-11.33,-15.24,-15.71
3120.00,5.98,8.23,5.34,-1.30,-7.45,-13.64,-15.39,-16.41
3124.00,7.70,7.67,3.42,-4.88,-10.10,-14.64,-14.56,-12.62
3128.00,7.86,2.17,-0.32,-8.67,-10.45,-15.16,-13.37,-9.57
3132.00,4.87,0.43,-1.23,-7.40,-16.51,-14.38,-11.79,-8.84
3136.00,5.37,1.16,-6.39,-12.45,-16.35,-16.26,-11.31,-1.66
3140.00,3.88,-0.91,-10.17,-13.69,-17.74,-14.32,-6.73,3.60
3144.00,-2.70,-7.18,-10.55,-15.54,-14.15,-13.06,-0.89,5.72
3148.00,-4.96,-9.10,-12.65,-13.06,-13.66,-7.45,0.32,13.40
3152.00,-3.62,-8.47,-14.03,-12.93,-9.86,-2.61,7.19,18.83
3156.00,-9.66,-12.57,-15.32,-14.08,-7.54,-1.14,10.91,22.12
3160.00,-11.78,-15.40,-15.16,-8.43,-5.08,5.01,18.86,26.32
3164.00,-12.64,-15.59,-12.98,-7.85,0.01,9.97,21.41,25.76
3168.00,-13.22,-11.31,-8.32,-3.52,6.64,13.16,25.08,29.53
3172.00,-12.58,-13.79,-7.65,-1.28,11.39,18.53,24.25,29.43
3176.00,-12.20,-11.43,-1.92,3.97,12.82,23.73,25.99,31.68
3180.00,-12.23,-6.93,-0.02,7.33,19.69,23.45,30.65,25.79
3184.00,-10.07,-3.88,5.21,12.95,19.33,27.93,29.98,24.03
3188.00,-8.26,2.15,9.75,16.08,23.15,28.93,27.82,20.70
3192.00,-2.23,3.01,10.89,18.92,24.46,25.78,21.94,17.95
3196.00,-0.43,6.33,16.62,21.80,25.70,25.59,18.05,10.87
3200.00,0.96,13.04,15.97,21.64,23.28,24.31,17.05,10.32
3204.00,6.68,12.03,18.30,22.02,21.91,19.80,14.93,2.22
3208.00,10.93,18.55,21.88,24.74,22.69,16.68,6.65,1.05
3212.00,13.83,20.55,21.99,19.92,20.01,12.79,4.34,-3.66
3216.00,17.82,21.71,19.83,20.17,14.93,7.99,-1.57,-3.11
3220.00,19.26,22.29,19.09,19.56,11.92,4.41,-0.18,-6.02
3224.00,17.91,19.55,18.21,12.05,5.53,2.81,-5.95,-4.67
3228.00,17.42,19.98,17.63,8.56,4.96,-1.56,-7.15,-7.95
3232.00,17.25,20.10,13.23,7.94,-0.51,-2.94,-6.78,-5.85
3236.00,18.98,13.13,11.49,2.80,-0.44,-5.74,-7.02,-5.30
3240.00,15.56,13.45,7.48,3.47,-4.81,-3.32,-4.87,-2.41
3244.00,16.63,9.94,5.57,-0.73,-4.39,-6.16,-4.32,3.23
3248.00,13.78,5.88,0.97,-3.81,-4.19,-2.08,-1.27,4.77
3252.00,9.36,4.40,-0.25,-5.59,-6.20,0.21,1.28,4.88
3256.00,7.24,3.57,-1.72,-2.32,-2.82,-0.05,3.97,11.31
3260.00,2.05,0.54,-2.80,-1.50,-1.01,4.54,4.44,11.86
3264.00,1.63,0.16,-3.79,-0.35,-0.67,2.42,6.96,13.52
3268.00,-0.97,-1.53,-4.61,0.81,4.43,8.05,9.32,12.67
3272.00,-0.10,-5.09,-3.51,-1.04,3.41,6.33,10.47,11.12
3276.00,-2.80,-1.04,0.53,4.87,9.39,9.59,9.61,7.93
3280.00,-1.68,-3.29,2.92,4.46,8.14,12.37,11.05,6.79
3284.00,-2.90,-0.69,2.65,7.41,9.57,12.04,11.16,2.50
3288.00,-0.22,-0.66,7.16,7.25,9.48,12.42,7.72,-1.66
3292.00,2.39,4.06,8.46,8.66,10.39,8.53,6.12,-1.97
3296.00,0.86,3.66,8.35,9.48,10.66,5.31,-1.50,-7.62
3300.00,3.96,7.34,8.95,12.28,9.12,4.38,-2.46,-11.79
3304.00,4.82,10.50,11.46,11.60,6.99,2.84,-6.81,-14.56
3308.00,5.24,11.20,8.12,10.20,2.49,-1.94,-9.83,-15.85
3312.00,7.43,10.25,10.25,3.31,-0.88,-4.14,-12.12,-14.47
3316.00,6.53,10.11,8.62,5.16,-3.60,-8.50,-13.86,-13.87
3320.00,7.26,6.22,6.66,1.13,-4.51,-10.52,-16.63,-17.58
3324.00,10.93,6.05,1.14,-5.25,-7.93,-12.31,-17.16,-15.73
3328.00,7.92,6.49,-0.24,-4.30,-10.12,-16.90,-12.69,-12.92
3332.00,9.01,1.06,-2.48,-8.84,-11.72,-16.90,-13.81,-7.75
3336.00,6.41,0.10,-4.06,-9.34,-13.91,-13.15,-9.57,-0.79
3340.00,1.79,-3.54,-9.05,-12.95,-13.86,-15.36,-6.08,0.22
3344.00,1.82,-4.59,-12.31,-16.77,-14.16,-8.54,-1.53,6.80
3348.00,-2.81,-6.74,-14.73,-16.81,-11.75,-9.48,3.92,14.95
3352.00,-7.61,-11.02,-12.49,-14.43,-9.15,-2.61,6.27,18.12
3356.00,-6.30,-14.65,-13.50,-10.93,-8.81,0.49,10.99,21.06
3360.00,-9.44,-14.68,-11.61,-12.50,-3.55,4.26,16.08,25.64
3364.00,-14.09,-13.13,-13.29,-6.89,-1.41,11.88,19.80,25.61
3368.00,-11.15,-12.31,-9.95,-4.56,4.00,16.03,23.93,26.99
3372.00,-10.86,-10.80,-6.10,1.31,9.73,17.46,25.30,29.70
3376.00,-13.43,-10.09,-6.42,5.87,13.45,22.72,28.78,28.00
3380.00,-12.52,-5.83,-0.49,9.35,18.24,21.78,26.32,27.50
3384.00,-11.77,-6.91,3.75,14.04,19.51,23.60,25.90,21.02
3388.00,-9.72,0.31,9.20,14.76,20.42,23.96,24.26,17.47
3392.00,-3.97,1.33,9.98,19.07,22.25,23.34,20.80,14.31
3396.00,0.36,4.90,14.99,21.29,25.04,22.46,19.08,9.85
3400.00,4.32,11.45,16.65,23.15,21.57,23.28,15.40,7.27
3404.00,5.21,14.65,19.02,20.56,23.63,16.60,10.33,4.13
3408.00,8.32,16.57,20.11,23.91,21.47,11.78,7.35,-1.01
3412.00,13.45,17.25,21.92,21.87,16.89,11.95,0.41,-4.40
3416.00,13.38,16.97,21.67,20.31,12.95,6.68,-2.16,-6.95
3420.00,17.97,18.75,18.35,17.28,10.91,2.67,-2.80,-11.17
3424.00,18.27,18.34,15.50,10.66,3.44,0.43,-7.18,-11.86
3428.00,17.00,15.14,12.57,9.15,1.86,-1.72,-7.87,-8.51
3432.00,14.51,15.97,10.38,6.16,-3.26,-4.19,-10.13,-9.89
3436.00,16.91,11.74,6.42,2.46,-1.43,-7.45,-7.43,-6.29
3440.00,13.35,10.39,6.74,-3.28,-6.72,-7.90,-5.87,-4.29
3444.00,13.91,5.19,0.35,-5.84,-8.10,-8.40,-7.67,-3.97
3448.00,8.44,3.94,-2.24,-4.00,-6.03,-4.97,-2.17,-1.52
3452.00,5.72,2.84,-1.34,-4.44,-8.25,-6.03,-0.31,1.63
3456.00,6.23,0.26,-4.74,-6.72,-6.66,-1.42,-1.46,4.67
3460.00,-0.40,-3.28,-8.34,-7.38,-7.37,1.06,0.69,8.08
3464.00,-0.34,-5.65,-7.23,-6.39,-5.51,-1.00,5.92,6.43
3468.00,-2.24,-7.64,-8.06,-4.69,-0.29,3.24,4.70,9.50
3472.00,-6.68,-6.52,-5.44,-2.43,1.52,6.86,5.65,7.71
3476.00,-3.10,-6.06,-4.03,1.34,1.41,5.43,8.57,6.64
3480.00,-5.86,-5.87,-3.47,0.16,5.82,4.62,5.26,1.03
3484.00,-5.26,-5.40,-2.94,4.62,3.65,8.07,5.42,1.70
3488.00,-4.41,-2.37,0.55,6.49,6.01,3.89,4.65,-4.23
3492.00,-1.83,1.79,1.57,6.62,6.24,3.31,-2.69,-6.87
3496.00,-4.07,-0.51,2.44,7.58,6.75,2.12,-4.93,-10.74
3500.00,1.90,5.47,4.70,4.47,3.50,-0.27,-7.75,-12.99
3504.00,3.47,3.08,7.00,7.31,-0.59,-5.05,-10.91,-19.11
3508.00,0.71,5.34,4.02,4.45,0.61,-5.92,-12.21,-18.92
3512.00,4.71,3.90,2.54,3.58,-6.38,-12.50,-14.77,-20.31
3516.00,3.60,3.84,1.70,-2.55,-5.25,-13.68,-19.69,-20.31
3520.00,4.95,3.27,0.87,-6.07,-11.57,-16.83,-21.88,-20.04
3524.00,5.72,2.66,0.10,-9.86,-13.51,-16.66,-21.72,-17.35
3528.00,6.20,0.68,-3.14,-10.61,-14.07,-22.56,-18.83,-16.34
3532.00,5.33,-1.37,-7.94,-11.58,-19.80,-20.30,-17.25,-13.42
3536.00,-1.30,-3.80,-12.50,-14.38,-22.02,-21.94,-17.77,-5.61
3540.00,-2.05,-7.91,-13.63,-19.31,-21.16,-19.43,-13.28,-3.11
3544.00,-4.46,-9.93,-14.42,-16.96,-20.44,-13.96,-7.03,3.88
3548.00,-7.43,-12.17,-18.85,-18.41,-16.13,-11.42,-1.55,6.39
3552.00,-9.97,-12.58,-18.78,-20.89,-13.94,-6.79,1.75,9.81
3556.00,-10.63,-17.79,-17.53,-18.59,-13.18,-2.14,3.80,17.79
3560.00,-15.21,-17.45,-20.70,-13.86,-9.33,2.81,11.54,20.90
3564.00,-14.28,-20.09,-14.76,-11.17,-5.08,5.06,16.45,22.16
3568.00,-17.75,-15.25,-13.20,-6.95,2.09,9.77,18.25,21.54
3572.00,-18.77,-17.80,-11.76,-5.05,5.30,12.29,19.91,22.23
3576.00,-15.89,-14.03,-9.83,-0.71,10.55,15.49,19.89,20.64
3580.00,-17.15,-11.75,-3.97,4.89,10.09,17.69,22.59,20.26
3584.00,-15.32,-8.07,-0.62,6.42,14.61,21.30,20.22,16.26
3588.00,-13.52,-5.53,4.91,9.58,16.94,21.78,20.27,12.96
3592.00,-7.70,0.66,4.38,11.16,16.81,17.27,13.83,8.33
3596.00,-4.46,-0.35,10.85,14.87,17.85,19.69,12.89,6.83
3600.00,0.03,3.64,14.55,16.94,20.02,13.60,6.92,1.11
3604.00,-0.88,9.09,14.99,19.61,16.06,9.57,2.57,-2.43
3608.00,2.87,11.12,17.89,18.56,13.00,5.92,2.27,-7.70
3612.00,9.13,14.24,14.39,15.73,13.28,4.44,-2.68,-12.83
3616.00,8.26,12.46,14.94,15.42,5.91,2.35,-6.97,-14.48
3620.00,14.11,12.10,15.72,11.75,5.45,-1.74,-9.13,-14.59
3624.00,10.97,15.41,13.28,5.81,2.47,-8.09,-10.24,-15.76
3628.00,11.96,10.87,7.55,3.44,-4.10,-8.21,-13.68,-17.37
3632.00,12.89,11.11,8.81,0.10,-8.63,-12.16,-16.86,-12.75
3636.00,12.33,9.40,3.61,-4.94,-9.12,-15.02,-12.50,-10.87
3640.00,8.43,7.87,-1.09,-7.24,-13.49,-15.68,-12.25,-9.84
3644.00,8.30,2.58,-3.29,-6.56,-11.11,-15.12,-9.51,-8.58
3648.00,7.48,-0.32,-5.29,-8.73,-11.27,-10.74,-10.38,-6.48
3652.00,3.79,-0.77,-6.22,-9.58,-12.17,-11.57,-7.70,-1.17
3656.00,-1.71,-7.57,-7.54,-11.37,-11.10,-7.69,-5.65,-2.27
3660.00,-2.34,-4.96,-11.04,-10.74,-8.48,-8.22,-3.35,2.58
3664.00,-5.66,-7.40,-11.87,-8.52,-10.47,-2.93,1.14,1.06
3668.00,-6.64,-7.73,-11.81,-10.36,-4.95,-1.74,-0.66,0.74
3672.00,-10.31,-9.25,-7.89,-8.19,-3.85,1.22,2.72,1.80
3676.00,-10.85,-9.70,-7.85,-4.89,-3.86,-1.02,1.97,-1.06
3680.00,-7.17,-6.39,-6.36,-3.73,-0.49,0.25,3.37,-1.35
3684.00,-10.17,-5.44,-5.81,-0.89,-0.77,0.59,1.16,-7.26
3688.00,-6.90,-8.16,-0.64,-0.07,2.50,0.64,-0.40,-11.44
3692.00,-8.05,-2.22,-1.14,1.70,0.39,-1.41,-5.40,-14.22
3696.00,-4.75,-0.71,0.43,2.09,1.90,-3.59,-8.40,-15.27
3700.00,-2.84,-0.91,2.42,0.40,-2.86,-7.41,-13.26,-21.07
3704.00,-3.31,1.79,1.60,-1.12,-4.49,-9.21,-16.42,-22.43
3708.00,1.38,4.26,2.44,1.12,-4.54,-12.87,-17.18,-25.93
3712.00,-0.18,4.31,3.26,-2.97,-7.91,-15.24,-19.37,-26.71
3716.00,0.05,1.49,-0.05,-7.30,-13.76,-20.53,-23.27,-26.23
3720.00,4.92,3.16,-0.11,-6.46,-12.86,-22.26,-25.08,-23.24
3724.00,0.49,0.12,-6.73,-12.95,-18.78,-21.77,-26.47,-23.49
3728.00,2.96,-0.70,-8.55,-16.10,-19.84,-22.07,-22.48,-19.93
3732.00,1.85,-4.71,-12.31,-15.47,-21.76,-22.56,-20.62,-17.67
3736.00,0.14,-7.79,-13.60,-17.34,-24.26,-21.83,-17.51,-10.41
3740.00,-2.53,-7.77,-16.94,-20.44,-22.69,-20.80,-15.86,-7.95
3744.00,-5.55,-12.61,-16.64,-20.43,-24.01,-19.90,-13.56,-4.42
3748.00,-8.29,-16.98,-21.52,-20.50,-21.34,-17.17,-7.48,4.26
3752.00,-11.38,-18.84,-19.28,-22.01,-16.24,-13.78,-2.05,9.63
3756.00,-16.38,-17.12,-21.16,-19.71,-17.88,-5.79,3.60,10.16
3760.00,-14.78,-20.48,-19.24,-18.52,-9.99,-0.92,9.48,17.18
3764.00,-15.95,-19.95,-19.70,-15.17,-5.91,4.27,12.22,18.27
3768.00,-19.07,-20.16,-17.82,-10.72,-4.35,7.08,17.05,20.93
3772.00,-18.85,-19.31,-13.43,-8.88,1.35,11.73,15.04,20.03
3776.00,-18.26,-16.28,-10.39,-2.85,6.13,13.14,16.58,19.32
3780.00,-18.49,-12.69,-5.13,2.18,11.01,17.91,19.36,18.39
3784.00,-15.67,-12.59,-2.98,6.61,14.36,17.90,18.32,14.10
3788.00,-13.01,-4.57,0.72,9.85,14.44,19.80,16.50,11.62
3792.00,-11.55,-4.30,3.57,13.34,18.61,18.88,15.48,5.54
3796.00,-7.28,0.47,7.32,13.12,19.18,16.27,12.79,2.82
3800.00,-5.31,4.80,11.26,13.48,15.53,13.52,8.61,-1.54
3804.00,2.52,7.14,13.18,14.87,17.47,10.27,5.03,-4.93
3808.00,2.08,11.54,12.12,14.53,10.46,6.32,-2.78,-10.48
3812.00,7.55,10.27,14.87,12.31,9.44,3.86,-4.44,-11.27
3816.00,9.82,12.44,12.67,12.66,8.51,-3.11,-7.91,-15.14
3820.00,11.76,13.18,11.53,10.72,1.50,-5.65,-9.41,-17.94
3824.00,10.06,15.63,9.40,4.30,-1.37,-10.13,-14.40,-15.55
3828.00,11.06,11.72,10.91,1.09,-3.49,-11.84,-13.63,-18.33
3832.00,10.84,12.69,4.00,0.31,-9.42,-13.63,-13.89,-16.58
3836.00,12.79,8.99,2.62,-3.65,-11.76,-12.73,-15.58,-12.99
3840.00,9.73,3.54,0.60,-7.88,-11.99,-13.03,-14.57,-11.71
3844.00,6.03,5.02,-0.72,-7.50,-11.06,-11.63,-10.70,-8.11
3848.00,7.07,-0.88,-4.75,-7.81,-13.70,-13.41,-11.24,-6.62
3852.00,0.83,-3.71,-6.33,-13.49,-12.29,-12.55,-9.44,-3.13
3856.00,-1.67,-5.58,-9.00,-11.29,-11.68,-9.88,-5.50,-0.01
3860.00,-1.56,-6.99,-12.15,-10.34,-10.56,-3.99,-0.55,2.04
3864.00,-5.76,-6.73,-11.15,-9.93,-7.18,-3.98,-1.23,0.81
3868.00,-6.76,-8.97,-8.70,-10.32,-4.01,-3.18,1.30,2.55
3872.00,-8.27,-7.76,-8.96,-4.52,-2.30,1.60,3.89,3.66
3876.00,-9.61,-7.91,-7.56,-5.94,-1.16,1.93,1.95,2.56
3880.00,-10.68,-9.03,-4.38,-0.52,1.70,1.90,3.92,-2.90
3884.00,-9.27,-7.57,-3.53,0.56,2.07,4.77,2.89,-2.94
3888.00,-8.28,-6.21,0.75,1.79,3.42,3.82,-2.76,-9.10
3892.00,-7.02,-4.98,-0.28,5.05,1.36,1.89,-3.30,-10.29
3896.00,-3.49,-2.10,4.10,1.12,2.86,-2.29,-8.35,-16.58
3900.00,-3.23,-1.41,2.92,1.25,1.59,-1.55,-9.32,-17.21
3904.00,2.18,4.80,1.47,4.13,0.22,-4.62,-13.03,-20.72
3908.00,3.47,2.55,4.99,-0.10,-3.79,-9.65,-15.59,-23.34
3912.00,5.04,5.41,3.18,0.05,-6.66,-13.09,-19.22,-22.41
3916.00,4.87,5.08,2.90,-4.71,-8.10,-18.11,-22.32,-24.17
3920.00,5.45,0.99,-0.03,-5.79,-14.89,-16.51,-22.46,-22.07
3924.00,3.32,4.18,-3.55,-10.70,-13.35,-18.12,-22.42,-18.35
3928.00,2.48,0.69,-3.61,-9.55,-19.52,-19.83,-20.64,-19.27
3932.00,2.86,-0.44,-9.15,-12.73,-17.89,-22.47,-17.69,-13.52
3936.00,-1.69,-3.08,-13.09,-17.26,-19.81,-19.07,-17.53,-10.64
3940.00,-4.26,-5.07,-15.11,-16.01,-22.72,-18.23,-13.65,-1.85
3944.00,-5.85,-11.47,-17.75,-18.15,-20.44,-18.42,-9.41,2.39
3948.00,-5.75,-12.34,-18.19,-17.66,-15.92,-14.53,-1.77,6.65
3952.00,-6.84,-12.59,-19.25,-19.95,-16.97,-10.75,1.46,10.78
3956.00,-9.23,-15.16,-19.94,-17.04,-14.36,-3.72,8.36,13.98
3960.00,-13.37,-19.24,-17.62,-13.02,-10.44,1.22,13.20,17.92
3964.00,-13.77,-15.30,-15.62,-9.51,-4.60,3.72,12.71,22.59
3968.00,-17.59,-16.05,-14.35,-7.12,-1.59,11.20,16.79,24.88
3972.00,-14.62,-15.05,-9.09,-2.85,6.47,16.06,21.11,23.70
3976.00,-16.36,-13.50,-9.05,2.37,9.47,16.65,24.61,23.37
3980.00,-14.11,-9.35,-4.70,3.49,12.41,17.84,21.10,20.17
3984.00,-14.91,-8.37,-1.17,7.85,15.68,19.44,20.88,21.61
3988.00,-11.59,-2.08,3.91,11.41,18.43,19.76,19.60,13.61
3992.00,-9.20,1.30,9.84,15.80,22.57,19.57,20.13,9.75
3996.00,-3.76,4.14,9.58,18.40,19.32,22.12,13.99,7.78
4000.00,1.84,9.14,16.34,20.04,22.81,17.50,13.46,6.00
4004.00,5.10,10.11,14.92,22.27,18.84,15.26,6.31,-1.10
4008.00,5.66,12.97,16.62,17.71,16.27,9.31,4.86,-5.88
4012.00,11.00,13.84,17.53,16.27,14.12,7.25,2.10,-5.42
4016.00,11.78,18.59,19.84,13.90,9.80,3.95,-3.02,-8.71
4020.00,13.55,15.30,17.09,15.17,6.83,0.16,-5.44,-10.52
4024.00,14.56,17.10,14.91,10.89,5.03,-0.48,-6.17,-9.61
4028.00,15.79,16.15,15.60,8.60,1.71,-5.85,-10.15,-10.99
4032.00,17.40,13.92,12.18,6.50,-3.73,-5.25,-9.77,-8.34
4036.00,14.56,13.51,5.70,-1.02,-5.12,-9.60,-7.83,-10.02
4040.00,15.21,8.98,3.96,0.20,-4.91,-6.45,-10.13,-4.37
4044.00,14.11,6.49,-0.32,-6.07,-6.24,-7.65,-6.64,-2.71
4048.00,10.33,1.81,-1.42,-7.19,-9.16,-5.53,-4.38,0.24
4052.00,9.16,0.83,-5.10,-4.48,-5.64,-7.57,-2.96,1.45
4056.00,4.12,-1.31,-5.96,-6.69,-5.29,-0.96,-0.78,6.48
4060.00,2.34,-1.23,-6.49,-5.66,-5.20,-3.01,2.43,8.47
4064.00,0.46,-5.14,-8.16,-4.70,-2.53,4.03,5.98,9.40
4068.00,-4.43,-2.52,-3.52,-3.22,-1.54,3.39,9.91,6.49
4072.00,-1.82,-6.65,-5.44,-3.01,3.76,3.74,8.24,5.94
4076.00,-5.09,-5.79,-2.47,2.19,4.71,8.24,8.97,7.66
4080.00,-5.58,-3.50,-1.45,3.99,5.69,9.38,9.39,2.40
4084.00,-5.96,-1.47,-1.02,4.28,9.37,6.66,6.86,2.99
4088.00,-1.22,-0.35,2.19,8.28,7.04,7.45,5.00,-3.60
4092.00,-2.17,2.53,3.63,5.56,7.94,5.63,0.11,-4.34
4096.00,-2.10,4.05,7.89,10.78,7.57,3.14,-2.37,-10.53
4100.00,1.64,3.44,9.67,10.01,5.49,1.09,-5.52,-9.97
4104.00,2.87,5.37,6.02,9.25,4.92,0.31,-6.66,-16.55
4108.00,7.25,8.21,6.66,5.12,1.18,-6.14,-10.36,-17.74
4112.00,5.65,10.66,6.28,3.77,-0.96,-6.45,-12.91,-16.69
4116.00,10.27,9.48,6.34,2.35,-3.78,-8.92,-16.24,-17.21
4120.00,5.98,7.28,3.47,-2.53,-7.13,-15.21,-15.79,-16.98
4124.00,9.51,8.73,0.09,-5.31,-9.58,-15.64,-14.96,-16.61
4128.00,6.05,6.72,-0.48,-6.25,-14.04,-18.23,-18.15,-13.41
4132.00,8.25,4.03,-2.88,-9.70,-12.41,-15.31,-12.80,-6.69
4136.00,2.23,1.52,-5.60,-11.18,-15.76,-17.43,-13.26,-1.27
4140.00,2.50,-4.43,-10.36,-15.97,-17.67,-14.18,-9.58,3.80
4144.00,0.24,-3.69,-11.50,-14.13,-16.51,-12.89,-1.83,6.84
4148.00,-2.01,-10.63,-13.62,-15.84,-11.87,-5.17,1.94,14.84
4152.00,-5.10,-9.70,-15.68,-11.79,-9.41,-1.32,9.21,16.31
4156.00,-10.03,-13.86,-12.90,-11.42,-5.82,2.25,11.98,24.04
4160.00,-8.00,-14.04,-13.79,-8.65,-3.44,6.30,18.58,23.95
4164.00,-9.33,-15.09,-10.79,-7.00,1.92,12.11,18.29,27.54
4168.00,-14.49,-12.87,-9.41,-2.45,3.53,16.45,23.40,31.79
4172.00,-11.17,-10.12,-6.65,-0.69,8.93,20.19,25.74,28.41
4176.00,-11.48,-11.04,-3.91,6.42,13.61,22.11,29.51,29.44
4180.00,-9.28,-7.40,1.64,11.18,19.32,23.88,26.26,28.50
4184.00,-7.54,-5.16,5.71,14.68,21.05,28.27,27.19,26.40
4188.00,-8.35,-0.65,6.87,16.75,25.62,28.10,23.90,19.01
4192.00,-3.62,2.43,14.38,19.22,24.22,27.12,23.31,15.71
4196.00,1.08,7.15,14.35,24.06,25.38,26.51,21.05,12.62
4200.00,2.78,13.30,20.36,24.13,27.31,23.86,16.57,9.01
4204.00,6.66,16.43,19.63,22.81,24.16,20.58,12.08,3.08
4208.00,10.98,18.52,19.39,23.60,23.62,16.18,8.97,0.86
4212.00,11.78,20.36,21.07,22.86,16.66,12.19,2.14,-1.27
4216.00,17.77,20.39,22.24,21.38,15.50,10.16,1.21,-4.38
4220.00,20.02,18.48,20.25,15.00,13.71,4.03,-4.02,-6.54
4224.00,21.16,21.76,18.08,13.23,7.65,1.34,-3.72,-8.18
4228.00,20.41,21.66,17.89,9.45,2.41,-0.89,-3.94,-7.92
4232.00,20.53,17.29,13.61,5.17,0.75,-2.16,-5.10,-4.03
4236.00,19.75,12.94,10.10,2.08,-3.61,-6.77,-7.13,-4.62
4240.00,14.76,10.55,8.35,0.09,-4.56,-5.14,-5.76,0.53
4244.00,16.00,12.20,5.65,1.28,-4.61,-5.45,-3.23,0.58
4248.00,12.76,7.96,1.55,-3.03,-2.41,-5.15,-0.88,1.68
4252.00,11.05,2.18,-1.72,-5.50,-5.53,-3.99,-0.13,7.44
4256.00,7.55,0.13,-1.99,-3.26,-3.91,0.65,1.97,7.94
4260.00,2.15,0.13,-4.96,-5.14,-0.24,0.46,4.76,12.49
4264.00,3.58,0.14,-2.00,-0.35,-1.56,5.95,10.78,13.36
4268.00,0.26,-4.21,-5.23,1.10,1.85,5.54,10.33,12.08
4272.00,0.71,-4.58,-1.06,-0.81,6.32,9.92,10.07,9.36
4276.00,-2.45,-1.87,-0.33,3.86,9.34,8.16,12.38,8.69
4280.00,-0.07,0.37,1.29,3.03,10.83,10.46,8.90,6.56
4284.00,-1.90,2.18,3.68,7.95,8.85,13.31,7.57,6.33
4288.00,-0.18,2.88,2.78,7.81,10.81,7.73,8.83,-0.51
4292.00,0.12,1.31,6.02,9.24,9.67,9.11,5.91,-1.52
4296.00,-0.47,6.74,8.31,9.41,9.36,7.19,-0.67,-4.33
4300.00,1.31,6.22,8.11,11.24,8.82,1.44,-2.69,-7.82
4304.00,5.22,8.11,8.80,10.53,7.87,0.74,-7.42,-12.02
4308.00,5.55,9.93,8.05,10.14,2.80,-3.11,-9.60,-16.42
4312.00,8.00,9.38,8.97,6.03,2.43,-8.23,-11.88,-14.15
4316.00,8.49,10.28,8.05,2.16,-2.13,-7.22,-14.53,-17.89
4320.00,7.07,9.66,7.42,2.57,-4.30,-10.06,-14.36,-14.17
4324.00,9.48,5.14,0.37,-5.19,-8.19,-14.91,-14.78,-12.94
4328.00,7.28,6.02,1.12,-7.25,-10.24,-16.99,-17.00,-12.91
4332.00,8.23,1.50,-5.40,-9.92,-12.25,-16.57,-12.22,-5.43
4336.00,6.12,2.29,-7.51,-10.37,-16.64,-13.68,-10.85,-2.50
4340.00,4.24,-2.89,-9.80,-13.37,-14.23,-14.41,-5.43,1.01
4344.00,-0.73,-6.65,-10.80,-12.16,-12.25,-12.01,-1.80,5.18
4348.00,-2.60,-10.78,-13.12,-14.35,-14.90,-5.49,3.69,11.82
4352.00,-5.88,-10.19,-13.57,-12.89,-10.37,-3.31,8.10,15.71
4356.00,-5.55,-12.65,-13.72,-10.35,-8.22,-0.46,12.17,20.60
4360.00,-12.52,-14.35,-15.91,-12.61,-2.67,4.11,16.36,22.76
4364.00,-11.52,-15.93,-11.44,-7.60,2.62,8.54,17.85,26.95
4368.00,-13.52,-10.93,-9.68,-3.20,7.16,15.62,24.39,29.10
4372.00,-11.35,-10.15,-9.75,-1.20,11.77,19.58,25.76,28.43
4376.00,-12.29,-12.39,-3.73,5.79,15.83,19.83,27.03,25.96
4380.00,-10.43,-5.81,-0.75,9.71,18.35,26.07,27.53,26.40
4384.00,-9.49,-4.96,2.88,14.23,20.38,23.64,27.34,24.82
4388.00,-8.41,-1.01,5.08,14.42,24.19,25.36,24.70,18.46
4392.00,-6.06,1.65,12.28,18.41,24.53,22.98,21.16,17.67
4396.00,0.57,4.45,14.62,20.71,23.81,23.25,19.93,11.78
4400.00,3.80,9.38,17.58,21.08,21.58,23.04,16.21,7.44
4404.00,4.38,13.24,20.41,22.01,23.31,17.69,9.53,2.96
4408.00,7.94,13.18,20.41,21.61,20.51,11.88,8.28,-2.51
4412.00,10.06,17.41,18.40,20.77,15.09,9.01,2.08,-6.86
4416.00,13.48,18.37,20.42,19.44,14.78,7.42,0.22,-6.58
4420.00,17.20,21.29,17.48,13.27,10.87,1.92,-3.85,-10.80
4424.00,15.91,20.88,15.54,12.95,4.50,-1.33,-7.25,-8.12
4428.00,16.34,14.94,15.46,9.69,1.89,-2.27,-7.05,-8.10
4432.00,19.10,13.80,12.75,6.94,-0.75,-8.80,-9.18,-8.02
4436.00,17.49,14.90,8.94,3.94,-4.27,-6.28,-7.67,-8.08
4440.00,12.16,8.93,6.27,-3.41,-3.87,-10.65,-7.79,-3.95
4444.00,13.92,5.37,-0.15,-4.22,-8.46,-8.06,-6.07,-0.37
4448.00,7.50,1.98,-2.46,-3.14,-7.54,-8.85,-5.31,1.16
4452.00,6.88,0.13,-2.91,-8.47,-7.61,-6.01,-1.63,3.22
4456.00,5.89,0.12,-5.30,-5.87,-4.88,-3.03,2.44,6.05
4460.00,2.07,-1.31,-7.97,-6.64,-5.07,-2.16,5.09,7.22
4464.00,-1.61,-2.80,-6.39,-4.56,-3.70,-1.21,3.15,4.97
4468.00,-3.39,-4.68,-8.18,-6.34,0.71,2.50,6.29,5.64
4472.00,-3.63,-5.84,-7.09,-1.99,3.30,4.03,7.24,8.78
4476.00,-2.77,-6.98,-2.37,-1.11,2.94,4.42,8.09,5.48
4480.00,-6.09,-7.05,-4.31,2.34,3.78,8.60,5.66,4.82
4484.00,-7.60,-2.48,1.96,0.70,5.91,4.65,2.56,0.94
4488.00,-3.21,-2.15,0.06,3.12,8.93,8.06,1.04,-5.52
4492.00,-1.87,-2.49,3.78,5.19,8.79,2.17,-0.48,-5.64
4496.00,-1.59,-0.24,5.89,6.00,7.64,1.97,-3.40,-13.17
4500.00,-2.23,2.64,5.00,8.17,4.43,-1.59,-8.69,-14.15
4504.00,0.74,5.15,6.79,5.98,0.03,-4.92,-10.47,-16.50
4508.00,1.88,5.83,5.30,3.83,-0.61,-10.00,-12.17,-20.10
4512.00,2.99,7.08,5.08,3.75,-6.31,-9.13,-18.87,-21.04
4516.00,7.11,5.12,4.24,0.44,-7.97,-12.95,-19.62,-20.44
4520.00,7.24,6.82,3.57,-3.36,-10.01,-15.33,-21.24,-21.03
4524.00,6.33,3.11,1.02,-8.88,-14.54,-16.52,-18.99,-18.20
4528.00,5.56,2.62,-5.23,-10.25,-17.08,-19.83,-18.96,-18.40
4532.00,4.90,-0.91,-9.30,-14.73,-20.75,-22.98,-20.43,-14.03
4536.00,3.12,-5.91,-8.75,-15.66,-21.71,-21.26,-17.20,-7.53
4540.00,-2.71,-8.87,-10.84,-19.59,-18.05,-19.01,-11.61,-3.60
4544.00,-5.46,-9.06,-15.30,-17.73,-21.60,-15.64,-10.23,3.72
4548.00,-6.39,-10.87,-18.93,-17.30,-18.09,-12.26,-5.80,8.32
4552.00,-10.16,-13.87,-18.97,-17.55,-15.84,-8.77,0.93,9.10
4556.00,-11.71,-15.27,-17.13,-17.53,-10.84,-4.52,7.08,15.18
4560.00,-15.40,-17.95,-20.55,-15.14,-9.80,2.81,9.85,17.84
4564.00,-18.07,-19.30,-16.23,-10.78,-4.23,6.76,14.61,20.83
4568.00,-17.90,-18.16,-13.53,-8.36,1.70,9.94,17.66,21.08
4572.00,-19.67,-16.29,-10.65,-3.16,6.19,14.79,21.92,25.34
4576.00,-14.59,-14.56,-8.14,-0.67,7.06,13.80,20.20,22.08
4580.00,-15.09,-9.69,-5.52,5.24,10.22,16.88,21.21,22.48
4584.00,-15.20,-7.04,-2.95,4.91,16.74,21.85,18.57,15.47
4588.00,-10.98,-7.25,1.32,11.47,18.38,17.83,20.36,13.76
4592.00,-7.12,-0.39,3.81,14.17,18.30,18.87,13.93,8.72
4596.00,-4.32,3.61,8.98,15.03,17.68,20.21,13.36,3.88
4600.00,-2.43,3.99,14.53,16.38,16.06,17.25,8.18,2.11
4604.00,1.49,9.47,16.13,17.39,17.21,12.86,4.28,-3.05
4608.00,3.13,13.42,16.52,14.29,14.69,7.88,2.32,-6.02
4612.00,9.39,10.81,17.55,13.27,11.04,3.74,-3.66,-9.81
4616.00,12.29,13.72,13.65,14.40,9.03,-2.10,-7.65,-12.12
4620.00,14.18,15.76,14.27,9.31,5.63,-0.99,-12.41,-15.89
4624.00,13.11,14.43,13.05,4.72,1.89,-5.69,-11.84,-16.75
4628.00,12.85,15.22,7.67,2.04,-5.31,-9.77,-12.10,-17.58
4632.00,14.62,13.46,5.28,-0.39,-7.33,-11.95,-15.79,-15.46
4636.00,13.54,6.73,1.51,-4.09,-6.57,-12.03,-13.06,-14.21
4640.00,10.51,6.20,1.41,-5.93,-8.75,-14.15,-11.00,-8.55
4644.00,8.49,4.95,-1.21,-6.42,-9.74,-15.02,-13.84,-6.08
4648.00,7.41,-1.30,-7.92,-9.27,-11.80,-11.36,-11.24,-5.69
4652.00,1.64,-1.65,-6.42,-11.16,-14.35,-11.10,-7.39,-0.66
4656.00,-1.64,-7.40,-10.46,-12.79,-10.22,-7.05,-5.40,-1.74
4660.00,-3.84,-4.89,-9.01,-13.38,-10.69,-8.70,-2.84,0.94
4664.00,-6.68,-7.69,-10.98,-11.19,-8.07,-5.92,-1.80,2.60
4668.00,-5.96,-11.95,-12.85,-11.26,-3.56,-3.87,-1.05,2.58
4672.00,-7.91,-7.99,-11.23,-8.30,-3.82,1.21,3.90,0.41
4676.00,-6.61,-10.82,-7.05,-6.59,-0.98,0.46,4.01,-2.37
4680.00,-10.57,-10.70,-4.04,-4.48,0.72,3.70,3.04,-3.47
4684.00,-9.27,-9.19,-6.04,-0.69,2.29,0.20,-1.81,-6.08
4688.00,-5.79,-4.90,-3.55,2.41,2.38,-0.61,-3.54,-6.84
4692.00,-4.97,-2.50,0.26,3.62,1.97,-1.43,-6.14,-12.02
4696.00,-5.37,0.02,2.93,2.51,3.50,-3.11,-9.82,-14.61
4700.00,-2.97,0.10,0.95,0.78,-2.70,-6.45,-12.48,-20.69
4704.00,-0.09,-1.14,-0.13,2.19,-2.17,-10.82,-16.03,-22.57
4708.00,1.70,1.54,0.29,-2.76,-5.96,-13.55,-17.65,-22.78
4712.00,-1.05,0.99,1.40,-0.05,-8.66,-16.01,-21.04,-24.77
4716.00,2.48,4.59,-0.01,-7.04,-13.48,-17.89,-21.78,-25.69
4720.00,4.71,3.01,-2.30,-9.25,-15.53,-21.15,-22.70,-22.72
4724.00,0.72,-1.42,-6.68,-11.76,-19.02,-21.21,-23.39,-22.75
4728.00,0.69,-1.13,-8.94,-16.47,-22.57,-25.53,-23.55,-18.53
4732.00,-1.34,-5.49,-10.29,-15.21,-23.19,-23.30,-21.34,-17.32
4736.00,0.16,-4.71,-15.27,-20.07,-24.36,-24.61,-18.52,-9.86
4740.00,-1.78,-10.23,-16.96,-20.11,-25.28,-20.72,-15.45,-6.42
4744.00,-5.86,-14.71,-17.36,-21.02,-20.86,-21.49,-10.02,-2.52
4748.00,-9.73,-13.33,-21.16,-22.43,-23.66,-14.92,-7.13,1.62
4752.00,-13.30,-15.46,-22.14,-24.16,-20.27,-12.01,-4.08,6.26
4756.00,-13.10,-19.55,-21.22,-22.83,-13.94,-8.02,3.63,10.36
4760.00,-14.62,-22.29,-18.46,-19.38,-10.29,-2.86,4.81,15.22
4764.00,-17.95,-22.12,-19.08,-16.08,-6.15,0.30,11.18,16.08
4768.00,-20.54,-19.31,-15.83,-9.67,-4.08,6.30,13.74,18.96
4772.00,-20.01,-17.99,-15.67,-9.61,-0.17,12.23,19.04,20.23
4776.00,-21.09,-15.81,-13.18,-4.32,4.84,14.33,18.20,21.42
4780.00,-16.32,-13.56,-8.90,2.68,7.80,16.09,21.15,19.87
4784.00,-14.56,-8.32,-3.68,3.53,13.05,19.95,16.83,13.50
4788.00,-15.56,-9.42,2.76,6.89,12.70,18.18,18.84,11.97
4792.00,-10.91,-3.58,2.14,9.92,17.84,14.95,15.24,5.31
4796.00,-4.92,1.84,7.16,12.48,15.57,16.24,11.51,1.02
4800.00,-1.57,5.01,12.30,16.40,17.68,11.28,7.29,-2.25
4804.00,0.04,7.40,14.25,17.85,15.28,10.64,2.16,-4.05
4808.00,2.25,7.93,16.18,17.83,13.10,5.80,0.44,-8.55
4812.00,4.47,10.38,12.37,14.33,11.81,2.56,-6.35,-10.46
4816.00,10.77,12.00,13.01,10.42,6.18,-0.29,-6.16,-17.25
4820.00,11.39,11.96,10.95,9.36,5.58,-6.51,-11.28,-17.38
4824.00,9.76,14.65,9.90,6.96,-2.13,-9.69,-14.82,-16.48
4828.00,13.14,13.10,9.67,4.62,-3.20,-9.92,-14.28,-15.72
4832.00,12.51,8.18,3.76,0.21,-6.89,-12.85,-15.93,-16.45
4836.00,11.53,10.03,4.04,-1.79,-10.54,-15.84,-17.07,-13.63
4840.00,10.42,5.66,0.43,-3.95,-9.76,-14.09,-13.13,-9.53
4844.00,6.53,2.45,-3.21,-9.03,-14.79,-13.29,-12.40,-10.26
4848.00,6.94,0.15,-4.28,-8.19,-14.82,-11.27,-9.00,-5.56
4852.00,4.95,-3.20,-7.06,-10.24,-10.92,-11.51,-8.05,-0.75
4856.00,1.76,-4.59,-10.15,-11.25,-12.41,-7.97,-6.76,-2.53
4860.00,-4.12,-8.95,-11.53,-12.83,-8.99,-4.83,-1.19,2.25
4864.00,-3.93,-6.07,-11.14,-7.81,-6.36,-5.59,0.33,4.30
4868.00,-5.26,-10.68,-8.60,-10.40,-3.36,-0.89,-0.00,1.77
4872.00,-9.44,-8.62,-7.42,-7.28,-4.58,-0.79,2.20,2.44
4876.00,-6.35,-7.30,-5.21,-6.48,-1.85,0.95,1.35,1.50
4880.00,-10.12,-8.81,-4.63,-3.43,1.91,0.78,0.64,0.24
4884.00,-10.31,-8.73,-5.79,-0.97,1.38,4.43,0.04,-4.72
4888.00,-5.36,-6.31,-3.12,1.36,4.72,4.24,0.85,-8.48
4892.00,-4.71,-0.85,-0.16,1.26,3.19,3.42,-3.94,-12.89
4896.00,-2.53,-0.07,2.83,1.48,3.67,0.66,-7.05,-15.40
4900.00,-3.96,-0.84,4.30,3.93,1.15,-2.18,-11.48,-17.42
4904.00,-0.07,3.44,5.86,3.14,0.02,-8.58,-12.99,-20.35
4908.00,0.23,5.20,4.60,1.82,-2.65,-11.00,-18.47,-20.59
4912.00,1.36,4.84,0.70,-1.91,-7.68,-11.43,-20.72,-21.36
4916.00,2.79,2.78,0.06,-2.24,-8.09,-16.04,-19.71,-24.47
4920.00,5.91,4.09,0.14,-6.33,-12.82,-18.90,-21.02,-23.92
4924.00,3.96,0.37,-3.89,-10.16,-15.53,-19.68,-22.14,-18.47
4928.00,5.40,2.27,-7.61,-14.01,-17.03,-21.69,-20.27,-15.39
4932.00,2.01,-2.92,-9.49,-12.01,-19.54,-20.57,-19.28,-15.31
4936.00,0.99,-3.56,-8.83,-18.18,-21.08,-20.96,-16.54,-10.16
4940.00,-2.93,-8.02,-13.81,-20.54,-18.48,-18.74,-13.12,-6.32
4944.00,-5.18,-7.83,-14.27,-21.64,-18.92,-14.97,-10.34,2.80
4948.00,-8.12,-12.19,-15.79,-17.20,-18.02,-11.87,-1.90,5.51
4952.00,-7.07,-13.46,-15.89,-18.21,-16.77,-8.64,1.36,12.99
4956.00,-10.21,-18.71,-18.91,-19.65,-11.10,-1.71,7.94,16.58
4960.00,-13.93,-17.22,-17.28,-15.92,-9.54,0.26,10.32,21.89
4964.00,-12.90,-18.62,-18.35,-11.59,-3.40,8.03,17.47,21.81
4968.00,-18.42,-16.73,-13.40,-9.17,1.94,10.73,16.33,26.41
4972.00,-15.70,-15.37,-8.68,-3.33,4.08,14.72,21.99,23.91
4976.00,-17.58,-13.94,-10.02,2.29,8.70,15.31,24.23,24.80
4980.00,-12.35,-11.62,-3.89,5.60,13.70,21.90,22.32,21.32
4984.00,-12.38,-8.34,1.74,9.13,15.86,21.59,24.66,21.74
4988.00,-8.17,-2.13,2.92,14.97,18.38,21.06,21.37,14.25
4992.00,-9.31,-0.58,8.32,17.22,19.21,23.77,18.73,13.38
4996.00,-1.48,3.30,11.17,19.30,23.32,18.35,14.22,9.53
5000.00,1.23,6.45,16.07,20.66,20.83,19.81,12.68,2.89
5004.00,3.74,11.17,16.80,18.49,21.02,12.94,7.42,-2.67
5008.00,6.61,14.25,19.57,19.90,19.69,12.19,3.36,-4.56
5012.00,9.73,15.82,19.39,17.10,12.45,6.08,1.16,-8.09
5016.00,13.58,15.25,16.06,18.64,10.54,2.13,-3.67,-8.15
5020.00,12.38,16.48,18.75,15.18,8.37,0.29,-6.29,-12.91
5024.00,17.55,17.02,13.22,8.76,2.12,-1.58,-9.82,-10.46
5028.00,15.60,15.00,13.58,6.29,0.71,-6.18,-8.38,-10.10
5032.00,15.39,13.36,11.04,4.26,-3.48,-8.99,-8.44,-11.93
5036.00,17.32,13.72,7.78,2.09,-4.65,-9.96,-11.48,-9.84
5040.00,15.66,11.46,5.65,-3.03,-4.35,-7.42,-10.00,-4.47
5044.00,10.12,6.04,-0.19,-6.16,-5.99,-7.32,-7.76,-2.31
5048.00,7.18,2.49,-1.22,-6.47,-6.77,-8.39,-4.56,-0.33
5052.00,4.68,1.10,-0.92,-8.70,-7.33,-6.33,-1.27,5.12
5056.00,3.53,1.70,-3.48,-6.94,-6.77,-3.61,0.01,5.67
5060.00,0.89,-2.38,-5.40,-4.42,-4.15,1.56,5.67,9.71
5064.00,-0.74,-1.76,-4.45,-5.85,-4.46,0.48,5.62,7.45
5068.00,-4.02,-3.45,-6.36,-4.84,-2.50,2.07,5.15,7.71
5072.00,-4.10,-6.67,-4.77,-3.92,2.98,5.53,10.43,8.10
5076.00,-2.99,-4.62,-2.94,1.42,6.95,10.02,8.43,5.32
5080.00,-3.53,-4.06,1.21,0.42,5.70,9.48,9.29,5.14
5084.00,-2.28,-4.48,-0.55,5.32,7.65,7.45,7.05,3.05
5088.00,-4.48,-1.56,3.16,7.12,11.03,7.50,3.13,-2.74
5092.00,-0.27,2.89,3.19,10.00,7.61,5.24,0.38,-4.44
5096.00,0.61,5.46,8.60,6.13,6.86,6.51,-3.48,-9.32
5100.00,4.23,4.13,6.92,10.13,4.38,1.97,-5.49,-13.92
5104.00,5.10,5.10,6.95,8.92,3.85,-0.62,-8.58,-12.78
5108.00,7.22,9.57,8.10,7.83,2.15,-5.46,-10.70,-17.87
5112.00,5.88,8.44,6.39,5.13,0.03,-8.80,-13.72,-19.24
5116.00,6.30,6.22,8.13,0.84,-2.89,-10.70,-14.14,-16.40
5120.00,10.67,7.95,6.69,-1.92,-6.91,-10.72,-18.83,-14.71
5124.00,6.07,7.55,4.33,-6.20,-9.89,-16.54,-16.59,-16.00
5128.00,6.55,5.55,0.45,-5.58,-13.04,-16.94,-17.41,-12.10
5132.00,6.33,4.34,-2.75,-11.46,-16.14,-15.91,-12.30,-5.51
5136.00,2.04,-2.40,-4.22,-13.31,-13.91,-16.24,-10.05,-4.16
5140.00,3.83,-1.37,-9.18,-15.26,-15.91,-11.84,-6.58,2.40
5144.00,-0.81,-3.40,-9.19,-15.92,-14.20,-9.23,-3.74,6.46
5148.00,-0.52,-6.81,-10.67,-15.43,-12.48,-8.70,3.83,14.95
5152.00,-6.13,-13.00,-13.43,-13.23,-12.57,-5.06,7.75,18.08
5156.00,-6.00,-12.80,-12.35,-10.67,-9.28,2.83,12.54,20.39
5160.00,-9.00,-13.79,-13.02,-7.91,-5.22,7.69,18.48,23.93
5164.00,-12.18,-13.07,-12.87,-8.89,0.21,12.84,21.24,27.60
5168.00,-14.12,-11.62,-11.75,-4.98,4.44,13.59,24.10,29.04
5172.00,-12.63,-13.75,-7.41,1.93,11.93,21.29,26.13,31.57
5176.00,-11.65,-8.51,-2.02,5.14,14.88,23.26,27.37,27.52
5180.00,-8.58,-7.05,1.38,7.82,19.29,23.50,30.04,28.57
5184.00,-9.43,-4.74,5.56,11.49,23.20,26.69,28.29,26.33
5188.00,-4.13,-1.14,8.00,17.31,25.14,24.62,27.12,23.04
5192.00,-5.45,2.55,14.27,17.79,26.09,25.24,25.81,15.32
5196.00,-2.18,9.93,16.93,23.41,23.73,26.17,20.92,10.49
5200.00,2.03,11.35,18.64,22.17,23.12,24.97,14.71,10.36
5204.00,9.14,15.54,19.34,23.24,25.53,21.96,10.20,3.37
5208.00,11.99,18.86,22.67,25.35,23.39,14.56,8.06,-1.09
5212.00,12.19,18.92,23.67,24.61,16.88,11.85,6.07,-0.76
5216.00,13.91,21.31,23.17,22.16,16.44,10.46,0.86,-5.20
5220.00,18.17,21.51,22.60,19.13,10.68,5.79,-4.19,-3.89
5224.00,19.78,20.11,18.43,14.13,6.51,0.12,-4.28,-8.45
5228.00,18.26,17.18,16.08,10.55,2.63,-2.39,-6.47,-4.87
5232.00,16.75,17.37,12.61,6.06,-0.86,-1.84,-6.65,-7.15
5236.00,18.07,15.15,11.59,4.34,-1.29,-5.59,-5.12,-2.59
5240.00,15.19,10.54,9.08,0.55,-4.33,-5.49,-3.17,-2.94
5244.00,13.65,11.32,5.91,-2.01,-2.68,-3.64,-3.65,2.63
5248.00,10.01,8.65,0.06,-3.80,-3.10,-2.30,-3.08,4.14
5252.00,7.06,5.89,-1.47,-4.40,-5.22,-3.00,1.77,5.24
5256.00,8.47,2.15,-3.98,-5.77,-3.39,-2.25,5.11,9.28
5260.00,4.41,0.27,-5.09,-4.78,-1.68,1.08,5.05,12.85
5264.00,3.04,-3.63,-2.13,-0.20,1.96,2.95,7.69,11.57
5268.00,-0.12,-0.89,-2.91,-2.26,4.62,8.18,12.69,10.00
5272.00,-0.77,-4.82,-1.63,-1.28,7.07,6.98,12.47,11.83
5276.00,-1.59,-2.42,-1.56,1.87,6.46,7.88,9.03,11.81
5280.00,-4.50,-2.23,1.89,4.09,8.40,12.63,11.34,9.45
5284.00,-1.86,-2.02,3.91,6.97,10.29,11.22,9.08,2.69
5288.00,-2.85,-0.80,4.82,6.06,9.93,8.56,5.83,2.98
5292.00,-1.40,3.73,5.06,11.30,8.63,8.65,4.77,-3.93
5296.00,3.81,6.02,6.95,11.13,8.87,4.56,-1.69,-4.57
5300.00,3.73,9.07,8.02,9.90,9.50,3.14,-4.09,-7.62
5304.00,5.05,9.11,11.56,7.93,7.82,-1.84,-6.86,-13.45
5308.00,4.95,10.38,9.85,9.34,5.43,-3.43,-8.27,-16.63
5312.00,5.43,8.72,7.42,5.22,1.53,-4.24,-10.47,-17.80
5316.00,10.08,6.82,7.57,3.29,-5.09,-8.48,-15.98,-15.63
5320.00,10.77,6.49,5.89,0.06,-5.54,-12.61,-14.14,-17.30
5324.00,10.28,5.81,1.34,-0.85,-11.40,-13.10,-15.29,-14.51
5328.00,10.24,4.42,0.35,-4.68,-12.54,-13.12,-14.97,-8.85
5332.00,4.26,2.76,-4.94,-10.48,-11.51,-15.96,-14.20,-4.98
5336.00,6.47,-0.10,-5.80,-12.91,-17.10,-12.41,-10.36,-2.44
5340.00,2.57,-4.47,-6.64,-12.75,-17.29,-12.73,-9.31,2.39
5344.00,-0.29,-7.02,-10.42,-13.65,-13.29,-13.02,-3.96,6.91
5348.00,-0.94,-7.86,-10.42,-16.83,-11.52,-6.24,2.78,14.20
5352.00,-6.56,-8.26,-14.48,-15.65,-10.04,-1.86,4.88,16.79
5356.00,-7.41,-11.79,-13.61,-11.42,-6.08,2.47,11.70,21.80
5360.00,-10.39,-14.27,-12.88,-12.59,-4.20,5.93,16.03,25.75
5364.00,-12.86,-11.94,-13.99,-6.24,3.01,7.98,20.64,25.31
5368.00,-15.20,-13.18,-10.61,-1.85,6.43,12.41,20.97,29.81
5372.00,-14.42,-11.18,-8.43,-1.10,9.72,19.59,27.15,31.36
5376.00,-13.50,-11.31,-3.93,2.06,14.89,22.59,28.06,26.06
5380.00,-9.88,-5.47,-2.05,9.34,17.12,22.29,25.07,28.72
5384.00,-8.33,-3.71,1.41,11.13,20.96,23.35,26.30,22.71
5388.00,-5.11,1.33,7.74,17.15,20.38,24.48,23.67,19.65
5392.00,-2.79,3.00,9.52,18.34,23.22,23.92,21.14,14.94
5396.00,0.64,7.10,14.25,21.56,25.50,20.85,18.83,10.22
5400.00,1.30,10.03,17.39,24.30,23.01,20.47,15.45,4.17
5404.00,6.88,12.25,18.26,23.87,22.50,15.86,10.24,1.39
5408.00,7.13,14.57,19.90,20.62,21.08,14.72,6.99,-4.11
5412.00,12.53,19.02,22.84,21.27,14.59,9.79,1.71,-5.74
5416.00,16.11,17.25,21.65,20.12,13.76,3.58,-1.77,-5.01
5420.00,16.01,18.62,17.77,12.91,8.00,1.87,-4.14,-8.10
5424.00,18.59,20.40,15.36,13.90,4.56,-1.13,-6.54,-9.51
5428.00,19.69,14.89,11.78,8.44,0.94,-5.50,-8.25,-7.09
5432.00,17.30,13.77,9.19,6.49,-2.69,-4.94,-6.79,-8.56
5436.00,16.04,11.35,10.49,2.66,-4.46,-9.97,-7.55,-7.25
5440.00,14.12,8.15,3.54,-3.17,-8.22,-9.30,-7.62,-6.12
5444.00,14.08,9.63,3.03,-2.07,-9.55,-9.88,-5.36,-0.88
5448.00,11.33,4.21,-0.38,-5.08,-7.99,-7.39,-1.55,0.70
5452.00,6.72,-0.50,-1.55,-7.37,-7.29,-6.79,0.67,1.79
5456.00,2.37,0.30,-3.68,-7.98,-5.62,-3.10,-0.86,6.46
5460.00,-0.53,-3.54,-4.26,-8.98,-7.22,-1.42,4.66,8.97
5464.00,-3.23,-3.28,-5.56,-7.29,-1.91,-0.38,3.25,9.14
5468.00,-4.18,-7.25,-4.82,-2.62,1.06,5.60,6.40,9.64
5472.00,-4.33,-6.93,-6.53,-3.60,-1.09,6.04,6.06,8.06
5476.00,-3.05,-3.71,-6.24,-0.14,0.84,6.19,6.85,6.00
5480.00,-6.72,-4.42,-2.00,2.66,2.87,4.47,3.97,2.53
5484.00,-6.55,-5.25,-2.22,2.97,4.63,7.79,3.87,-0.75
5488.00,-6.59,-1.05,1.71,3.13,5.41,5.01,0.27,-4.25
5492.00,-1.44,-2.07,5.32,6.44,5.16,2.56,-2.42,-5.46
5496.00,-2.38,-0.64,4.01,5.43,3.06,-0.23,-3.11,-9.48
5500.00,0.89,2.39,7.09,6.78,1.73,1.04,-9.55,-15.50
5504.00,1.71,3.19,4.38,7.34,3.24,-3.79,-11.43,-18.57
5508.00,3.54,4.02,7.78,4.97,-3.39,-6.03,-13.53,-21.87
5512.00,4.61,6.85,3.79,2.98,-2.06,-10.39,-16.21,-19.48
5516.00,4.24,4.75,5.52,1.10,-6.02,-16.28,-21.51,-19.66
5520.00,6.56,2.48,1.99,-3.92,-11.11,-17.87,-19.89,-22.89
5524.00,6.81,5.08,0.89,-8.99,-14.49,-20.44,-21.87,-20.42
5528.00,3.06,2.30,-5.46,-11.88,-17.63,-20.59,-18.39,-13.99
5532.00,2.74,-0.42,-4.79,-12.93,-19.03,-18.65,-18.10,-14.86
5536.00,2.66,-3.54,-11.94,-17.03,-17.26,-19.02,-16.57,-8.97
5540.00,-1.44,-8.31,-11.52,-18.09,-21.25,-17.03,-13.67,-3.38
5544.00,-3.67,-9.19,-16.68,-18.67,-18.43,-13.44,-8.95,2.79
5548.00,-5.44,-12.69,-18.98,-19.70,-18.90,-11.00,-1.35,4.66
5552.00,-7.03,-15.56,-18.32,-20.60,-15.38,-8.11,2.47,9.59
5556.00,-9.69,-16.70,-18.53,-17.38,-14.94,-5.95,7.26,15.46
5560.00,-12.12,-16.98,-17.03,-16.37,-11.11,1.78,11.24,20.94
5564.00,-14.51,-16.61,-18.05,-11.19,-2.64,7.40,16.72,19.13
5568.00,-17.72,-17.33,-15.08,-8.30,-0.07,7.42,15.18,25.31
5572.00,-17.05,-14.32,-11.83,-4.05,1.86,15.38,18.33,21.85
5576.00,-19.04,-15.52,-8.97,-3.14,9.17,15.30,20.96,21.08
5580.00,-16.10,-11.53,-5.27,4.46,11.25,20.27,21.73,20.81
5584.00,-11.75,-7.04,-0.64,9.21,13.17,17.53,18.43,15.35
5588.00,-11.93,-3.22,5.06,11.23,15.62,20.19,18.72,15.25
5592.00,-9.44,-3.21,7.59,11.71,20.59,19.43,15.38,7.98
5596.00,-6.29,4.01,7.98,14.61,17.99,16.58,13.01,7.16
5600.00,-3.57,6.06,13.66,18.36,15.89,14.44,9.17,2.62
5604.00,-0.77,8.66,15.75,15.99,14.26,11.13,3.09,-5.21
5608.00,2.12,12.85,13.57,17.47,14.54,9.00,0.68,-8.69
5612.00,5.72,11.24,15.12,16.41,11.45,4.17,-2.42,-11.02
5616.00,8.54,14.31,13.62,15.60,8.84,2.70,-8.75,-14.88
5620.00,10.55,16.34,16.16,11.78,5.57,-1.81,-12.52,-13.30
5624.00,12.34,15.84,12.51,5.73,-1.55,-5.07,-13.71,-14.61
5628.00,14.66,15.35,11.38,6.07,-1.47,-8.01,-15.36,-16.37
5632.00,11.63,10.20,7.94,1.64,-6.15,-12.20,-16.37,-12.43
5636.00,13.77,7.12,1.11,-0.81,-9.57,-15.57,-15.62,-14.55
5640.00,10.75,3.73,-1.32,-3.80,-12.36,-14.67,-15.74,-9.76
5644.00,5.92,4.78,-2.89,-7.96,-11.65,-15.70,-12.41,-5.67
5648.00,3.83,1.96,-5.10,-8.62,-14.43,-14.37,-10.39,-4.24
5652.00,1.16,-0.75,-5.53,-12.26,-14.14,-10.29,-4.80,-4.41
5656.00,-1.57,-6.79,-10.67,-10.61,-10.77,-10.25,-5.07,0.57
5660.00,-1.31,-5.42,-11.00,-9.89,-7.62,-4.81,-2.62,-1.45
5664.00,-2.89,-7.16,-12.35,-10.23,-6.41,-3.93,0.39,3.79
5668.00,-7.09,-7.69,-8.01,-8.66,-6.77,-0.28,3.54,0.76
5672.00,-6.63,-9.46,-7.96,-7.56,-5.45,-1.55,2.94,1.87
5676.00,-9.11,-9.84,-6.85,-3.85,0.44,2.15,1.88,-1.19
5680.00,-10.07,-8.45,-7.89,-1.12,-0.99,0.86,0.82,-1.58
5684.00,-7.91,-8.54,-4.10,-0.51,-1.00,3.62,-0.34,-7.65
5688.00,-8.78,-4.32,-2.45,-1.69,2.61,2.02,-4.64,-10.33
5692.00,-7.36,-2.60,-2.59,2.31,0.09,-1.89,-3.25,-10.41
5696.00,-5.04,-1.98,2.81,1.21,-0.66,-3.36,-7.80,-14.51
5700.00,-3.70,-1.76,2.99,4.05,1.06,-7.78,-13.73,-18.86
5704.00,-1.42,3.35,3.62,0.76,-3.50,-8.52,-16.44,-21.43
5708.00,0.39,2.05,1.67,0.48,-3.59,-10.25,-20.27,-26.56
5712.00,1.05,2.57,0.50,-4.02,-7.08,-15.00,-24.11,-25.77
5716.00,2.88,3.41,0.50,-4.33,-13.33,-17.83,-24.77,-23.47
5720.00,3.67,1.32,-0.95,-10.13,-13.66,-20.61,-23.31,-22.61
5724.00,2.44,-0.89,-2.37,-12.73,-16.45,-21.93,-24.40,-22.86
5728.00,3.42,-1.99,-5.48,-13.61,-19.46,-25.54,-22.95,-22.09
5732.00,0.86,-3.16,-9.81,-15.84,-24.46,-26.12,-24.87,-16.57
5736.00,-1.98,-8.29,-12.10,-17.78,-24.39,-25.16,-20.46,-13.21
5740.00,-2.05,-9.86,-18.34,-19.51,-23.38,-19.62,-14.86,-5.79
5744.00,-7.36,-12.96,-16.37,-22.12,-21.28,-17.94,-12.03,-1.37
5748.00,-10.80,-15.46,-21.66,-24.27,-21.40,-13.68,-7.91,3.36
5752.00,-9.73,-17.34,-20.43,-24.26,-20.30,-9.88,-3.89,7.89
5756.00,-14.17,-18.48,-23.70,-18.48,-17.09,-6.08,2.93,9.86
5760.00,-18.70,-19.47,-21.86,-19.68,-10.85,-2.75,9.40,17.98
5764.00,-17.76,-18.81,-18.15,-12.70,-5.95,2.97,10.08,17.05
5768.00,-20.11,-18.41,-18.07,-12.58,-4.14,6.01,12.37,18.00
5772.00,-21.64,-18.75,-13.21,-8.63,2.70,10.47,18.16,19.04
5776.00,-18.10,-15.96,-11.15,-4.90,5.68,12.52,16.35,20.97
5780.00,-17.75,-14.73,-4.82,-0.23,11.75,16.30,19.57,19.69
5784.00,-15.99,-12.28,-4.77,2.80,10.34,18.88,20.34,16.06
5788.00,-10.67,-8.63,-0.22,8.17,16.29,18.00,14.62,9.56
5792.00,-11.83,-2.72,2.34,10.29,15.10,18.59,15.82,8.28
5796.00,-7.24,-0.65,9.97,15.20,15.66,15.17,12.44,2.87
5800.00,-5.18,4.38,9.68,15.29,16.78,11.82,7.52,-3.15
5804.00,1.35,5.15,13.75,18.18,12.60,11.14,5.12,-5.17
5808.00,3.46,9.97,15.87,13.74,12.67,4.97,-0.63,-9.46
5812.00,4.70,13.07,15.94,13.62,9.25,1.55,-6.92,-10.45
5816.00,6.65,14.24,14.55,11.12,5.00,1.06,-8.87,-16.78
5820.00,8.77,15.71,14.98,9.57,2.75,-5.11,-10.25,-15.29
5824.00,11.64,12.74,13.45,6.34,0.95,-5.84,-14.60,-16.79
5828.00,11.20,13.30,6.67,2.54,-3.95,-9.98,-12.57,-17.53
5832.00,10.46,11.49,3.85,1.08,-6.16,-11.42,-14.50,-16.68
5836.00,12.78,7.78,2.49,-1.11,-11.70,-14.17,-14.77,-11.99
5840.00,9.33,5.69,0.44,-5.94,-12.71,-14.09,-15.84,-10.03
5844.00,8.96,3.94,-4.94,-9.62,-12.45,-14.38,-14.41,-7.41
5848.00,5.91,0.82,-7.96,-11.69,-12.61,-13.48,-11.62,-5.14
5852.00,2.91,-4.93,-8.14,-10.84,-13.65,-11.47,-5.92,-2.17
5856.00,2.53,-5.33,-11.59,-9.44,-9.74,-9.66,-4.87,-1.32
5860.00,-1.77,-6.30,-9.60,-10.00,-10.28,-7.32,-1.02,-0.50
5864.00,-6.29,-8.49,-10.83,-11.75,-5.77,-1.24,-0.70,1.67
5868.00,-6.76,-7.77,-7.48,-7.24,-4.11,-3.54,0.25,4.67
5872.00,-9.69,-9.44,-9.64,-5.72,-2.02,-1.21,0.23,2.02
5876.00,-8.28,-10.33,-5.36,-3.90,-0.26,1.26,1.59,-0.79
5880.00,-9.06,-6.83,-4.43,-0.35,2.73,3.76,1.81,-2.69
5884.00,-6.68,-8.30,-3.05,-0.03,0.55,3.41,-0.64,-6.47
5888.00,-5.41,-3.67,-1.70,0.74,5.09,3.59,-1.81,-9.18
5892.00,-5.78,-1.42,0.95,3.02,5.71,1.00,-4.25,-12.17
5896.00,-3.03,-0.32,4.40,5.33,3.27,0.32,-8.14,-15.43
5900.00,-2.31,1.43,3.89,3.63,-1.21,-1.58,-11.88,-18.34
5904.00,-2.03,3.58,5.80,2.42,-3.03,-5.62,-14.97,-22.08
5908.00,-0.75,1.58,4.35,3.62,-5.53,-7.62,-19.30,-22.79
5912.00,2.08,3.43,1.15,-1.09,-8.14,-13.40,-21.78,-21.48
5916.00,4.60,2.02,2.94,-0.82,-8.88,-16.10,-20.05,-25.76
5920.00,5.89,4.68,1.26,-6.28,-11.73,-19.42,-21.42,-23.69
5924.00,4.92,2.18,-2.62,-6.85,-16.82,-20.89,-21.50,-19.92
5928.00,1.88,-0.59,-6.15,-9.92,-16.38,-19.20,-20.51,-16.75
5932.00,3.86,0.11,-9.05,-12.83,-17.05,-21.21,-19.09,-12.78
5936.00,0.12,-6.72,-10.94,-18.67,-18.07,-21.01,-15.41,-6.80
5940.00,-3.05,-9.23,-11.05,-17.71,-18.26,-18.96,-13.43,-4.89
5944.00,-5.32,-12.12,-14.65,-18.44,-22.04,-17.58,-9.79,2.63
5948.00,-6.57,-12.59,-19.31,-19.57,-18.13,-13.17,-5.75,4.24
5952.00,-8.51,-13.00,-17.73,-19.32,-16.87,-10.32,1.92,12.09
5956.00,-12.75,-16.44,-16.63,-18.68,-12.54,-5.98,5.58,16.14
5960.00,-12.85,-19.42,-18.01,-14.89,-7.11,-1.32,11.15,19.11
5964.00,-16.23,-19.62,-17.28,-10.25,-2.23,7.49,17.35,23.62
5968.00,-15.10,-16.80,-12.25,-6.13,0.84,12.46,17.36,23.19
5972.00,-16.15,-14.62,-10.56,-2.16,4.20,14.93,20.55,24.10
5976.00,-13.97,-12.91,-5.42,2.03,7.47,18.49,23.77,23.51
5980.00,-13.46,-12.58,-4.40,3.13,11.89,19.23,25.66,20.73
5984.00,-14.67,-8.48,2.18,8.87,15.75,19.58,21.76,17.16
5988.00,-10.16,-4.77,3.74,12.92,17.64,23.32,22.77,14.93
5992.00,-6.03,0.23,7.47,16.21,19.19,19.53,17.60,11.32
5996.00,-1.76,2.81,12.70,17.05,21.20,20.84,13.25,6.55
6000.00,1.92,5.55,16.68,21.53,20.23,18.46,14.34,4.69
6004.00,3.88,10.84,16.39,18.09,21.69,12.65,9.66,0.05
6008.00,7.28,14.36,20.45,19.33,16.62,9.45,1.46,-4.89
6012.00,11.52,16.00,16.30,17.63,14.83,8.66,-2.32,-9.44
6016.00,11.67,17.13,16.81,15.94,9.51,3.48,-2.22,-11.77
6020.00,12.17,19.95,17.97,11.38,9.25,1.05,-7.44,-12.28
6024.00,17.69,16.81,14.73,12.62,6.58,-5.25,-7.19,-9.14
6028.00,14.47,14.20,12.21,8.36,0.83,-4.29,-11.24,-11.67
6032.00,18.49,15.55,9.66,5.26,-4.08,-6.80,-12.34,-7.35
6036.00,17.03,10.18,5.36,-0.67,-4.22,-9.35,-9.31,-9.81
6040.00,15.09,8.70,6.08,-3.47,-8.05,-8.73,-8.08,-6.97
6044.00,9.54,5.88,0.67,-6.34,-6.22,-8.39,-8.64,-0.68
6048.00,8.58,2.47,-3.47,-5.39,-8.70,-6.44,-5.90,0.30
6052.00,7.76,2.87,-4.63,-5.86,-4.95,-4.71,-1.11,4.35
6056.00,3.05,-2.68,-3.36,-7.31,-7.49,-2.67,1.62,3.43
6060.00,2.29,-2.24,-4.38,-8.75,-5.95,0.06,3.07,6.22
6064.00,-2.74,-2.26,-6.95,-6.88,-3.37,1.69,5.29,6.18
6068.00,-1.16,-5.58,-3.17,-3.90,-1.13,4.37,7.34,8.03
6072.00,-1.97,-5.01,-5.54,0.90,3.81,5.09,6.18,9.98
6076.00,-4.26,-5.24,-4.20,2.32,2.41,7.87,9.42,8.22
6080.00,-5.30,-5.84,-3.16,4.64,5.91,10.42,8.45,2.51
6084.00,-3.95,-2.84,0.63,6.73,8.30,9.54,7.32,-0.77
6088.00,-3.45,-1.50,1.75,6.12,10.26,6.25,6.39,-0.43
6092.00,-1.11,-0.17,7.36,5.98,7.96,5.68,1.47,-5.66
6096.00,-2.08,3.04,8.74,8.47,9.93,5.34,-0.56,-7.42
6100.00,0.00,3.03,5.60,7.33,4.51,-0.55,-6.83,-12.42
6104.00,4.26,5.06,7.63,8.56,3.60,-3.59,-6.84,-12.99
6108.00,5.25,8.85,7.30,6.71,0.58,-2.41,-11.76,-15.48
6112.00,8.93,8.85,5.68,5.34,0.17,-8.07,-14.50,-18.80
6116.00,8.90,8.09,5.35,1.31,-3.68,-10.23,-17.86,-16.44
6120.00,7.08,6.96,5.37,-1.81,-6.12,-11.18,-14.12,-17.87
6124.00,8.11,6.69,4.16,-2.65,-12.42,-16.42,-18.87,-13.08
6128.00,5.05,6.02,1.20,-8.75,-11.22,-14.97,-17.04,-13.03
6132.00,6.82,0.69,-4.97,-7.42,-12.73,-14.79,-15.19,-8.39
6136.00,2.40,1.29,-6.66,-10.71,-14.18,-13.74,-11.09,-3.85
6140.00,2.46,-4.81,-9.71,-11.07,-13.21,-12.46,-8.04,1.38
6144.00,0.35,-3.43,-9.52,-14.94,-15.05,-9.07,-5.51,8.54
6148.00,-0.48,-8.37,-11.02,-16.46,-15.55,-9.82,0.24,14.81
6152.00,-6.90,-11.14,-15.83,-15.87,-8.16,-5.05,6.36,15.03
6156.00,-10.32,-14.42,-14.52,-13.56,-5.85,2.09,12.16,22.21
6160.00,-7.73,-13.50,-13.55,-11.42,-2.42,5.02,18.39,26.91
6164.00,-10.45,-11.56,-10.43,-6.10,-1.00,9.08,22.11,28.29
6168.00,-12.46,-12.09,-7.47,-4.11,3.39,17.52,24.48,28.66
6172.00,-11.83,-12.45,-5.14,-0.68,11.13,19.68,24.40,29.72
6176.00,-13.74,-7.01,-1.87,2.71,12.57,23.40,26.24,31.11
6180.00,-9.61,-5.27,1.41,8.53,18.94,24.38,27.08,26.00
6184.00,-10.04,-5.15,5.56,12.41,19.31,28.18,27.23,23.09
6188.00,-5.88,1.77,10.13,14.63,24.22,27.60,25.73,23.12
6192.00,-4.50,4.76,14.30,17.56,24.42,26.68,25.17,19.49
6196.00,2.30,9.04,17.13,23.73,27.68,27.15,19.19,14.62
6200.00,1.64,10.68,17.32,21.17,23.45,22.95,15.60,6.42
6204.00,8.30,16.30,18.30,25.38,24.07,21.92,13.59,5.74
6208.00,11.91,17.10,20.35,22.76,23.48,16.42,10.65,1.09
6212.00,12.60,17.30,20.73,24.26,19.42,14.29,4.03,-3.32
6216.00,16.37,17.95,23.65,21.16,13.40,9.95,1.89,-5.90
6220.00,16.59,22.10,22.47,15.48,11.90,4.89,-2.31,-5.78
6224.00,18.43,21.31,17.33,12.94,8.56,2.37,-4.24,-6.13
6228.00,18.86,19.44,18.44,8.59,4.69,-1.44,-3.50,-8.72
6232.00,19.69,15.85,13.18,8.32,1.41,-1.51,-5.21,-7.41
6236.00,15.92,14.48,11.16,2.92,0.97,-4.12,-4.83,-1.76
6240.00,15.84,14.06,7.59,2.43,-2.48,-6.76,-2.81,-3.43
6244.00,16.60,8.55,5.41,-3.18,-6.47,-3.56,-3.02,0.54
6248.00,10.73,9.00,-0.24,-1.54,-3.55,-1.46,-1.28,4.65
6252.00,10.50,4.03,-0.38,-1.37,-4.70,-3.79,1.08,5.00
6256.00,8.63,4.12,-2.00,-3.00,-3.16,1.05,2.46,10.42
6260.00,4.13,0.32,-4.02,-1.88,0.07,3.93,4.84,11.14
6264.00,0.62,-3.76,-2.15,-1.67,0.20,6.79,10.91,13.04
6268.00,-2.12,-0.53,-4.66,1.16,4.33,6.77,10.39,9.80
6272.00,-2.85,-4.43,-0.24,-1.26,6.22,9.69,9.82,10.97
6276.00,-4.67,-4.98,1.51,2.85,4.52,9.28,11.07,10.78
6280.00,-0.84,-3.83,-1.22,3.25,6.74,9.59,12.29,9.05
6284.00,-2.41,0.66,5.29,6.91,8.72,10.85,6.86,2.36
6288.00,-2.59,-0.68,4.60,10.86,10.71,10.07,6.41,-1.42
6292.00,-1.51,2.76,7.87,12.13,10.08,10.20,2.01,-3.85
6296.00,2.21,5.89,6.04,12.35,8.81,5.76,2.54,-7.77
6300.00,5.11,4.85,10.22,8.13,9.06,1.17,-3.23,-11.56
6304.00,6.04,6.71,11.86,8.20,5.81,-0.62,-8.71,-13.69
6308.00,6.02,10.80,8.26,7.30,4.62,-3.07,-7.75,-16.32
6312.00,8.65,10.98,10.99,4.84,-0.13,-6.13,-11.62,-13.70
6316.00,7.01,10.99,7.13,2.85,-1.83,-10.04,-16.60,-14.31
6320.00,9.44,7.56,5.84,-2.15,-4.17,-13.52,-14.16,-16.31
6324.00,7.05,8.82,4.87,-3.48,-9.43,-14.58,-17.74,-11.59
6328.00,7.02,5.74,-0.55,-4.04,-13.34,-15.43,-16.17,-12.76
6332.00,4.16,0.31,-1.31,-11.30,-14.16,-17.91,-15.26,-7.26
6336.00,2.45,-1.38,-5.34,-12.10,-17.01,-15.54,-9.46,-2.16
6340.00,0.86,-5.00,-6.55,-12.88,-12.94,-12.39,-6.47,2.50
6344.00,0.33,-3.72,-13.44,-12.44,-16.07,-11.43,-3.23,9.89
6348.00,-0.85,-8.99,-10.94,-13.32,-12.79,-8.63,2.52,11.55
6352.00,-5.08,-9.87,-15.23,-15.04,-12.94,-3.63,6.90,16.20
6356.00,-6.22,-13.72,-15.73,-14.38,-7.46,3.25,13.13,23.77
6360.00,-9.46,-13.05,-13.87,-12.71,-3.21,7.51,15.90,26.87
6364.00,-12.06,-13.93,-12.10,-5.80,-0.65,12.17,22.03,26.35
6368.00,-14.73,-14.36,-12.48,-5.83,6.85,15.57,21.16,31.28
6372.00,-13.73,-13.29,-7.04,-0.52,10.00,17.27,27.43,27.52
6376.00,-12.58,-12.26,-3.65,6.06,12.66,23.23,27.17,29.40
6380.00,-11.25,-7.83,-0.36,8.21,17.39,25.12,29.19,25.27
6384.00,-10.96,-3.22,5.26,12.99,21.13,26.97,24.30,23.48
6388.00,-9.70,-1.56,6.69,17.82,24.46,25.36,25.70,21.20
6392.00,-6.58,4.43,12.90,17.81,26.07,26.94,23.48,14.28
6396.00,-2.95,5.86,15.80,19.91,22.45,21.67,16.80,12.83
6400.00,0.87,8.98,18.26,23.41,22.50,20.88,15.27,7.05
6404.00,7.95,14.00,16.71,20.25,20.67,15.78,8.60,1.10
6408.00,10.09,14.48,20.64,23.86,21.05,14.53,4.54,0.18
6412.00,10.55,16.73,20.44,18.74,17.99,8.56,0.08,-6.65
6416.00,11.95,16.07,20.30,19.37,11.33,4.56,-0.73,-8.67
6420.00,15.70,19.94,17.55,17.30,8.39,1.30,-2.20,-10.18
6424.00,15.34,20.87,16.34,10.11,6.83,-1.81,-8.83,-10.47
6428.00,16.81,17.16,14.44,11.08,0.67,-2.05,-8.55,-7.70
6432.00,15.76,16.63,9.61,5.09,0.89,-8.84,-9.16,-6.35
6436.00,16.73,12.24,6.65,1.49,-5.64,-8.64,-8.88,-5.30
6440.00,12.77,11.38,5.61,-2.42,-4.67,-6.99,-7.45,-6.10
6444.00,14.08,5.10,0.05,-3.56,-6.99,-10.23,-5.93,0.32
6448.00,7.01,4.04,-3.50,-4.10,-7.22,-7.02,-2.32,1.31
6452.00,5.60,3.98,-2.02,-8.62,-5.60,-4.04,0.81,3.76
6456.00,4.82,0.87,-7.15,-7.93,-7.92,-5.36,-0.46,5.26
6460.00,0.03,-3.78,-8.03,-5.40,-4.47,0.18,4.16,5.88
6464.00,-0.68,-2.49,-6.16,-8.13,-5.52,0.56,4.03,6.68
6468.00,-3.70,-3.47,-4.62,-3.59,-1.33,3.74,5.79,7.06
6472.00,-3.76,-7.75,-3.21,-5.04,3.47,2.73,7.74,6.15
6476.00,-3.51,-7.71,-2.59,-1.66,2.71,4.98,9.24,6.11
6480.00,-3.45,-3.92,-4.07,2.74,6.32,9.26,4.08,0.31
6484.00,-6.67,-3.31,1.90,4.04,5.45,6.94,6.66,-0.93
6488.00,-4.51,-1.35,3.09,6.19,7.25,7.37,0.97,-4.94
6492.00,-2.45,-1.29,2.08,5.88,8.38,3.83,1.14,-8.17
6496.00,-0.92,0.85,3.12,7.62,5.23,2.87,-3.94,-9.65
6500.00,-1.68,2.85,5.99,6.17,1.66,-1.76,-9.10,-13.57
6504.00,3.40,4.66,5.41,6.63,3.89,-5.26,-11.13,-16.17
6508.00,1.23,7.26,6.17,4.12,-0.06,-9.47,-13.58,-20.52
6512.00,6.77,6.87,4.02,2.75,-4.40,-10.12,-18.02,-18.71
6516.00,3.25,7.82,4.40,0.07,-7.45,-14.28,-18.20,-22.08
6520.00,5.21,6.65,0.15,-3.58,-11.26,-19.26,-18.81,-22.03
6524.00,3.57,5.60,-1.56,-8.47,-15.92,-16.44,-21.59,-21.16
6528.00,6.47,-0.10,-3.43,-12.24,-16.75,-21.48,-19.59,-16.97
6532.00,0.55,-1.73,-5.10,-11.59,-20.02,-18.17,-20.15,-11.28
6536.00,0.56,-3.03,-9.31,-15.75,-19.45,-17.86,-16.46,-8.45
6540.00,-0.98,-7.67,-12.23,-16.65,-19.04,-18.29,-12.02,-4.21
6544.00,-4.42,-9.77,-15.58,-20.33,-19.28,-14.97,-6.56,-0.42
6548.00,-8.60,-11.15,-15.08,-17.69,-16.25,-13.55,-1.71,8.34
6552.00,-9.53,-13.61,-20.53,-19.81,-13.65,-6.77,0.13,12.72
6556.00,-14.02,-16.05,-18.30,-19.75,-14.48,-4.06,5.19,13.41
6560.00,-12.80,-17.12,-20.75,-16.81,-10.66,-0.08,8.76,20.74
6564.00,-14.25,-18.03,-16.71,-11.61,-4.15,6.55,16.79,21.63
6568.00,-18.23,-15.26,-16.80,-7.40,1.29,8.92,16.61,23.30
6572.00,-19.62,-13.97,-13.04,-5.31,6.46,13.96,20.44,25.21
6576.00,-19.01,-15.18,-6.72,-0.14,5.93,13.93,21.62,20.61
6580.00,-16.04,-9.47,-3.72,1.80,12.73,16.65,23.46,22.21
6584.00,-13.76,-10.01,-2.31,8.26,13.03,21.29,23.23,19.47
6588.00,-13.78,-4.93,2.12,9.18,15.10,21.74,17.38,15.24
6592.00,-10.98,0.15,4.87,12.89,20.43,21.04,13.96,10.72
6596.00,-5.93,3.08,7.12,17.36,17.50,15.86,14.48,5.22
6600.00,-0.61,4.23,11.10,18.75,16.51,13.18,6.67,1.43
6604.00,0.58,8.71,14.47,16.48,14.20,9.82,6.15,-1.40
6608.00,4.20,9.90,13.93,16.74,15.69,8.84,-1.61,-6.64
6612.00,6.11,13.63,17.21,15.69,11.08,2.07,-4.31,-12.30
6616.00,9.21,16.60,17.68,14.70,9.82,1.01,-8.90,-14.35
6620.00,11.14,12.16,12.75,7.99,2.80,-2.13,-7.99,-15.78
6624.00,14.29,15.69,13.73,4.98,-1.93,-6.96,-13.27,-13.57
6628.00,10.72,12.43,8.86,1.87,-1.89,-11.01,-14.22,-16.31
6632.00,14.42,8.87,6.10,-0.54,-8.27,-13.25,-16.26,-13.95
6636.00,14.26,9.64,4.67,-2.28,-8.96,-12.42,-13.84,-11.03
6640.00,8.68,6.58,-2.02,-3.49,-8.74,-11.71,-11.63,-11.90
6644.00,8.63,5.37,-2.70,-6.90,-14.08,-11.70,-9.64,-7.03
6648.00,6.02,-0.38,-7.47,-11.92,-11.32,-10.60,-7.16,-7.74
6652.00,1.27,-1.81,-6.23,-10.35,-10.02,-8.62,-7.84,-2.38
6656.00,-1.07,-7.33,-10.72,-10.04,-9.99,-7.94,-2.71,-0.21
6660.00,-1.55,-7.70,-11.14,-11.75,-8.68,-6.41,-1.72,-1.43
6664.00,-4.72,-9.00,-10.15,-11.42,-10.22,-2.94,-1.27,0.35
6668.00,-6.13,-11.73,-12.14,-8.82,-8.07,-0.73,2.95,2.02
6672.00,-10.26,-9.64,-9.31,-7.63,-5.87,-1.18,2.56,1.95
6676.00,-10.75,-11.58,-10.53,-7.03,-1.39,3.62,0.67,-2.42
6680.00,-9.96,-6.48,-4.49,-2.11,-0.89,4.17,-1.05,-2.51
6684.00,-8.54,-6.86,-2.28,-1.97,1.82,0.33,-1.83,-4.04
6688.00,-9.08,-4.78,-1.87,0.15,1.02,0.97,-1.83,-10.32
6692.00,-6.89,-1.43,-0.81,3.87,1.15,-0.25,-4.72,-12.80
6696.00,-6.64,0.06,-1.13,2.42,2.27,-1.52,-7.71,-14.41
6700.00,-5.24,-0.66,-0.40,3.20,-0.92,-5.58,-14.70,-20.14
6704.00,0.40,2.62,4.66,-0.44,-0.39,-10.81,-15.27,-20.43
6708.00,-1.76,3.27,1.75,-1.92,-6.45,-11.12,-19.75,-23.33
6712.00,-0.80,2.00,1.75,-2.18,-6.99,-16.19,-20.19,-25.89
6716.00,0.06,0.54,0.01,-2.62,-10.80,-16.86,-25.56,-23.79
6720.00,0.63,-0.32,-3.10,-6.57,-13.83,-23.03,-24.78,-25.83
6724.00,4.33,-2.40,-6.38,-12.25,-19.75,-23.79,-23.93,-21.84
6728.00,2.62,-2.10,-9.39,-12.58,-18.44,-25.16,-23.65,-18.91
6732.00,-0.05,-2.50,-12.07,-14.77,-19.87,-24.04,-22.06,-18.82
6736.00,-2.65,-9.40,-12.65,-20.74,-21.52,-22.49,-19.41,-12.21
6740.00,-2.19,-10.19,-18.28,-22.52,-21.25,-20.79,-14.03,-8.99
6744.00,-6.89,-10.81,-20.52,-22.17,-24.82,-21.22,-13.75,-3.10
6748.00,-11.25,-16.48,-21.06,-21.03,-20.99,-16.24,-4.96,2.73
6752.00,-11.52,-16.63,-19.40,-23.74,-16.62,-13.77,-0.61,5.64
6756.00,-12.24,-16.74,-21.40,-19.17,-13.76,-9.12,2.70,11.91
6760.00,-17.83,-21.01,-21.34,-15.63,-11.66,-3.13,8.91,14.07
6764.00,-17.34,-20.56,-18.60,-13.77,-8.82,2.14,12.61,19.17
6768.00,-19.11,-19.34,-15.02,-12.00,-3.81,7.71,14.57,21.38
6772.00,-20.48,-19.27,-14.90,-8.52,0.60,11.83,16.35,20.10
6776.00,-20.88,-17.22,-13.34,-0.64,3.64,11.69,18.02,19.83
6780.00,-16.57,-13.18,-8.69,-0.63,7.95,14.72,18.18,19.42
6784.00,-14.49,-11.41,-5.69,7.61,12.58,17.37,19.26,15.82
6788.00,-12.13,-8.05,-0.70,9.06,17.22,19.86,16.01,12.19
6792.00,-12.56,-5.12,6.36,13.23,16.98,16.13,16.02,7.42
6796.00,-7.75,-1.33,5.68,11.70,18.24,14.69,13.04,4.03
6800.00,-5.65,2.33,13.04,14.40,17.62,11.64,5.63,-2.51
6804.00,2.69,6.31,12.65,15.28,13.55,8.50,3.83,-7.12
6808.00,1.62,12.29,14.33,13.03,12.99,4.99,-1.77,-9.41
6812.00,8.01,10.83,17.13,13.46,9.82,1.38,-5.28,-10.51
6816.00,9.16,15.57,12.67,13.14,6.48,-0.21,-9.21,-17.15
6820.00,13.31,15.00,14.55,8.44,3.42,-3.98,-11.95,-16.45
6824.00,11.56,15.56,10.99,6.14,-0.51,-8.47,-15.37,-17.14
6828.00,13.18,14.04,10.59,5.28,-5.37,-10.89,-15.37,-15.66
6832.00,11.33,8.62,4.08,-2.75,-6.75,-12.21,-16.37,-14.13
6836.00,9.74,7.08,2.50,-2.67,-9.86,-12.91,-12.86,-13.60
6840.00,11.96,4.42,-1.59,-5.37,-11.85,-12.49,-14.33,-12.90
6844.00,9.68,2.99,-2.70,-7.52,-11.26,-14.43,-11.64,-8.95
6848.00,6.70,-0.36,-4.58,-10.55,-12.34,-10.16,-9.52,-3.69
6852.00,4.45,-1.60,-8.02,-12.08,-13.75,-10.38,-8.25,-4.16
6856.00,0.63,-7.16,-6.96,-10.19,-12.99,-6.75,-4.46,1.56
6860.00,-3.09,-6.28,-9.36,-11.81,-9.92,-6.21,-4.40,2.80
6864.00,-2.96,-10.72,-11.89,-10.78,-7.34,-4.38,1.03,1.30
6868.00,-4.08,-11.39,-9.41,-9.68,-6.57,0.53,2.23,1.15
6872.00,-9.34,-8.54,-7.52,-6.27,-5.11,2.26,0.28,3.60
6876.00,-7.51,-9.76,-9.62,-4.22,-0.68,-0.24,0.37,0.80
6880.00,-10.26,-8.73,-3.46,0.28,2.82,4.44,1.74,-0.18
6884.00,-7.92,-4.72,-3.30,-1.17,1.13,1.38,1.00,-6.77
6888.00,-6.36,-4.26,-2.25,-0.19,3.13,1.87,0.30,-8.17
6892.00,-6.92,-2.31,2.39,4.73,2.71,-1.44,-5.07,-10.24
6896.00,-5.75,-1.67,2.12,5.42,1.45,-2.37,-4.88,-12.23
6900.00,-2.82,-1.35,2.52,3.15,1.35,-3.50,-9.16,-15.95
6904.00,0.64,4.43,3.69,0.61,-2.67,-7.16,-16.26,-21.18
6908.00,3.59,1.35,2.58,-0.99,-1.95,-9.27,-15.49,-24.26
6912.00,2.54,1.55,5.07,-2.73,-7.97,-15.38,-17.75,-22.45
6916.00,3.89,2.47,2.46,-1.05,-7.87,-15.32,-21.69,-22.47
6920.00,3.12,2.17,-0.53,-7.15,-13.24,-19.72,-21.08,-23.44
6924.00,6.29,0.09,-5.02,-8.79,-13.77,-19.45,-21.49,-19.93
6928.00,2.99,1.33,-4.73,-12.41,-17.83,-22.23,-23.70,-19.92
6932.00,0.64,-4.26,-8.05,-13.41,-17.63,-24.06,-21.07,-15.72
6936.00,2.09,-4.32,-9.06,-16.10,-20.69,-19.61,-16.41,-6.82
6940.00,-1.44,-7.56,-15.07,-17.17,-22.75,-17.00,-12.40,-4.56
6944.00,-5.72,-10.05,-13.44,-17.61,-20.90,-16.89,-9.25,0.94
6948.00,-8.80,-14.16,-17.41,-18.23,-17.83,-13.96,-5.52,8.47
6952.00,-8.39,-14.81,-20.28,-18.44,-16.96,-6.96,2.35,13.19
6956.00,-10.50,-13.96,-20.73,-17.09,-13.25,-2.59,4.31,13.93
6960.00,-13.18,-18.14,-16.91,-14.67,-6.54,2.14,13.06,21.90
6964.00,-17.06,-18.56,-14.81,-10.03,-1.40,6.06,16.47,23.64
6968.00,-14.04,-16.73,-16.31,-8.28,-0.69,12.71,20.00,25.91
6972.00,-16.40,-15.57,-10.85,-1.51,7.24,13.34,19.01,26.73
6976.00,-13.43,-14.20,-9.37,0.08,9.91,19.14,23.54,21.51
6980.00,-15.21,-10.21,-1.49,4.61,12.87,22.21,24.28,23.23
6984.00,-12.35,-5.22,2.03,7.54,17.97,22.36,25.24,17.92
6988.00,-7.58,-3.02,6.87,12.97,19.56,19.82,19.56,13.93
6992.00,-6.09,2.31,6.70,16.02,19.18,23.65,20.73,9.78
6996.00,-1.98,5.98,14.09,19.83,19.35,20.74,15.39,8.49
7000.00,-2.25,9.85,16.64,19.29,22.20,18.81,13.24,1.54
7004.00,1.83,11.42,17.84,18.62,17.12,13.89,10.09,1.76
7008.00,5.29,13.45,17.11,19.85,15.70,10.63,1.56,-5.29
7012.00,9.45,16.08,18.16,17.25,14.72,6.56,2.14,-8.33
7016.00,10.38,19.45,19.09,17.29,9.21,4.58,-4.87,-10.77
7020.00,15.77,16.56,18.80,12.97,5.86,0.76,-4.39,-12.79
7024.00,15.12,19.09,17.58,11.87,2.28,-0.94,-6.68,-10.24
7028.00,16.29,16.45,11.90,9.78,2.94,-3.16,-11.72,-13.01
7032.00,17.01,13.17,9.23,2.40,-2.58,-7.93,-11.32,-7.97
7036.00,17.65,10.30,7.04,2.46,-2.28,-9.01,-9.12,-8.01
7040.00,14.66,10.71,3.86,-0.17,-6.29,-9.85,-9.29,-7.49
7044.00,12.98,9.15,0.29,-4.75,-8.18,-10.13,-5.78,-1.90
7048.00,8.84,3.69,-1.66,-3.56,-7.68,-6.99,-6.04,2.80
7052.00,5.20,-0.27,-3.64,-6.33,-7.51,-4.28,-0.51,4.63
7056.00,3.94,-1.41,-3.89,-4.98,-5.97,-3.92,1.52,5.92
7060.00,3.48,-0.80,-6.16,-7.68,-4.69,-1.42,5.28,8.95
7064.00,0.86,-4.57,-8.20,-6.46,-3.44,-0.13,7.53,7.18
7068.00,-2.67,-6.75,-7.82,-3.33,0.07,5.11,8.23,10.42
7072.00,-3.96,-4.82,-2.56,-2.01,0.61,7.59,8.46,9.09
7076.00,-4.90,-4.06,-3.47,1.76,6.17,9.28,10.66,6.47
7080.00,-5.71,-5.91,-1.12,4.42,5.60,6.80,8.82,5.89
7084.00,-1.51,-0.88,-0.86,5.25,8.59,7.98,8.13,-0.09
7088.00,-4.24,-1.41,0.93,7.82,11.03,10.28,5.68,-2.53
7092.00,-3.63,3.06,7.26,6.67,8.33,8.60,2.63,-3.32
7096.00,2.08,3.19,7.83,10.13,7.63,4.77,-3.82,-7.48
7100.00,3.85,3.91,7.50,10.36,8.73,3.25,-3.99,-11.85
7104.00,1.38,4.39,6.66,8.23,4.52,-2.86,-10.09,-15.56
7108.00,3.71,6.26,6.09,4.89,2.69,-6.06,-13.07,-17.06
7112.00,7.98,9.26,9.17,6.97,-0.57,-9.34,-13.39,-15.45
7116.00,8.83,8.89,5.64,3.14,-4.51,-13.00,-16.37,-15.78
7120.00,6.23,6.19,2.85,0.38,-6.43,-13.59,-18.71,-15.57
7124.00,6.67,6.24,3.87,-1.66,-9.93,-12.73,-14.49,-15.18
7128.00,8.92,4.88,1.27,-7.48,-10.63,-15.75,-15.92,-10.81
7132.00,7.18,0.98,-3.52,-8.82,-13.34,-18.42,-12.40,-7.44
7136.00,3.26,1.07,-8.32,-14.00,-16.62,-17.42,-9.81,-2.59
7140.00,-0.03,-1.98,-9.10,-12.05,-16.27,-11.45,-9.68,2.80
7144.00,1.08,-3.88,-10.04,-13.69,-15.08,-11.88,-2.51,7.05
7148.00,-1.00,-9.88,-11.71,-16.37,-15.52,-6.40,1.67,11.44
7152.00,-5.70,-9.09,-11.38,-13.94,-9.83,-3.98,5.33,17.30
7156.00,-8.04,-10.93,-13.92,-11.26,-6.72,0.72,12.32,20.14
7160.00,-8.73,-12.27,-14.33,-7.85,-3.88,7.46,16.85,25.16
7164.00,-10.36,-14.89,-10.53,-6.34,1.09,10.32,22.91,30.13
7168.00,-13.55,-10.85,-9.53,-5.24,4.97,13.16,23.20,31.23
7172.00,-11.63,-11.80,-5.84,2.53,8.42,18.81,27.97,31.90
7176.00,-12.32,-9.94,-3.89,5.54,11.84,25.09,25.72,30.10
7180.00,-13.16,-6.76,1.08,10.73,15.67,23.29,27.44,28.83
7184.00,-10.56,-3.22,6.87,13.33,21.59,27.57,27.15,26.33
7188.00,-7.78,1.04,7.48,17.89,22.79,24.94,26.99,18.83
7192.00,-5.15,4.25,11.34,18.89,23.87,28.18,21.26,18.86
7196.00,-2.58,5.30,17.13,23.11,24.97,26.71,22.10,11.68
7200.00,5.57,10.74,17.51,24.31,25.57,20.45,17.22,7.33
7204.00,5.43,16.31,18.75,22.88,22.33,18.67,15.02,4.63
7208.00,11.57,14.63,20.33,21.22,19.72,17.81,9.45,-1.67
7212.00,14.04,18.17,20.36,23.41,16.28,12.67,3.34,-4.50
7216.00,15.72,21.32,23.72,18.15,14.21,6.21,0.02,-7.34
7220.00,16.74,18.58,20.49,15.24,11.35,5.62,-2.60,-7.99
7224.00,20.31,21.62,16.39,13.56,5.67,2.32,-5.28,-8.62
7228.00,20.87,21.38,17.84,9.97,5.98,-1.82,-3.38,-8.39
7232.00,20.66,17.37,11.96,10.13,1.37,-3.41,-4.52,-7.02
7236.00,16.38,12.87,11.51,5.52,1.09,-6.66,-6.37,-1.33
7240.00,16.60,12.40,5.51,3.35,-2.61,-7.28,-2.30,-0.36
7244.00,16.13,8.10,5.62,-0.68,-3.22,-2.70,-3.74,1.37
7248.00,10.64,4.71,1.91,-3.18,-6.07,-3.52,0.11,2.15
7252.00,10.28,6.55,-1.49,-3.96,-6.34,0.23,1.33,7.57
7256.00,8.71,2.56,0.29,-2.16,-2.46,0.17,3.32,7.02
7260.00,2.83,-2.74,-4.49,-4.88,-2.43,0.04,5.74,10.61
7264.00,-0.20,0.56,-2.81,-1.02,2.44,6.38,7.06,9.73
7268.00,-1.04,-1.29,-0.64,-0.98,3.90,4.53,8.79,11.95
7272.00,-2.95,-5.34,-4.56,2.61,3.67,11.17,8.81,12.79
7276.00,-3.29,-1.42,-0.22,3.39,5.58,10.54,9.17,10.56
7280.00,-3.50,-2.16,0.61,4.20,9.83,8.98,11.82,6.34
7284.00,-0.97,-1.96,3.57,6.96,7.45,13.11,10.69,3.69
7288.00,-2.34,0.66,4.36,10.81,8.96,8.28,7.63,-0.08
7292.00,2.28,2.05,9.14,10.73,8.01,8.78,2.71,-0.83
7296.00,-0.45,3.20,9.66,9.27,8.39,5.36,2.85,-6.78
7300.00,1.33,5.80,7.27,11.79,5.72,4.87,-4.94,-7.25
7304.00,5.38,9.97,10.01,10.78,4.94,1.98,-6.68,-11.93
7308.00,8.78,11.46,11.64,8.32,4.34,-4.94,-11.82,-12.26
7312.00,5.90,10.14,8.02,5.03,1.43,-6.53,-12.57,-13.37
7316.00,8.35,10.50,5.89,4.58,-1.44,-10.28,-12.92,-18.01
7320.00,8.21,9.43,3.89,1.63,-5.73,-12.85,-16.40,-17.55
7324.00,9.76,6.23,0.49,-5.16,-8.86,-12.71,-13.77,-14.79
7328.00,6.00,4.72,-0.72,-4.51,-10.50,-13.83,-16.60,-12.38
7332.00,8.63,1.92,-3.24,-7.48,-11.74,-16.08,-12.28,-4.81
7336.00,2.78,-0.90,-7.55,-12.62,-13.46,-14.66,-10.55,-3.28
7340.00,3.75,-3.42,-10.03,-12.63,-16.95,-12.14,-8.46,2.08
7344.00,-0.71,-5.39,-10.15,-16.71,-16.83,-12.63,-2.30,5.51
7348.00,-3.06,-10.73,-13.17,-16.88,-12.89,-9.11,3.30,13.46
7352.00,-7.06,-11.87,-11.63,-14.41,-10.14,-1.16,7.56,16.40
7356.00,-8.53,-12.35,-14.06,-13.98,-9.43,2.13,11.83,20.66
7360.00,-10.36,-13.40,-14.10,-11.80,-4.90,5.17,17.46,24.94
7364.00,-10.78,-13.80,-10.65,-7.96,-1.64,11.77,22.25,28.03
7368.00,-11.64,-14.62,-11.12,-3.10,6.98,13.08,22.30,29.34
7372.00,-13.14,-11.00,-5.29,0.08,7.54,20.29,24.04,27.98
7376.00,-11.04,-9.37,-3.49,4.43,11.99,21.04,27.60,30.69
7380.00,-12.32,-5.30,-0.58,7.42,16.18,22.64,29.90,26.72
7384.00,-11.01,-3.24,1.05,13.08,18.45,27.11,27.54,23.54
7388.00,-5.14,-1.74,7.25,16.12,24.29,27.85,26.29,22.21
7392.00,-6.27,2.11,10.81,19.94,25.28,25.47,22.06,13.90
7396.00,-3.33,7.37,13.39,22.83,23.34,24.46,16.23,13.18
7400.00,3.93,7.69,18.59,21.95,22.92,20.85,12.98,5.10
7404.00,3.48,11.85,17.72,22.29,21.48,19.19,9.28,0.86
7408.00,11.14,13.28,18.18,20.03,19.98,12.32,6.65,-1.73
7412.00,13.48,16.62,18.29,18.45,14.03,11.16,0.65,-4.99
7416.00,16.19,16.46,18.81,17.16,14.67,3.56,-0.37,-5.14
7420.00,16.04,20.81,16.71,13.90,8.07,1.66,-4.93,-8.29
7424.00,16.07,17.64,16.21,14.24,6.35,0.26,-7.55,-11.53
7428.00,19.46,15.94,13.57,10.74,3.50,-4.04,-6.63,-7.86
7432.00,15.21,15.61,9.06,7.30,-3.59,-6.07,-10.20,-10.88
7436.00,15.44,12.38,9.20,0.72,-3.62,-7.47,-8.78,-9.19
7440.00,12.59,10.72,5.37,0.54,-4.50,-10.77,-7.22,-3.09
7444.00,9.69,9.37,-0.04,-4.25,-5.82,-7.10,-4.47,-3.99
7448.00,9.99,5.17,-0.18,-5.19,-6.29,-8.83,-2.37,2.00
7452.00,4.31,2.01,-4.01,-7.85,-8.74,-5.68,-3.61,0.68
7456.00,2.76,-2.07,-4.44,-8.90,-4.67,-5.35,2.60,3.87
7460.00,3.78,-0.63,-6.60,-7.87,-4.24,0.57,2.20,6.53
7464.00,0.11,-4.95,-4.98,-7.08,-1.30,0.65,2.80,7.94
7468.00,-4.75,-6.18,-4.75,-5.34,-0.30,5.02,4.25,8.39
7472.00,-3.26,-7.23,-7.84,-0.51,-0.38,2.76,8.64,6.99
7476.00,-3.36,-6.48,-3.31,0.08,1.65,7.40,6.66,4.68
7480.00,-3.02,-5.73,-3.35,1.15,4.14,7.70,6.40,3.77
7484.00,-5.02,-1.74,2.00,1.28,7.83,5.80,2.40,0.47
7488.00,-5.59,-4.08,0.24,6.54,4.96,7.12,3.51,-5.30
7492.00,-3.43,-1.99,5.54,5.92,8.63,6.32,1.61,-7.74
7496.00,0.39,0.61,4.96,6.63,5.46,1.01,-1.60,-12.91
7500.00,1.04,5.66,8.03,6.91,1.60,-2.82,-7.69,-14.10
7504.00,3.59,4.04,3.54,2.86,2.13,-4.33,-9.22,-15.38
7508.00,4.54,3.33,3.70,2.84,0.95,-10.08,-13.61,-19.78
7512.00,5.62,7.03,3.06,2.94,-5.14,-11.55,-16.32,-18.73
7516.00,7.56,6.50,5.35,0.68,-6.97,-15.28,-20.03,-20.61
7520.00,5.59,4.96,3.11,-4.15,-9.90,-18.25,-19.14,-22.57
7524.00,6.80,5.19,-0.27,-6.52,-11.45,-20.58,-19.12,-16.61
7528.00,4.43,-1.00,-6.08,-9.60,-16.81,-21.98,-21.91,-13.66
7532.00,4.47,-3.41,-6.17,-14.77,-20.01,-19.87,-19.15,-11.83
7536.00,0.20,-3.70,-9.56,-17.61,-18.98,-20.13,-17.11,-8.66
7540.00,-3.51,-4.77,-13.09,-15.96,-19.21,-16.27,-10.62,-5.07
7544.00,-2.97,-7.79,-17.57,-18.40,-20.08,-18.27,-8.83,1.41
7548.00,-6.64,-11.19,-19.67,-17.48,-20.02,-12.41,-3.74,7.59
7552.00,-11.76,-14.30,-19.43,-17.04,-14.68,-6.32,3.30,13.88
7556.00,-11.68,-17.69,-21.19,-16.63,-14.17,-6.52,6.91,14.76
7560.00,-14.62,-16.30,-16.83,-13.24,-11.18,1.00,9.61,20.79
7564.00,-16.34,-18.52,-19.03,-10.80,-4.68,4.61,14.79,20.90
7568.00,-17.93,-18.22,-15.04,-10.91,0.71,10.84,15.49,22.44
7572.00,-18.10,-14.27,-13.11,-3.88,4.44,14.68,19.09,24.46
7576.00,-17.54,-13.90,-9.38,-1.71,7.40,16.70,22.23,22.96
7580.00,-14.23,-11.32,-7.01,2.07,13.86,17.71,23.37,18.92
7584.00,-12.18,-6.52,-1.90,5.65,16.05,18.17,18.41,19.09
7588.00,-11.91,-7.30,4.38,11.73,16.51,19.74,18.17,11.77
7592.00,-8.86,-4.05,8.77,11.88,15.87,18.96,15.50,11.22
7596.00,-7.97,-0.55,8.82,16.39,17.44,18.97,12.96,7.22
7600.00,-0.26,5.41,14.67,15.55,17.58,12.98,6.55,-1.86
7604.00,-0.23,8.92,16.26,15.89,16.72,9.67,4.46,-4.31
7608.00,6.79,8.73,13.64,19.15,13.29,7.60,1.48,-9.87
7612.00,7.56,14.92,17.61,16.24,11.32,2.84,-6.10,-11.93
7616.00,12.22,12.61,14.28,12.70,5.43,-1.85,-8.66,-11.90
7620.00,13.78,13.55,13.31,10.02,3.91,-4.77,-10.97,-14.36
7624.00,13.07,15.17,12.29,6.21,-1.12,-7.96,-12.39,-14.46
7628.00,12.04,14.19,9.36,4.43,-3.28,-7.53,-14.34,-14.99
7632.00,13.00,13.33,5.23,-1.88,-6.73,-12.93,-16.77,-16.17
7636.00,12.56,9.30,4.76,-0.80,-11.03,-13.22,-12.69,-12.14
7640.00,8.32,4.26,0.44,-7.73,-9.84,-14.50,-12.88,-8.19
7644.00,5.68,1.68,-3.78,-7.34,-11.27,-14.88,-11.55,-6.84
7648.00,6.72,1.35,-4.53,-10.29,-12.79,-11.51,-8.74,-7.27
7652.00,1.62,-4.15,-8.12,-12.12,-12.29,-11.89,-9.22,-5.07
7656.00,-0.87,-3.19,-9.38,-10.70,-9.07,-8.20,-6.40,-0.72
7660.00,-0.04,-8.35,-10.49,-12.91,-10.13,-7.68,-4.28,-0.42
7664.00,-6.41,-9.30,-11.85,-12.84,-5.49,-6.34,-0.20,-0.04
7668.00,-7.25,-11.09,-8.51,-10.24,-4.33,-4.25,2.34,3.62
7672.00,-6.48,-10.20,-8.80,-6.08,-5.79,-1.32,0.40,0.28
7676.00,-6.34,-11.19,-6.84,-3.89,-2.72,1.81,-0.11,-2.64
7680.00,-9.10,-9.85,-8.58,-0.99,1.50,0.28,3.23,-2.70
7684.00,-6.37,-7.04,-5.59,-2.43,2.65,3.87,-0.26,-6.53
7688.00,-7.20,-5.52,-3.45,-0.62,2.44,-1.33,-2.70,-7.40
7692.00,-4.19,-2.84,-1.29,2.13,0.68,-1.75,-3.63,-11.62
7696.00,-5.08,-2.36,-0.49,-0.35,1.09,-5.15,-7.00,-17.83
7700.00,-4.37,-1.75,3.33,-0.09,1.30,-7.00,-13.27,-19.23
7704.00,-2.56,2.85,3.46,2.03,-4.04,-8.05,-15.16,-23.44
7708.00,-1.64,3.06,4.27,-0.12,-3.23,-14.14,-16.56,-23.88
7712.00,2.72,0.83,2.55,-3.39,-7.30,-13.69,-22.43,-27.95
7716.00,4.02,2.01,-0.96,-7.05,-11.83,-18.45,-22.79,-27.50
7720.00,2.02,1.38,-4.59,-9.51,-17.16,-22.02,-22.71,-25.84
7724.00,4.67,1.39,-5.24,-11.95,-16.85,-23.33,-25.31,-24.07
7728.00,1.85,-1.77,-6.63,-15.46,-18.05,-26.31,-22.03,-20.87
7732.00,-1.33,-4.93,-8.95,-18.50,-19.96,-24.45,-20.93,-17.33
7736.00,-2.18,-4.77,-11.33,-21.24,-21.32,-21.34,-20.13,-12.34
7740.00,-4.73,-10.91,-14.67,-19.91,-21.92,-22.48,-14.60,-8.00
7744.00,-7.93,-11.36,-16.61,-21.20,-22.61,-18.31,-12.45,-1.56
7748.00,-8.19,-14.24,-20.84,-22.48,-22.79,-15.89,-7.02,1.74
7752.00,-10.69,-17.35,-20.36,-24.22,-17.11,-13.68,-4.61,6.33
7756.00,-13.13,-21.25,-23.27,-17.85,-14.70,-5.26,0.24,13.72
7760.00,-17.13,-17.81,-19.96,-16.40,-12.11,-2.20,6.12,16.08
7764.00,-17.97,-19.76,-19.22,-12.99,-8.03,2.14,11.03,20.03
7768.00,-18.62,-20.51,-18.48,-11.38,-1.85,7.82,15.71,20.50
7772.00,-17.63,-17.51,-13.96,-6.52,0.53,10.52,15.57,18.63
7776.00,-20.95,-14.99,-10.77,-3.69,8.27,14.20,20.79,20.66
7780.00,-15.72,-14.74,-6.79,2.30,9.69,13.73,19.38,15.98
7784.00,-14.28,-9.90,-0.96,5.04,11.84,19.39,19.28,13.97
7788.00,-11.48,-5.71,-1.06,11.12,14.22,20.39,15.54,10.23
7792.00,-10.04,-3.16,6.83,13.50,14.25,15.30,14.12,6.13
7796.00,-4.53,1.05,7.48,14.22,14.83,14.91,13.05,1.52
7800.00,-1.52,1.72,12.99,17.68,16.75,15.92,7.95,-0.62
7804.00,0.69,9.41,12.90,17.62,13.54,8.12,2.65,-3.16
7808.00,1.60,10.45,14.30,13.62,12.24,9.27,-0.59,-7.65
7812.00,8.35,9.65,13.05,12.01,11.37,4.76,-5.08,-12.81
7816.00,8.27,12.84,12.49,13.53,5.25,-2.98,-7.17,-17.02
7820.00,8.54,13.32,12.21,11.10,4.06,-5.63,-10.08,-14.13
7824.00,12.70,12.87,12.55,8.00,-2.68,-9.92,-14.78,-15.48
7828.00,10.84,14.14,9.83,1.61,-2.42,-10.48,-17.31,-17.69
7832.00,11.15,13.03,5.55,-2.64,-5.87,-14.66,-13.91,-17.67
7836.00,11.62,10.13,4.12,-3.93,-9.65,-14.31,-13.54,-11.28
7840.00,7.46,6.98,-0.39,-7.61,-10.74,-16.21,-13.34,-10.02
7844.00,6.05,4.43,-2.24,-9.23,-12.47,-12.77,-10.45,-7.84
7848.00,6.72,1.83,-7.32,-10.45,-13.39,-10.52,-8.04,-3.92
7852.00,5.25,-3.89,-9.70,-12.17,-11.47,-10.25,-7.75,-2.60
7856.00,0.83,-6.12,-8.23,-11.68,-12.32,-10.03,-6.04,0.96
7860.00,-1.24,-7.23,-11.83,-12.18,-9.71,-7.49,-3.56,3.73
7864.00,-2.95,-6.13,-12.78,-9.46,-5.25,-5.92,1.78,3.03
7868.00,-7.80,-10.26,-11.09,-6.42,-5.48,-3.30,2.22,2.97
7872.00,-7.27,-9.00,-7.27,-4.86,-0.80,-1.33,4.80,-0.18
7876.00,-7.19,-10.57,-6.57,-2.60,-1.16,3.33,4.54,0.46
7880.00,-7.23,-6.87,-7.04,-1.15,-0.53,4.54,0.59,-3.78
7884.00,-7.49,-5.98,-3.96,1.72,1.40,1.77,0.25,-4.86
7888.00,-8.40,-3.71,-2.42,-0.74,4.13,0.16,-3.23,-6.54
7892.00,-6.25,-0.51,1.85,1.45,5.24,0.11,-5.50,-8.94
7896.00,-1.52,-1.54,0.11,3.12,4.65,-1.43,-6.84,-13.90
7900.00,-1.84,1.17,3.63,5.07,-0.19,-6.16,-9.52,-19.33
7904.00,-1.01,1.43,1.50,1.76,-2.30,-5.80,-12.14,-19.71
7908.00,-0.48,4.52,3.93,-0.42,-3.96,-10.65,-16.02,-24.55
7912.00,0.29,5.75,4.44,-2.95,-6.79,-12.58,-20.92,-22.52
7916.00,3.41,2.24,1.96,-5.21,-11.37,-17.17,-21.15,-21.21
7920.00,6.41,5.50,-1.77,-5.54,-13.33,-19.69,-24.08,-20.87
7924.00,3.67,0.11,-4.47,-10.25,-17.45,-22.49,-24.53,-19.38
7928.00,3.83,-0.47,-3.28,-11.67,-19.62,-23.53,-22.03,-18.97
7932.00,1.81,-0.74,-7.19,-16.41,-18.51,-21.37,-20.85,-13.38
7936.00,-2.09,-3.27,-10.48,-17.72,-19.14,-19.49,-18.45,-8.75
7940.00,0.36,-6.64,-11.40,-17.69,-21.59,-17.58,-15.37,-2.64
7944.00,-3.95,-10.66,-15.55,-21.60,-20.08,-15.32,-8.18,-0.45
7948.00,-7.57,-14.47,-17.12,-18.71,-20.59,-15.04,-2.66,4.46
7952.00,-11.53,-17.06,-16.91,-21.21,-14.81,-6.26,2.58,9.42
7956.00,-9.61,-14.47,-16.26,-17.38,-14.09,-6.24,6.77,17.89
7960.00,-16.10,-16.85,-18.22,-12.97,-7.57,-1.41,8.62,21.64
7964.00,-13.80,-19.04,-16.95,-10.44,-2.98,3.77,13.04,22.92
7968.00,-13.75,-14.66,-11.82,-6.39,0.66,9.35,16.56,24.82
7972.00,-14.90,-15.37,-13.41,-5.53,6.26,15.52,18.93,23.71
7976.00,-13.83,-14.14,-9.60,1.97,9.85,18.46,23.99,24.81
7980.00,-13.20,-10.20,-2.50,4.44,15.40,18.42,25.21,19.72
7984.00,-10.82,-6.10,1.57,7.23,16.04,20.53,22.00,19.18
7988.00,-9.35,-3.52,6.44,11.34,16.64,20.30,21.12,15.89
7992.00,-9.21,-1.63,10.36,15.48,19.57,23.96,19.57,13.30
7996.00,-5.46,3.47,11.45,15.66,20.06,18.34,15.13,6.61
8000.00,-2.31,5.52,13.04,17.24,21.24,16.69,11.97,1.14
8004.00,2.56,9.42,15.56,18.34,19.53,17.11,7.35,-0.90
8008.00,5.39,11.15,17.20,19.66,15.84,12.61,5.83,-6.38
8012.00,9.13,16.86,16.49,19.97,16.18,7.16,0.34,-7.07
8016.00,11.56,18.55,18.72,14.13,10.36,4.90,-3.00,-8.28
8020.00,15.88,15.38,17.85,14.77,6.59,0.13,-7.06,-12.30
8024.00,14.41,16.62,13.20,11.17,5.54,-5.08,-9.53,-10.28
8028.00,17.26,14.32,14.20,5.93,-0.34,-5.49,-11.10,-9.85
8032.00,18.43,15.80,9.12,2.63,-2.45,-8.28,-12.12,-8.35
8036.00,16.93,13.95,7.06,-1.02,-3.47,-8.75,-7.38,-5.29
8040.00,15.90,10.12,5.58,-1.74,-4.98,-7.03,-9.01,-4.61
8044.00,12.11,7.38,1.58,-6.07,-9.27,-10.52,-5.14,-4.05
8048.00,10.18,6.44,-0.38,-5.05,-8.88,-9.71,-2.82,2.78
8052.00,6.87,-0.44,-3.52,-7.56,-7.05,-4.91,-2.30,2.99
8056.00,6.61,-1.59,-6.77,-4.41,-7.13,-5.57,0.98,7.21
8060.00,-0.27,-0.25,-6.07,-6.95,-5.98,-2.87,3.92,8.23
8064.00,2.08,-3.00,-6.15,-5.38,-2.57,-0.18,4.86,7.96
8068.00,-1.29,-3.30,-4.95,-1.95,-2.32,3.42,8.22,9.98
8072.00,-5.83,-3.33,-5.16,-0.48,0.72,7.86,7.40,5.80
8076.00,-2.04,-5.46,-4.14,0.80,4.35,8.34,10.20,8.89
8080.00,-5.55,-5.32,-3.05,3.57,6.97,10.59,6.42,2.42
8084.00,-2.53,-4.20,-0.26,6.65,5.76,6.62,8.09,2.74
8088.00,-5.04,1.64,2.54,8.02,8.93,7.24,3.19,-3.77
8092.00,-1.78,3.22,6.42,5.99,9.72,5.47,3.56,-5.83
8096.00,-0.04,3.97,7.21,10.07,10.00,4.13,-2.17,-7.00
8100.00,1.98,4.88,8.03,7.28,9.00,3.93,-5.44,-10.47
8104.00,3.83,8.23,9.89,10.28,6.21,-2.96,-5.86,-15.26
8108.00,4.04,9.11,10.87,4.64,4.37,-3.30,-12.10,-18.56
8112.00,8.15,7.77,9.15,4.33,0.15,-8.55,-12.62,-19.65
8116.00,7.36,10.65,5.49,4.52,-1.83,-9.38,-14.62,-15.08
8120.00,7.62,5.67,2.67,-1.52,-6.54,-14.10,-18.44,-15.40
8124.00,7.96,4.60,-0.27,-1.78,-8.75,-17.22,-18.30,-13.15
8128.00,8.39,6.43,-0.62,-5.26,-14.66,-14.67,-13.99,-8.93
8132.00,7.33,-0.19,-3.78,-10.61,-15.94,-13.91,-15.19,-5.97
8136.00,2.23,-0.99,-6.46,-10.11,-12.99,-13.34,-8.98,-0.61
8140.00,2.33,-5.16,-9.40,-13.07,-16.68,-14.38,-9.11,3.92
8144.00,1.99,-6.98,-12.86,-12.13,-16.86,-8.82,-2.03,7.39
8148.00,-1.40,-9.17,-10.73,-12.31,-13.61,-9.44,-0.09,13.53
8152.00,-4.12,-10.46,-13.44,-13.48,-12.75,-4.15,6.35,17.92
8156.00,-6.59,-11.08,-13.37,-11.58,-9.59,2.63,10.89,20.19
8160.00,-9.83,-13.00,-11.18,-11.59,-3.38,4.77,18.46,27.91
8164.00,-11.14,-15.47,-11.50,-5.41,1.16,12.15,23.06,28.20
8168.00,-11.40,-12.56,-9.78,-4.25,6.80,15.69,25.94,29.67
8172.00,-13.06,-9.87,-6.17,-1.12,7.62,21.29,25.00,28.35
8176.00,-10.50,-7.96,-5.72,6.04,16.71,24.61,27.56,31.28
8180.00,-12.37,-4.44,0.24,10.54,17.94,24.13,27.82,26.66
8184.00,-9.13,-5.88,5.63,10.81,20.93,24.73,28.54,25.81
8188.00,-4.58,1.74,8.16,17.51,23.35,27.65,26.81,21.54
8192.00,-4.55,6.22,11.20,20.12,27.19,25.12,21.24,15.52
8196.00,-0.57,8.95,16.32,21.90,26.98,25.26,19.26,12.44
8200.00,5.25,12.93,18.45,23.06,23.46,20.49,17.02,9.96
8204.00,9.34,14.46,21.16,21.45,25.10,19.81,10.24,3.04
8208.00,8.43,15.51,21.01,25.78,19.90,13.81,8.42,1.53
8212.00,13.02,19.22,20.80,20.73,19.91,12.73,4.05,-0.71
8216.00,17.99,19.63,23.21,18.99,14.16,10.62,2.63,-5.60
8220.00,17.84,20.06,19.28,19.80,9.59,2.79,0.11,-4.89
8224.00,21.11,19.58,18.98,12.89,10.25,-1.01,-3.81,-4.71
8228.00,19.59,18.41,14.37,10.83,4.50,-3.49,-3.82,-8.43
8232.00,18.72,17.53,15.06,5.77,0.12,-2.17,-4.53,-3.75
8236.00,15.99,16.69,8.54,3.41,-1.92,-4.77,-8.02,-4.80
8240.00,15.91,11.36,5.91,1.10,-0.61,-4.05,-3.94,-2.25
8244.00,16.05,9.40,3.64,1.59,-3.41,-4.23,-2.28,-0.72
8248.00,11.22,6.17,1.07,-4.89,-3.88,-5.80,-2.86,2.23
8252.00,11.57,2.51,-1.56,-5.82,-2.82,-3.00,4.06,8.89
8256.00,7.00,0.56,-2.40,-4.43,-4.31,-1.14,3.57,7.74
8260.00,2.75,-1.92,-1.83,-4.89,-3.56,3.28,4.40,11.33
8264.00,4.10,-2.29,-4.71,-0.55,2.43,5.86,7.91,10.15
8268.00,2.33,-4.17,-1.54,-3.52,3.21,7.90,9.91,9.81
8272.00,-0.26,-3.66,-1.10,0.39,4.46,9.32,12.30,8.56
8276.00,-1.35,-2.30,-2.42,0.88,5.59,7.91,11.17,7.26
8280.00,-3.80,-2.61,2.52,6.45,6.35,8.51,10.98,7.04
8284.00,-4.38,-2.73,3.12,7.84,9.15,12.96,6.74,2.08
8288.00,0.20,1.94,6.64,9.66,11.16,11.35,5.42,0.05
8292.00,1.58,1.14,8.98,10.69,9.08,6.72,4.63,-4.04
8296.00,1.32,3.81,6.70,10.07,7.24,7.59,-0.21,-5.99
8300.00,1.36,8.73,7.56,10.52,9.16,3.11,-5.24,-11.74
8304.00,5.37,9.92,9.07,10.59,8.23,0.29,-8.56,-13.29
8308.00,5.18,8.37,8.02,10.11,2.30,-5.23,-10.81,-16.03
8312.00,5.52,10.32,9.37,6.52,2.24,-7.15,-11.17,-17.52
8316.00,6.95,11.22,7.71,1.22,-1.06,-8.51,-16.73,-13.64
8320.00,9.74,7.24,4.14,1.54,-3.94,-10.43,-13.76,-13.74
8324.00,9.75,8.89,3.11,-1.54,-11.34,-12.66,-18.18,-12.50
8328.00,10.19,3.62,-0.42,-5.19,-10.33,-14.65,-16.69,-11.79
8332.00,6.57,0.98,-4.73,-6.60,-13.29,-17.66,-10.97,-8.08
8336.00,6.00,-1.31,-4.87,-11.01,-13.88,-15.29,-11.75,-2.93
8340.00,2.47,-1.84,-6.70,-14.63,-13.13,-14.64,-4.68,3.32
8344.00,-0.92,-3.40,-11.01,-14.80,-14.31,-12.37,-4.62,7.24
8348.00,-1.75,-7.24,-13.30,-12.37,-11.65,-6.27,2.08,13.72
8352.00,-3.68,-8.62,-12.95,-15.87,-11.59,-1.39,4.94,16.29
8356.00,-7.22,-10.07,-12.19,-13.14,-6.30,-1.06,13.27,22.93
8360.00,-7.86,-15.63,-16.22,-11.15,-1.36,5.72,13.84,24.57
8364.00,-12.62,-13.69,-12.02,-8.41,1.38,10.92,22.07,28.90
8368.00,-12.29,-15.76,-11.77,-1.65,6.68,13.14,24.24,31.12
8372.00,-13.77,-10.37,-8.01,1.95,7.54,19.51,23.93,29.66
8376.00,-14.21,-10.04,-5.38,5.45,15.22,23.27,28.73,29.36
8380.00,-9.49,-7.55,-0.70,9.58,16.66,24.36,29.64,25.04
8384.00,-9.71,-4.38,4.69,11.70,21.09,23.76,25.16,24.84
8388.00,-5.64,1.36,7.41,14.86,22.46,24.51,23.33,19.17
8392.00,-4.08,1.04,10.41,17.45,23.61,26.14,20.18,15.85
8396.00,0.97,6.58,16.12,19.25,23.76,25.04,21.03,10.96
8400.00,0.39,10.85,16.18,19.46,25.58,20.16,15.34,7.65
8404.00,3.50,14.38,20.56,21.15,22.02,16.42,10.06,3.95
8408.00,8.40,16.06,20.79,21.82,18.24,15.49,6.85,-1.22
8412.00,12.69,18.26,22.19,20.02,17.19,10.14,0.04,-6.36
8416.00,15.95,18.93,19.46,18.30,11.99,6.29,-0.99,-7.59
8420.00,17.20,18.93,18.39,15.83,9.49,-0.28,-4.50,-8.78
8424.00,14.89,18.34,14.92,11.61,7.21,-3.33,-5.18,-11.45
8428.00,15.56,15.90,15.59,9.54,3.51,-3.43,-9.05,-6.98
8432.00,14.57,16.56,12.90,4.49,-0.85,-7.07,-6.95,-7.82
8436.00,16.59,11.76,7.03,0.83,-4.08,-8.12,-7.79,-7.74
8440.00,14.22,9.39,3.39,-0.03,-6.92,-8.90,-7.79,-6.47
8444.00,10.03,7.42,2.57,-2.99,-6.37,-9.07,-8.22,-2.08
8448.00,7.60,4.68,0.11,-4.50,-8.35,-6.53,-1.94,1.20
8452.00,7.49,0.47,-4.27,-9.08,-7.45,-4.82,-1.38,1.00
8456.00,5.69,-2.20,-4.75,-7.76,-8.11,-4.58,-0.34,6.68
8460.00,0.64,-4.27,-6.08,-7.65,-3.83,-1.26,3.87,7.92
8464.00,-2.95,-6.29,-6.71,-6.98,-1.27,3.10,2.81,9.63
8468.00,-2.25,-5.57,-7.08,-6.27,0.78,2.54,7.69,6.07
8472.00,-2.13,-3.49,-5.21,-4.15,2.39,3.20,5.39,8.40
8476.00,-4.54,-3.48,-2.26,-1.06,4.53,8.08,7.73,3.51
8480.00,-4.82,-2.42,-4.26,3.03,3.11,5.31,5.86,3.90
8484.00,-2.65,-4.74,1.20,4.80,6.76,8.19,2.83,-2.80
8488.00,-6.13,-1.86,2.53,2.42,5.56,6.40,4.38,-4.85
8492.00,-3.76,-2.22,2.06,3.88,6.18,2.16,-3.23,-5.46
8496.00,-1.40,1.99,3.90,6.93,7.65,3.14,-5.56,-10.31
8500.00,0.01,2.06,4.36,4.05,3.15,-0.57,-8.82,-12.85
8504.00,3.13,5.89,6.15,5.22,4.14,-6.23,-11.54,-19.03
8508.00,1.61,3.23,4.73,3.86,-3.35,-9.08,-13.60,-18.38
8512.00,2.46,6.87,5.17,3.40,-2.49,-10.84,-15.93,-19.11
8516.00,3.94,6.78,4.27,-3.27,-5.77,-15.39,-17.89,-22.11
8520.00,3.32,6.53,-0.68,-3.55,-10.21,-15.37,-22.12,-20.03
8524.00,4.36,2.90,0.05,-5.47,-12.47,-17.44,-20.49,-18.16
8528.00,3.30,0.21,-4.91,-10.91,-15.84,-19.49,-20.73,-16.48
8532.00,4.70,-0.59,-5.22,-14.39,-19.20,-19.90,-17.67,-14.29
8536.00,0.56,-2.48,-10.92,-15.65,-21.00,-18.30,-16.26,-9.60
8540.00,-1.03,-4.95,-13.89,-15.48,-20.13,-18.56,-12.10,-5.41
8544.00,-4.85,-9.44,-16.88,-20.61,-19.70,-17.73,-9.74,3.47
8548.00,-5.33,-12.08,-16.03,-20.00,-18.67,-14.38,-5.46,7.66
8552.00,-9.70,-17.30,-19.42,-20.91,-16.95,-10.13,3.35,11.59
8556.00,-11.11,-15.75,-18.78,-17.96,-11.09,-5.07,8.20,16.11
8560.00,-12.20,-18.07,-20.58,-17.69,-7.95,-2.11,10.20,18.76
8564.00,-17.37,-18.36,-18.55,-12.28,-3.41,6.37,14.23,19.50
8568.00,-18.24,-17.23,-12.78,-7.69,1.79,8.97,17.32,20.89
8572.00,-16.64,-14.74,-11.91,-6.90,3.21,11.44,20.85,25.24
8576.00,-18.91,-15.96,-7.50,-3.20,9.01,14.81,19.15,20.71
8580.00,-14.98,-11.15,-7.46,1.32,13.09,20.14,19.17,21.91
8584.00,-12.80,-11.23,0.65,8.44,13.37,19.35,23.09,19.76
8588.00,-9.36,-6.77,3.79,12.52,15.34,19.32,18.42,11.59
8592.00,-9.60,-0.88,4.11,15.03,16.99,21.58,18.49,8.75
8596.00,-7.71,1.83,7.57,13.19,21.03,15.30,11.11,3.13
8600.00,-0.30,6.43,11.97,14.75,20.35,16.61,10.83,0.81
8604.00,2.84,6.26,16.58,14.87,15.56,11.22,2.63,-3.25
8608.00,2.19,11.01,13.02,14.55,16.57,9.69,0.23,-7.24
8612.00,9.02,10.95,16.26,16.62,11.23,3.82,-5.35,-12.82
8616.00,8.46,15.20,13.70,13.67,10.02,0.86,-9.67,-12.51
8620.00,12.73,16.66,16.20,9.89,3.47,-2.95,-11.15,-13.04
8624.00,12.31,14.69,10.98,7.63,-1.09,-5.17,-11.09,-17.95
8628.00,13.48,15.21,7.23,3.85,-2.40,-8.71,-15.08,-14.40
8632.00,13.41,10.19,7.76,-0.62,-7.47,-12.76,-12.24,-13.32
8636.00,11.94,9.11,3.71,-3.29,-6.66,-13.57,-13.33,-14.49
8640.00,9.75,4.21,-0.48,-3.76,-11.30,-14.28,-15.89,-8.63
8644.00,5.80,3.50,-3.53,-9.89,-10.91,-15.40,-11.59,-6.32
8648.00,4.68,2.22,-4.99,-11.19,-10.40,-13.52,-9.48,-6.14
8652.00,2.06,-0.58,-5.72,-11.80,-14.45,-9.34,-7.36,-3.08
8656.00,-0.32,-6.41,-7.11,-10.45,-13.86,-6.31,-4.11,-3.10
8660.00,-3.05,-7.80,-12.37,-13.31,-11.67,-5.43,-4.52,-0.46
8664.00,-4.75,-6.84,-11.10,-11.17,-8.82,-2.01,-0.17,-0.48
8668.00,-4.43,-11.07,-12.40,-7.31,-6.22,0.30,2.46,0.82
8672.00,-5.90,-10.93,-9.04,-6.80,-1.80,0.89,2.03,3.41
8676.00,-6.33,-9.12,-9.54,-6.57,-0.93,0.30,2.76,0.05
8680.00,-7.68,-7.27,-4.85,-3.29,1.62,0.67,-0.81,-2.57
8684.00,-9.55,-7.38,-6.18,0.48,0.29,1.97,-2.05,-5.00
8688.00,-9.43,-3.86,-3.70,2.65,1.53,2.59,-3.60,-8.47
8692.00,-8.99,-4.27,-2.18,2.62,2.25,0.20,-5.86,-13.82
8696.00,-3.03,-2.88,2.97,4.58,1.83,-1.44,-10.77,-15.17
8700.00,-4.47,-0.74,0.21,0.26,1.03,-4.32,-14.22,-19.48
8704.00,-3.91,1.93,3.08,1.51,-0.74,-8.98,-15.51,-24.48
8708.00,-0.87,1.17,0.43,1.36,-5.06,-9.90,-20.81,-22.85
8712.00,-1.00,0.25,2.75,-4.27,-5.99,-12.91,-21.77,-26.10
8716.00,0.64,0.80,0.83,-5.37,-10.62,-18.71,-24.25,-28.33
8720.00,4.45,-1.04,-0.01,-6.14,-14.86,-18.95,-23.06,-24.74
8724.00,0.24,-1.38,-4.70,-8.90,-19.20,-20.75,-24.58,-24.47
8728.00,-0.68,-4.16,-7.61,-14.79,-22.04,-22.81,-24.06,-18.64
8732.00,-0.31,-2.75,-8.83,-17.16,-22.95,-25.86,-21.31,-15.49
8736.00,-0.35,-5.84,-12.18,-20.35,-22.87,-21.35,-17.46,-13.32
8740.00,-1.61,-10.95,-16.07,-21.61,-21.89,-22.44,-14.82,-6.58
8744.00,-5.05,-10.41,-20.49,-21.22,-22.87,-17.25,-12.15,-0.99
8748.00,-8.09,-13.77,-19.78,-19.96,-20.04,-16.60,-7.84,3.83
8752.00,-11.18,-16.73,-22.21,-21.94,-18.50,-12.06,-0.36,5.97
8756.00,-14.09,-18.38,-23.31,-20.33,-17.38,-5.89,0.82,13.67
8760.00,-18.78,-22.22,-23.24,-19.63,-10.90,-1.13,7.35,13.81
8764.00,-18.23,-19.99,-18.89,-14.19,-9.06,1.05,8.92,17.00
8768.00,-17.94,-22.11,-17.19,-11.52,-0.74,4.50,15.13,19.33
8772.00,-17.22,-19.51,-12.26,-7.03,1.72,8.16,15.88,20.52
8776.00,-17.52,-16.91,-8.55,-3.10,5.65,15.52,19.47,19.68
8780.00,-19.30,-15.58,-5.41,2.48,11.62,14.99,19.84,19.56
8784.00,-18.11,-10.36,-2.72,3.06,10.25,18.07,20.49,15.39
8788.00,-14.19,-8.41,-0.14,6.71,17.02,18.43,17.93,13.78
8792.00,-11.80,-1.26,6.80,12.43,14.87,16.01,15.90,9.78
8796.00,-5.66,-0.33,5.62,11.98,15.08,17.42,11.49,2.48
8800.00,-1.54,4.13,11.39,16.03,18.71,15.78,4.63,-1.31
8804.00,1.46,6.79,13.21,18.14,14.99,12.59,3.43,-4.01
8808.00,5.84,10.70,14.76,15.21,14.49,5.78,-0.64,-9.14
8812.00,6.53,13.97,15.07,13.38,8.98,0.83,-5.71,-10.88
8816.00,11.23,15.62,12.92,13.48,4.65,-2.13,-8.58,-14.95
8820.00,13.33,15.74,12.40,10.59,4.61,-6.88,-10.15,-14.29
8824.00,10.45,14.17,12.48,6.82,-1.27,-7.69,-12.94,-19.25
8828.00,14.06,14.75,11.19,3.91,-2.44,-9.98,-15.21,-14.86
8832.00,12.00,8.43,6.04,1.37,-8.52,-10.98,-16.16,-16.51
8836.00,12.86,6.38,3.84,-4.79,-8.79,-15.70,-13.44,-11.95
8840.00,11.70,8.14,0.54,-7.34,-11.89,-13.40,-15.60,-11.77
8844.00,9.74,2.13,-3.63,-7.25,-11.47,-13.83,-12.68,-6.42
8848.00,7.32,2.31,-7.05,-9.32,-14.00,-10.22,-8.00,-7.01
8852.00,0.63,-4.76,-6.63,-9.57,-10.77,-9.59,-4.66,-3.34
8856.00,1.18,-5.40,-10.82,-9.20,-13.62,-8.05,-3.06,0.87
8860.00,-1.64,-8.81,-12.48,-11.18,-10.64,-4.94,-2.69,3.28
8864.00,-5.97,-6.04,-12.62,-7.95,-5.25,-4.42,-1.66,1.36
8868.00,-4.91,-9.26,-7.94,-7.73,-5.20,-0.51,2.43,4.91
8872.00,-7.38,-11.46,-7.43,-8.50,-0.64,-0.33,3.59,4.36
8876.00,-8.41,-8.49,-9.62,-3.86,-1.98,2.86,2.77,1.93
8880.00,-6.44,-8.20,-4.17,0.19,3.57,1.51,2.76,-2.22
8884.00,-9.60,-8.24,-1.51,-2.04,4.82,3.94,-1.25,-5.25
8888.00,-8.79,-3.48,-3.35,2.35,4.83,3.98,0.09,-8.47
8892.00,-6.26,-2.74,-1.99,0.64,2.82,2.62,-3.60,-11.11
8896.00,-4.69,1.68,3.01,5.23,0.63,1.26,-9.56,-13.35
8900.00,-0.86,0.30,0.80,1.92,3.26,-2.35,-9.33,-17.20
8904.00,0.80,3.82,4.68,3.51,0.31,-8.66,-13.42,-20.11
8908.00,3.84,3.15,1.92,2.75,-1.31,-8.08,-18.33,-23.07
8912.00,5.23,2.29,5.17,-2.88,-7.40,-11.77,-21.79,-20.91
8916.00,3.50,3.83,-0.61,-4.02,-9.76,-15.25,-20.76,-21.90
8920.00,5.75,5.45,-1.50,-6.81,-11.27,-20.69,-21.92,-24.78
8924.00,2.28,0.34,-4.17,-8.52,-13.52,-22.47,-24.79,-22.64
8928.00,4.15,-0.51,-3.98,-13.87,-19.85,-19.23,-20.98,-17.69
8932.00,0.61,-0.95,-6.68,-13.37,-18.40,-21.98,-19.52,-15.04
8936.00,1.08,-4.00,-12.19,-16.90,-20.03,-19.52,-19.15,-11.34
8940.00,-1.82,-6.18,-15.53,-18.71,-22.86,-18.27,-13.36,-3.67
8944.00,-3.70,-8.74,-13.74,-18.35,-19.94,-17.69,-7.27,3.42
8948.00,-8.87,-12.74,-19.65,-17.37,-19.81,-12.02,-5.62,6.77
8952.00,-9.26,-16.07,-19.90,-18.90,-13.46,-9.41,0.90,9.39
8956.00,-11.90,-14.04,-20.38,-16.08,-11.21,-5.20,5.88,18.42
8960.00,-11.83,-17.36,-19.21,-12.65,-9.78,2.34,8.96,22.15
8964.00,-15.53,-16.39,-17.97,-9.97,-6.17,7.02,13.64,20.75
8968.00,-16.79,-16.11,-13.39,-6.51,2.87,10.02,16.33,22.53
8972.00,-16.24,-15.87,-11.36,-5.90,5.54,16.58,22.00,23.12
8976.00,-15.64,-14.17,-9.37,-1.22,7.69,15.33,22.75,25.08
8980.00,-15.70,-10.57,-2.52,5.96,13.82,20.93,24.83,23.00
8984.00,-14.33,-5.30,0.84,10.76,17.73,23.33,22.75,20.18
8988.00,-11.40,-4.53,3.04,12.96,16.83,22.36,20.47,17.90
8992.00,-7.01,-2.25,5.81,16.81,18.14,21.02,16.26,10.86
8996.00,-5.24,1.81,12.11,17.69,20.39,18.50,14.54,7.83
9000.00,1.49,9.89,14.97,19.92,18.41,20.09,14.29,1.85
9004.00,4.69,12.81,17.14,21.84,18.06,16.84,7.18,-2.50
9008.00,6.18,12.40,18.42,19.87,16.08,9.79,1.36,-4.87
9012.00,7.55,13.86,16.98,16.31,16.06,6.39,-0.15,-6.50
9016.00,11.62,15.03,20.21,14.54,13.24,4.90,-3.56,-8.29
9020.00,13.92,19.07,18.23,12.98,7.25,1.47,-8.41,-10.69
9024.00,16.77,17.29,13.08,12.72,3.74,-1.16,-6.57,-9.19
9028.00,17.37,17.89,12.25,6.88,2.41,-2.95,-10.88,-10.18
9032.00,16.49,12.31,7.92,4.86,-4.25,-6.41,-9.51,-9.99
9036.00,16.19,13.45,7.75,2.54,-6.82,-7.56,-9.36,-6.53
9040.00,13.77,8.26,3.27,0.30,-6.85,-10.40,-6.25,-4.95
9044.00,10.17,8.78,0.76,-3.38,-7.72,-9.19,-4.94,-1.98
9048.00,8.64,3.34,0.51,-3.65,-8.70,-9.32,-6.50,2.65
9052.00,6.36,0.36,-2.60,-7.13,-7.69,-6.94,-3.72,1.35
9056.00,3.26,1.59,-5.99,-8.58,-3.78,-2.42,2.87,5.81
9060.00,0.84,-0.26,-6.72,-5.05,-4.06,-0.38,4.58,9.73
9064.00,-0.12,-3.73,-4.72,-5.48,-2.23,2.02,7.44,8.21
9068.00,-0.72,-5.89,-5.08,-2.78,0.85,2.58,5.62,7.87
9072.00,-4.61,-3.78,-3.34,-0.45,0.60,5.34,6.68,7.64
9076.00,-3.24,-4.98,-1.97,-1.33,3.99,6.90,6.55,4.76
9080.00,-6.38,-2.05,0.70,0.72,8.57,7.53,9.97,5.32
9084.00,-6.23,-3.12,1.74,3.02,5.80,7.58,8.45,2.79
9088.00,-2.68,1.85,0.89,9.09,8.97,10.44,4.45,-2.98
9092.00,-2.10,1.15,3.69,5.78,8.35,5.54,2.24,-4.05
9096.00,-1.10,2.18,5.56,7.60,8.57,6.78,-1.21,-8.52
9100.00,0.69,7.13,6.68,7.55,5.54,3.60,-3.59,-9.76
9104.00,3.88,6.39,9.28,7.60,3.56,-2.27,-9.11,-13.55
9108.00,4.48,8.82,8.18,6.22,2.86,-5.74,-8.94,-13.73
9112.00,7.99,7.58,9.78,5.65,-3.11,-6.12,-11.13,-17.26
9116.00,8.43,8.63,4.58,-0.25,-2.85,-10.83,-13.51,-19.40
9120.00,6.13,8.84,2.80,-1.20,-9.48,-12.34,-14.95,-17.95
9124.00,9.32,6.89,0.46,-3.70,-10.62,-16.92,-16.38,-12.55
9128.00,5.27,4.94,1.72,-9.02,-12.07,-16.88,-14.32,-9.20
9132.00,7.46,4.42,-3.79,-7.33,-12.64,-17.38,-12.26,-6.58
9136.00,2.92,-1.24,-7.21,-10.01,-13.32,-16.30,-13.56,-4.63
9140.00,-0.08,-4.94,-7.55,-14.14,-16.29,-11.75,-5.48,1.82
9144.00,2.22,-3.77,-11.69,-15.97,-16.04,-11.68,-3.22,9.53
9148.00,-4.96,-6.32,-12.32,-14.72,-15.05,-8.73,0.85,10.43
9152.00,-6.09,-12.99,-12.66,-12.28,-11.07,-3.32,7.27,18.29
9156.00,-7.87,-11.11,-13.71,-13.41,-8.12,1.21,12.65,21.92
9160.00,-9.51,-14.17,-11.12,-9.13,-5.25,7.23,16.48,23.49
9164.00,-13.87,-12.45,-10.77,-6.40,1.44,12.22,19.35,26.54
9168.00,-12.38,-12.48,-10.67,-4.46,7.56,17.79,22.82,29.76
9172.00,-10.40,-11.60,-9.21,0.98,7.58,20.77,24.99,29.60
9176.00,-11.20,-9.19,-4.69,3.27,16.26,24.93,29.38,27.49
9180.00,-11.01,-9.21,2.20,8.00,16.05,26.63,27.41,29.56
9184.00,-9.95,-2.33,2.54,12.99,21.74,27.22,25.54,25.92
9188.00,-6.67,0.12,10.79,14.47,25.29,26.78,24.18,22.50
9192.00,-2.75,4.39,10.41,19.09,26.11,24.87,23.59,14.86
9196.00,1.87,9.78,17.55,20.36,27.35,22.82,20.25,13.63
9200.00,3.33,10.55,17.66,22.02,25.00,23.65,16.49,10.32
9204.00,6.56,14.50,20.85,23.32,23.83,19.92,10.41,2.04
9208.00,8.52,15.89,21.08,24.74,21.56,15.70,6.59,0.99
9212.00,11.69,17.02,21.23,22.28,17.36,13.69,5.90,-1.56
9216.00,17.67,22.10,21.33,19.59,16.61,6.34,-1.39,-4.36
9220.00,16.96,23.05,22.84,17.74,10.72,5.30,-0.13,-3.86
9224.00,17.41,19.89,21.11,15.81,9.39,0.12,-3.80,-4.43
9228.00,18.12,19.44,16.98,11.09,3.17,-3.27,-6.31,-5.23
9232.00,18.60,17.97,15.87,9.05,3.69,-2.67,-7.20,-5.28
9236.00,20.24,16.19,9.59,3.83,-0.96,-3.17,-5.62,-3.10
9240.00,18.78,10.54,6.84,3.40,-3.19,-6.77,-5.32,-1.17
9244.00,16.44,9.83,6.45,-1.53,-2.93,-2.58,-0.54,3.47
9248.00,9.56,4.46,1.37,-3.75,-3.61,-3.50,0.70,2.01
9252.00,7.13,4.14,-0.99,-4.94,-5.19,-4.40,0.67,9.02
9256.00,7.78,2.86,-3.62,-4.05,-2.81,-0.26,3.16,9.60
9260.00,4.72,-1.85,-1.26,-4.76,0.76,3.36,7.11,8.88
9264.00,3.55,-1.88,-3.49,-0.39,-2.12,2.39,7.23,11.96
9268.00,2.07,-0.91,-5.14,-0.76,2.65,4.74,8.00,9.49
9272.00,-3.78,-0.72,-2.94,-0.56,5.68,6.66,12.82,10.30
9276.00,-3.44,-4.14,-3.10,3.43,9.18,12.04,10.22,7.59
9280.00,-1.45,-3.47,-0.20,5.84,11.15,8.76,12.22,8.99
9284.00,-0.15,1.17,2.22,8.05,9.07,9.05,10.15,3.47
9288.00,0.43,0.41,3.58,8.19,11.35,10.89,7.53,-0.27
9292.00,-0.54,4.57,7.57,11.75,12.57,7.75,4.23,-0.75
9296.00,2.35,5.03,9.92,9.42,8.74,5.01,2.93,-5.88
9300.00,4.15,8.71,9.40,8.44,10.18,5.09,-1.57,-7.79
9304.00,3.34,6.48,10.02,10.22,4.57,1.53,-7.41,-13.04
9308.00,7.96,7.30,7.83,8.51,4.04,-4.30,-10.13,-12.80
9312.00,9.22,7.42,10.57,4.03,-1.99,-6.35,-12.75,-17.44
9316.00,9.09,11.20,4.94,2.24,-0.90,-11.49,-16.51,-14.09
9320.00,9.03,8.17,6.29,-1.79,-7.12,-11.54,-16.98,-14.24
9324.00,9.77,9.18,4.61,-1.10,-10.92,-14.89,-14.89,-13.48
9328.00,7.35,6.29,1.83,-7.56,-13.77,-17.11,-15.59,-12.69
9332.00,8.26,1.14,-0.80,-9.95,-15.19,-16.97,-13.66,-6.62
9336.00,6.85,1.39,-3.58,-9.49,-16.30,-12.96,-9.30,-1.55
9340.00,4.46,-2.13,-7.82,-13.06,-12.90,-11.94,-6.66,4.01
9344.00,-1.29,-8.20,-9.40,-14.60,-13.33,-10.37,-0.44,5.09
9348.00,-4.51,-10.26,-12.61,-13.52,-12.16,-8.50,-0.42,13.49
9352.00,-5.85,-12.84,-14.01,-16.42,-12.33,-4.10,7.41,18.48
9356.00,-6.17,-10.80,-15.42,-10.55,-5.16,2.81,12.13,22.94
9360.00,-11.44,-11.27,-11.79,-12.11,-4.84,7.59,17.09,26.57
9364.00,-12.55,-12.50,-11.53,-6.48,1.68,11.03,19.91,29.07
9368.00,-10.73,-14.33,-10.07,-4.29,2.44,15.81,25.23,29.53
9372.00,-14.76,-11.87,-8.97,-0.98,7.50,17.56,25.93,28.32
9376.00,-11.83,-10.79,-3.81,4.18,11.78,22.65,26.51,27.71
9380.00,-10.46,-7.33,0.10,6.55,14.92,21.98,27.22,24.89
9384.00,-11.72,-2.19,5.00,13.29,17.98,27.12,27.32,24.12
9388.00,-7.94,-2.90,7.98,16.79,23.45,27.92,23.05,21.53
9392.00,-5.32,3.36,11.59,20.47,25.11,25.09,21.88,14.82
9396.00,-2.50,7.18,15.12,18.53,23.15,24.04,18.94,11.72
9400.00,1.70,9.77,16.14,23.81,24.10,18.51,15.21,6.99
9404.00,5.60,11.36,19.25,21.16,20.26,19.63,10.46,2.62
9408.00,6.95,13.50,18.15,23.22,20.01,15.12,6.94,0.63
9412.00,9.50,19.45,19.65,19.59,16.71,8.04,2.92,-6.87
9416.00,15.25,16.79,21.73,19.22,14.79,5.02,-1.67,-7.59
9420.00,16.92,19.08,18.11,16.31,7.22,0.24,-2.40,-9.67
9424.00,18.71,18.30,17.76,12.50,6.77,-3.30,-5.66,-7.93
9428.00,15.83,16.89,15.77,7.19,2.06,-2.33,-7.50,-11.32
9432.00,16.90,17.49,13.04,5.99,-0.94,-6.63,-9.97,-8.87
9436.00,16.89,11.69,9.29,-0.38,-4.64,-8.38,-10.57,-7.63
9440.00,16.27,9.65,4.53,-2.72,-6.96,-7.37,-7.44,-5.91
9444.00,10.96,6.72,2.69,-5.62,-5.44,-6.71,-7.64,0.30
9448.00,9.42,2.02,-0.74,-7.37,-9.93,-6.00,-3.27,-0.56
9452.00,5.17,3.08,-4.63,-6.43,-8.08,-5.92,-2.87,4.62
9456.00,3.81,-0.88,-3.57,-7.52,-4.63,-4.76,1.63,5.23
9460.00,3.47,-2.64,-4.55,-6.51,-3.88,-1.40,2.63,6.58
9464.00,-2.83,-2.36,-7.40,-6.24,-2.26,1.79,5.81,6.25
9468.00,-1.09,-6.88,-7.43,-6.02,-2.20,2.16,7.54,7.21
9472.00,-6.64,-4.01,-7.23,-1.73,1.86,6.92,7.60,4.70
9476.00,-7.57,-5.70,-2.90,-1.68,4.72,5.96,6.57,5.31
9480.00,-7.36,-6.16,-1.38,0.34,2.93,5.64,5.72,1.46
9484.00,-5.45,-4.34,-1.20,1.67,7.93,7.75,4.34,-0.77
9488.00,-6.62,-0.90,2.84,4.43,8.13,7.68,2.78,-5.73
9492.00,-3.71,2.23,0.97,5.49,6.65,6.51,1.64,-6.50
9496.00,-1.41,-0.77,3.45,4.36,4.14,3.04,-3.73,-9.71
9500.00,-1.42,4.30,7.93,7.37,5.63,-0.04,-6.46,-17.01
9504.00,3.86,3.63,7.38,4.81,-0.14,-4.10,-10.67,-18.07
9508.00,3.66,5.56,5.72,3.21,0.53,-5.57,-16.91,-18.56
9512.00,5.52,8.06,2.99,3.84,-4.49,-11.27,-19.10,-21.03
9516.00,6.20,7.56,1.78,0.06,-9.55,-15.10,-18.51,-22.84
9520.00,7.20,4.13,-0.31,-2.76,-9.01,-15.28,-20.32,-21.90
9524.00,2.94,3.10,-2.09,-8.27,-11.69,-16.63,-21.62,-16.95
9528.00,4.39,1.34,-5.84,-8.63,-17.98,-19.74,-19.66,-16.83
9532.00,3.90,-2.47,-5.73,-13.79,-17.68,-21.49,-18.03,-11.01
9536.00,1.30,-4.55,-9.47,-16.71,-19.24,-18.48,-15.77,-6.15
9540.00,-1.48,-4.85,-15.13,-16.96,-18.55,-17.81,-10.74,-5.37
9544.00,-2.40,-9.32,-13.52,-21.56,-21.02,-17.05,-9.77,2.94
9548.00,-6.55,-13.96,-19.04,-18.34,-17.27,-10.93,-3.98,8.39
9552.00,-8.37,-13.76,-17.50,-17.00,-16.82,-9.76,-1.29,9.43
9556.00,-10.01,-18.19,-20.26,-17.27,-10.30,-3.80,6.59,17.34
9560.00,-12.59,-17.43,-18.78,-14.53,-7.69,2.63,12.71,18.29
9564.00,-14.31,-16.17,-18.39,-10.88,-4.49,3.93,15.11,21.80
9568.00,-19.34,-18.98,-13.98,-7.12,0.71,8.16,18.45,23.30
9572.00,-17.82,-18.63,-11.00,-2.89,3.30,13.71,19.97,25.47
9576.00,-18.12,-16.96,-10.79,-3.31,7.05,18.19,22.71,20.37
9580.00,-14.61,-10.55,-6.72,4.71,9.61,17.27,23.07,20.50
9584.00,-12.17,-6.48,-3.65,5.72,15.87,20.00,20.62,18.02
9588.00,-10.06,-4.59,4.64,9.96,16.23,21.48,16.78,15.01
9592.00,-6.74,-3.52,7.94,12.62,17.34,20.11,15.56,11.90
9596.00,-6.35,2.19,8.64,15.57,16.92,18.63,15.16,7.19
9600.00,-0.63,5.12,12.94,18.05,20.06,16.84,10.84,-1.90
9604.00,3.08,7.12,12.82,17.99,17.46,12.34,6.90,-3.78
9608.00,4.36,10.60,17.36,16.06,14.85,8.43,-0.42,-7.11
9612.00,8.09,13.08,13.49,13.44,10.46,4.73,-2.21,-9.94
9616.00,11.88,15.24,14.07,11.74,9.83,0.33,-8.26,-14.69
9620.00,11.18,15.00,12.61,11.68,5.56,-1.27,-7.93,-14.48
9624.00,15.04,13.73,11.31,4.77,2.24,-6.23,-14.36,-17.74
9628.00,12.43,11.33,10.91,5.22,-5.29,-11.08,-12.93,-13.44
9632.00,14.80,13.20,4.27,-1.62,-8.05,-10.17,-16.57,-16.43
9636.00,12.23,9.57,3.71,-3.33,-9.95,-12.99,-12.05,-11.67
9640.00,11.23,6.00,1.52,-7.60,-10.77,-14.93,-13.84,-10.27
9644.00,9.86,3.07,-2.89,-7.09,-13.92,-12.65,-12.61,-7.98
9648.00,3.37,0.92,-3.48,-9.71,-14.07,-14.88,-11.69,-6.17
9652.00,3.77,-4.38,-9.02,-10.15,-14.84,-12.73,-5.07,-0.67
9656.00,0.94,-7.36,-9.12,-11.01,-9.20,-9.91,-5.46,1.57
9660.00,-2.96,-6.39,-8.98,-11.37,-8.75,-5.34,-3.76,1.26
9664.00,-6.20,-8.62,-13.17,-11.18,-9.62,-5.86,-0.54,1.96
9668.00,-8.70,-10.61,-11.84,-9.54,-4.62,-1.38,-1.13,2.04
9672.00,-5.70,-11.92,-7.72,-8.48,-5.25,1.70,0.40,3.26
9676.00,-7.20,-8.49,-8.55,-6.86,-2.75,2.83,2.79,0.23
9680.00,-9.62,-8.89,-8.72,-4.59,-2.20,4.21,1.61,-1.07
9684.00,-7.95,-7.84,-3.50,-3.12,-1.03,1.56,0.48,-5.52
9688.00,-7.66,-6.31,-4.48,0.89,4.09,-0.39,-3.57,-6.86
9692.00,-4.91,-6.21,-0.24,3.27,1.70,-2.33,-4.57,-12.98
9696.00,-6.28,-2.13,-1.74,-0.01,0.57,-1.88,-7.71,-16.24
9700.00,-2.25,0.01,0.50,0.85,-0.32,-6.46,-10.00,-18.09
9704.00,0.68,-0.02,3.47,2.13,-1.62,-9.79,-17.25,-24.81
9708.00,-1.70,1.88,3.11,0.44,-3.56,-12.01,-16.61,-23.18
9712.00,0.86,2.37,1.01,-4.54,-9.81,-14.01,-23.52,-24.49
9716.00,3.16,-0.23,-0.81,-3.03,-11.32,-17.76,-23.24,-25.68
9720.00,0.79,1.99,0.29,-8.26,-12.51,-20.93,-25.35,-25.25
9724.00,2.62,-0.97,-3.05,-9.58,-16.35,-23.50,-23.51,-21.20
9728.00,-1.01,-3.03,-6.81,-11.88,-18.49,-22.54,-22.79,-19.91
9732.00,-0.88,-3.18,-12.01,-16.33,-21.38,-25.09,-21.82,-17.05
9736.00,-4.02,-6.10,-11.85,-19.01,-23.60,-23.84,-18.77,-13.03
9740.00,-4.06,-11.24,-14.76,-19.19,-24.55,-24.32,-13.81,-4.86
9744.00,-8.91,-10.55,-19.21,-22.55,-20.66,-20.10,-11.35,-1.78
9748.00,-10.65,-15.87,-20.11,-22.74,-22.28,-16.08,-5.46,1.16
9752.00,-13.49,-19.15,-22.80,-20.21,-18.88,-12.99,-0.95,6.99
9756.00,-13.94,-17.94,-19.88,-20.88,-17.11,-6.58,1.67,11.42
9760.00,-16.36,-21.93,-21.33,-17.12,-13.41,-3.84,9.58,13.25
9764.00,-18.99,-20.83,-21.57,-14.73,-5.31,4.27,13.52,16.21
9768.00,-17.64,-20.46,-16.80,-12.78,-3.08,6.76,15.73,20.23
9772.00,-17.38,-16.04,-15.61,-6.42,2.56,11.94,18.01,20.64
9776.00,-16.67,-14.20,-12.83,-3.29,5.09,13.54,20.14,18.55
9780.00,-19.57,-16.09,-8.75,-0.25,11.67,16.98,21.49,17.12
9784.00,-13.70,-11.69,-5.48,3.52,14.35,16.63,20.52,14.17
9788.00,-14.48,-7.31,1.58,10.77,15.79,16.60,15.20,8.93
9792.00,-10.34,-5.76,5.41,12.67,14.58,17.50,13.37,7.46
9796.00,-4.60,2.47,6.70,15.37,14.66,14.16,9.60,2.46
9800.00,-2.34,2.40,12.31,16.76,17.61,15.22,7.70,0.64
9804.00,-1.44,6.05,11.21,17.64,14.78,8.80,4.22,-5.23
9808.00,2.29,12.06,12.88,13.78,11.45,8.31,1.31,-10.35
9812.00,7.67,11.44,16.19,11.81,11.61,4.32,-3.73,-10.42
9816.00,7.45,14.09,15.81,10.05,4.82,-0.17,-10.86,-17.14
9820.00,12.57,14.89,12.98,10.71,5.31,-4.50,-13.59,-18.23
9824.00,11.39,14.90,12.18,7.76,-0.22,-8.36,-13.49,-16.17
9828.00,14.11,11.12,10.48,2.75,-5.10,-11.55,-15.86,-15.15
9832.00,11.44,12.60,6.08,-0.14,-7.14,-12.89,-14.87,-17.35
9836.00,10.21,10.16,3.52,-1.35,-7.08,-15.05,-12.79,-14.08
9840.00,11.07,4.99,2.22,-8.63,-12.40,-15.15,-11.73,-12.19
9844.00,8.49,5.34,-3.82,-10.77,-12.50,-15.82,-14.13,-9.64
9848.00,5.07,1.41,-6.28,-12.40,-11.01,-10.93,-9.57,-5.70
9852.00,0.46,-0.66,-5.43,-13.44,-14.66,-12.14,-7.29,-5.02
9856.00,-1.52,-5.93,-8.84,-10.26,-12.44,-7.67,-5.53,-2.13
9860.00,-4.52,-8.07,-12.16,-12.39,-12.02,-7.92,-4.38,2.38
9864.00,-3.83,-10.79,-9.80,-8.90,-5.99,-3.53,1.43,0.77
9868.00,-3.90,-10.78,-8.96,-8.30,-4.94,0.30,-0.68,3.22
9872.00,-5.97,-11.50,-8.95,-9.00,-1.80,1.85,0.83,1.70
9876.00,-10.35,-10.60,-9.57,-6.58,1.09,2.25,5.19,2.90
9880.00,-8.99,-9.69,-6.46,-0.84,0.27,3.21,2.82,-2.20
9884.00,-7.19,-6.72,-2.12,2.33,2.64,0.72,0.80,-3.12
9888.00,-6.13,-4.70,-1.93,1.04,2.89,0.63,0.45,-6.48
9892.00,-6.58,-2.93,0.90,5.14,2.51,-0.93,-4.43,-9.48
9896.00,-6.22,-2.64,3.15,3.86,0.55,-0.45,-6.89,-14.87
9900.00,-4.54,-1.21,1.77,1.90,2.86,-4.73,-12.51,-19.35
9904.00,-0.83,0.45,2.59,5.35,-0.91,-6.77,-12.61,-21.64
9908.00,2.72,3.47,6.18,1.22,-1.70,-12.30,-14.73,-24.13
9912.00,1.38,5.74,1.85,-0.65,-4.82,-10.89,-20.97,-23.79
9916.00,5.14,6.19,2.13,-4.66,-9.20,-17.33,-22.74,-23.61
9920.00,2.93,1.58,1.15,-6.16,-14.37,-20.52,-20.35,-20.21
9924.00,3.93,-0.47,-4.25,-7.63,-13.72,-20.31,-21.17,-20.32
9928.00,4.85,1.52,-2.94,-12.30,-15.45,-19.81,-19.26,-15.68
9932.00,2.12,-0.33,-9.33,-12.56,-17.23,-22.65,-18.36,-15.49
9936.00,0.98,-4.40,-11.32,-14.77,-20.16,-22.81,-14.42,-10.20
9940.00,-1.22,-7.08,-11.40,-16.15,-21.01,-17.53,-10.79,-3.83
9944.00,-3.40,-9.96,-17.46,-17.29,-19.56,-13.92,-7.37,0.58
9948.00,-4.46,-13.13,-15.26,-21.89,-16.80,-14.64,-3.58,7.95
9952.00,-11.06,-12.30,-19.34,-20.73,-15.72,-6.76,1.25,12.23
9956.00,-10.74,-13.95,-18.70,-15.87,-14.67,-6.21,8.51,15.22
9960.00,-13.06,-18.40,-19.35,-17.12,-9.81,-0.59,10.23,18.05
9964.00,-17.59,-15.96,-16.53,-12.35,-3.33,4.21,16.34,21.14
9968.00,-16.49,-18.78,-11.74,-8.97,2.58,12.63,18.26,25.02
9972.00,-18.11,-16.53,-9.13,-1.54,6.21,14.70,19.94,25.32
9976.00,-14.73,-15.00,-8.98,0.52,10.22,15.51,23.80,26.16
9980.00,-12.24,-8.34,-2.80,2.77,13.78,18.87,25.75,21.74
9984.00,-14.16,-7.78,0.56,9.57,14.82,23.49,20.96,20.64
9988.00,-12.33,-2.70,5.29,11.65,19.68,24.26,23.04,14.09
9992.00,-9.21,1.80,8.03,14.16,18.55,20.98,19.16,10.08
9996.00,-2.87,4.51,10.42,18.17,19.32,22.58,15.68,6.10
10000.00,-0.56,6.65,13.13,19.01,21.94,20.30,12.83,2.55
10004.00,5.62,9.19,16.37,17.85,17.10,15.90,5.41,-0.54
10008.00,6.79,13.30,18.00,21.41,18.65,11.47,6.17,-5.06
10012.00,8.75,16.20,17.31,18.60,16.63,8.29,-1.98,-6.23
10016.00,14.98,19.12,16.19,15.13,9.52,4.99,-4.11,-8.87
10020.00,13.90,15.04,17.72,14.99,9.41,1.91,-7.28,-9.57
10024.00,16.02,17.87,16.41,12.71,2.29,-3.69,-8.88,-12.57
10028.00,15.40,14.04,11.68,9.71,-1.29,-4.39,-7.49,-10.40
10032.00,13.65,12.68,8.15,6.71,-1.72,-8.02,-7.84,-11.43
10036.00,14.55,10.45,6.83,-0.53,-6.06,-9.89,-7.20,-5.98
10040.00,13.32,10.18,2.94,-1.76,-4.09,-9.79,-6.12,-3.77
10044.00,11.65,5.52,2.41,-5.24,-7.75,-8.64,-7.56,-3.88
10048.00,8.45,2.23,-0.14,-5.98,-8.73,-5.86,-1.86,-1.77
10052.00,8.96,0.05,-5.19,-7.71,-9.48,-4.50,-1.41,4.60
10056.00,5.41,0.93,-3.26,-8.64,-8.61,-5.14,0.49,4.94
10060.00,2.02,-2.73,-3.50,-4.27,-4.34,-1.18,1.38,7.76
10064.00,-1.91,-2.98,-5.23,-7.24,-4.78,2.14,6.48,9.77
10068.00,-0.34,-4.08,-4.26,-5.12,-0.41,2.07,6.74,6.12
10072.00,-2.26,-5.47,-3.97,-2.78,0.23,8.43,9.57,9.25
10076.00,-4.85,-2.00,-4.45,0.96,5.81,9.48,7.94,4.48
10080.00,-4.81,-4.72,-2.10,0.67,5.01,10.60,5.54,3.81
10084.00,-2.04,-4.45,1.98,3.69,6.96,7.28,6.42,3.86
10088.00,-2.78,-0.71,3.17,7.13,7.51,9.46,2.54,-1.34
10092.00,0.25,0.58,5.35,8.25,7.47,5.59,0.72,-5.07
10096.00,-0.78,2.77,7.99,8.89,10.10,3.25,-0.92,-8.46
10100.00,0.11,3.55,5.47,9.48,8.66,0.38,-6.83,-11.52
10104.00,1.67,7.36,7.72,6.06,2.31,-1.82,-9.82,-15.21
10108.00,3.77,9.68,7.57,5.57,4.11,-4.57,-9.88,-14.19
10112.00,6.96,8.30,8.51,6.73,-1.40,-6.11,-13.34,-15.01
10116.00,8.05,10.20,7.44,2.09,-3.35,-11.54,-15.15,-19.16
10120.00,8.96,6.66,2.67,1.61,-9.37,-11.33,-15.20,-14.26
10124.00,6.09,4.83,-0.21,-3.83,-8.65,-16.11,-14.94,-13.38
10128.00,6.21,3.84,-2.23,-8.10,-13.01,-16.01,-13.82,-12.41
10132.00,7.55,0.88,-2.76,-11.67,-11.88,-13.68,-15.32,-8.24
10136.00,5.78,-1.43,-4.56,-12.61,-16.34,-17.27,-10.23,-5.40
10140.00,1.98,-0.96,-7.56,-14.60,-13.33,-15.73,-6.10,1.30
10144.00,-0.08,-5.33,-10.15,-15.73,-16.73,-11.08,-4.25,9.14
10148.00,-1.68,-8.26,-12.82,-16.05,-14.27,-7.31,2.45,14.52
10152.00,-5.54,-8.77,-16.00,-11.77,-8.70,-4.52,4.93,17.95
10156.00,-7.47,-14.19,-15.65,-10.34,-8.52,0.46,11.80,21.44
10160.00,-7.77,-13.86,-15.78,-9.28,-5.10,6.67,17.06,23.30
10164.00,-12.48,-12.57,-12.02,-9.15,0.75,9.14,19.48,29.66
10168.00,-14.00,-12.18,-10.24,-1.68,5.55,13.74,25.34,31.85
10172.00,-13.82,-10.60,-6.90,1.87,8.27,17.52,28.24,32.06
10176.00,-10.23,-7.74,-3.03,6.73,16.05,24.85,28.27,30.79
10180.00,-12.15,-4.37,0.66,10.55,18.07,24.70,27.01,28.46
10184.00,-10.47,-5.58,6.72,13.24,19.57,25.58,28.72,24.02
10188.00,-5.12,0.10,6.36,15.47,22.14,26.27,28.43,20.83
10192.00,-1.69,4.83,13.07,19.04,26.48,24.84,21.86,16.67
10196.00,-1.35,5.75,13.42,20.79,25.71,24.53,21.43,12.15
10200.00,1.81,10.85,17.96,23.43,23.55,24.42,15.05,9.92
10204.00,8.98,13.52,19.18,24.22,25.16,19.91,13.61,4.84
10208.00,12.54,16.18,19.75,21.40,23.51,16.75,9.29,-0.14
10212.00,10.99,20.55,20.61,23.99,20.37,10.58,3.05,-4.48
10216.00,13.58,20.52,19.90,18.64,12.96,10.63,3.39,-4.24
10220.00,16.23,21.34,23.18,16.05,11.35,6.92,0.28,-6.91
10224.00,19.63,22.13,18.19,14.16,10.02,3.37,-2.62,-6.01
10228.00,17.61,16.87,16.96,12.14,3.07,-3.15,-5.39,-8.23
10232.00,18.97,16.60,15.18,7.96,1.98,-2.74,-3.59,-3.63
10236.00,15.85,17.56,8.99,4.88,-2.73,-3.07,-5.58,-1.24
10240.00,17.41,14.22,7.20,-0.63,-2.69,-5.47,-5.78,1.20
10244.00,15.44,7.78,2.64,1.66,-2.49,-4.51,-1.16,-0.94
10248.00,9.85,7.33,3.37,-1.92,-2.62,-3.46,-1.33,3.25
10252.00,7.83,3.02,-2.46,-4.70,-2.61,-2.78,1.13,6.36
10256.00,7.95,2.35,-1.14,-2.47,-0.87,1.96,5.96,10.45
10260.00,5.52,0.15,-5.25,-4.61,0.36,2.03,9.29,10.94
10264.00,2.25,0.73,-5.38,-2.95,0.17,4.97,11.12,13.33
10268.00,2.33,-0.93,-4.83,-3.28,1.79,9.16,9.63,11.78
10272.00,-2.14,-1.96,-0.30,3.20,3.20,8.37,10.53,12.22
10276.00,-4.41,-3.55,0.04,0.81,9.24,8.21,12.19,11.20
10280.00,-0.98,-2.58,1.90,7.23,7.78,13.03,10.76,4.54
10284.00,-2.98,-1.59,3.57,6.75,9.11,12.08,11.27,3.82
10288.00,-3.21,0.77,5.43,9.49,12.10,10.38,6.92,-0.04
10292.00,-0.47,4.16,9.19,12.03,12.03,8.06,2.98,-4.11
10296.00,0.28,7.20,7.43,9.48,8.29,7.59,-0.80,-8.29
10300.00,3.40,6.37,10.22,9.55,7.24,4.58,-2.91,-7.80
10304.00,3.97,9.03,10.63,7.29,8.42,1.16,-6.45,-11.02
10308.00,7.81,11.49,10.30,8.51,5.48,-3.21,-8.61,-15.67
10312.00,7.90,7.24,10.12,4.33,-1.67,-5.14,-10.76,-13.27
10316.00,6.66,11.71,7.56,2.50,-3.65,-11.02,-14.44,-14.95
10320.00,10.35,9.88,4.90,0.50,-6.22,-9.60,-16.57,-16.51
10324.00,11.19,5.74,1.94,-0.50,-10.14,-15.99,-18.01,-12.87
10328.00,9.39,4.62,2.47,-3.76,-12.71,-16.94,-16.04,-8.20
10332.00,6.18,2.31,-5.25,-6.53,-11.79,-14.99,-11.69,-5.86
10336.00,6.24,-1.43,-6.98,-10.42,-13.75,-14.97,-9.75,-4.63
10340.00,2.58,-4.68,-7.73,-12.01,-16.63,-14.28,-8.83,2.89
10344.00,-0.16,-5.10,-9.28,-14.04,-17.01,-11.74,-1.88,9.17
10348.00,-1.19,-5.92,-12.27,-15.43,-11.05,-8.40,0.44,11.39
10352.00,-7.43,-10.45,-16.10,-15.39,-11.11,-4.38,7.18,19.04
10356.00,-7.59,-10.57,-15.08,-15.11,-6.39,0.10,10.96,19.87
10360.00,-8.28,-13.14,-12.07,-8.53,-4.43,6.18,17.05,27.01
10364.00,-12.18,-11.33,-10.79,-6.80,-1.59,10.32,20.84,26.59
10368.00,-10.56,-12.05,-8.53,-3.24,7.04,14.70,24.09,28.43
10372.00,-11.59,-12.66,-7.16,1.24,9.48,16.85,26.72,28.26
10376.00,-14.32,-8.23,-5.94,5.44,15.29,23.03,28.30,28.75
10380.00,-11.21,-7.04,0.95,8.59,18.13,21.69,29.71,26.62
10384.00,-8.48,-3.95,0.93,11.48,21.71,23.26,25.47,24.57
10388.00,-8.27,1.34,6.61,14.40,23.42,24.24,25.08,18.71
10392.00,-6.16,0.22,10.96,19.97,24.95,24.95,21.50,14.10
10396.00,-0.58,7.66,16.24,21.72,23.58,21.68,17.75,9.48
10400.00,2.72,11.89,19.11,21.28,21.08,23.27,14.78,6.14
10404.00,5.22,14.99,18.62,22.14,22.16,18.80,8.46,0.39
10408.00,7.01,14.07,19.28,21.97,19.11,14.86,7.53,-4.03
10412.00,9.87,16.94,20.12,20.60,15.60,9.04,1.03,-4.15
10416.00,13.31,16.23,19.13,17.35,14.75,6.06,-0.92,-5.37
10420.00,17.08,16.38,19.48,13.54,8.55,4.06,-5.01,-10.52
10424.00,17.23,18.85,18.20,10.39,6.53,-0.98,-4.74,-9.52
10428.00,17.63,17.65,14.09,10.60,3.41,-4.34,-9.26,-7.67
10432.00,17.26,15.09,9.98,3.48,0.49,-7.34,-8.98,-6.71
10436.00,14.54,13.05,9.77,0.22,-3.50,-6.92,-10.43,-4.63
10440.00,11.69,12.36,2.39,-2.60,-4.34,-10.32,-6.65,-5.45
10444.00,11.15,6.55,3.52,-5.07,-8.76,-8.73,-5.57,-3.16
10448.00,10.15,5.99,1.16,-7.02,-6.56,-8.85,-2.76,1.81
10452.00,4.93,0.86,-0.89,-8.64,-8.68,-6.76,-3.75,1.77
10456.00,2.49,-1.10,-5.40,-6.09,-7.89,-3.50,-0.63,5.47
10460.00,-0.70,-2.14,-8.18,-9.12,-7.48,-1.64,4.64,8.07
10464.00,1.16,-3.79,-6.70,-7.23,-3.65,1.84,6.50,6.66
10468.00,-4.13,-4.05,-6.34,-4.80,-1.00,4.06,4.39,8.51
10472.00,-5.75,-6.57,-4.90,-4.16,1.32,5.01,8.28,7.61
10476.00,-4.31,-7.70,-5.48,-0.89,5.34,8.09,6.34,7.21
10480.00,-5.76,-4.66,-1.56,0.45,3.48,6.46,8.45,4.48
10484.00,-7.39,-4.11,0.32,1.64,7.74,5.07,3.44,-2.63
10488.00,-5.10,-1.57,3.38,6.31,6.44,7.71,1.80,-2.58
10492.00,-2.59,-2.32,2.34,7.73,7.86,4.58,-2.95,-9.49
10496.00,-1.76,0.85,6.79,5.05,7.62,3.14,-1.72,-10.53
10500.00,1.18,2.59,5.69,6.53,4.67,0.18,-5.77,-15.80
10504.00,1.71,6.52,5.82,5.80,0.70,-5.12,-11.93,-17.27
10508.00,3.64,5.89,6.08,3.50,-2.95,-7.76,-12.59,-19.41
10512.00,2.74,4.00,7.33,1.73,-5.72,-9.20,-17.07,-18.93
10516.00,4.54,3.09,3.11,-0.78,-8.98,-16.29,-17.96,-21.69
10520.00,5.61,3.37,-0.48,-2.34,-10.32,-18.07,-18.62,-22.28
10524.00,3.72,2.66,-3.34,-9.87,-15.39,-21.01,-20.08,-20.64
10528.00,2.72,0.95,-2.26,-11.79,-14.45,-18.08,-20.91,-15.80
10532.00,4.01,-1.35,-8.59,-14.89,-17.45,-19.28,-16.62,-11.11
10536.00,2.03,-3.87,-9.67,-15.84,-21.20,-18.56,-15.72,-8.75
10540.00,-3.52,-6.87,-12.22,-19.54,-22.01,-16.91,-10.15,-3.67
10544.00,-4.09,-8.40,-17.46,-17.74,-21.82,-14.27,-10.24,1.20
10548.00,-7.04,-10.56,-19.75,-20.20,-18.47,-13.25,-3.81,8.47
10552.00,-7.39,-17.25,-18.77,-17.27,-14.75,-7.36,2.71,11.47
10556.00,-13.31,-17.80,-19.89,-16.05,-14.94,-5.75,6.10,16.97
10560.00,-15.80,-15.71,-17.06,-13.27,-9.51,0.26,10.96,18.57
10564.00,-16.93,-19.94,-16.60,-14.14,-4.48,4.63,11.97,23.20
10568.00,-15.55,-17.03,-14.58,-6.73,1.06,7.50,18.64,22.93
10572.00,-17.09,-17.95,-13.95,-4.69,2.10,11.47,19.09,25.02
10576.00,-17.56,-16.77,-11.16,-1.33,7.90,15.18,21.16,19.76
10580.00,-18.07,-11.93,-2.98,5.62,13.65,17.47,22.80,21.88
10584.00,-15.73,-8.80,-2.32,9.66,16.81,21.73,21.83,17.52
10588.00,-9.47,-4.57,4.44,12.11,18.32,18.03,20.65,15.96
10592.00,-6.36,0.12,5.06,14.85,17.90,20.87,15.31,10.74
10596.00,-3.06,2.85,11.18,13.15,16.38,17.68,13.40,6.18
10600.00,-0.58,7.87,10.19,16.02,19.64,12.87,10.17,-0.22
10604.00,-0.59,8.40,14.72,18.67,17.77,10.19,2.76,-5.18
10608.00,3.58,12.86,16.67,15.33,16.42,6.70,-1.72,-6.37
10612.00,9.73,11.25,18.13,12.84,10.17,2.31,-5.27,-10.41
10616.00,10.65,15.23,13.89,10.99,8.36,-0.28,-9.67,-11.21
10620.00,12.93,14.51,12.26,10.97,5.58,-1.69,-8.69,-14.86
10624.00,13.97,16.23,14.14,6.46,1.22,-8.11,-11.08,-15.07
10628.00,11.91,11.77,7.82,3.08,-4.86,-11.11,-14.78,-17.25
10632.00,13.46,11.35,8.51,0.95,-4.46,-10.84,-15.86,-13.46
10636.00,11.25,9.21,2.42,-1.65,-9.34,-10.88,-12.80,-11.28
10640.00,12.07,4.13,-0.77,-8.24,-11.29,-14.96,-14.25,-10.38
10644.00,7.70,3.33,-4.74,-6.12,-10.95,-12.34,-10.51,-9.89
10648.00,4.54,1.46,-3.75,-8.57,-12.95,-10.87,-8.39,-6.67
10652.00,1.27,-0.62,-8.15,-13.46,-12.74,-12.44,-9.09,-2.55
10656.00,-0.23,-2.77,-9.85,-11.60,-12.92,-7.00,-3.74,-2.51
10660.00,-0.95,-6.33,-11.59,-11.63,-7.90,-4.57,-3.03,2.21
10664.00,-6.25,-7.52,-12.22,-12.89,-6.83,-3.22,1.24,0.24
10668.00,-6.90,-10.82,-9.90,-10.40,-3.53,0.33,-0.04,0.70
10672.00,-9.50,-10.66,-8.00,-8.64,-4.17,-0.28,2.18,3.43
10676.00,-8.98,-9.43,-8.81,-4.89,-2.16,1.63,0.90,1.26
10680.00,-9.95,-7.18,-8.83,-4.87,0.55,0.63,2.49,-3.31
10684.00,-6.99,-7.37,-5.88,0.86,2.39,2.02,0.32,-6.12
10688.00,-6.72,-5.93,-0.97,-0.42,3.53,2.68,-2.30,-8.93
10692.00,-6.25,-4.05,-3.13,1.04,0.66,1.54,-4.50,-13.16
10696.00,-2.60,-0.83,1.47,3.90,3.42,-3.67,-8.01,-17.83
10700.00,-5.58,-1.49,1.86,2.97,0.04,-3.01,-10.39,-18.28
10704.00,0.47,3.08,1.62,0.87,-0.15,-9.65,-15.01,-23.22
10708.00,1.31,0.06,1.18,-0.02,-3.60,-10.00,-20.96,-25.45
10712.00,3.10,0.87,1.25,-0.13,-9.51,-13.86,-19.26,-24.63
10716.00,1.56,-0.08,-2.36,-6.74,-11.34,-19.26,-22.34,-24.50
10720.00,4.90,3.06,-2.68,-9.25,-12.29,-23.03,-27.11,-25.72
10724.00,4.73,1.79,-5.95,-11.40,-17.05,-23.38,-23.27,-24.17
10728.00,-0.10,-3.52,-8.93,-13.15,-22.14,-21.66,-26.57,-20.81
10732.00,-0.15,-4.29,-11.56,-15.64,-21.68,-26.40,-22.02,-15.68
10736.00,-2.48,-7.84,-15.64,-20.67,-25.36,-21.87,-18.33,-9.73
10740.00,-2.15,-10.37,-17.56,-21.23,-23.78,-22.74,-16.58,-7.48
10744.00,-7.39,-12.50,-19.09,-19.74,-21.76,-18.19,-12.47,-2.38
10748.00,-8.49,-13.54,-21.88,-20.07,-19.08,-16.03,-6.05,2.51
10752.00,-10.68,-19.73,-21.10,-19.34,-16.76,-12.02,-1.46,8.00
10756.00,-12.70,-20.72,-23.78,-21.16,-15.39,-8.92,2.34,14.67
10760.00,-17.81,-17.76,-21.54,-18.36,-10.69,-4.44,6.58,13.25
10764.00,-19.84,-20.58,-19.66,-15.52,-5.53,4.15,12.94,18.28
10768.00,-18.11,-18.27,-18.67,-11.84,-4.70,6.07,16.71,18.13
10772.00,-19.77,-17.16,-15.27,-5.15,1.15,8.62,16.43,20.89
10776.00,-17.31,-17.55,-9.07,-3.78,4.84,13.98,19.35,18.80
10780.00,-19.12,-14.40,-5.58,3.55,11.11,16.75,16.86,19.80
10784.00,-15.14,-9.74,-0.84,2.86,13.37,18.07,17.10,15.02
10788.00,-10.70,-9.26,2.27,10.39,14.40,15.72,15.27,10.84
10792.00,-7.87,-2.79,2.15,13.61,17.61,17.88,16.25,5.59
10796.00,-9.00,1.50,9.68,13.52,16.48,13.39,13.25,1.54
10800.00,-4.18,5.12,10.29,14.90,15.06,15.00,5.08,-1.59
10804.00,-1.89,8.70,14.57,16.69,12.84,9.45,2.98,-6.49
10808.00,3.56,9.60,11.85,16.75,14.84,6.85,-2.38,-7.45
10812.00,7.58,12.19,13.25,15.41,8.23,1.05,-4.06,-14.75
10816.00,9.45,12.30,15.51,14.13,6.99,-1.00,-8.55,-12.81
10820.00,11.23,13.44,14.67,10.55,0.76,-5.56,-12.70,-17.14
10824.00,12.57,12.74,9.15,5.59,0.80,-10.20,-13.73,-14.41
10828.00,13.67,10.82,6.50,1.20,-4.72,-8.06,-13.00,-14.06
10832.00,12.22,9.02,7.19,-1.50,-9.13,-12.20,-14.51,-13.08
10836.00,10.64,10.58,5.12,-4.10,-7.00,-12.17,-14.12,-13.24
10840.00,9.55,6.96,0.05,-4.07,-12.36,-16.51,-12.36,-12.45
10844.00,8.62,2.77,-2.75,-7.99,-12.20,-12.25,-9.62,-9.36
10848.00,6.71,2.19,-5.83,-8.55,-12.53,-14.18,-8.44,-5.07
10852.00,0.49,-0.73,-6.33,-13.45,-10.08,-9.94,-5.88,-3.49
10856.00,1.14,-7.14,-10.12,-10.31,-11.63,-8.42,-2.29,0.95
10860.00,-0.67,-7.47,-10.24,-12.96,-9.19,-7.88,-0.81,2.97
10864.00,-6.05,-9.98,-11.91,-7.89,-6.41,-3.44,-2.29,3.87
10868.00,-6.79,-10.53,-10.26,-9.26,-7.14,-3.67,1.06,3.35
10872.00,-7.05,-7.81,-10.58,-4.64,-1.89,-0.62,3.03,3.76
10876.00,-8.39,-6.48,-6.07,-2.94,-1.69,1.10,2.14,0.27
10880.00,-7.02,-9.81,-3.47,-1.07,3.44,1.24,2.27,-1.70
10884.00,-5.43,-5.37,-5.64,-2.55,4.43,1.90,2.26,-6.37
10888.00,-4.99,-4.64,-1.83,-0.41,1.18,2.09,-1.77,-6.61
10892.00,-4.63,-1.06,0.80,2.16,1.37,2.54,-3.18,-11.25
10896.00,-2.21,-1.95,2.19,4.61,5.00,-2.58,-7.20,-13.06
10900.00,-2.22,2.08,2.51,3.22,1.99,-2.37,-12.74,-18.47
10904.00,-1.67,0.57,4.01,4.30,1.12,-9.07,-11.38,-22.36
10908.00,2.42,1.56,3.63,1.83,-5.36,-10.01,-17.78,-21.94
10912.00,3.20,2.49,2.51,-0.24,-5.81,-12.04,-21.38,-21.30
10916.00,6.15,2.75,-0.70,-3.99,-8.42,-18.26,-22.06,-21.13
10920.00,4.34,2.60,-1.35,-4.42,-14.39,-16.85,-20.28,-24.58
10924.00,3.61,4.19,-2.83,-8.17,-13.16,-20.64,-21.54,-20.79
10928.00,1.58,1.94,-4.31,-11.55,-17.31,-20.63,-21.61,-14.99
10932.00,-0.13,-2.38,-8.77,-14.80,-17.23,-21.22,-17.54,-12.07
10936.00,-1.37,-4.74,-11.22,-17.71,-20.51,-18.54,-15.83,-7.79
10940.00,-2.86,-6.48,-13.77,-17.80,-21.88,-18.33,-14.56,-3.74
10944.00,-4.99,-7.80,-16.01,-17.32,-20.67,-17.08,-6.65,0.43
10948.00,-4.43,-10.92,-18.85,-20.52,-20.19,-13.41,-2.25,6.63
10952.00,-11.42,-14.00,-17.14,-20.25,-14.14,-6.64,-1.34,9.69
10956.00,-9.49,-14.71,-16.87,-16.93,-12.73,-2.39,6.69,13.90
10960.00,-15.15,-15.75,-18.20,-17.01,-7.89,2.40,12.35,18.92
10964.00,-16.75,-15.57,-17.88,-11.99,-4.55,5.74,12.98,23.46
10968.00,-18.18,-17.90,-12.69,-10.12,0.94,8.78,17.70,25.00
10972.00,-15.61,-16.86,-11.39,-1.98,4.31,12.19,23.44,24.53
10976.00,-14.50,-10.99,-5.77,1.51,9.88,17.62,20.89,21.94
10980.00,-14.75,-8.61,-4.86,4.78,14.79,19.14,24.14,21.46
10984.00,-10.86,-8.11,-1.58,7.84,17.10,21.33,20.90,18.14
10988.00,-11.78,-6.19,6.57,14.92,19.43,21.82,20.58,17.44
10992.00,-6.24,1.97,9.22,16.04,18.97,22.96,16.96,13.81
10996.00,-2.67,5.53,10.77,18.04,21.37,19.62,17.29,6.59
11000.00,2.04,10.10,13.90,17.01,20.68,18.84,14.11,5.81
11004.00,4.85,10.21,16.52,17.50,17.69,12.64,6.51,0.14
11008.00,7.90,13.58,16.17,19.00,14.84,13.71,3.40,-2.82
11012.00,8.27,17.99,18.17,17.29,13.44,5.32,-0.66,-7.17
11016.00,14.63,18.95,18.25,14.45,8.97,4.53,-2.39,-10.92
11020.00,12.67,16.19,16.41,13.42,9.33,-0.72,-5.45,-9.55
11024.00,16.42,16.71,16.75,9.48,4.47,-3.13,-10.15,-13.22
11028.00,16.18,16.48,13.54,5.36,-1.45,-3.16,-9.49,-12.89
11032.00,16.52,12.45,11.86,3.88,0.23,-5.49,-12.46,-9.43
11036.00,16.48,12.16,8.70,1.71,-6.44,-9.45,-8.00,-5.35
11040.00,11.60,9.98,3.51,-3.62,-8.09,-9.20,-10.81,-6.36
11044.00,14.09,6.09,0.57,-3.16,-9.60,-7.26,-5.64,0.07
11048.00,7.26,4.37,-0.41,-3.48,-8.54,-6.94,-3.91,1.46
11052.00,8.97,2.62,-4.11,-7.60,-5.19,-7.57,-2.47,5.01
11056.00,1.87,-3.12,-3.73,-7.03,-4.17,-3.43,1.60,5.41
11060.00,2.36,-4.33,-3.71,-7.43,-5.81,-1.00,1.47,7.98
11064.00,1.80,-3.38,-6.90,-7.02,-3.83,0.76,4.38,7.39
11068.00,-0.59,-3.03,-5.16,-4.03,0.89,4.33,7.60,10.74
11072.00,-5.52,-6.17,-4.05,-0.31,2.13,5.19,9.13,9.21
11076.00,-5.20,-4.58,-2.48,1.84,4.46,8.00,8.76,7.90
11080.00,-5.64,-5.02,-0.98,2.08,7.74,9.13,8.78,6.51
11084.00,-3.14,-2.97,0.45,4.67,6.53,7.85,8.15,3.91
11088.00,-5.16,0.29,5.41,8.98,6.26,5.59,4.67,-2.48
11092.00,-2.45,1.03,2.93,7.35,10.58,8.26,2.95,-7.04
11096.00,2.75,5.52,4.69,7.34,8.22,3.57,-0.01,-7.75
11100.00,1.37,3.68,8.30,7.45,5.46,0.20,-6.10,-12.94
11104.00,1.82,6.73,8.42,7.28,3.04,-0.39,-6.13,-16.36
11108.00,4.06,6.30,9.00,4.27,0.63,-1.99,-12.42,-15.53
11112.00,5.64,9.98,6.24,2.23,-0.39,-7.86,-12.49,-15.79
11116.00,6.40,8.45,8.07,0.42,-3.40,-8.85,-15.58,-15.13
11120.00,8.27,5.77,2.46,-2.71,-4.94,-10.81,-15.23,-15.56
11124.00,5.95,6.16,3.97,-4.02,-9.94,-13.90,-16.56,-12.23
11128.00,5.22,6.79,-1.50,-6.70,-11.26,-15.85,-13.75,-11.81
11132.00,7.31,0.89,-2.66,-7.52,-13.45,-17.12,-14.06,-8.27
11136.00,4.25,0.76,-4.55,-10.10,-13.18,-16.35,-8.97,-3.80
11140.00,2.29,-1.51,-8.50,-11.99,-17.61,-14.38,-9.74,0.79
11144.00,-1.28,-5.56,-13.13,-15.59,-14.91,-13.28,-0.68,5.21
11148.00,-3.51,-6.82,-10.62,-14.61,-14.05,-8.99,0.98,15.06
11152.00,-7.23,-9.91,-12.46,-13.57,-11.15,-4.97,5.77,17.83
11156.00,-6.61,-14.61,-13.62,-14.56,-6.33,3.28,11.56,22.93
11160.00,-8.60,-14.53,-14.24,-10.81,-1.72,5.16,15.55,27.39
11164.00,-12.97,-11.84,-11.08,-5.03,1.17,11.79,22.55,27.25
11168.00,-10.85,-12.67,-11.23,-4.16,6.74,15.01,24.79,27.83
11172.00,-13.80,-11.06,-6.54,-0.19,7.54,17.44,24.52,32.00
11176.00,-14.51,-8.15,-4.90,7.08,15.47,21.37,26.48,31.21
11180.00,-13.08,-6.44,0.28,9.35,18.48,23.44,30.15,28.04
11184.00,-9.55,-4.31,3.93,15.47,22.68,27.26,26.48,26.32
11188.00,-7.13,1.48,10.30,17.85,23.99,28.82,24.86,21.11
11192.00,-4.74,5.10,13.25,18.95,26.54,26.72,22.56,16.37
11196.00,-0.23,9.00,17.50,22.60,26.33,25.83,20.22,10.88
11200.00,4.36,11.74,20.13,22.46,25.95,23.64,18.51,10.38
11204.00,7.68,15.48,20.69,21.65,23.48,21.34,13.77,4.47
11208.00,10.50,15.95,21.38,23.38,22.17,15.99,7.22,1.98
11212.00,11.74,17.38,24.31,20.24,20.10,11.97,2.02,-3.97
11216.00,14.76,22.01,19.77,22.40,15.20,6.35,1.66,-3.16
11220.00,15.45,21.73,18.41,18.32,13.19,2.70,-4.03,-8.51
11224.00,19.59,19.62,20.30,12.29,6.67,3.51,-5.02,-6.07
11228.00,20.73,17.67,15.82,12.58,6.50,-0.03,-6.58,-4.36
11232.00,19.89,15.77,15.45,6.16,3.56,-1.37,-4.76,-7.40
11236.00,18.16,14.98,12.41,5.63,-1.70,-7.11,-6.57,-2.57
11240.00,17.82,12.46,6.24,3.74,-3.23,-5.77,-6.97,-3.26
11244.00,12.00,7.70,4.19,0.96,-3.99,-2.74,-3.82,2.46
11248.00,11.08,5.49,0.11,-1.08,-3.15,-6.16,1.36,6.65
11252.00,8.95,2.87,-2.60,-2.49,-3.72,-1.60,4.07,8.78
11256.00,7.22,2.85,-0.05,-4.95,-5.12,-1.28,5.61,8.17
11260.00,4.25,-2.01,-2.51,-5.61,0.70,2.60,5.43,9.22
11264.00,-0.09,-0.10,-3.01,-0.71,-0.22,2.19,7.29,11.77
11268.00,0.72,-3.63,-3.06,-3.01,2.89,7.91,10.98,13.97
11272.00,-2.79,-2.69,-4.44,-1.37,2.88,7.25,13.28,9.99
11276.00,-4.22,-2.77,-0.54,5.12,7.33,8.51,12.39,11.67
11280.00,-0.80,-0.02,-1.21,6.60,10.88,12.59,11.64,4.81
11284.00,0.33,-2.08,1.31,8.49,10.01,10.05,6.73,5.60
11288.00,-1.22,1.14,6.78,9.05,10.11,8.62,8.01,0.08
11292.00,1.13,1.78,8.37,9.86,12.91,7.54,5.01,-4.57
11296.00,0.31,4.51,7.70,8.54,7.28,8.05,1.02,-8.15
11300.00,4.90,7.92,7.05,8.87,7.94,2.17,-1.21,-10.89
11304.00,6.73,6.26,8.09,8.11,4.51,-1.53,-7.54,-10.12
11308.00,5.31,7.52,10.50,9.65,5.06,-4.73,-7.12,-16.79
11312.00,9.98,9.89,10.39,6.21,-1.32,-7.22,-14.59,-16.58
11316.00,9.65,7.00,6.98,0.85,-3.58,-8.58,-12.62,-18.16
11320.00,9.59,6.88,7.62,-1.25,-5.56,-10.72,-13.04,-17.61
11324.00,9.49,5.25,3.24,-1.57,-11.15,-11.81,-17.29,-13.86
11328.00,8.98,6.59,-0.23,-6.22,-10.99,-13.33,-17.26,-12.62
11332.00,4.98,3.12,-3.75,-8.66,-11.47,-13.19,-11.67,-8.00
11336.00,4.29,-0.43,-6.43,-11.07,-17.18,-13.63,-10.69,-2.59
11340.00,4.51,-4.49,-9.02,-12.78,-14.25,-11.99,-6.86,4.41
11344.00,1.00,-7.38,-9.71,-13.12,-15.65,-9.31,-5.08,8.05
11348.00,-3.52,-9.84,-14.77,-12.23,-15.17,-9.78,3.32,11.75
11352.00,-7.83,-10.35,-15.27,-12.38,-10.55,-4.00,4.59,16.94
11356.00,-5.51,-12.04,-12.51,-10.82,-7.01,3.44,10.89,21.75
11360.00,-8.01,-12.54,-15.14,-12.99,-6.04,4.78,13.75,25.27
11364.00,-11.85,-16.05,-10.32,-6.96,-0.38,8.37,21.12,27.78
11368.00,-12.72,-12.64,-12.50,-2.04,3.73,12.62,22.42,29.18
11372.00,-11.41,-11.44,-6.47,-2.51,11.48,19.80,26.68,28.80
11376.00,-14.78,-9.04,-3.26,6.32,12.59,23.80,27.76,28.91
11380.00,-12.69,-7.85,-0.33,10.02,18.49,23.31,27.33,27.60
11384.00,-7.91,-2.40,4.18,12.72,18.98,24.88,25.52,25.60
11388.00,-7.17,0.19,5.33,15.50,20.45,27.28,26.92,17.73
11392.00,-5.76,1.75,11.72,17.83,23.98,23.36,22.42,13.44
11396.00,-1.89,6.01,12.68,19.81,23.22,24.62,20.89,8.79
11400.00,4.11,11.49,17.90,20.25,24.48,19.19,16.76,8.06
11404.00,6.50,15.03,17.70,24.00,22.76,17.86,11.59,1.17
11408.00,7.72,13.55,19.69,21.71,17.57,12.94,8.53,0.42
11412.00,13.04,16.48,18.91,19.27,14.74,12.07,4.03,-6.59
11416.00,11.95,19.51,22.45,20.42,10.96,6.85,-1.77,-7.74
11420.00,17.58,18.29,19.73,16.47,10.73,2.02,-4.40,-7.18
11424.00,15.33,18.54,14.97,11.53,3.34,1.14,-6.74,-10.14
11428.00,17.35,16.25,12.79,10.31,4.08,-1.81,-8.68,-11.96
11432.00,18.42,15.74,12.98,5.52,0.83,-6.72,-9.37,-9.97
11436.00,13.51,14.00,7.21,0.87,-6.05,-7.65,-9.63,-8.60
11440.00,14.29,9.18,6.25,-1.20,-6.32,-6.62,-8.22,-6.52
11444.00,11.84,8.63,2.98,-1.19,-8.10,-7.21,-4.07,-4.21
11448.00,10.25,5.27,0.12,-7.72,-9.01,-5.71,-5.08,0.88
11452.00,4.30,1.07,-1.17,-5.41,-9.04,-3.44,-2.74,4.09
11456.00,6.00,-2.44,-2.98,-7.22,-4.76,-1.94,0.33,4.08
11460.00,3.47,-2.76,-6.03,-4.32,-5.38,-0.45,2.55,4.13
11464.00,-1.21,-5.44,-8.92,-6.81,-1.52,-0.87,4.30,9.29
11468.00,-5.26,-6.59,-7.05,-4.21,-1.27,2.11,6.96,6.51
11472.00,-3.07,-5.59,-5.24,-2.54,0.44,6.93,4.88,5.53
11476.00,-5.76,-8.04,-4.14,-1.55,3.87,8.22,9.19,4.05
11480.00,-4.52,-7.22,-4.29,3.50,3.40,9.29,4.76,3.23
11484.00,-3.48,-3.54,-0.67,1.38,7.08,9.01,5.34,-2.49
11488.00,-6.18,-0.27,2.41,4.83,8.04,7.15,2.58,-2.08
11492.00,-4.68,-0.37,3.54,4.93,5.44,2.85,1.33,-8.70
11496.00,-1.35,2.31,5.70,7.82,7.39,-0.58,-3.94,-9.00
11500.00,-1.37,5.23,5.79,6.04,6.33,0.73,-8.26,-14.90
11504.00,2.44,3.81,4.31,5.01,3.93,-2.00,-11.55,-19.61
11508.00,0.97,4.60,7.73,2.60,-2.78,-8.74,-14.29,-21.31
11512.00,2.98,6.13,5.72,3.16,-3.90,-11.37,-19.38,-19.49
11516.00,3.55,4.99,0.89,-3.23,-5.20,-13.13,-21.11,-20.84
11520.00,4.61,2.30,3.66,-5.58,-11.68,-18.33,-18.99,-21.22
11524.00,6.80,1.43,0.04,-5.59,-15.83,-17.15,-23.22,-16.93
11528.00,5.93,-1.28,-2.98,-10.12,-15.65,-18.63,-19.12,-15.59
11532.00,0.86,-2.69,-6.48,-13.98,-17.58,-18.79,-18.74,-13.56
11536.00,2.86,-2.53,-11.17,-14.81,-21.06,-20.71,-16.81,-8.70
11540.00,-1.74,-6.41,-10.99,-18.45,-20.43,-20.38,-13.49,-1.96
11544.00,-3.77,-9.05,-16.16,-17.77,-19.43,-16.19,-10.19,0.05
11548.00,-8.63,-12.00,-17.58,-19.67,-18.93,-11.72,-3.17,7.95
11552.00,-10.40,-14.10,-19.71,-19.09,-13.64,-8.51,0.99,11.32
11556.00,-14.22,-16.80,-17.91,-15.11,-10.80,-1.86,4.14,17.81
11560.00,-14.47,-16.22,-17.45,-15.99,-7.82,-1.86,12.38,20.01
11564.00,-16.48,-18.87,-14.71,-14.37,-5.61,7.18,16.10,22.31
11568.00,-15.61,-18.60,-17.07,-7.96,0.81,7.06,18.33,22.06
11572.00,-17.30,-18.84,-13.93,-3.84,2.13,13.68,22.36,21.33
11576.00,-18.43,-12.52,-8.99,1.05,6.42,16.46,21.51,23.98
11580.00,-16.19,-11.37,-3.12,4.37,9.68,19.41,20.08,18.25
11584.00,-15.48,-7.89,-1.13,6.52,17.30,18.92,23.04,19.33
11588.00,-9.99,-4.30,0.85,10.04,16.08,20.37,17.23,14.80
11592.00,-11.17,-0.20,4.01,15.61,16.73,20.30,17.92,10.29
11596.00,-7.79,2.59,11.18,16.59,19.10,18.26,13.00,7.14
11600.00,-4.48,5.33,10.96,15.33,19.74,13.31,9.63,-0.78
11604.00,3.46,10.19,14.59,14.77,18.26,14.29,5.76,-6.19
11608.00,5.44,11.00,15.06,14.78,16.13,10.56,-0.70,-8.59
11612.00,7.15,13.33,15.86,16.62,12.30,4.87,-2.10,-9.04
11616.00,11.08,12.71,15.39,11.56,6.17,-1.78,-6.13,-15.29
11620.00,11.77,16.41,16.27,11.25,3.73,-1.55,-10.11,-15.95
11624.00,14.22,13.68,12.30,6.92,-0.40,-9.14,-13.45,-15.23
11628.00,13.76,10.51,10.78,4.91,-0.94,-10.25,-15.99,-16.22
11632.00,13.04,13.47,5.81,1.77,-3.91,-9.35,-15.93,-12.77
11636.00,9.91,10.47,3.60,-4.29,-7.07,-11.34,-12.59,-11.42
11640.00,9.15,8.23,0.93,-6.71,-9.84,-15.53,-12.67,-10.13
11644.00,10.17,0.77,-1.57,-8.79,-10.71,-13.70,-12.31,-9.32
11648.00,7.50,0.73,-6.41,-9.66,-11.45,-10.79,-8.52,-6.02
11652.00,2.20,-0.25,-6.58,-11.77,-10.54,-13.08,-5.58,-1.31
11656.00,-2.02,-4.92,-7.86,-12.92,-10.10,-8.87,-4.27,0.11
11660.00,-0.59,-8.35,-10.76,-10.80,-9.84,-8.98,-2.81,-1.02
11664.00,-4.46,-8.84,-9.74,-10.91,-9.99,-2.12,1.86,-0.71
11668.00,-4.40,-8.03,-9.77,-7.39,-5.59,-0.86,1.27,3.61
11672.00,-5.51,-9.86,-8.77,-4.87,-4.91,-1.87,1.71,0.79
11676.00,-7.38,-9.86,-10.35,-4.94,-0.08,2.94,2.21,-1.13
11680.00,-7.16,-6.51,-5.10,-5.12,2.16,1.89,2.20,-2.58
11684.00,-10.18,-9.21,-5.84,-2.42,1.33,1.33,-0.35,-5.24
11688.00,-8.94,-6.66,-3.88,-1.90,3.83,2.02,-2.14,-7.71
11692.00,-5.57,-4.66,-2.67,3.63,0.29,-2.41,-6.39,-14.68
11696.00,-5.23,-3.13,0.22,0.61,-0.06,-2.37,-9.23,-18.73
11700.00,-3.47,0.52,3.54,1.01,-2.04,-5.09,-14.64,-17.76
11704.00,0.33,-1.18,1.94,-0.79,-4.80,-8.36,-15.94,-19.89
11708.00,-0.98,0.11,2.21,-0.52,-3.01,-10.70,-20.60,-24.50
11712.00,0.03,3.35,-0.82,-4.05,-7.44,-14.51,-22.74,-23.92
11716.00,2.09,3.25,-0.63,-7.13,-13.26,-18.90,-25.32,-25.76
11720.00,2.86,3.45,-0.52,-9.87,-14.90,-22.75,-26.96,-27.07
11724.00,1.00,1.69,-3.96,-10.05,-18.56,-24.85,-26.89,-24.71
11728.00,-0.34,-2.20,-7.76,-13.79,-19.74,-25.56,-26.31,-18.14
11732.00,-2.06,-2.03,-8.37,-16.49,-20.15,-25.17,-25.08,-16.04
11736.00,-3.17,-7.55,-12.23,-16.87,-23.38,-21.93,-21.76,-11.11
11740.00,-2.06,-11.96,-14.20,-20.42,-23.99,-22.25,-15.31,-7.83
11744.00,-6.51,-14.03,-17.33,-21.16,-24.01,-20.42,-11.61,-2.42
11748.00,-9.52,-17.41,-21.51,-23.11,-22.57,-13.55,-8.49,4.94
11752.00,-9.89,-19.25,-20.85,-21.24,-20.31,-13.55,-1.26,6.82
11756.00,-11.86,-21.36,-21.79,-22.27,-14.28,-6.31,3.97,11.09
11760.00,-13.89,-18.70,-20.80,-16.47,-11.68,-0.43,6.34,13.54
11764.00,-18.99,-22.34,-21.40,-12.98,-6.24,1.08,9.01,20.16
11768.00,-17.61,-19.67,-16.03,-10.26,-2.46,4.27,15.87,19.91
11772.00,-18.11,-18.56,-12.41,-9.78,1.15,8.20,18.84,17.80
11776.00,-20.41,-15.45,-8.75,-1.39,4.25,13.53,17.29,20.76
11780.00,-17.38,-11.66,-5.87,-0.99,9.47,18.42,19.69,17.57
11784.00,-14.86,-8.48,-1.45,6.59,13.01,16.58,17.72,16.10
11788.00,-13.44,-4.61,-1.43,8.81,14.48,17.05,16.79,10.66
11792.00,-10.12,-1.07,2.12,11.85,18.34,15.14,14.04,9.34
11796.00,-8.16,-0.25,6.37,12.21,18.36,16.61,10.01,3.51
11800.00,-3.52,3.18,12.59,17.26,18.74,15.34,5.00,-3.42
11804.00,-0.65,9.03,14.27,15.99,13.58,9.69,4.61,-6.51
11808.00,2.23,10.72,13.35,15.67,10.51,5.35,-1.07,-7.57
11812.00,7.29,13.35,12.30,14.71,8.65,4.11,-6.41,-14.68
11816.00,10.63,12.42,14.65,11.04,4.83,0.55,-6.76,-15.94
11820.00,9.33,12.41,15.41,9.59,1.74,-5.33,-9.05,-15.12
11824.00,10.75,12.68,9.82,5.51,-0.67,-10.13,-14.16,-16.55
11828.00,12.75,9.82,6.43,2.84,-5.30,-8.73,-15.55,-16.68
11832.00,13.53,9.45,5.05,-2.74,-5.47,-10.24,-13.09,-16.30
11836.00,9.46,8.68,2.17,-2.50,-7.83,-12.05,-17.01,-13.96
11840.00,11.10,7.05,0.26,-8.72,-9.22,-15.93,-11.91,-9.03
11844.00,7.44,0.98,-0.63,-10.33,-12.13,-11.73,-12.08,-9.14
11848.00,6.96,-0.78,-4.30,-8.19,-10.29,-14.71,-8.49,-4.60
11852.00,3.01,-1.69,-9.75,-11.03,-10.73,-12.82,-5.38,-4.25
11856.00,1.96,-5.07,-7.43,-11.59,-10.95,-9.82,-6.04,-0.34
11860.00,-2.47,-9.40,-8.09,-8.80,-11.64,-6.58,-0.94,-0.85
11864.00,-2.03,-9.41,-10.90,-8.31,-7.86,-3.48,-1.84,0.93
11868.00,-4.78,-10.98,-10.76,-9.24,-3.48,-2.22,-0.05,2.79
11872.00,-5.26,-9.05,-9.21,-5.48,-3.08,1.99,1.14,0.91
11876.00,-8.93,-9.09,-9.63,-2.05,-2.29,4.54,2.76,0.43
11880.00,-10.37,-6.84,-5.23,-4.31,1.81,1.64,3.88,-2.59
11884.00,-7.05,-4.81,-3.32,0.87,0.47,4.92,-0.19,-2.77
11888.00,-6.65,-4.64,-2.17,2.04,2.36,0.66,-2.32,-9.77
11892.00,-4.46,-2.17,1.64,3.75,2.64,2.44,-6.55,-9.87
11896.00,-5.77,0.92,-0.38,3.09,4.07,-1.25,-7.68,-14.05
11900.00,-0.71,1.53,1.66,2.73,-1.13,-1.55,-8.31,-16.32
11904.00,0.51,2.83,1.34,3.11,-0.53,-7.12,-13.63,-20.51
11908.00,3.19,5.60,5.34,1.73,-1.26,-9.50,-15.01,-22.72
11912.00,2.35,4.99,4.28,-2.55,-7.57,-15.18,-21.40,-25.86
11916.00,2.48,3.26,0.24,-0.63,-10.86,-13.88,-23.38,-23.84
11920.00,5.03,1.03,-0.92,-5.29,-12.28,-17.53,-24.84,-21.08
11924.00,4.82,1.47,-0.47,-10.94,-13.62,-22.83,-22.10,-22.65
11928.00,1.79,2.57,-6.89,-10.41,-18.32,-22.68,-22.76,-15.12
11932.00,0.22,-0.72,-9.22,-14.15,-21.11,-21.63,-17.54,-13.61
11936.00,-1.41,-5.14,-12.25,-19.00,-22.08,-19.67,-14.43,-7.91
11940.00,-1.69,-8.39,-13.70,-18.48,-21.19,-19.81,-10.73,-5.12
11944.00,-3.62,-11.21,-15.13,-17.01,-19.90,-18.43,-10.93,3.23
11948.00,-7.75,-13.24,-15.82,-21.80,-17.66,-14.21,-3.49,8.79
11952.00,-7.37,-15.95,-20.59,-20.85,-17.84,-10.86,1.67,11.31
11956.00,-12.83,-18.13,-16.60,-17.52,-14.70,-1.58,5.73,17.30
11960.00,-15.45,-18.41,-15.63,-15.71,-6.72,-1.19,9.35,21.00
11964.00,-13.86,-18.61,-16.26,-11.75,-1.62,5.10,14.99,22.80
11968.00,-18.04,-17.25,-12.15,-8.17,0.89,9.45,19.37,25.93
11972.00,-15.34,-16.31,-10.56,-4.06,3.93,11.90,23.01,23.79
11976.00,-13.72,-12.64,-5.74,2.14,7.12,16.76,22.30,24.51
11980.00,-14.79,-9.71,-3.25,2.40,14.11,17.72,23.45,23.76
11984.00,-11.31,-7.73,-0.95,8.18,17.09,19.33,22.23,21.64
11988.00,-9.59,-5.76,3.35,12.16,18.54,23.46,19.46,16.02
11992.00,-7.18,-0.67,9.18,13.80,22.72,22.83,17.71,13.00
11996.00,-5.62,4.57,9.78,15.84,20.87,21.03,13.25,8.95
12000.00,0.63,5.74,12.79,21.02,19.08,16.25,13.64,1.56
12004.00,3.75,8.70,18.54,22.38,21.74,13.82,7.63,1.51
12008.00,4.97,15.62,18.11,20.74,14.86,13.47,4.97,-4.07
12012.00,8.12,16.33,20.63,16.59,14.02,6.11,2.09,-7.02
12016.00,14.40,16.79,20.58,16.92,10.99,4.07,-2.06,-9.48
12020.00,14.49,19.91,15.49,15.80,7.75,-1.08,-4.35,-8.86
12024.00,16.76,17.36,16.92,11.49,5.89,-2.36,-9.99,-13.43
12028.00,14.04,14.07,11.35,6.62,-1.02,-4.45,-8.52,-12.23
12032.00,14.80,14.34,11.22,5.73,-2.82,-5.96,-11.04,-7.41
12036.00,13.00,13.94,9.40,0.73,-2.35,-7.13,-8.20,-5.19
12040.00,15.73,7.73,6.76,0.43,-5.97,-6.57,-8.86,-7.60
12044.00,9.85,6.52,-0.38,-5.68,-8.38,-9.14,-7.49,-2.99
12048.00,11.66,5.65,-2.28,-6.58,-7.25,-8.13,-4.06,-1.96
12052.00,6.92,0.51,-2.56,-4.63,-5.54,-4.47,-2.69,5.00
12056.00,6.44,-1.39,-2.84,-5.03,-5.00,-3.15,-0.27,4.51
12060.00,-0.45,-1.72,-4.67,-4.97,-6.65,0.58,1.33,5.52
12064.00,-2.84,-3.91,-8.07,-6.21,-4.57,3.42,5.38,6.91
12068.00,-4.25,-5.73,-7.77,-3.46,-0.48,1.70,5.93,9.46
12072.00,-3.62,-6.64,-2.82,-1.06,3.87,5.52,8.86,5.71
12076.00,-2.73,-2.49,-2.59,2.38,3.02,6.10,7.29,8.41
12080.00,-5.62,-1.71,-0.98,4.47,7.90,7.05,8.57,4.03
12084.00,-5.28,-4.28,1.55,4.87,5.67,8.03,5.76,-0.72
12088.00,-4.42,-0.58,4.11,8.76,9.65,6.58,5.11,0.80
12092.00,-0.78,1.96,7.28,7.54,9.12,8.10,1.01,-6.97
12096.00,-1.89,3.84,9.18,7.26,9.61,5.80,-2.08,-8.91
12100.00,0.86,4.49,8.56,9.26,4.81,3.96,-6.06,-12.39
12104.00,2.71,7.11,9.25,5.84,5.20,-0.26,-9.43,-13.10
12108.00,4.49,8.40,10.68,6.89,3.12,-5.30,-10.29,-17.92
12112.00,7.38,8.31,6.94,2.49,-3.09,-10.00,-13.28,-14.95
12116.00,5.58,7.02,6.14,4.43,-2.69,-10.31,-16.03,-17.15
12120.00,9.12,9.94,3.51,-2.39,-6.31,-11.57,-19.00,-17.25
12124.00,7.74,5.36,3.36,-2.36,-11.53,-14.50,-15.08,-14.61
12128.00,5.61,5.00,-0.91,-5.88,-14.08,-16.24,-16.88,-9.48
12132.00,8.20,2.43,-4.66,-8.79,-15.71,-16.83,-15.75,-5.03
12136.00,4.27,-0.24,-7.74,-11.62,-13.84,-13.56,-12.38,-4.43
12140.00,3.80,-5.31,-7.60,-14.77,-15.17,-14.39,-5.40,1.95
12144.00,1.14,-3.86,-11.28,-13.95,-15.73,-10.65,-4.83,5.71
12148.00,-4.10,-6.36,-10.91,-15.48,-15.48,-8.44,1.89,10.80
12152.00,-3.40,-9.99,-14.99,-13.12,-10.99,-5.49,7.02,18.82
12156.00,-6.37,-14.15,-13.20,-13.51,-7.88,3.83,11.86,21.76
12160.00,-10.89,-12.07,-13.51,-12.28,-3.65,6.76,15.96,24.05
12164.00,-11.94,-12.53,-14.55,-8.77,2.20,11.96,22.94,29.36
12168.00,-9.89,-12.82,-8.29,-3.05,5.59,17.74,24.05,27.66
12172.00,-12.76,-10.11,-6.78,-1.75,11.48,20.41,26.65,27.57
12176.00,-12.63,-10.07,-1.20,5.57,15.31,24.72,27.27,31.76
12180.00,-11.30,-7.71,1.66,8.10,18.16,27.23,26.08,29.92
12184.00,-10.18,-4.32,5.85,14.79,19.62,25.44,29.84,24.44
12188.00,-7.36,2.33,9.42,18.05,21.40,26.07,26.97,20.66
12192.00,-5.85,1.97,13.33,22.23,22.87,24.60,26.05,16.44
12196.00,1.65,7.17,15.24,22.36,24.69,27.14,22.09,12.38
12200.00,4.00,10.01,18.25,23.18,26.10,20.33,16.30,6.56
12204.00,9.31,14.17,21.27,23.85,23.01,18.86,11.53,2.10
12208.00,12.24,16.07,20.33,23.06,19.46,15.42,5.96,-1.67
12212.00,12.91,17.86,20.58,24.53,19.92,11.49,2.79,-4.81
12216.00,14.56,21.79,23.25,17.67,12.87,8.29,-1.42,-4.13
12220.00,19.63,18.89,21.34,15.57,9.71,2.13,-1.66,-7.45
12224.00,17.01,21.26,20.28,12.87,10.44,0.75,-2.17,-6.99
12228.00,17.68,18.97,15.02,12.85,4.02,-2.38,-5.32,-6.83
12232.00,19.68,19.90,11.11,5.78,3.41,-1.76,-3.59,-3.23
12236.00,18.40,15.19,9.29,3.96,-1.85,-5.61,-6.36,-4.93
12240.00,17.29,11.76,7.06,2.66,-1.64,-5.72,-5.45,-1.04
12244.00,13.11,10.13,4.48,-0.36,-2.94,-6.35,-4.86,0.40
12248.00,13.12,6.50,1.31,-3.35,-3.51,-1.66,-2.57,1.80
12252.00,7.58,6.34,-1.99,-3.84,-4.22,-4.58,2.60,4.42
12256.00,5.95,2.29,-1.38,-1.84,-4.91,-0.14,4.31,9.00
12260.00,3.75,-2.21,-3.98,-3.94,0.23,3.79,8.42,11.19
12264.00,0.01,-1.08,-2.03,-2.77,-1.96,5.86,9.00,9.01
12268.00,-1.63,-1.10,-5.48,-2.43,2.15,5.86,8.47,11.17
12272.00,0.38,-0.87,-0.44,0.45,5.27,10.49,10.92,10.86
12276.00,-2.40,-2.22,-1.41,5.34,7.34,11.85,12.98,11.19
12280.00,-2.88,0.38,2.21,3.93,9.54,11.08,9.16,5.54
12284.00,-3.67,-2.21,4.79,7.07,9.43,13.31,8.03,4.29
12288.00,-0.17,0.63,7.45,9.32,12.23,9.92,5.83,-0.74
12292.00,-1.11,2.90,7.09,10.02,9.84,10.78,2.20,-4.37
12296.00,4.07,6.44,7.48,11.54,9.81,8.79,3.00,-7.90
12300.00,3.63,6.51,9.59,8.42,6.35,5.36,-2.24,-7.21
12304.00,4.97,7.11,7.45,9.52,6.29,1.04,-8.36,-10.45
12308.00,4.28,10.44,7.42,7.03,1.51,-5.15,-8.02,-16.74
12312.00,8.13,8.37,8.50,7.90,-0.65,-6.40,-12.82,-16.95
12316.00,10.57,9.23,9.31,2.73,-3.56,-8.66,-12.98,-14.26
12320.00,10.16,10.08,4.73,2.54,-8.46,-12.11,-17.73,-14.61
12324.00,11.22,4.99,2.01,-3.76,-9.22,-11.99,-15.83,-12.46
12328.00,6.43,4.28,0.05,-7.86,-10.59,-15.61,-15.53,-8.71
12332.00,5.66,2.71,-1.75,-10.86,-14.15,-16.67,-11.63,-4.86
12336.00,7.23,-0.52,-4.61,-13.67,-12.94,-13.51,-10.45,-0.58
12340.00,1.80,-3.02,-10.70,-12.33,-17.10,-13.64,-8.82,4.44
12344.00,0.92,-8.01,-9.02,-14.86,-12.56,-12.12,-0.96,7.46
12348.00,-0.65,-7.10,-12.60,-16.79,-11.23,-5.31,2.90,12.55
12352.00,-5.50,-11.02,-16.38,-15.58,-8.33,-3.59,4.26,19.80
12356.00,-10.41,-13.38,-13.43,-14.50,-6.03,-0.37,11.57,19.70
12360.00,-8.58,-12.69,-15.32,-8.65,-2.13,5.64,16.39,26.12
12364.00,-12.18,-16.10,-12.92,-7.07,1.67,8.64,21.17,26.34
12368.00,-12.76,-11.45,-10.84,-5.40,6.31,16.36,21.26,26.44
12372.00,-12.45,-12.95,-9.30,-0.54,7.76,17.36,24.69,26.83
12376.00,-12.49,-9.67,-2.11,3.59,13.26,21.77,24.84,30.15
12380.00,-12.16,-8.82,1.48,8.18,15.67,23.49,28.03,24.51
12384.00,-12.05,-3.06,4.70,12.07,17.62,25.57,25.72,24.86
12388.00,-9.35,-2.93,8.06,15.82,23.87,25.39,24.77,21.41
12392.00,-2.31,4.54,11.44,20.21,25.38,23.76,20.26,14.46
12396.00,-0.17,4.28,16.53,18.29,23.83,20.95,18.49,13.06
12400.00,4.50,9.75,18.10,21.03,24.06,22.84,14.55,4.47
12404.00,5.92,12.51,20.28,20.79,23.52,17.68,12.87,1.37
12408.00,6.39,15.99,21.05,22.75,18.73,14.40,8.20,-3.15
12412.00,9.63,14.90,21.66,19.69,17.59,8.57,3.34,-6.79
12416.00,11.56,20.35,18.41,16.07,15.02,7.21,-2.30,-7.60
12420.00,15.53,18.10,16.63,14.85,8.54,0.50,-3.55,-7.29
12424.00,14.77,20.41,14.36,12.56,4.13,-0.44,-5.51,-12.12
12428.00,15.99,18.58,16.51,8.91,1.64,-6.18,-9.43,-8.85
12432.00,18.75,13.36,9.69,4.62,-2.02,-5.73,-7.42,-10.85
12436.00,16.53,15.44,9.39,2.49,-5.90,-7.90,-9.64,-7.88
12440.00,14.04,10.54,2.50,-2.40,-6.90,-7.35,-7.31,-4.31
12444.00,14.23,7.85,1.48,-1.53,-5.45,-6.25,-5.68,-3.43
12448.00,9.42,4.30,0.24,-5.38,-6.82,-5.47,-3.58,1.11
12452.00,6.77,1.73,-2.40,-4.31,-9.17,-3.40,-1.69,0.78
12456.00,3.86,0.45,-4.84,-6.63,-8.84,-3.74,-0.19,3.62
12460.00,1.20,-5.22,-6.42,-8.86,-4.33,-2.03,4.04,4.43
12464.00,0.03,-2.35,-5.72,-7.75,-1.10,1.49,6.23,7.49
12468.00,-5.18,-5.42,-8.61,-4.58,1.09,5.50,4.02,6.41
12472.00,-4.91,-7.14,-3.64,-4.11,-0.93,4.50,5.18,9.02
12476.00,-6.49,-4.29,-1.92,-0.41,1.38,6.09,7.97,5.15
12480.00,-3.36,-4.82,-0.07,3.10,2.65,6.08,4.92,0.83
12484.00,-6.46,-3.11,1.49,3.21,7.05,8.83,4.47,1.87
12488.00,-6.17,-0.01,3.65,2.34,6.90,6.94,2.15,-1.67
12492.00,-5.47,-0.08,2.46,4.49,5.24,2.24,-0.66,-6.98
12496.00,-0.35,1.31,3.00,4.54,3.08,4.15,-5.96,-11.14
12500.00,0.58,2.66,6.25,5.16,3.78,1.05,-7.80,-16.78
12504.00,3.34,3.98,6.37,7.29,0.88,-2.20,-9.52,-19.12
12508.00,5.10,7.44,6.40,4.30,-2.94,-7.93,-13.81,-19.94
12512.00,4.69,3.46,5.01,2.36,-3.33,-10.69,-16.62,-22.61
12516.00,7.44,6.91,2.36,-1.04,-6.00,-13.95,-20.25,-19.31
12520.00,6.77,4.09,1.00,-2.32,-10.64,-15.99,-19.99,-21.28
12524.00,7.28,1.51,-1.02,-9.31,-14.14,-19.28,-20.92,-19.98
12528.00,6.77,3.59,-4.23,-9.50,-14.88,-19.62,-20.31,-16.31
12532.00,4.35,-0.61,-7.00,-15.51,-20.11,-19.05,-18.33,-11.69
12536.00,-0.66,-3.79,-10.39,-14.20,-18.95,-22.08,-18.26,-6.73
12540.00,-0.88,-5.43,-11.53,-16.86,-18.15,-20.36,-10.26,-1.80
12544.00,-1.47,-7.46,-13.81,-17.35,-17.62,-15.76,-8.04,2.95
12548.00,-6.57,-14.31,-18.46,-21.62,-16.47,-11.60,-2.37,5.75
12552.00,-10.87,-13.08,-19.37,-19.54,-14.00,-10.03,2.78,13.13
12556.00,-11.60,-18.13,-20.17,-17.49,-13.38,-2.21,4.80,16.80
12560.00,-14.54,-19.99,-18.51,-15.72,-7.01,-0.54,10.47,21.14
12564.00,-15.54,-19.49,-15.69,-10.34,-2.82,5.57,16.33,22.28
12568.00,-16.81,-17.08,-14.06,-7.71,1.23,9.72,19.80,22.04
12572.00,-17.91,-17.75,-11.09,-5.43,5.79,14.87,21.45,21.82
12576.00,-16.88,-16.78,-10.20,1.65,6.17,17.33,22.09,22.96
12580.00,-16.23,-13.13,-4.58,5.44,11.89,18.95,22.90,21.57
12584.00,-15.73,-9.03,-3.00,6.59,16.06,20.70,22.22,16.84
12588.00,-13.26,-6.22,3.31,10.11,17.40,19.78,21.24,14.81
12592.00,-8.07,-1.64,8.38,15.70,18.08,20.63,18.32,11.81
12596.00,-3.87,0.97,8.20,16.43,20.75,18.12,12.80,7.44
12600.00,-1.42,5.95,14.25,16.49,16.92,16.63,7.71,1.98
12604.00,-1.05,8.02,15.63,17.49,18.84,9.63,7.13,-3.07
12608.00,6.42,11.00,16.87,15.36,16.04,7.63,1.78,-5.44
12612.00,6.30,15.30,16.00,14.00,10.96,4.45,-5.30,-13.05
12616.00,8.60,11.89,13.80,11.02,7.39,2.58,-7.00,-12.55
12620.00,11.49,13.51,12.98,8.72,6.05,-5.08,-12.31,-16.13
12624.00,13.33,12.09,11.21,9.04,1.26,-8.20,-13.94,-17.97
12628.00,14.64,14.94,9.40,5.13,-3.53,-9.60,-15.12,-16.17
12632.00,10.66,11.68,5.90,-0.34,-4.81,-9.81,-15.78,-14.87
12636.00,11.29,10.21,1.68,-2.15,-9.78,-12.19,-12.36,-11.87
12640.00,9.50,7.83,2.05,-4.16,-13.41,-11.41,-11.00,-11.55
12644.00,6.11,3.28,-0.94,-8.84,-10.80,-14.00,-13.87,-8.05
12648.00,5.67,1.23,-8.00,-11.62,-13.22,-9.97,-10.36,-3.14
12652.00,0.35,-1.74,-6.09,-13.36,-10.68,-10.75,-8.70,-3.33
12656.00,-1.06,-3.08,-9.88,-14.07,-10.29,-6.99,-3.72,-0.71
12660.00,-4.88,-7.48,-11.98,-13.83,-7.75,-4.57,-0.42,2.50
12664.00,-6.77,-9.63,-13.27,-9.34,-7.09,-6.49,0.90,4.15
12668.00,-8.79,-9.11,-8.04,-8.72,-7.02,-2.06,3.50,-0.25
12672.00,-6.76,-7.95,-7.58,-4.76,-4.55,0.68,3.25,1.34
12676.00,-10.39,-9.50,-7.56,-6.69,-0.30,2.42,0.86,0.88
12680.00,-7.72,-9.89,-4.06,-1.71,2.43,1.61,1.42,-4.64
12684.00,-8.06,-8.67,-2.50,0.80,-0.83,4.20,1.79,-8.05
12688.00,-9.23,-7.77,-2.02,-1.70,-0.28,-0.05,-1.17,-10.51
12692.00,-8.40,-5.64,-1.68,-0.20,0.79,-2.81,-6.16,-14.27
12696.00,-2.59,-0.02,0.54,4.25,-1.04,-2.52,-9.25,-16.27
12700.00,-2.95,0.54,2.66,-0.27,-2.55,-6.81,-14.25,-18.35
12704.00,0.55,-1.06,1.45,2.56,-3.54,-10.57,-17.64,-22.24
12708.00,0.02,1.95,3.62,1.23,-5.90,-11.87,-20.08,-23.26
12712.00,-0.90,4.16,1.45,-0.17,-8.29,-15.33,-21.83,-26.74
12716.00,2.03,-0.18,-0.26,-2.61,-10.79,-16.35,-22.35,-25.33
12720.00,2.26,0.31,-1.98,-5.82,-14.23,-19.95,-23.36,-27.58
12724.00,0.97,-0.40,-2.20,-10.19,-15.35,-24.47,-27.07,-21.69
12728.00,-0.04,-0.60,-9.93,-12.34,-18.60,-25.82,-22.71,-20.30
12732.00,1.04,-4.94,-12.04,-15.06,-23.92,-24.17,-20.23,-17.04
12736.00,-2.48,-8.81,-14.35,-18.10,-24.64,-21.80,-20.36,-11.76
12740.00,-5.46,-10.34,-13.74,-21.30,-21.13,-22.31,-15.08,-6.34
12744.00,-4.67,-14.87,-20.55,-24.03,-22.70,-21.01,-9.89,-2.17
12748.00,-11.57,-16.97,-19.25,-21.78,-22.98,-15.79,-8.50,5.41
12752.00,-11.03,-18.07,-22.39,-22.25,-20.59,-12.14,-4.37,6.89
12756.00,-12.85,-19.15,-19.68,-20.73,-15.09,-6.55,0.12,10.51
12760.00,-17.13,-18.71,-21.65,-17.79,-11.41,-4.46,7.98,15.82
12764.00,-15.44,-18.14,-21.54,-17.38,-5.42,1.15,9.84,19.32
12768.00,-20.84,-18.66,-18.82,-12.13,-4.21,6.33,12.70,21.46
12772.00,-16.90,-18.30,-14.91,-6.15,2.05,9.25,18.22,21.49
12776.00,-18.46,-18.94,-10.34,-0.99,6.49,14.51,19.88,17.75
12780.00,-17.07,-14.82,-7.03,1.03,9.95,14.27,18.17,19.04
12784.00,-14.70,-8.94,-3.84,3.48,15.06,17.07,20.76,16.85
12788.00,-11.76,-9.40,-1.40,8.53,16.32,16.89,16.82,11.91
12792.00,-8.65,-4.47,4.77,10.08,18.26,16.62,16.55,5.05
12796.00,-5.03,1.30,9.14,13.82,15.85,14.32,11.06,2.45
12800.00,-5.20,4.97,9.99,14.93,16.58,13.81,6.34,-0.14
12804.00,-0.44,9.05,15.26,14.78,15.03,8.99,3.50,-5.80
12808.00,1.77,10.51,13.52,17.53,14.63,9.13,-1.85,-10.57
12812.00,8.61,10.52,12.28,12.08,9.65,1.78,-6.15,-11.58
12816.00,8.07,14.69,16.10,13.54,5.72,-1.95,-10.75,-14.36
12820.00,11.86,15.03,12.53,9.20,4.72,-2.63,-12.11,-17.99
12824.00,14.07,15.78,9.87,5.11,-2.67,-7.46,-15.86,-16.40
12828.00,13.87,10.04,11.34,0.66,-3.46,-11.91,-15.23,-18.73
12832.00,10.92,11.45,3.93,-0.74,-8.93,-10.43,-17.19,-13.83
12836.00,12.66,6.12,3.44,-2.00,-10.81,-14.50,-16.71,-12.83
12840.00,8.72,7.69,-1.16,-7.73,-10.45,-15.55,-14.46,-11.05
12844.00,10.02,3.87,-3.68,-7.48,-14.89,-15.57,-11.51,-6.05
12848.00,6.98,-0.57,-6.88,-8.97,-14.61,-13.71,-11.58,-3.87
12852.00,3.29,-2.01,-8.34,-10.03,-10.90,-10.24,-9.09,-3.72
12856.00,1.31,-5.26,-11.35,-10.98,-9.43,-8.40,-5.51,-0.69
12860.00,0.02,-7.42,-9.84,-10.02,-9.94,-6.43,-2.69,1.64
12864.00,-3.11,-9.85,-10.12,-10.16,-9.81,-2.97,0.18,4.15
12868.00,-5.59,-9.88,-7.89,-6.18,-2.78,-0.86,1.56,1.79
12872.00,-5.37,-11.67,-9.51,-7.90,-4.73,1.20,1.44,0.70
12876.00,-6.55,-10.39,-7.99,-5.93,-1.23,2.85,4.34,-1.98
12880.00,-10.28,-8.13,-6.22,-1.91,1.24,0.87,1.76,-4.11
12884.00,-5.59,-6.48,-4.65,-0.54,3.27,1.43,0.99,-3.48
12888.00,-9.11,-4.47,-2.83,0.35,2.70,0.77,-3.10,-5.27
12892.00,-5.60,-1.71,0.94,5.27,1.38,-0.08,-1.96,-12.33
12896.00,-5.28,-2.91,0.70,2.64,0.35,-2.76,-9.22,-12.67
12900.00,-1.79,1.24,1.08,4.85,2.04,-3.14,-10.42,-16.06
12904.00,-0.77,3.80,6.03,2.39,-2.94,-8.80,-11.62,-20.10
12908.00,-0.80,3.83,4.81,2.01,-2.66,-9.61,-15.01,-22.53
12912.00,0.57,3.21,4.87,-1.66,-7.27,-11.05,-18.55,-24.34
12916.00,2.55,4.17,3.52,-3.89,-7.67,-14.86,-20.72,-25.80
12920.00,5.33,4.78,0.58,-7.82,-10.06,-19.22,-21.69,-22.74
12924.00,2.79,0.72,-4.87,-10.99,-16.38,-18.72,-24.50,-22.41
12928.00,1.43,1.62,-4.95,-11.60,-19.72,-23.94,-22.72,-18.60
12932.00,1.20,-0.60,-9.37,-12.55,-17.93,-23.88,-17.30,-15.85
12936.00,-0.66,-6.26,-9.20,-17.08,-21.38,-20.81,-18.97,-9.73
12940.00,-1.32,-6.08,-12.40,-16.78,-20.08,-19.34,-13.71,-2.45
12944.00,-4.36,-10.62,-14.05,-16.93,-19.61,-13.73,-10.38,1.19
12948.00,-6.60,-14.62,-15.14,-21.80,-19.40,-14.74,-5.70,6.77
12952.00,-8.86,-16.77,-16.36,-17.35,-13.35,-10.56,-1.01,10.87
12956.00,-14.07,-16.38,-18.47,-17.74,-14.47,-3.36,4.15,17.27
12960.00,-11.47,-18.81,-20.03,-13.61,-7.19,2.99,8.93,19.68
12964.00,-14.76,-17.21,-15.99,-11.88,-5.44,7.57,13.39,21.18
12968.00,-15.90,-15.01,-13.07,-7.54,-1.61,11.01,16.46,25.03
12972.00,-16.42,-16.19,-10.35,-3.56,7.37,12.85,18.79,24.31
12976.00,-17.60,-13.10,-5.97,0.49,10.22,17.88,24.86,21.43
12980.00,-13.47,-8.42,-5.00,5.93,12.76,18.45,21.14,23.44
12984.00,-10.85,-9.24,1.87,8.73,17.98,19.99,22.42,19.34
12988.00,-12.28,-1.77,6.45,13.93,18.43,21.35,23.23,13.65
12992.00,-6.33,2.21,8.35,17.12,22.52,24.15,18.87,13.65
12996.00,-2.79,5.37,13.68,16.53,21.21,19.03,16.98,9.99
13000.00,-1.10,9.05,14.58,21.40,20.64,17.41,9.66,1.72
13004.00,5.08,9.75,15.19,20.08,20.52,16.43,7.77,-1.05
13008.00,8.00,13.10,16.26,21.57,18.52,12.64,4.07,-3.47
13012.00,8.20,13.99,19.42,16.19,14.32,5.40,0.91,-6.48
13016.00,12.39,19.35,18.83,14.88,10.85,3.54,-5.75,-11.86
13020.00,16.75,15.13,18.04,12.66,8.31,-1.73,-8.30,-11.19
13024.00,17.85,19.52,16.34,8.39,5.54,-1.37,-7.99,-12.92
13028.00,16.66,17.20,14.95,10.03,1.72,-5.96,-7.60,-10.32
13032.00,13.72,15.01,10.49,5.57,-0.92,-8.55,-10.25,-10.22
13036.00,15.49,12.65,7.37,3.63,-3.66,-7.80,-7.91,-7.32
13040.00,14.13,11.46,6.65,0.68,-6.41,-10.43,-8.19,-5.10
13044.00,10.28,9.10,3.68,-2.11,-6.04,-6.03,-8.43,-3.85
13048.00,11.69,2.97,1.19,-7.06,-6.74,-8.67,-1.70,0.03
13052.00,7.92,1.99,-2.58,-5.76,-9.58,-2.97,-3.52,1.71
13056.00,6.53,-0.61,-3.42,-8.28,-5.91,-3.16,2.50,4.37
13060.00,2.91,-0.61,-6.35,-8.03,-6.06,-0.46,3.31,6.51
13064.00,-1.49,-1.80,-5.30,-5.18,-3.04,1.45,4.42,7.90
13068.00,-2.61,-4.60,-7.28,-5.05,2.06,3.72,5.02,8.88
13072.00,-2.41,-4.18,-2.30,-0.56,4.12,5.47,7.94,8.43
13076.00,-4.66,-3.50,-4.91,0.05,3.85,8.56,6.17,4.74
13080.00,-5.48,-3.56,-0.23,2.25,4.26,6.37,9.44,2.48
13084.00,-4.02,-3.06,0.08,6.78,7.22,10.01,6.54,-0.07
13088.00,-5.05,-0.62,3.30,5.50,9.05,9.27,3.25,-1.25
13092.00,-0.43,0.37,3.45,5.48,9.35,7.26,3.83,-7.40
13096.00,1.54,2.56,7.72,9.74,7.05,6.34,-2.65,-9.01
13100.00,1.00,5.10,6.28,8.00,5.68,0.97,-5.07,-12.76
13104.00,2.76,8.39,9.25,7.16,2.01,0.38,-8.97,-14.45
13108.00,4.38,9.24,6.86,4.72,3.52,-4.54,-12.05,-14.39
13112.00,7.59,9.75,6.37,2.88,-0.39,-5.25,-15.38,-15.96
13116.00,9.79,10.12,4.50,3.04,-3.94,-12.79,-16.39,-17.18
13120.00,7.75,6.12,2.31,-2.44,-9.63,-12.66,-18.57,-16.05
13124.00,7.07,7.99,1.35,-4.61,-9.72,-13.42,-17.52,-15.21
13128.00,7.01,3.12,-0.71,-7.58,-14.17,-17.85,-14.76,-13.49
13132.00,4.71,0.49,-1.21,-11.74,-15.81,-14.16,-12.23,-5.88
13136.00,3.59,-0.05,-4.43,-9.96,-15.98,-15.62,-10.60,-2.81
13140.00,2.00,-5.36,-11.32,-12.38,-13.18,-12.44,-4.98,1.35
13144.00,-2.52,-4.81,-8.90,-14.15,-12.57,-11.01,-4.73,8.75
13148.00,-2.43,-8.65,-11.82,-13.12,-12.00,-4.98,2.78,11.90
13152.00,-3.23,-8.80,-12.24,-16.60,-10.36,-2.22,6.72,18.22
13156.00,-5.96,-13.33,-14.75,-13.02,-7.39,3.76,13.29,20.47
13160.00,-11.74,-13.32,-13.44,-12.47,-4.67,5.12,17.04,27.46
13164.00,-11.01,-14.79,-12.94,-8.35,-1.36,9.25,21.89,26.09
13168.00,-12.44,-12.84,-7.41,-2.24,6.57,15.39,25.10,28.90
13172.00,-11.15,-10.88,-5.82,0.28,9.94,19.05,26.46,30.72
13176.00,-12.55,-11.12,-4.64,2.58,14.57,21.95,29.64,28.36
13180.00,-12.24,-8.47,-0.96,6.92,17.87,24.40,30.92,27.68
13184.00,-9.37,-3.58,5.74,13.96,18.78,25.59,28.78,25.25
13188.00,-9.02,1.45,8.72,17.78,25.10,29.07,26.60,19.85
13192.00,-2.35,4.97,11.76,19.06,24.56,27.73,24.63,18.80
13196.00,-2.09,9.77,16.32,24.53,26.48,26.31,18.46,11.05
13200.00,5.06,11.00,20.34,25.30,26.84,22.21,17.05,6.89
13204.00,6.42,15.76,18.52,23.93,25.50,20.87,13.47,3.05
13208.00,9.34,15.27,24.03,23.01,21.33,15.93,10.67,1.38
13212.00,11.69,17.66,21.67,23.02,17.40,12.46,4.30,-3.01
13216.00,14.46,21.13,22.97,22.55,13.38,8.66,1.76,-7.21
13220.00,19.00,20.29,18.28,15.24,10.66,5.73,-0.21,-8.31
13224.00,20.13,21.33,16.41,11.90,7.25,0.27,-3.53,-9.34
13228.00,17.04,21.06,15.80,10.06,6.30,-2.26,-6.53,-5.71
13232.00,19.69,16.19,11.99,6.82,3.16,-3.97,-4.79,-6.17
13236.00,17.56,16.63,12.02,4.43,-2.40,-2.45,-5.29,-6.03
13240.00,14.66,10.46,5.00,1.79,-1.72,-2.83,-5.84,-3.10
13244.00,11.87,11.67,4.58,1.60,-6.08,-7.31,-3.61,-0.41
13248.00,13.76,6.25,0.49,-3.10,-4.04,-2.61,0.19,5.32
13252.00,10.42,5.05,-0.09,-1.42,-5.03,-0.77,0.24,5.80
13256.00,8.19,0.42,-1.03,-4.42,-3.13,-0.76,3.20,10.24
13260.00,4.46,-0.97,-1.77,-2.34,-2.45,3.41,6.35,8.60
13264.00,1.42,-4.14,-4.98,-1.28,-0.61,2.28,7.04,13.88
13268.00,2.35,-5.13,-0.89,-1.20,4.84,5.53,9.29,11.79
13272.00,-3.13,-2.42,-1.51,-1.08,5.43,7.14,13.16,8.41
13276.00,-4.24,-4.45,-2.54,0.68,7.02,7.73,11.68,9.95
13280.00,-2.51,-2.45,1.89,7.03,7.04,11.94,8.84,4.79
13284.00,0.02,1.01,3.16,8.52,9.77,10.77,9.95,4.57
13288.00,-0.42,1.26,6.74,6.32,12.91,8.19,7.28,0.73
13292.00,0.13,5.67,7.69,8.86,8.02,8.14,2.95,-1.89
13296.00,-0.54,7.34,8.97,8.24,9.97,7.12,-1.06,-7.92
13300.00,5.66,6.41,8.25,10.19,7.15,3.59,-4.38,-9.05
13304.00,5.95,5.84,9.67,10.87,7.84,-0.13,-4.94,-13.83
13308.00,8.21,8.32,12.12,9.36,1.68,-3.02,-11.24,-16.81
13312.00,8.99,7.79,8.71,7.66,-0.93,-4.00,-12.38,-13.47
13316.00,8.86,10.24,7.09,4.63,-4.48,-7.34,-13.71,-17.79
13320.00,8.34,9.97,5.50,-1.24,-7.14,-12.68,-16.63,-15.06
13324.00,8.81,7.08,2.86,-3.09,-9.38,-14.12,-14.41,-13.73
13328.00,9.51,4.66,2.10,-5.41,-13.81,-15.80,-16.38,-10.63
13332.00,8.49,2.67,-0.82,-8.08,-15.09,-13.91,-14.87,-5.73
13336.00,2.98,-1.20,-7.85,-10.65,-16.17,-17.16,-9.56,-4.17
13340.00,2.76,-2.93,-10.18,-12.12,-13.10,-13.37,-7.46,4.95
13344.00,-0.53,-5.33,-11.13,-14.34,-13.38,-12.53,-0.87,6.33
13348.00,-5.19,-8.22,-12.77,-15.44,-14.63,-8.68,0.03,13.03
13352.00,-7.44,-9.08,-14.30,-14.19,-11.83,-3.06,4.62,14.98
13356.00,-6.53,-12.21,-12.09,-14.37,-6.80,2.55,12.24,21.16
13360.00,-10.82,-11.14,-14.86,-10.91,-2.59,6.35,17.58,25.82
13364.00,-12.61,-13.16,-12.07,-6.38,1.78,9.00,18.37,26.99
13368.00,-13.37,-14.14,-10.72,-6.41,5.83,14.82,23.42,26.63
13372.00,-14.56,-13.72,-10.05,-2.43,10.59,17.31,23.43,28.54
13376.00,-10.70,-9.95,-2.82,6.32,13.57,23.43,27.52,28.38
13380.00,-9.22,-5.98,0.70,9.09,17.59,21.77,26.30,27.75
13384.00,-9.96,-6.49,1.55,10.65,22.41,25.22,28.25,23.38
13388.00,-7.95,-2.14,5.05,16.65,21.92,23.76,24.52,20.88
13392.00,-6.67,0.80,9.14,20.09,24.65,25.10,24.44,14.92
13396.00,-0.47,7.17,15.30,19.80,22.91,24.63,16.81,12.49
13400.00,0.86,8.23,19.35,22.40,21.70,22.83,15.51,7.34
13404.00,4.17,12.84,18.68,23.93,21.18,16.18,8.97,0.44
13408.00,9.69,15.25,18.21,22.84,21.49,12.11,7.31,-0.33
13412.00,11.90,16.82,21.75,20.19,18.22,9.51,3.79,-4.85
13416.00,15.42,16.99,22.16,20.20,15.22,7.06,0.24,-9.31
13420.00,16.76,20.51,18.03,15.82,9.99,1.94,-2.43,-8.20
13424.00,19.06,18.43,16.02,13.23,4.10,0.36,-5.67,-9.72
13428.00,16.67,18.39,12.52,10.05,1.10,-6.04,-7.77,-11.94
13432.00,15.95,14.36,12.96,4.32,-2.21,-5.30,-11.08,-7.58
13436.00,13.98,11.11,6.79,-0.31,-2.42,-7.78,-9.01,-7.45
13440.00,15.67,8.91,5.81,-1.10,-4.40,-9.52,-5.73,-6.02
13444.00,11.78,5.71,-0.72,-4.81,-5.07,-6.36,-7.08,-3.59
13448.00,7.28,2.33,0.66,-4.58,-8.70,-5.50,-2.39,-1.29
13452.00,5.17,3.21,-4.64,-7.52,-7.63,-3.67,-2.55,2.89
13456.00,1.89,0.95,-6.96,-6.54,-6.77,-5.83,2.36,5.93
13460.00,2.46,-5.41,-6.39,-7.14,-5.90,-1.03,2.89,5.96
13464.00,-3.36,-2.84,-4.37,-8.01,-4.16,1.01,3.55,7.58
13468.00,-1.31,-6.30,-4.72,-5.65,-0.83,4.13,5.43,5.66
13472.00,-3.49,-7.89,-3.99,-4.71,-1.19,4.24,7.83,4.90
13476.00,-6.95,-6.67,-3.37,1.63,4.10,6.26,5.41,4.24
13480.00,-5.72,-6.34,-2.23,0.90,2.37,8.03,8.08,0.85
13484.00,-3.80,-3.35,-1.99,4.69,3.96,7.97,4.93,-2.89
13488.00,-6.03,-2.49,3.24,5.65,8.83,4.04,4.29,-4.69
13492.00,-3.67,1.10,3.94,6.03,4.17,6.41,-2.23,-8.78
13496.00,-2.59,1.77,4.44,8.20,5.22,-0.60,-4.69,-11.84
13500.00,-1.97,1.32,4.97,7.66,3.07,0.07,-10.04,-12.39
13504.00,-0.49,6.06,4.63,6.37,2.65,-5.13,-13.42,-17.59
13508.00,4.46,4.85,8.24,3.34,-3.54,-9.66,-15.00,-20.61
13512.00,5.71,5.40,5.51,-1.04,-2.79,-11.14,-14.90,-18.62
13516.00,6.33,3.97,4.18,1.18,-5.83,-16.39,-20.87,-20.44
13520.00,7.43,6.86,3.27,-5.88,-12.97,-15.80,-19.79,-20.78
13524.00,7.52,1.27,-0.01,-9.15,-11.82,-21.13,-22.24,-18.56
13528.00,5.32,0.73,-5.78,-12.77,-14.34,-18.72,-21.35,-14.77
13532.00,5.01,-0.38,-6.23,-11.46,-18.14,-20.75,-19.13,-12.05
13536.00,0.35,-3.54,-9.55,-16.11,-20.53,-21.06,-16.40,-9.90
13540.00,0.76,-7.88,-13.74,-15.76,-18.27,-19.60,-12.08,-3.01
13544.00,-1.97,-8.67,-14.89,-21.12,-21.27,-17.14,-8.96,1.63
13548.00,-4.40,-12.86,-19.31,-21.08,-16.37,-10.43,-3.52,5.21
13552.00,-9.81,-12.82,-16.54,-18.09,-16.79,-9.77,-1.31,9.16
13556.00,-12.88,-18.14,-19.36,-19.69,-12.75,-3.36,4.17,14.41
13560.00,-16.43,-16.90,-18.42,-17.07,-10.90,-1.56,10.60,18.75
13564.00,-14.64,-18.84,-15.18,-12.90,-6.49,7.11,13.42,23.18
13568.00,-14.96,-16.33,-13.07,-8.35,0.53,7.48,19.18,23.49
13572.00,-17.40,-15.40,-13.06,-6.96,1.93,15.22,22.43,22.00
13576.00,-15.60,-13.13,-8.33,0.46,8.72,14.47,23.30,21.80
13580.00,-16.82,-14.12,-7.41,3.55,13.77,18.89,20.87,22.28
13584.00,-13.60,-6.67,-1.81,7.15,14.32,18.93,18.94,18.62
13588.00,-9.51,-5.61,4.55,8.89,14.91,21.80,17.37,15.91
13592.00,-6.87,-0.12,7.93,14.44,16.67,19.81,14.96,7.41
13596.00,-4.15,3.66,9.14,15.44,19.84,16.42,12.41,3.09
13600.00,-0.94,3.14,11.16,15.29,20.42,16.67,7.91,-1.65
13604.00,2.91,8.96,14.12,16.22,14.66,13.77,4.40,-2.17
13608.00,6.63,8.66,14.79,17.45,14.86,10.84,2.65,-6.88
13612.00,9.61,11.98,17.66,17.15,12.41,4.40,-2.12,-8.86
13616.00,11.95,11.85,17.69,11.05,9.71,-1.26,-7.95,-15.02
13620.00,12.43,15.82,16.31,11.35,2.25,-5.23,-8.52,-13.67
13624.00,14.32,12.33,14.59,5.74,-0.12,-7.20,-11.43,-13.51
13628.00,12.90,13.37,8.05,3.28,-3.00,-8.09,-15.63,-14.90
13632.00,12.94,10.71,7.84,2.74,-8.13,-12.34,-17.15,-14.88
13636.00,14.20,9.70,5.33,-4.10,-9.44,-11.38,-13.48,-15.16
13640.00,10.70,7.21,-0.83,-8.29,-11.31,-13.59,-11.89,-11.34
13644.00,9.54,1.49,-5.01,-9.48,-14.60,-14.66,-11.40,-9.19
13648.00,5.44,-1.11,-7.67,-10.32,-10.41,-11.02,-7.27,-5.10
13652.00,1.10,-2.93,-9.75,-13.60,-14.15,-10.23,-6.13,-1.18
13656.00,-0.57,-4.37,-11.79,-12.11,-9.22,-10.58,-4.63,0.49
13660.00,-2.78,-7.61,-9.29,-12.28,-10.09,-5.94,-1.74,0.52
13664.00,-3.92,-9.00,-10.81,-9.18,-7.26,-5.11,-0.89,3.69
13668.00,-7.45,-7.28,-9.49,-6.85,-6.28,-2.05,-0.17,0.65
13672.00,-6.76,-9.29,-11.54,-9.09,-2.48,-1.89,2.72,1.51
13676.00,-7.44,-8.15,-10.19,-6.27,-1.51,2.70,0.06,-2.42
13680.00,-8.45,-10.09,-7.17,-5.22,-2.11,0.81,0.39,-3.08
13684.00,-7.88,-7.75,-3.26,-1.75,1.07,-0.14,-0.43,-5.39
13688.00,-9.60,-7.01,-3.07,-1.58,-0.19,-0.64,-4.98,-9.30
13692.00,-5.53,-2.38,0.33,2.74,1.23,-0.98,-8.10,-10.87
13696.00,-4.72,-2.45,3.07,2.39,0.18,-1.46,-10.95,-15.93
13700.00,-5.62,-2.70,-0.63,1.63,0.89,-3.86,-10.74,-19.98
13704.00,-3.91,0.15,4.18,2.26,-3.05,-9.89,-15.86,-24.77
13708.00,-0.10,3.28,4.28,0.67,-7.63,-12.86,-20.47,-22.93
13712.00,2.94,3.72,1.27,-0.71,-6.47,-15.41,-23.71,-24.41
13716.00,1.35,3.17,1.86,-7.08,-12.50,-18.54,-23.45,-23.48
13720.00,3.46,1.21,-4.07,-10.21,-15.44,-20.73,-25.51,-25.76
13724.00,0.66,1.71,-6.26,-12.74,-17.13,-25.33,-23.07,-21.55
13728.00,-0.31,-3.20,-8.42,-16.07,-21.10,-24.52,-24.21,-19.85
13732.00,1.51,-3.50,-10.01,-15.36,-22.20,-22.64,-23.36,-18.67
13736.00,-3.14,-9.17,-15.54,-19.06,-21.57,-22.63,-21.12,-11.41
13740.00,-3.29,-8.65,-17.80,-20.45,-23.30,-22.29,-14.60,-7.62
13744.00,-5.38,-12.03,-16.78,-20.17,-24.62,-21.23,-12.40,-4.10
13748.00,-10.57,-15.51,-22.56,-19.99,-20.50,-14.57,-6.68,3.14
13752.00,-14.15,-18.55,-21.08,-21.29,-16.39,-11.96,0.11,9.23
13756.00,-14.56,-16.73,-22.03,-21.54,-16.54,-6.70,3.07,13.26
13760.00,-15.26,-20.06,-20.75,-19.92,-11.46,-3.03,6.16,15.80
13764.00,-18.41,-21.57,-20.46,-14.58,-9.32,0.36,8.96,20.01
13768.00,-18.04,-18.49,-15.33,-9.40,-2.60,6.54,16.12,19.43
13772.00,-18.25,-17.29,-14.37,-8.78,0.38,9.09,15.66,19.36
13776.00,-20.89,-15.91,-12.75,-5.48,4.15,13.77,20.95,17.68
13780.00,-19.82,-15.30,-7.85,1.91,7.19,13.66,17.79,15.28
13784.00,-14.97,-8.58,-4.30,5.07,13.69,15.28,18.55,13.83
13788.00,-10.90,-5.57,2.02,10.28,14.36,15.79,15.39,9.08
13792.00,-8.94,-5.47,4.13,11.44,17.08,19.64,14.93,6.86
13796.00,-7.36,2.59,6.40,12.21,14.47,15.01,10.12,2.82
13800.00,-2.68,2.84,12.77,14.32,17.02,11.11,8.72,0.92
13804.00,-0.93,9.33,11.48,15.24,12.58,9.88,2.88,-7.63
13808.00,5.00,12.13,15.09,13.66,14.49,4.57,1.20,-9.95
13812.00,6.69,11.11,14.81,13.04,12.32,2.52,-6.63,-12.15
13816.00,8.64,14.74,16.13,10.88,4.59,1.28,-9.20,-15.29
13820.00,11.61,13.42,15.18,8.03,1.58,-6.25,-9.44,-18.47
13824.00,11.36,11.50,12.16,4.99,0.74,-7.82,-13.76,-14.97
13828.00,12.60,10.48,7.54,2.05,-6.40,-12.02,-16.20,-14.38
13832.00,10.55,8.86,4.88,0.36,-8.36,-14.60,-13.17,-15.14
13836.00,12.93,10.12,3.03,-5.71,-9.12,-12.09,-13.00,-14.32
13840.00,9.62,5.27,0.71,-7.67,-10.54,-16.42,-12.22,-8.62
13844.00,8.47,2.67,-1.98,-9.94,-12.77,-12.38,-12.50,-9.72
13848.00,3.96,1.69,-7.38,-11.33,-11.43,-14.17,-11.40,-4.42
13852.00,5.35,-4.90,-8.81,-10.09,-10.07,-9.52,-7.95,-1.10
13856.00,2.53,-5.49,-9.31,-12.91,-10.59,-10.55,-2.41,1.89
13860.00,-3.68,-5.04,-11.52,-11.31,-8.43,-7.80,-2.20,1.42
13864.00,-1.94,-5.85,-8.46,-9.63,-6.46,-4.24,1.88,1.55
13868.00,-8.51,-11.03,-11.78,-6.23,-3.06,-2.89,4.14,3.53
13872.00,-6.60,-9.92,-9.73,-5.60,-1.34,0.50,2.06,1.48
13876.00,-10.28,-6.46,-5.28,-4.49,-1.30,0.26,3.82,0.00
13880.00,-6.17,-7.84,-4.98,-1.26,1.33,0.87,-0.32,-0.33
13884.00,-8.27,-5.80,-5.67,-2.07,1.27,0.69,0.86,-3.93
13888.00,-4.84,-3.00,-0.21,0.07,4.02,1.10,-2.62,-7.92
13892.00,-4.06,-1.39,2.82,4.40,2.35,1.96,-5.39,-12.72
13896.00,-2.19,0.95,1.42,3.91,3.85,-3.35,-8.20,-12.77
13900.00,-1.19,0.86,2.47,4.26,0.47,-5.76,-11.80,-16.62
13904.00,1.62,0.63,3.22,1.05,-1.49,-4.79,-15.37,-19.99
13908.00,-0.66,5.97,5.14,0.14,-2.54,-12.23,-18.20,-24.30
13912.00,3.09,4.53,1.37,0.52,-7.60,-15.01,-18.17,-25.83
13916.00,3.59,4.46,-0.35,-2.00,-9.42,-18.21,-19.32,-24.82
13920.00,6.51,5.52,0.48,-7.31,-14.66,-17.62,-23.55,-21.07
13924.00,4.17,2.64,-2.41,-7.07,-13.19,-20.51,-21.96,-19.58
13928.00,3.00,-0.39,-3.64,-10.26,-17.83,-21.36,-20.54,-16.32
13932.00,0.17,0.23,-5.97,-12.27,-17.33,-19.56,-18.66,-13.29
13936.00,-0.02,-3.97,-13.06,-16.20,-19.33,-19.30,-17.94,-8.02
13940.00,-0.54,-6.88,-13.71,-16.34,-19.39,-19.46,-12.08,-2.98
13944.00,-2.79,-10.79,-13.27,-18.93,-21.06,-14.24,-10.29,2.34
13948.00,-4.98,-10.51,-15.86,-20.10,-18.87,-10.48,-2.73,7.12
13952.00,-7.22,-13.62,-15.88,-17.22,-13.75,-10.30,2.38,10.23
13956.00,-10.12,-14.83,-16.55,-16.22,-14.46,-1.47,5.00,17.22
13960.00,-12.62,-19.05,-17.29,-17.23,-6.31,-0.30,12.63,21.42
13964.00,-14.02,-15.25,-17.82,-12.98,-5.80,6.54,17.27,24.13
13968.00,-13.76,-16.82,-16.48,-7.84,1.24,11.54,18.66,24.38
13972.00,-14.14,-16.21,-9.15,-5.65,3.68,16.16,22.75,24.11
13976.00,-14.75,-13.82,-10.15,0.91,10.45,19.22,21.20,26.03
13980.00,-13.52,-11.04,-5.22,3.91,13.00,18.00,21.91,19.66
13984.00,-12.68,-6.27,2.36,11.00,18.15,20.75,21.70,17.07
13988.00,-10.43,-4.76,3.27,13.55,18.33,23.00,18.96,15.29
13992.00,-6.59,-1.93,9.52,17.41,20.64,20.95,17.99,11.57
13996.00,-3.13,1.89,11.05,18.50,22.57,22.06,15.92,7.54
14000.00,0.57,7.40,16.49,19.22,21.71,15.86,13.56,1.36
14004.00,5.76,11.10,18.87,20.68,18.28,17.04,6.62,-0.74
14008.00,9.28,16.04,15.82,19.38,19.40,10.35,1.81,-4.44
14012.00,11.26,14.63,18.82,19.02,13.90,6.98,1.52,-6.93
14016.00,12.39,15.48,19.13,14.33,13.02,6.31,-1.14,-7.37
14020.00,12.44,15.50,18.99,16.03,5.88,-1.70,-4.27,-11.22
14024.00,17.19,19.57,16.77,12.84,4.97,-3.79,-7.71,-8.92
14028.00,17.77,17.12,10.98,6.94,0.65,-5.00,-8.52,-10.61
14032.00,18.59,14.44,9.25,5.08,-1.00,-8.49,-12.18,-11.12
14036.00,16.83,12.66,5.20,0.29,-5.15,-9.81,-7.80,-9.64
14040.00,13.89,10.58,4.35,-3.78,-7.72,-10.99,-8.31,-5.74
14044.00,11.13,9.40,-0.70,-5.70,-9.30,-10.27,-7.21,-4.09
14048.00,10.80,5.98,-2.35,-4.21,-6.65,-6.34,-1.82,2.71
14052.00,6.70,-0.59,-2.28,-4.44,-8.04,-6.33,-1.80,4.99
14056.00,2.60,-1.40,-4.29,-5.55,-5.85,-0.96,0.57,3.21
14060.00,4.03,-1.52,-7.59,-8.38,-5.62,-2.35,1.42,5.07
14064.00,-1.03,-3.47,-5.63,-7.35,-4.31,-0.27,6.30,9.38
14068.00,0.19,-3.39,-2.87,-4.56,0.17,1.90,7.07,9.15
14072.00,-5.70,-6.19,-6.32,0.56,0.77,4.66,7.43,9.33
14076.00,-5.15,-3.84,-5.10,1.77,3.36,6.71,8.76,5.88
14080.00,-5.46,-3.63,0.44,3.25,6.36,7.56,9.59,2.31
14084.00,-5.44,-1.10,0.78,7.25,9.63,9.18,6.82,-0.17
14088.00,-3.44,-1.38,5.20,5.39,6.69,8.97,5.07,-1.53
14092.00,-0.52,3.96,3.27,9.35,9.15,7.92,0.40,-3.74
14096.00,1.09,4.42,4.93,7.00,5.65,5.70,-0.78,-8.34
14100.00,0.24,7.12,10.03,8.65,6.94,1.36,-5.88,-11.22
14104.00,5.59,5.64,10.87,8.01,3.60,0.58,-10.12,-12.90
14108.00,4.90,5.81,8.81,7.96,2.53,-6.64,-13.35,-14.99
14112.00,5.38,8.86,5.37,3.83,-1.22,-9.34,-11.68,-18.30
14116.00,7.11,9.91,4.55,3.55,-6.11,-12.91,-13.63,-18.87
14120.00,6.00,6.57,5.20,1.15,-8.64,-14.97,-19.05,-18.39
14124.00,6.24,4.44,-0.03,-4.32,-12.18,-17.11,-16.89,-13.86
14128.00,5.68,5.81,-2.13,-5.17,-13.56,-13.82,-16.43,-13.84
14132.00,6.63,3.97,-1.77,-11.48,-12.94,-15.41,-11.69,-9.03
14136.00,4.04,-2.66,-7.56,-13.46,-16.83,-15.48,-9.13,-1.65
14140.00,2.73,-4.78,-10.71,-12.94,-16.18,-14.67,-8.23,4.47
14144.00,-2.29,-3.49,-11.53,-15.04,-16.51,-8.72,-5.12,6.95
14148.00,-3.34,-10.85,-13.76,-12.77,-14.91,-6.44,3.47,14.79
14152.00,-6.58,-8.93,-13.25,-14.88,-12.13,-1.85,7.58,16.05
14156.00,-6.21,-13.25,-15.57,-10.36,-8.44,-0.49,9.64,22.96
14160.00,-8.05,-14.63,-14.46,-10.72,-5.20,4.85,17.00,27.54
14164.00,-11.54,-15.33,-9.83,-9.41,0.22,12.21,21.92,25.82
14168.00,-12.51,-10.88,-9.98,-4.95,6.07,13.15,23.64,29.13
14172.00,-12.12,-12.79,-7.40,0.95,9.90,17.37,28.83,29.39
14176.00,-10.80,-10.17,-2.47,3.51,13.10,23.62,29.73,27.06
14180.00,-8.98,-7.94,-0.48,9.69,20.02,26.98,29.84,25.80
14184.00,-6.59,-3.20,3.87,15.27,21.81,28.63,28.97,27.15
14188.00,-7.90,1.16,7.35,15.37,24.63,24.69,27.91,23.31
14192.00,-1.80,4.93,12.43,19.60,23.16,26.95,22.79,15.76
14196.00,1.17,6.91,13.90,21.83,24.34,25.11,19.07,14.57
14200.00,3.81,11.55,19.30,23.31,26.55,20.57,14.12,6.21
14204.00,6.25,14.70,22.12,21.45,23.80,19.05,11.01,4.83
14208.00,12.05,18.28,23.51,23.28,22.47,16.64,6.61,1.00
14212.00,13.52,19.99,23.03,20.78,18.47,12.97,6.00,-4.95
14216.00,16.80,19.95,21.68,17.65,15.21,6.71,0.59,-5.26
14220.00,17.97,18.96,18.81,15.12,12.44,4.69,-1.48,-8.01
14224.00,17.82,18.74,17.64,15.45,5.61,1.83,-1.86,-8.58
14228.00,20.01,19.96,18.78,9.54,2.85,-0.30,-7.94,-4.55
14232.00,19.52,18.28,14.33,7.08,0.60,-1.88,-4.20,-4.03
14236.00,15.88,17.01,8.15,4.18,-0.42,-4.22,-7.35,-3.64
14240.00,15.61,12.26,6.83,2.32,-1.51,-3.80,-5.66,0.13
14244.00,13.85,9.16,3.30,-0.63,-4.67,-6.62,-2.95,2.83
14248.00,12.20,7.35,0.58,-0.34,-5.99,-4.54,-0.81,3.10
14252.00,7.36,5.77,1.33,-2.34,-6.29,-2.80,0.41,9.13
14256.00,6.96,-0.28,-4.31,-5.66,-2.33,0.59,4.39,10.75
14260.00,1.73,-1.17,-4.59,-2.41,-1.97,3.32,9.06,12.12
14264.00,2.96,-0.04,-5.45,-1.52,2.30,5.81,10.51,10.36
14268.00,0.70,-1.56,-1.26,0.13,4.99,6.18,8.43,12.23
14272.00,-3.21,-2.50,-2.77,-1.41,4.74,9.02,9.23,12.60
14276.00,-3.41,-1.56,-2.51,1.17,4.78,10.77,12.37,10.94
14280.00,-4.60,-3.62,3.52,2.54,9.03,9.47,8.26,6.74
14284.00,-0.50,-0.62,3.58,5.67,10.41,11.05,7.11,5.10
14288.00,-0.89,3.03,3.92,8.44,10.76,10.54,6.22,-1.26
14292.00,1.03,1.47,7.03,11.35,10.67,9.14,1.92,-1.50
14296.00,1.73,6.60,10.46,9.04,10.33,8.02,-1.12,-4.89
14300.00,4.73,7.04,10.16,8.69,9.41,1.74,-1.74,-11.71
14304.00,5.81,6.61,9.52,7.75,8.06,0.40,-4.19,-12.81
14308.00,5.16,10.72,7.81,9.32,4.72,-1.48,-9.67,-15.58
14312.00,5.84,8.67,9.00,5.29,0.78,-6.16,-10.46,-13.53
14316.00,8.99,7.43,8.17,2.30,-2.70,-11.03,-13.59,-16.69
14320.00,8.56,9.75,4.76,2.59,-3.88,-13.52,-13.74,-17.23
14324.00,10.15,6.43,4.14,-4.01,-9.69,-14.87,-13.93,-11.11
14328.00,7.14,2.84,0.46,-4.43,-11.82,-15.46,-14.80,-11.20
14332.00,8.06,4.59,-4.91,-7.20,-15.30,-15.25,-11.79,-8.45
14336.00,6.42,1.69,-7.77,-11.65,-15.66,-13.43,-10.61,-3.94
14340.00,4.42,-1.12,-9.79,-12.26,-16.68,-14.07,-8.76,4.51
14344.00,1.28,-4.51,-13.33,-12.68,-16.08,-12.62,-1.70,9.58
14348.00,-1.18,-6.15,-13.63,-15.67,-13.29,-7.03,-0.21,14.72
14352.00,-3.68,-12.41,-14.07,-16.05,-9.41,-1.43,6.81,19.66
14356.00,-6.94,-14.33,-13.98,-12.27,-9.55,2.19,11.19,21.59
14360.00,-11.41,-13.39,-13.39,-8.01,-2.04,5.51,17.40,27.17
14364.00,-10.06,-15.98,-14.21,-9.31,-0.46,9.54,20.37,25.82
14368.00,-13.09,-13.70,-11.59,-3.76,4.79,13.92,23.24,27.87
14372.00,-14.23,-12.93,-7.00,-1.52,9.35,19.58,24.16,29.78
14376.00,-12.91,-9.22,-5.35,5.67,13.38,20.34,29.01,28.00
14380.00,-12.60,-5.64,-2.70,8.55,15.67,26.24,28.06,27.74
14384.00,-7.59,-3.84,1.76,10.13,21.22,26.42,27.90,23.40
14388.00,-5.94,0.40,9.77,15.79,22.91,24.66,26.46,21.86
14392.00,-4.60,0.20,13.07,20.99,25.06,22.50,24.09,17.49
14396.00,-1.84,7.17,12.47,18.88,25.49,21.53,19.37,9.16
14400.00,1.73,11.33,14.67,22.37,21.53,23.09,15.37,7.22
14404.00,4.20,15.01,16.50,23.14,22.23,18.17,8.62,3.16
14408.00,10.00,14.44,21.56,19.98,18.76,16.21,8.25,-0.76
14412.00,11.50,15.31,22.63,22.27,16.94,8.29,4.29,-5.82
14416.00,12.30,17.53,22.34,18.34,14.99,5.55,-2.79,-7.39
14420.00,15.55,20.69,21.23,17.59,7.99,0.35,-4.35,-7.52
14424.00,15.52,16.61,16.58,10.41,5.02,-3.55,-8.21,-9.63
14428.00,16.63,19.44,15.16,11.11,2.51,-2.60,-6.92,-10.08
14432.00,15.24,14.72,11.23,6.84,-0.34,-6.36,-7.05,-8.63
14436.00,16.95,13.10,9.87,3.91,-2.49,-7.65,-10.20,-4.33
14440.00,14.71,10.15,3.98,-3.47,-7.03,-6.53,-5.49,-5.76
14444.00,11.77,9.16,1.78,-5.36,-5.47,-5.58,-4.50,-0.59
14448.00,8.32,3.91,-2.19,-7.51,-6.91,-7.83,-4.69,-0.86
14452.00,4.34,2.46,-2.90,-7.38,-7.98,-7.54,0.18,5.18
14456.00,4.72,-3.01,-2.69,-6.52,-8.04,-4.18,2.86,3.89
14460.00,2.12,-4.39,-8.46,-6.10,-4.39,-2.31,0.88,8.45
14464.00,-1.12,-6.44,-7.51,-6.84,-0.89,-1.21,3.51,7.78
14468.00,-5.22,-3.14,-3.88,-3.52,-1.39,2.49,6.11,9.75
14472.00,-4.67,-6.67,-3.78,-2.34,1.16,3.67,6.66,6.21
14476.00,-5.55,-6.84,-5.89,-2.34,1.86,6.55,9.51,6.11
14480.00,-4.02,-5.42,-1.80,0.31,2.81,9.30,6.55,1.40
14484.00,-3.25,-3.01,0.77,2.59,3.83,6.68,2.94,-2.71
14488.00,-6.43,-1.71,-0.26,3.96,5.21,6.55,4.25,-5.22
14492.00,-1.53,2.14,1.05,8.21,6.65,3.72,-2.64,-6.84
14496.00,-1.50,-0.81,4.88,8.08,3.72,2.07,-5.58,-13.57
14500.00,-2.37,4.04,4.72,5.15,5.38,-0.87,-7.03,-13.07
14504.00,2.48,3.02,7.48,6.32,4.02,-5.19,-12.17,-16.04
14508.00,4.81,5.82,5.60,1.87,1.28,-6.71,-15.14,-17.87
14512.00,3.27,7.85,5.29,-0.40,-1.80,-11.76,-18.83,-20.44
14516.00,5.04,3.28,3.23,-2.23,-7.09,-16.45,-18.12,-19.07
14520.00,7.17,3.79,1.85,-2.91,-11.18,-18.42,-20.10,-22.92
14524.00,3.02,5.11,-2.23,-5.58,-15.52,-19.94,-20.02,-20.39
14528.00,4.95,1.64,-4.77,-11.40,-15.01,-22.48,-21.71,-15.22
14532.00,2.95,-1.40,-6.55,-12.33,-17.14,-18.13,-16.71,-10.27
14536.00,2.53,-6.36,-8.48,-17.17,-21.17,-18.36,-15.11,-6.58
14540.00,-0.30,-5.79,-15.15,-16.83,-18.51,-17.19,-11.55,-1.57
14544.00,-6.16,-8.65,-17.66,-21.15,-19.69,-18.26,-7.15,3.42
14548.00,-6.58,-10.17,-16.82,-17.79,-16.57,-13.06,-4.52,7.85
14552.00,-11.61,-12.63,-16.14,-19.31,-16.04,-8.09,3.14,9.13
14556.00,-14.11,-15.01,-20.89,-19.74,-13.83,-5.35,5.65,14.78
14560.00,-16.36,-17.43,-16.50,-14.01,-8.44,-1.97,11.78,21.24
14564.00,-16.97,-19.57,-18.06,-10.60,-4.80,3.45,15.21,21.29
14568.00,-15.70,-19.87,-13.10,-8.30,-1.84,7.65,19.28,20.42
14572.00,-15.55,-16.56,-10.97,-6.41,1.75,14.88,18.66,24.96
14576.00,-15.26,-15.75,-9.69,-0.00,10.42,16.39,21.60,20.03
14580.00,-17.93,-14.31,-6.96,2.54,14.02,17.64,21.73,19.90
14584.00,-13.02,-10.94,-1.26,8.50,15.34,17.75,18.46,15.22
14588.00,-9.92,-5.13,0.84,9.57,15.82,19.14,20.44,11.67
14592.00,-6.66,-0.12,8.03,11.61,19.35,18.58,17.25,9.01
14596.00,-4.27,1.48,12.00,15.75,17.02,17.21,11.59,6.87
14600.00,-0.41,3.65,12.95,16.63,19.21,16.13,10.55,0.71
14604.00,-1.10,6.73,13.67,15.83,18.31,13.40,4.98,-5.49
14608.00,2.87,9.96,14.88,14.29,15.85,9.55,-1.74,-8.09
14612.00,6.83,11.84,17.59,14.64,11.92,2.71,-1.38,-12.60
14616.00,11.68,14.04,17.57,13.23,9.24,-0.74,-6.34,-11.17
14620.00,10.56,15.67,13.68,10.94,6.08,-4.13,-7.85,-17.04
14624.00,13.35,14.86,11.16,7.42,-0.73,-5.16,-13.95,-15.43
14628.00,14.28,14.33,7.29,2.00,-3.61,-7.78,-15.50,-13.24
14632.00,11.97,10.56,8.00,0.06,-4.63,-9.81,-13.13,-15.44
14636.00,12.35,10.65,1.71,-1.94,-10.43,-13.47,-14.98,-11.70
14640.00,8.32,7.41,-2.03,-7.98,-9.78,-15.07,-11.55,-10.68
14644.00,8.27,4.63,-2.78,-9.23,-13.52,-12.67,-11.38,-7.49
14648.00,6.69,0.94,-6.45,-8.37,-10.78,-13.40,-9.32,-7.59
14652.00,4.73,-1.84,-7.38,-12.03,-14.04,-9.60,-4.82,-0.50
14656.00,1.90,-3.28,-7.19,-13.63,-11.93,-6.97,-5.22,-1.92
14660.00,-2.85,-5.48,-10.57,-12.30,-11.18,-6.27,-1.94,0.37
14664.00,-7.09,-6.90,-11.76,-12.16,-8.04,-2.03,-0.24,3.95
14668.00,-6.81,-9.68,-12.89,-7.59,-7.91,-1.83,1.51,-0.51
14672.00,-9.26,-10.36,-10.50,-8.86,-3.32,-0.37,1.14,2.65
14676.00,-6.90,-7.11,-8.85,-5.60,-2.77,0.49,1.33,0.91
14680.00,-6.89,-9.43,-8.05,-1.84,-2.09,0.52,2.30,-3.28
14684.00,-6.60,-8.36,-6.01,-2.41,1.87,3.82,1.64,-4.79
14688.00,-6.07,-4.26,-1.56,-1.97,-0.06,1.43,-3.46,-6.92
14692.00,-4.95,-2.62,0.42,0.89,3.12,0.88,-4.34,-13.66
14696.00,-6.59,-2.09,1.16,2.29,3.46,-1.51,-8.80,-14.26
14700.00,-5.03,0.26,2.12,1.79,0.60,-4.90,-10.69,-19.65
14704.00,-3.74,-1.24,0.73,0.24,-1.18,-10.62,-17.44,-24.85
14708.00,-0.94,3.28,3.40,0.57,-3.05,-9.67,-21.36,-26.92
14712.00,2.71,2.30,1.18,-2.69,-10.40,-15.94,-23.49,-24.88
14716.00,4.32,-0.00,-1.67,-3.80,-10.19,-17.16,-25.07,-24.46
14720.00,3.66,2.52,0.13,-5.45,-16.80,-21.82,-24.44,-23.72
14724.00,4.57,0.63,-6.29,-10.68,-16.12,-21.17,-26.19,-23.19
14728.00,2.78,-2.13,-7.30,-15.33,-21.79,-24.36,-23.66,-22.74
14732.00,-0.24,-6.12,-12.08,-14.64,-20.97,-24.55,-21.66,-17.59
14736.00,-1.96,-6.22,-14.29,-18.18,-24.13,-23.74,-20.52,-11.37
14740.00,-4.61,-8.82,-17.04,-23.40,-25.80,-20.53,-16.93,-6.52
14744.00,-6.51,-10.20,-18.48,-21.21,-23.75,-20.46,-9.68,-3.60
14748.00,-9.84,-16.62,-17.84,-20.76,-21.03,-17.46,-7.85,1.42
14752.00,-12.88,-19.04,-19.48,-22.59,-17.07,-11.60,-3.46,7.38
14756.00,-16.16,-19.52,-21.44,-20.45,-13.27,-7.50,0.26,14.67
14760.00,-15.81,-20.20,-19.05,-16.21,-11.24,-0.33,6.37,17.39
14764.00,-17.54,-20.26,-17.76,-13.67,-5.31,0.26,10.85,17.84
14768.00,-18.08,-21.98,-18.93,-13.62,-3.41,5.07,13.72,19.44
14772.00,-18.18,-20.25,-12.47,-8.95,0.38,8.13,19.22,21.36
14776.00,-19.31,-15.21,-12.26,-5.37,5.06,15.26,17.83,17.29
14780.00,-17.06,-13.89,-6.32,1.05,11.07,17.00,18.34,18.38
14784.00,-17.92,-10.54,-5.16,7.31,12.97,17.40,19.43,15.97
14788.00,-13.76,-6.83,1.89,10.40,16.36,19.54,19.10,13.66
14792.00,-12.03,-3.48,2.68,10.18,18.75,15.06,14.88,6.92
14796.00,-7.10,1.32,7.04,15.97,17.93,13.47,10.97,3.56
14800.00,-5.21,1.63,10.20,12.91,16.79,12.56,8.96,0.06
14804.00,-0.06,5.76,14.92,15.55,12.84,9.67,1.79,-5.99
14808.00,3.17,8.63,15.47,14.06,10.34,5.30,-1.04,-9.56
14812.00,4.08,12.48,16.55,12.78,7.81,3.07,-6.86,-10.72
14816.00,7.89,12.11,13.46,14.25,7.54,-0.33,-7.11,-12.98
14820.00,9.25,12.14,12.90,11.47,2.48,-3.10,-13.86,-16.04
14824.00,11.93,14.37,13.79,4.77,-1.37,-9.68,-13.80,-17.18
14828.00,12.44,10.53,7.01,1.97,-2.51,-8.82,-14.09,-17.07
14832.00,12.01,11.59,5.50,-0.94,-6.72,-13.01,-17.22,-16.61
14836.00,11.69,7.91,1.99,-3.56,-9.88,-13.42,-17.01,-11.24
14840.00,11.59,6.54,0.65,-5.33,-10.15,-12.42,-16.17,-10.99
14844.00,10.25,2.50,-2.82,-7.79,-10.58,-14.80,-13.38,-10.18
14848.00,3.94,-2.06,-3.41,-8.00,-15.04,-10.46,-10.72,-4.60
14852.00,0.90,-4.29,-10.10,-11.06,-10.82,-10.62,-6.47,-4.30
14856.00,2.69,-6.04,-10.24,-10.59,-10.18,-6.68,-3.54,-1.43
14860.00,-2.69,-6.25,-10.21,-10.22,-8.30,-3.94,-2.64,1.76
14864.00,-5.78,-7.70,-12.77,-8.91,-9.29,-2.83,-2.21,0.93
14868.00,-8.19,-9.48,-11.24,-8.44,-6.51,-2.81,2.57,1.13
14872.00,-9.45,-11.56,-10.90,-5.28,-1.29,-1.65,2.79,2.70
14876.00,-7.90,-7.27,-7.91,-1.98,0.06,2.14,0.96,2.67
14880.00,-10.28,-8.04,-5.17,-0.83,-0.21,4.29,2.09,-3.57
14884.00,-9.29,-4.64,-2.69,1.45,3.25,3.69,2.00,-2.20
14888.00,-6.84,-5.99,-2.55,0.90,4.88,4.75,-0.24,-8.38
14892.00,-7.10,-1.05,0.07,2.63,5.42,3.04,-2.34,-10.34
14896.00,-3.87,-2.79,2.31,3.89,3.04,0.67,-7.60,-12.55
14900.00,0.23,0.49,5.64,4.99,0.07,-6.05,-12.72,-16.26
14904.00,0.99,4.08,4.47,0.77,-0.84,-4.95,-14.13,-22.14
14908.00,-0.82,3.39,2.29,3.02,-3.06,-9.75,-16.23,-23.84
14912.00,0.53,5.57,3.42,-2.40,-4.83,-15.43,-19.99,-25.28
14916.00,1.37,1.63,0.44,-2.54,-11.72,-15.05,-21.73,-24.47
14920.00,4.05,1.47,-0.54,-6.64,-14.03,-20.55,-20.14,-22.25
14924.00,4.01,1.17,-4.04,-9.10,-13.87,-21.99,-22.88,-22.59
14928.00,2.36,0.12,-5.27,-9.67,-17.18,-23.94,-21.88,-18.91
14932.00,3.94,-0.67,-9.99,-16.60,-18.72,-23.66,-19.14,-11.65
14936.00,1.24,-4.50,-10.18,-15.17,-20.72,-22.41,-18.68,-8.28
14940.00,0.19,-5.85,-14.49,-16.09,-19.70,-18.87,-12.08,-1.93
14944.00,-6.04,-10.94,-16.10,-17.75,-18.54,-15.96,-7.89,-0.73
14948.00,-5.88,-10.71,-14.92,-19.00,-16.54,-11.59,-3.42,4.61
14952.00,-11.77,-15.93,-18.15,-18.41,-17.52,-9.87,0.66,13.81
14956.00,-12.10,-14.25,-19.86,-18.00,-14.37,-1.78,7.71,18.54
14960.00,-13.95,-16.41,-16.68,-14.19,-6.11,-0.24,10.40,19.18
14964.00,-12.82,-19.09,-14.52,-11.87,-5.46,6.07,13.26,20.96
14968.00,-13.78,-14.77,-12.37,-8.59,0.14,9.47,16.25,24.67
14972.00,-18.42,-14.27,-9.88,-2.57,3.44,12.47,20.96,24.92
14976.00,-13.74,-10.96,-5.50,2.65,10.18,17.70,21.37,24.73
14980.00,-16.66,-10.22,-4.92,7.29,11.08,19.20,23.04,23.00
14984.00,-13.24,-7.64,1.89,6.86,18.58,20.78,22.72,18.34
14988.00,-8.26,-6.15,6.73,13.74,19.46,23.11,22.82,14.57
14992.00,-7.40,2.64,8.82,17.36,22.09,20.40,17.74,10.67
14996.00,-5.09,1.94,12.59,18.67,22.96,22.23,17.17,6.90
15000.00,0.55,6.47,14.42,20.56,20.56,20.10,9.96,2.88
15004.00,2.82,9.00,15.80,18.25,21.58,14.07,8.77,-0.50
15008.00,7.42,13.17,17.27,18.14,19.50,12.10,2.23,-3.63
15012.00,8.47,16.76,18.81,17.34,15.97,10.18,2.00,-8.58
15016.00,14.23,18.69,20.43,18.06,13.48,4.22,-4.55,-7.31
15020.00,13.96,15.08,16.39,14.74,9.21,-0.35,-4.96,-12.80
15024.00,16.22,14.89,15.28,8.42,6.21,-1.28,-10.47,-12.22
15028.00,17.45,17.48,12.81,10.04,3.32,-2.95,-9.00,-9.92
15032.00,13.98,14.10,8.11,5.37,-1.98,-9.80,-12.43,-10.51
15036.00,16.46,14.10,6.15,-1.03,-4.78,-8.41,-9.57,-7.95
15040.00,15.38,10.09,3.40,-1.70,-4.44,-11.32,-9.72,-7.46
15044.00,9.38,7.97,2.07,-2.45,-7.13,-7.79,-4.42,-4.50
15048.00,10.01,2.22,-0.46,-5.26,-6.94,-9.52,-3.63,2.59
15052.00,8.50,1.90,-3.52,-6.50,-8.06,-3.59,-3.99,0.86
15056.00,4.68,-2.63,-4.40,-6.56,-8.08,-1.22,0.98,3.82
15060.00,0.18,-1.86,-3.46,-4.29,-2.49,-2.75,2.81,7.60
15064.00,-0.54,-3.88,-7.47,-4.60,-3.62,3.70,7.28,9.18
15068.00,-2.33,-4.20,-5.82,-2.98,0.43,6.46,7.16,10.54
15072.00,-1.68,-3.93,-5.86,-0.29,1.58,7.58,9.97,5.74
15076.00,-6.51,-3.58,-1.03,-1.29,5.89,7.39,6.84,5.27
15080.00,-4.40,-1.49,-2.10,3.34,4.24,6.93,9.43,2.29
15084.00,-1.59,-0.79,1.64,5.14,7.57,8.33,8.49,1.28
15088.00,-1.14,0.92,3.33,4.47,6.42,7.52,6.73,-0.47
15092.00,-2.81,1.94,4.63,6.58,7.67,8.28,1.68,-5.73
15096.00,2.51,4.39,8.39,10.06,7.32,2.06,-2.62,-8.76
15100.00,1.30,6.32,10.09,6.56,6.89,0.11,-3.94,-9.55
15104.00,2.26,8.64,9.49,9.77,4.50,-1.37,-9.73,-15.55
15108.00,5.71,6.50,10.75,4.32,3.70,-3.89,-12.20,-17.34
15112.00,6.27,8.63,6.84,6.53,-2.63,-5.89,-12.91,-19.59
15116.00,9.62,10.80,6.53,2.38,-5.19,-8.96,-15.56,-19.48
15120.00,9.43,8.59,4.00,-1.72,-8.91,-10.62,-16.22,-15.60
15124.00,8.31,7.04,4.36,-2.54,-11.70,-15.65,-14.55,-12.60
15128.00,8.20,4.29,-2.35,-7.50,-11.72,-14.02,-13.85,-11.93
15132.00,4.81,3.36,-5.78,-10.73,-15.21,-18.17,-11.77,-8.83
15136.00,5.00,-1.93,-7.57,-9.67,-15.43,-17.28,-10.01,-2.07
15140.00,1.54,-0.95,-9.12,-15.39,-15.35,-14.96,-9.55,-0.08
15144.00,-2.58,-4.46,-11.81,-16.70,-16.14,-12.96,-2.83,8.86
15148.00,-0.56,-8.14,-10.75,-13.47,-12.54,-6.78,3.31,11.83
15152.00,-6.21,-11.18,-11.92,-13.51,-8.15,-3.78,8.31,18.07
15156.00,-9.19,-11.37,-13.95,-13.54,-6.91,0.80,11.29,23.17
15160.00,-8.38,-12.19,-14.37,-9.75,-0.98,6.41,18.11,23.03
15164.00,-9.42,-12.82,-10.36,-4.78,3.00,9.68,21.12,26.26
15168.00,-11.65,-14.59,-9.08,-4.17,3.79,13.88,26.01,30.66
15172.00,-11.74,-12.74,-4.58,2.69,10.13,19.39,28.09,29.98
15176.00,-10.94,-7.96,-2.60,5.67,16.64,23.67,29.99,31.49
15180.00,-12.02,-4.61,1.19,9.29,18.64,22.95,27.25,29.75
15184.00,-11.36,-4.41,6.42,15.55,19.20,25.47,29.81,25.36
15188.00,-8.79,-1.14,9.58,16.08,24.60,24.79,24.71,20.34
15192.00,-5.50,6.07,10.87,19.46,24.40,24.31,24.97,19.58
15196.00,0.81,5.85,13.14,20.45,24.11,24.87,22.84,11.67
15200.00,1.38,12.49,18.30,21.17,26.58,22.14,17.77,6.33
15204.00,5.04,12.98,22.74,25.73,24.44,18.21,14.29,5.88
15208.00,8.52,16.72,24.12,22.65,19.21,18.25,6.70,-1.45
15212.00,11.48,17.71,20.19,21.48,18.78,11.77,5.25,-2.15
15216.00,16.88,18.87,24.27,19.14,13.74,8.82,3.36,-6.41
15220.00,17.18,18.43,21.79,15.21,12.70,3.26,-0.45,-8.19
15224.00,18.05,18.63,19.15,13.82,9.66,2.34,-2.06,-5.98
15228.00,20.48,18.73,17.52,10.45,3.15,-3.21,-7.65,-5.20
15232.00,18.36,18.12,11.93,8.10,2.29,-1.57,-6.71,-4.77
15236.00,20.12,17.02,10.44,3.85,-2.27,-4.47,-5.98,-1.62
15240.00,18.26,12.52,5.24,-0.28,-4.74,-7.66,-3.83,-3.12
15244.00,14.66,12.25,6.37,-1.63,-2.15,-5.31,-1.68,-0.19
15248.00,9.38,4.93,0.51,-3.44,-4.53,-1.96,1.14,2.64
15252.00,10.93,5.42,0.30,-3.17,-2.47,-0.05,0.85,8.95
15256.00,8.35,1.51,-0.69,-3.50,-1.46,-0.99,6.66,8.20
15260.00,1.49,-2.60,-3.40,-5.62,-0.86,0.46,8.45,10.30
15264.00,0.22,-2.16,-1.00,-3.80,2.37,6.58,7.53,13.22
15268.00,0.52,-0.62,-1.86,-0.13,4.07,8.39,10.44,10.05
15272.00,-0.14,-3.14,-1.21,2.94,6.24,9.41,13.13,11.37
15276.00,-4.45,-3.76,-2.62,2.79,5.75,10.00,12.99,11.72
15280.00,-4.80,-0.62,2.45,3.83,6.89,10.40,10.30,4.83
15284.00,-0.06,-0.85,4.68,7.37,8.14,11.04,10.16,4.52
15288.00,-3.47,3.68,4.45,10.87,8.73,9.48,8.54,1.60
15292.00,-2.42,4.54,7.06,9.15,8.95,9.41,3.71,-2.20
15296.00,3.94,2.97,6.43,7.85,8.78,6.10,-0.81,-6.05
15300.00,2.59,5.91,11.11,12.44,9.70,1.42,-3.50,-7.86
15304.00,6.26,5.67,7.83,10.89,6.30,2.06,-7.51,-11.01
15308.00,7.72,8.71,10.94,10.14,4.70,-4.10,-7.33,-13.00
15312.00,7.87,11.01,8.83,4.45,-0.09,-8.71,-14.32,-14.55
15316.00,8.91,8.74,5.43,2.08,-2.77,-6.91,-15.79,-14.06
15320.00,8.02,9.31,3.49,-2.21,-8.00,-9.54,-17.47,-16.75
15324.00,9.50,9.34,1.26,-4.83,-8.70,-16.04,-14.52,-15.75
15328.00,7.86,4.95,2.27,-8.07,-10.55,-15.81,-17.13,-11.41
15332.00,5.11,4.64,-3.70,-7.73,-14.21,-13.27,-11.37,-8.63
15336.00,5.27,-1.61,-8.23,-12.48,-14.15,-15.38,-8.12,-3.73
15340.00,0.36,-0.79,-8.86,-10.79,-16.97,-13.81,-9.29,4.08
15344.00,-1.63,-4.39,-9.39,-16.36,-16.50,-11.59,-2.64,7.94
15348.00,-0.32,-10.68,-14.17,-14.15,-12.26,-5.23,-0.12,12.81
15352.00,-3.53,-10.53,-12.65,-14.53,-10.52,-2.00,8.03,17.31
15356.00,-8.63,-14.45,-15.90,-10.49,-9.67,1.89,13.10,20.96
15360.00,-7.78,-15.25,-15.64,-10.02,-4.45,6.78,14.36,26.03
15364.00,-10.09,-15.34,-10.62,-5.31,-0.80,10.65,22.49,26.20
15368.00,-13.93,-11.52,-9.98,-3.05,3.01,12.30,25.68,30.43
15372.00,-14.68,-13.59,-7.11,2.16,6.96,17.62,26.68,28.38
15376.00,-13.56,-10.91,-4.34,6.46,14.33,22.84,26.68,26.37
15380.00,-14.10,-7.61,1.46,6.62,19.33,23.46,27.50,25.12
15384.00,-10.55,-3.28,2.49,13.07,20.36,27.27,24.79,25.35
15388.00,-6.15,-0.15,9.00,15.70,20.72,23.76,27.32,19.81
15392.00,-4.07,0.26,12.19,20.67,22.89,25.56,19.94,17.12
15396.00,-1.21,5.53,12.52,20.03,25.72,22.27,17.65,13.41
15400.00,4.00,8.94,18.88,19.77,23.61,22.39,16.05,8.98
15404.00,7.01,13.98,20.07,19.83,21.73,18.70,11.49,1.07
15408.00,9.76,13.29,22.23,22.04,19.05,15.10,4.70,-1.38
15412.00,10.06,17.02,20.89,19.33,17.60,11.14,3.72,-3.35
15416.00,11.86,20.44,20.28,20.03,11.26,5.56,-3.07,-9.87
15420.00,16.90,16.96,20.03,16.06,9.41,0.74,-5.06,-10.17
15424.00,16.66,17.11,17.47,13.33,5.71,0.90,-7.14,-9.69
15428.00,18.15,18.70,15.12,7.51,3.41,-2.16,-8.61,-7.65
15432.00,15.49,14.21,13.68,6.79,-0.72,-4.74,-10.78,-9.01
15436.00,17.10,14.34,9.21,2.55,-3.30,-7.98,-10.22,-7.74
15440.00,16.25,12.61,6.83,0.49,-5.08,-6.04,-5.81,-4.72
15444.00,11.22,7.88,-0.59,-5.77,-6.81,-7.77,-5.43,-3.04
15448.00,7.18,5.41,1.11,-4.94,-9.30,-4.97,-4.93,2.68
15452.00,8.42,1.97,-1.57,-4.35,-9.33,-6.80,-1.01,2.73
15456.00,5.97,-1.05,-4.58,-7.41,-7.46,-1.07,2.56,4.56
15460.00,-0.95,-1.71,-7.22,-8.39,-6.00,-1.61,2.58,7.18
15464.00,-0.71,-6.43,-7.13,-5.37,-3.90,0.03,5.18,7.61
15468.00,-1.59,-6.38,-7.47,-3.50,-3.29,4.19,8.31,5.06
15472.00,-6.19,-4.96,-4.95,-1.02,3.55,4.33,5.79,7.92
15476.00,-3.54,-7.97,-3.13,0.97,1.08,8.00,5.76,3.01
15480.00,-4.25,-7.20,-2.28,-1.04,2.98,4.63,8.31,4.53
15484.00,-4.34,-2.55,-2.33,5.60,6.24,8.92,5.89,-1.29
15488.00,-3.97,0.04,1.91,4.48,7.31,3.62,2.98,-5.48
15492.00,-4.81,0.10,5.61,4.85,7.40,2.02,1.22,-8.54
15496.00,-3.01,-0.09,3.29,4.71,3.19,2.58,-3.29,-9.36
15500.00,1.48,4.31,5.64,7.46,3.11,0.80,-6.01,-13.99
15504.00,1.39,2.12,4.41,5.46,0.52,-4.66,-12.98,-19.54
15508.00,2.33,3.41,7.65,2.65,-2.44,-8.21,-15.35,-18.94
15512.00,6.02,8.00,6.08,0.31,-4.68,-11.40,-17.52,-21.18
15516.00,3.39,6.73,4.79,-0.90,-5.63,-12.58,-20.70,-20.39
15520.00,5.01,5.30,0.08,-4.94,-11.28,-17.51,-22.41,-19.22
15524.00,7.06,2.24,-0.21,-7.47,-15.08,-17.36,-20.41,-17.74
15528.00,6.65,1.24,-6.10,-12.00,-16.81,-20.04,-21.72,-18.08
15532.00,0.96,-1.24,-4.79,-12.22,-18.19,-22.70,-17.60,-10.31
15536.00,2.20,-5.21,-11.88,-14.21,-19.05,-20.33,-18.26,-7.18
15540.00,-1.78,-5.19,-14.03,-15.81,-18.60,-16.79,-11.59,-4.72
15544.00,-4.00,-11.67,-15.21,-17.09,-19.47,-17.35,-10.72,3.61
15548.00,-7.55,-12.75,-14.92,-20.29,-15.82,-12.22,-5.59,7.67
15552.00,-10.52,-16.27,-17.91,-18.43,-14.31,-8.46,2.00,11.10
15556.00,-14.01,-17.63,-18.82,-15.63,-14.74,-3.46,3.88,14.63
15560.00,-15.91,-15.39,-16.16,-16.43,-7.49,-0.49,11.29,17.42
15564.00,-17.97,-15.76,-16.97,-12.33,-4.25,7.28,16.14,22.87
15568.00,-17.65,-16.51,-16.92,-10.50,-1.23,10.55,18.07,22.08
15572.00,-17.82,-14.65,-12.08,-6.14,5.38,14.47,18.09,25.14
15576.00,-16.32,-16.44,-9.42,1.68,7.34,18.10,20.14,22.20
15580.00,-13.76,-13.50,-2.97,4.96,12.61,17.63,21.86,18.42
15584.00,-13.77,-8.79,0.60,7.21,17.06,17.89,23.23,16.41
15588.00,-13.05,-4.41,4.04,9.69,16.42,20.26,21.05,11.21
15592.00,-7.84,-0.72,6.96,13.29,18.53,21.68,16.06,10.10
15596.00,-5.79,0.83,11.33,13.69,16.96,15.68,12.01,7.24
15600.00,-1.76,2.96,11.35,18.08,20.35,15.37,6.92,-1.20
15604.00,-0.60,10.41,15.51,15.81,15.75,10.40,4.60,-2.95
15608.00,6.79,9.50,14.77,14.80,13.15,10.78,-0.39,-7.34
15612.00,6.75,13.98,13.88,17.74,10.39,2.96,-1.46,-9.49
15616.00,7.85,14.89,16.27,11.65,9.13,1.69,-8.04,-13.54
15620.00,12.33,16.86,14.63,9.23,4.62,-3.99,-11.79,-14.64
15624.00,13.49,16.11,13.52,6.98,2.33,-8.02,-14.90,-15.36
15628.00,12.71,11.12,9.23,4.82,-4.10,-10.45,-13.28,-17.20
15632.00,13.18,10.17,6.22,-0.48,-5.93,-13.53,-13.49,-12.81
15636.00,9.90,6.72,4.64,-4.58,-7.89,-11.20,-14.91,-12.66
15640.00,8.06,7.77,-0.24,-8.19,-11.71,-12.08,-15.14,-8.80
15644.00,8.88,4.11,-0.49,-9.82,-14.00,-11.87,-13.72,-8.55
15648.00,6.45,2.22,-3.67,-9.57,-12.77,-11.06,-9.97,-6.72
15652.00,3.50,-0.33,-8.96,-10.63,-10.61,-11.02,-8.81,-3.23
15656.00,1.76,-5.18,-10.63,-10.02,-13.51,-10.31,-6.41,0.03
15660.00,-0.57,-6.90,-9.73,-11.52,-9.57,-5.07,-1.28,2.34
15664.00,-3.71,-6.40,-8.99,-8.58,-9.48,-3.56,-2.32,3.77
15668.00,-6.92,-9.31,-11.62,-11.42,-8.15,-3.82,1.30,3.84
15672.00,-5.54,-12.12,-11.83,-8.72,-3.68,2.40,3.64,1.54
15676.00,-9.42,-10.90,-9.29,-5.58,-2.04,3.25,0.82,-1.45
15680.00,-7.56,-9.10,-7.07,-5.04,-0.02,4.06,1.53,-1.98
15684.00,-7.32,-6.13,-4.80,-3.00,0.56,4.27,-0.86,-8.17
15688.00,-9.16,-7.55,-3.93,0.88,0.83,-0.61,-0.69,-9.37
15692.00,-7.78,-2.03,-0.93,2.45,2.70,-2.75,-3.69,-14.38
15696.00,-6.76,-1.30,3.12,2.28,0.07,-2.91,-8.79,-17.53
15700.00,-2.79,0.43,-0.64,1.17,-0.26,-5.14,-13.28,-17.24
15704.00,-2.20,-0.80,3.43,-0.82,-0.92,-8.60,-13.61,-24.68
15708.00,0.78,3.00,1.25,0.32,-4.09,-13.94,-18.82,-23.47
15712.00,1.35,2.98,3.28,-4.27,-10.49,-16.59,-21.74,-25.04
15716.00,2.50,2.90,-0.73,-3.77,-12.47,-17.92,-25.72,-26.14
15720.00,3.70,3.31,-3.66,-8.11,-15.89,-21.05,-23.63,-23.63
15724.00,0.35,-2.47,-2.15,-10.44,-17.46,-22.10,-24.49,-24.24
15728.00,2.10,0.19,-7.97,-12.40,-20.59,-23.42,-25.97,-20.61
15732.00,0.70,-6.71,-8.23,-18.29,-20.62,-25.65,-20.27,-14.14
15736.00,-2.26,-5.85,-14.05,-19.85,-23.24,-25.68,-19.77,-9.77
15740.00,-1.85,-9.12,-18.02,-22.17,-23.44,-21.11,-17.20,-9.54
15744.00,-6.89,-13.43,-18.03,-21.62,-21.81,-20.84,-9.66,-3.20
15748.00,-8.45,-13.19,-22.13,-24.00,-22.44,-18.03,-7.71,1.40
15752.00,-9.97,-17.40,-20.86,-21.80,-18.59,-12.77,-4.26,8.18
15756.00,-14.37,-21.27,-20.49,-19.44,-14.16,-6.86,1.99,11.54
15760.00,-17.69,-19.65,-21.72,-17.84,-12.58,-3.28,8.62,17.44
15764.00,-17.62,-17.98,-20.87,-16.89,-7.77,3.33,10.33,15.90
15768.00,-20.23,-18.22,-19.76,-10.48,-4.73,8.54,14.05,20.16
15772.00,-17.95,-19.73,-16.81,-6.61,0.53,12.21,15.41,20.88
15776.00,-16.42,-17.07,-12.77,-2.78,6.29,14.72,18.29,18.62
15780.00,-19.43,-13.18,-5.47,3.37,12.06,13.60,21.48,16.86
15784.00,-15.08,-8.94,-1.57,6.21,11.46,16.89,19.99,14.75
15788.00,-12.10,-4.93,1.08,11.20,17.37,20.30,18.74,13.52
15792.00,-9.65,-3.72,5.83,9.63,17.89,16.85,11.82,7.42
15796.00,-7.48,-0.79,8.43,15.84,17.58,17.86,12.39,3.05
15800.00,-2.43,1.86,12.24,17.27,17.34,15.48,5.45,0.95
15804.00,2.02,5.91,12.03,13.68,14.98,10.92,2.34,-4.61
15808.00,1.25,10.58,12.69,15.87,10.51,7.01,1.32,-9.64
15812.00,4.90,10.05,12.74,14.69,10.49,5.22,-4.90,-11.23
15816.00,7.92,15.46,14.91,9.59,7.52,0.71,-10.31,-12.45
15820.00,8.53,14.30,12.49,7.64,2.45,-2.44,-11.70,-18.26
15824.00,11.00,13.88,10.45,5.82,1.90,-10.04,-11.35,-16.72
15828.00,12.22,10.23,9.30,4.41,-5.06,-12.30,-14.38,-14.88
15832.00,13.31,11.67,5.63,-2.47,-6.89,-11.08,-15.23,-14.31
15836.00,9.65,8.91,3.54,-2.24,-11.82,-13.94,-16.28,-14.43
15840.00,12.07,4.21,-2.21,-7.53,-9.75,-13.99,-16.27,-9.42
15844.00,5.84,1.16,-1.97,-6.62,-14.57,-12.41,-12.45,-10.15
15848.00,7.72,-2.05,-4.86,-9.43,-12.26,-12.13,-10.05,-7.51
15852.00,0.90,-4.60,-5.89,-12.27,-14.47,-13.05,-8.03,-0.39
15856.00,2.61,-5.18,-6.80,-13.89,-13.02,-7.97,-3.75,0.11
15860.00,-3.30,-5.00,-11.50,-9.98,-11.56,-7.13,-0.71,3.44
15864.00,-5.17,-6.71,-12.73,-11.50,-5.57,-1.60,-1.84,4.38
15868.00,-6.56,-9.40,-9.59,-9.02,-4.06,-0.90,3.86,3.66
15872.00,-5.49,-8.77,-7.13,-5.63,-4.86,-0.64,3.68,4.06
15876.00,-8.53,-7.61,-7.36,-6.42,1.61,1.23,4.31,1.04
15880.00,-8.65,-5.59,-5.39,0.04,0.94,0.74,0.11,-1.32
15884.00,-5.96,-7.09,-3.15,-1.57,1.72,0.83,2.49,-2.15
15888.00,-4.98,-2.57,-2.31,3.12,3.06,1.84,-1.95,-8.76
15892.00,-7.26,-1.39,2.44,5.21,4.41,0.87,-2.31,-10.87
15896.00,-2.64,-2.50,2.29,4.90,3.15,-0.12,-7.30,-16.33
15900.00,-0.50,1.87,2.25,4.04,-0.31,-2.26,-10.87,-18.69
15904.00,1.44,0.56,1.39,4.44,-0.64,-8.14,-11.37,-22.64
15908.00,2.18,3.47,2.33,2.63,-1.77,-10.90,-18.31,-24.35
15912.00,1.85,4.95,3.47,-0.36,-7.04,-15.04,-18.61,-23.62
15916.00,1.67,4.85,-0.08,-0.64,-10.36,-18.11,-19.37,-21.86
15920.00,6.39,1.76,-1.02,-5.99,-11.10,-18.47,-23.54,-20.71
15924.00,6.51,0.02,-2.22,-6.60,-16.25,-18.70,-21.25,-20.03
15928.00,5.13,1.42,-5.88,-10.34,-19.38,-20.72,-24.09,-19.58
15932.00,3.98,-3.46,-8.17,-16.13,-19.42,-21.09,-21.97,-15.07
15936.00,2.47,-6.48,-12.34,-18.92,-18.51,-21.05,-14.62,-10.78
15940.00,-0.24,-8.97,-14.78,-17.52,-22.38,-19.60,-13.27,-5.03
15944.00,-6.50,-9.32,-16.74,-21.02,-19.23,-16.99,-10.08,1.60
15948.00,-6.17,-13.80,-17.93,-18.04,-17.52,-11.26,-2.74,7.19
15952.00,-11.25,-13.64,-20.31,-17.77,-16.89,-8.01,2.03,9.41
15956.00,-9.27,-15.65,-20.38,-15.03,-14.48,-2.67,7.39,14.61
15960.00,-13.03,-17.75,-16.90,-14.44,-7.01,2.65,13.23,17.33
15964.00,-13.19,-16.86,-15.33,-11.46,-5.47,6.73,16.89,22.85
15968.00,-18.58,-18.77,-14.30,-7.88,2.85,10.24,17.08,23.79
15972.00,-13.97,-14.51,-12.89,-3.30,5.86,12.38,21.85,26.26
15976.00,-14.96,-13.28,-9.80,2.05,9.27,18.86,22.16,25.97
15980.00,-14.35,-11.78,-2.96,5.90,12.54,18.57,21.80,20.41
15984.00,-13.11,-5.42,-1.96,11.07,18.18,20.02,20.33,20.16
15988.00,-9.10,-2.62,2.24,12.62,17.97,22.56,21.99,18.41
15992.00,-4.78,-1.32,9.94,13.42,18.46,20.13,21.13,11.83
15996.00,-3.25,1.50,10.05,15.89,22.96,21.67,13.69,9.31
16000.00,-0.97,10.00,16.44,17.95,22.14,19.80,13.54,5.92
16004.00,5.76,9.72,17.05,21.43,21.45,16.00,9.59,-2.33
16008.00,6.38,15.08,20.40,21.23,17.64,13.43,5.88,-3.05
16012.00,9.14,16.00,20.79,16.19,15.58,7.58,-2.36,-6.51
16016.00,11.03,17.76,19.15,18.60,12.59,3.27,-5.64,-8.50
16020.00,14.27,19.50,18.30,11.43,6.07,-1.47,-7.90,-8.44
16024.00,17.53,18.56,15.71,11.92,3.04,-4.55,-10.24,-12.81
16028.00,17.76,15.66,11.19,8.48,-0.71,-5.05,-7.88,-8.43
16032.00,18.30,12.85,11.39,3.99,-0.56,-9.85,-11.05,-8.28
16036.00,14.33,14.06,6.96,1.44,-6.80,-9.53,-11.13,-7.38
16040.00,14.60,8.74,2.89,-1.95,-6.85,-7.56,-9.03,-6.13
16044.00,9.30,6.06,1.71,-2.52,-7.41,-7.03,-5.54,-2.24
16048.00,7.67,3.87,-0.39,-7.55,-9.21,-9.24,-1.63,2.05
16052.00,7.98,3.48,-5.06,-4.33,-5.42,-6.21,0.50,2.73
16056.00,4.94,-3.11,-5.63,-8.62,-8.17,-3.42,3.60,3.42
16060.00,0.13,-3.21,-4.58,-6.64,-5.71,-2.15,5.93,7.12
16064.00,0.39,-5.38,-4.08,-6.63,-4.68,0.93,7.57,10.06
16068.00,-2.95,-6.82,-5.79,-1.44,-1.80,4.50,8.04,8.62
16072.00,-4.44,-4.63,-4.58,0.05,4.12,7.19,9.35,8.25
16076.00,-1.91,-6.48,-4.20,2.60,2.98,5.57,8.36,7.38
16080.00,-3.85,-4.96,0.37,4.34,8.53,6.64,10.14,6.48
16084.00,-1.70,-3.44,2.24,5.59,9.15,6.26,8.64,3.63
16088.00,-2.17,-2.57,5.04,6.09,6.28,9.46,3.97,-1.18
16092.00,0.73,3.78,5.48,9.85,8.47,6.99,0.84,-3.50
16096.00,-0.11,3.18,5.37,7.13,9.59,2.42,-2.31,-9.31
16100.00,3.07,3.94,6.55,7.15,5.15,0.97,-3.76,-13.86
16104.00,4.69,7.15,9.21,9.55,5.91,0.01,-6.36,-13.61
16108.00,5.72,6.85,6.94,6.17,1.72,-3.03,-11.80,-17.10
16112.00,8.52,10.75,9.10,5.39,1.26,-7.84,-13.39,-15.37
16116.00,5.68,9.12,5.14,0.91,-5.01,-8.46,-16.15,-15.94
16120.00,8.10,6.35,4.05,0.98,-4.92,-10.83,-18.61,-14.70
16124.00,8.41,6.76,2.78,-3.11,-11.40,-15.41,-17.79,-12.75
16128.00,6.69,5.23,-2.94,-5.89,-12.90,-15.14,-14.86,-13.42
16132.00,8.14,0.72,-3.19,-7.51,-14.43,-15.18,-14.10,-6.36
16136.00,6.49,0.04,-8.06,-10.44,-15.40,-13.48,-10.19,-5.01
16140.00,3.33,-3.78,-10.14,-14.74,-15.33,-15.66,-8.99,4.53
16144.00,-0.33,-7.95,-11.94,-17.09,-17.20,-9.21,-3.21,7.17
16148.00,-1.87,-10.21,-12.59,-16.14,-11.40,-7.77,2.29,11.10
16152.00,-3.20,-11.64,-11.55,-12.17,-11.23,-2.50,6.61,18.73
16156.00,-5.36,-11.60,-15.93,-14.46,-5.53,-0.66,13.88,22.43
16160.00,-9.65,-11.91,-11.93,-9.59,-1.74,4.02,17.42,25.69
16164.00,-9.57,-11.76,-10.70,-7.55,-1.46,10.50,18.41,29.97
16168.00,-12.61,-12.87,-10.63,-3.53,4.09,15.21,24.95,31.20
16172.00,-13.72,-13.05,-4.79,0.47,8.21,18.00,26.86,30.93
16176.00,-11.12,-9.39,-3.72,5.79,12.55,24.42,26.15,29.84
16180.00,-10.29,-7.47,-1.73,10.60,19.20,24.63,26.35,29.31
16184.00,-6.92,-2.87,2.31,11.04,20.23,28.25,27.81,23.23
16188.00,-7.23,-2.43,7.74,17.44,23.32,25.76,25.33,21.78
16192.00,-4.13,1.79,10.48,19.99,26.41,26.36,25.70,16.38
16196.00,-0.10,6.77,15.52,22.11,26.85,26.04,18.48,11.10
16200.00,5.33,10.56,17.75,23.41,26.63,24.58,16.49,9.58
16204.00,8.90,14.72,19.86,22.07,22.49,17.79,10.88,1.97
16208.00,9.05,15.88,20.19,25.25,19.94,18.13,7.68,1.89
16212.00,13.48,19.30,21.06,20.60,16.85,10.97,4.07,-3.22
16216.00,13.33,21.05,20.50,19.78,14.47,10.04,1.57,-3.47
16220.00,18.90,20.65,18.49,15.30,13.09,3.12,-1.71,-4.55
16224.00,20.78,21.11,20.13,12.67,7.66,3.13,-5.64,-7.87
16228.00,19.43,18.24,15.30,11.28,2.77,-0.08,-5.40,-7.86
16232.00,20.46,19.52,12.32,8.60,1.77,-1.99,-6.38,-4.25
16236.00,19.05,14.95,9.38,3.68,-0.45,-6.09,-6.34,-4.57
16240.00,18.15,12.78,9.25,1.16,-1.42,-3.52,-5.76,0.22
16244.00,13.11,9.93,6.80,0.25,-1.86,-5.33,-3.30,3.50
16248.00,12.43,6.27,3.83,-4.31,-3.83,-1.66,-2.73,2.14
16252.00,7.82,3.92,-1.53,-4.78,-2.07,0.19,0.03,6.69
16256.00,8.93,-0.16,-3.37,-2.63,-3.58,-2.38,6.02,11.41
16260.00,3.65,-1.68,-2.38,-2.49,-2.19,0.19,8.20,10.72
16264.00,0.82,-2.33,-2.13,-4.23,0.55,3.33,10.42,10.16
16268.00,-2.61,-2.35,-2.49,0.87,0.09,8.41,12.03,9.13
16272.00,0.69,-3.79,-2.02,2.95,7.28,6.34,9.73,11.84
16276.00,-3.87,-0.80,0.51,0.84,8.35,11.17,11.43,7.41
16280.00,-3.44,-1.96,-1.10,6.97,10.06,9.30,11.12,6.17
16284.00,0.42,0.76,0.70,5.49,11.66,9.15,7.41,2.73
16288.00,-1.85,0.96,7.28,10.58,10.43,11.30,8.58,-1.10
16292.00,-1.56,2.81,7.85,7.99,9.79,7.77,3.31,-5.16
16296.00,-0.82,5.50,7.68,9.75,10.41,7.73,-0.95,-4.41
16300.00,4.51,6.01,10.66,10.27,7.89,3.32,-5.22,-11.94
16304.00,6.25,8.05,12.11,10.99,6.53,2.08,-6.70,-13.54
16308.00,5.41,8.38,8.69,7.94,2.55,-4.13,-11.54,-14.25
16312.00,9.53,8.88,6.66,4.69,0.74,-7.50,-13.30,-17.55
16316.00,7.26,6.81,8.35,1.38,-3.02,-7.39,-14.80,-16.46
16320.00,6.70,6.69,3.93,-0.30,-8.18,-10.57,-16.41,-14.30
16324.00,6.96,7.16,3.37,-5.26,-9.44,-11.74,-15.17,-12.30
16328.00,7.04,5.81,-0.49,-8.05,-12.56,-14.53,-14.60,-10.45
16332.00,5.33,2.37,-0.66,-9.21,-12.92,-13.13,-14.53,-8.53
16336.00,6.22,-1.33,-5.19,-13.54,-13.31,-15.10,-12.64,-4.45
16340.00,1.26,-4.85,-7.60,-13.81,-16.89,-15.09,-7.46,4.01
16344.00,-1.08,-6.77,-10.94,-16.18,-15.67,-11.45,-4.37,7.63
16348.00,-1.86,-10.26,-15.03,-15.38,-11.24,-6.56,3.44,13.93
16352.00,-4.17,-9.12,-14.49,-14.79,-10.01,-5.07,5.41,18.95
16356.00,-7.85,-11.31,-15.49,-13.35,-9.85,-0.37,13.30,20.08
16360.00,-9.24,-11.36,-14.37,-12.41,-3.03,6.84,14.89,27.13
16364.00,-11.34,-15.52,-11.80,-7.16,-0.21,11.50,22.26,27.08
16368.00,-15.08,-13.22,-11.94,-4.96,6.34,16.36,25.26,29.49
16372.00,-11.46,-13.71,-7.23,-2.04,9.62,18.23,28.10,26.84
16376.00,-10.76,-9.83,-6.71,4.90,13.03,23.43,27.30,26.75
16380.00,-9.38,-7.55,0.43,10.34,15.42,23.28,28.46,24.86
16384.00,-10.50,-6.68,1.91,10.90,17.89,26.17,24.99,23.15
16388.00,-5.71,0.22,7.07,15.44,23.47,26.02,23.03,18.76
16392.00,-6.57,3.61,9.51,17.94,22.43,24.07,22.73,14.87
16396.00,-0.53,8.01,12.24,19.80,23.01,24.17,20.85,10.81
16400.00,0.17,11.23,17.91,23.49,23.26,19.92,14.17,7.31
16404.00,5.29,14.76,17.78,20.97,22.69,18.71,9.01,3.59
16408.00,9.95,17.61,19.04,22.12,20.38,15.68,6.96,0.63
16412.00,10.99,19.73,18.65,18.32,15.95,10.37,-0.25,-5.78
16416.00,15.84,16.60,19.59,19.65,12.73,8.21,0.58,-5.77
16420.00,15.42,17.67,17.01,14.32,11.10,0.92,-4.49,-9.61
16424.00,16.55,19.62,16.52,13.53,3.74,-1.59,-4.99,-8.25
16428.00,17.94,17.06,13.78,8.58,1.76,-5.69,-8.67,-7.60
16432.00,16.56,15.81,13.64,3.91,-2.56,-4.81,-9.41,-9.85
16436.00,14.97,12.86,8.78,-0.32,-3.13,-8.89,-6.61,-4.47
16440.00,15.26,11.05,2.36,0.14,-7.62,-6.75,-8.78,-4.96
16444.00,11.95,6.41,0.27,-1.69,-7.15,-10.07,-4.51,0.13
16448.00,8.71,4.60,-2.48,-4.80,-9.63,-5.62,-4.75,-1.62
16452.00,4.91,0.13,-5.72,-7.14,-8.83,-5.08,-2.90,2.84
16456.00,4.41,-3.35,-3.48,-8.81,-6.16,-1.55,1.45,3.77
16460.00,3.68,-0.85,-4.68,-5.75,-7.15,-1.93,4.08,6.77
16464.00,0.94,-5.75,-5.07,-7.62,-5.51,0.06,5.71,9.73
16468.00,-2.26,-5.60,-8.60,-4.21,-2.82,4.40,8.83,5.83
16472.00,-3.29,-6.08,-7.35,-4.20,1.65,6.93,7.49,8.12
16476.00,-7.38,-4.20,-4.55,1.15,3.67,5.45,6.77,7.08
16480.00,-4.98,-3.12,-1.07,2.19,5.22,9.31,5.87,2.83
16484.00,-3.19,-1.47,0.45,2.02,8.45,8.56,6.83,-2.19
16488.00,-2.26,-1.61,1.53,2.86,5.47,7.13,-0.17,-1.48
16492.00,-0.97,2.24,5.36,6.23,4.06,2.54,-1.53,-7.43
16496.00,-3.72,2.26,3.82,7.32,6.01,3.30,-2.65,-9.45
16500.00,1.42,4.10,7.73,7.24,2.69,-2.71,-7.39,-14.87
16504.00,2.16,5.11,8.19,3.20,1.32,-6.43,-13.35,-16.09
16508.00,3.39,6.11,6.44,3.34,-1.80,-5.61,-12.83,-19.30
16512.00,2.07,5.59,5.34,-0.82,-3.03,-11.70,-16.51,-21.87
16516.00,4.86,3.73,1.77,-0.33,-7.00,-14.96,-18.80,-22.82
16520.00,4.75,5.70,3.13,-4.29,-12.44,-18.40,-20.33,-22.88
16524.00,7.17,4.68,-2.79,-7.25,-14.39,-18.29,-21.75,-17.12
16528.00,3.40,1.22,-5.53,-10.18,-16.78,-22.65,-18.40,-14.65
16532.00,2.37,-0.11,-9.33,-12.69,-20.59,-19.10,-19.24,-11.96
16536.00,-1.38,-2.82,-11.23,-17.18,-18.89,-18.63,-16.30,-9.60
16540.00,-1.02,-9.37,-11.99,-15.43,-20.09,-19.10,-13.92,-0.97
16544.00,-3.51,-7.90,-15.24,-17.88,-20.32,-15.89,-9.49,-0.57
16548.00,-6.15,-13.26,-17.02,-20.54,-18.08,-12.12,-4.83,6.08
16552.00,-8.95,-16.70,-17.31,-16.49,-17.10,-8.68,2.77,12.52
16556.00,-10.84,-17.84,-18.35,-17.79,-12.29,-2.78,4.30,17.91
16560.00,-15.99,-16.84,-19.57,-15.05,-11.19,-0.95,11.89,19.18
16564.00,-13.85,-18.05,-19.13,-10.46,-5.93,4.47,12.41,20.81
16568.00,-15.35,-16.30,-15.76,-10.10,-0.55,8.19,15.34,21.99
16572.00,-19.36,-16.71,-14.21,-4.32,3.10,13.57,20.20,22.26
16576.00,-15.12,-13.69,-7.58,-3.28,7.93,16.59,21.21,24.41
16580.00,-15.46,-9.67,-3.60,4.20,10.63,20.51,19.87,20.19
16584.00,-15.46,-10.12,0.95,4.82,12.41,20.17,20.65,19.52
16588.00,-11.92,-4.07,4.73,8.22,16.45,18.81,19.74,12.03
16592.00,-7.96,-2.30,5.35,13.19,18.34,18.73,16.59,7.75
16596.00,-7.76,2.78,10.24,15.42,17.70,16.86,14.14,5.60
16600.00,0.25,4.21,13.06,15.31,18.09,14.73,9.05,0.06
16604.00,0.20,8.83,16.32,18.50,18.45,11.83,4.09,-5.79
16608.00,6.91,8.68,13.51,16.49,12.56,8.33,-0.46,-7.05
16612.00,7.43,13.51,14.20,16.31,12.78,3.49,-3.61,-9.44
16616.00,10.94,12.56,13.13,15.48,8.50,1.80,-7.64,-15.60
16620.00,14.11,15.80,13.74,12.65,3.48,-1.41,-12.44,-15.72
16624.00,14.36,15.79,9.82,7.02,0.16,-7.87,-10.78,-16.67
16628.00,12.03,14.31,10.54,4.87,-4.29,-10.84,-13.90,-15.36
16632.00,12.88,9.07,4.71,-1.40,-5.57,-14.18,-14.06,-16.55
16636.00,12.71,9.95,3.64,-0.53,-7.33,-15.57,-12.80,-14.23
16640.00,8.81,5.75,-1.11,-6.23,-12.84,-15.78,-15.01,-12.01
16644.00,5.59,5.52,-2.36,-6.68,-13.61,-14.53,-12.10,-9.91
16648.00,6.16,-1.69,-7.23,-11.50,-13.94,-10.72,-8.04,-5.57
16652.00,1.33,-1.25,-8.17,-10.81,-10.13,-10.78,-8.89,-0.49
16656.00,-1.21,-4.71,-9.54,-12.64,-11.60,-8.01,-5.99,-0.95
16660.00,-2.11,-7.04,-10.09,-12.85,-7.60,-4.14,-4.14,-0.77
16664.00,-7.00,-9.76,-11.14,-9.12,-8.27,-2.15,-0.27,0.47
16668.00,-8.46,-11.03,-12.48,-7.82,-4.23,-1.09,-1.41,2.35
16672.00,-8.83,-12.33,-8.70,-8.81,-3.08,0.95,1.74,0.79
16676.00,-7.86,-10.28,-7.13,-6.63,0.27,-0.97,0.47,-2.84
16680.00,-6.78,-7.18,-8.05,-4.18,-1.72,1.19,2.93,-0.73
16684.00,-9.15,-8.48,-5.27,0.84,0.64,1.45,1.95,-8.17
16688.00,-6.86,-6.43,-1.74,2.58,1.46,2.51,-2.86,-9.84
16692.00,-5.34,-5.36,1.30,1.24,0.86,-1.20,-5.43,-14.51
16696.00,-4.21,-3.65,0.99,1.96,2.62,-0.28,-10.29,-14.23
16700.00,-3.28,-1.73,3.59,0.55,-2.32,-6.41,-12.20,-20.28
16704.00,0.55,2.36,1.40,-1.25,-0.91,-10.01,-15.09,-23.42
16708.00,-1.54,3.36,2.17,-1.12,-3.05,-14.33,-17.55,-26.25
16712.00,-0.92,4.72,2.46,-3.35,-7.58,-15.90,-22.99,-23.87
16716.00,0.86,3.43,-1.64,-5.17,-12.31,-18.20,-23.93,-24.93
16720.00,2.03,1.64,-1.79,-7.54,-14.32,-21.55,-25.59,-25.34
16724.00,4.39,-2.19,-6.58,-11.61,-17.12,-22.87,-25.36,-21.96
16728.00,3.11,-2.64,-9.22,-11.89,-19.77,-24.16,-26.44,-18.23
16732.00,2.48,-4.56,-10.15,-18.91,-21.10,-22.49,-24.69,-18.02
16736.00,-0.76,-5.20,-13.86,-18.05,-23.28,-24.14,-19.84,-11.99
16740.00,-4.63,-11.50,-17.94,-23.52,-22.60,-22.38,-15.26,-6.02
16744.00,-6.75,-13.35,-20.32,-20.98,-22.70,-18.17,-9.58,0.30
16748.00,-8.70,-17.34,-18.64,-23.55,-20.91,-14.46,-5.03,4.56
16752.00,-12.02,-14.99,-18.91,-21.94,-16.32,-12.40,-0.79,5.85
16756.00,-12.33,-21.37,-20.28,-21.51,-17.46,-5.38,0.50,10.53
16760.00,-14.17,-20.30,-19.86,-15.84,-10.56,-1.13,8.42,17.53
16764.00,-20.16,-22.44,-17.77,-16.71,-5.94,2.46,10.48,17.41
16768.00,-18.20,-19.19,-14.91,-11.85,-2.88,7.68,16.00,20.05
16772.00,-20.11,-16.72,-13.88,-9.59,-0.74,12.12,14.97,21.97
16776.00,-16.93,-18.65,-13.49,-3.42,7.08,12.42,18.23,19.03
16780.00,-19.85,-13.58,-6.36,2.66,9.35,15.96,20.71,17.59
16784.00,-14.98,-10.57,-5.50,5.56,11.97,18.54,19.14,15.85
16788.00,-11.22,-7.67,-1.16,8.33,14.51,20.34,15.23,12.36
16792.00,-10.01,-3.51,4.69,11.00,14.83,19.72,16.34,8.19
16796.00,-7.48,1.48,6.90,14.37,17.51,16.52,11.34,2.40
16800.00,-2.13,1.54,10.62,15.57,14.53,15.73,6.02,-1.37
16804.00,-0.72,5.85,14.58,14.73,16.18,9.11,3.03,-7.27
16808.00,4.90,10.31,12.93,17.58,11.21,4.95,0.07,-9.38
16812.00,6.57,10.38,15.12,12.92,8.86,0.68,-4.39,-14.84
16816.00,6.85,14.71,12.36,10.33,7.52,-1.30,-7.12,-16.85
16820.00,9.67,14.74,12.44,11.52,1.98,-2.82,-11.96,-18.45
16824.00,13.51,12.26,11.67,5.58,-0.04,-10.21,-12.24,-16.93
16828.00,10.59,12.31,11.08,1.21,-3.83,-8.80,-17.01,-15.21
16832.00,12.78,8.54,3.61,0.24,-6.19,-13.23,-13.66,-17.44
16836.00,13.31,7.64,2.44,-4.60,-8.93,-11.73,-12.70,-13.50
16840.00,11.69,3.33,2.11,-4.56,-10.71,-13.14,-13.94,-10.67
16844.00,7.56,2.78,-5.35,-8.30,-11.85,-12.63,-12.90,-7.64
16848.00,6.92,0.54,-6.94,-11.35,-12.03,-13.63,-7.35,-5.81
16852.00,2.79,-3.07,-9.88,-9.29,-12.37,-10.71,-7.43,-4.53
16856.00,-1.96,-7.02,-10.35,-13.53,-13.29,-8.14,-5.43,-2.61
16860.00,0.09,-5.69,-8.06,-10.99,-8.83,-3.79,-1.25,2.41
16864.00,-4.62,-5.99,-11.58,-11.05,-9.52,-2.24,-0.82,0.71
16868.00,-5.72,-9.08,-7.95,-8.91,-5.27,-3.71,-0.67,2.86
16872.00,-6.60,-10.84,-11.28,-8.30,-1.75,-0.46,3.45,0.68
16876.00,-7.98,-10.39,-6.24,-6.78,-1.34,1.77,5.21,1.40
16880.00,-10.29,-10.08,-3.94,-2.19,1.10,2.81,0.47,-2.76
16884.00,-9.57,-7.97,-2.72,-2.20,3.94,3.53,-0.93,-3.14
16888.00,-8.07,-4.00,-2.59,1.72,1.64,3.22,-2.71,-7.15
16892.00,-3.83,-3.74,0.59,1.57,3.02,0.55,-5.74,-12.92
16896.00,-2.73,-1.77,3.77,5.43,4.85,-1.77,-7.98,-13.49
16900.00,-4.32,-1.12,0.95,1.56,3.59,-2.01,-11.28,-16.14
16904.00,-1.69,0.88,4.43,1.18,-1.72,-5.26,-12.59,-22.15
16908.00,2.39,5.93,4.72,3.58,-1.49,-8.27,-15.87,-22.46
16912.00,1.37,2.84,1.52,-0.94,-6.13,-13.52,-19.48,-23.27
16916.00,3.25,5.47,1.48,-1.65,-10.26,-13.87,-21.13,-24.06
16920.00,3.62,1.51,0.52,-5.39,-10.68,-21.06,-22.50,-21.01
16924.00,3.27,1.90,-2.00,-8.97,-16.22,-22.27,-24.84,-18.89
16928.00,3.84,1.40,-4.43,-11.55,-16.91,-21.61,-23.30,-18.87
16932.00,1.28,-1.32,-9.29,-16.10,-19.96,-22.00,-18.12,-14.62
16936.00,2.72,-4.34,-12.09,-16.94,-21.29,-22.48,-17.78,-7.61
16940.00,-1.43,-5.73,-14.42,-17.63,-21.43,-17.40,-15.04,-1.53
16944.00,-2.85,-10.00,-16.30,-19.72,-21.33,-16.37,-8.98,0.77
16948.00,-8.98,-10.50,-16.55,-19.41,-16.39,-13.18,-5.49,9.08
16952.00,-8.06,-15.69,-19.38,-20.30,-14.22,-8.22,3.01,13.22
16956.00,-12.45,-17.60,-18.30,-16.58,-11.52,-2.54,5.78,15.53
16960.00,-13.73,-16.64,-16.97,-12.70,-8.66,-1.14,10.05,21.93
16964.00,-13.33,-19.03,-17.90,-12.21,-2.15,7.33,13.30,21.44
16968.00,-15.14,-15.35,-16.11,-8.45,-0.48,10.90,17.53,22.15
16972.00,-18.27,-13.97,-12.90,-3.06,2.94,16.08,19.09,26.64
16976.00,-15.69,-15.69,-6.33,2.94,9.23,17.86,21.11,21.39
16980.00,-15.36,-12.88,-2.32,4.36,13.67,19.79,25.40,20.16
16984.00,-12.89,-8.05,-1.81,6.60,17.66,20.51,24.45,18.81
16988.00,-11.07,-1.61,5.09,12.54,17.50,23.77,19.03,17.10
16992.00,-4.95,-2.26,9.34,13.98,18.82,19.27,17.21,11.12
16996.00,-1.09,4.45,13.76,15.79,20.48,22.43,16.46,9.77
17000.00,1.73,6.59,15.86,21.87,21.48,15.90,12.56,3.35
17004.00,4.95,12.57,15.69,20.22,20.18,14.07,8.73,-2.94
17008.00,7.52,11.54,18.07,17.30,18.28,10.90,4.01,-4.91
17012.00,7.60,14.10,18.69,19.14,16.09,9.18,-1.72,-7.10
17016.00,10.13,17.94,19.78,18.20,13.45,5.40,-3.98,-9.45
17020.00,15.10,17.13,15.17,11.83,8.45,0.84,-6.64,-8.51
17024.00,17.54,17.23,13.63,8.60,2.64,-3.74,-9.78,-10.67
17028.00,17.37,16.52,13.41,5.34,3.01,-4.59,-9.19,-8.38
17032.00,13.76,14.81,9.34,3.76,-1.60,-7.01,-9.55,-7.19
17036.00,17.60,13.19,7.76,2.05,-6.09,-8.07,-9.30,-9.21
17040.00,15.07,8.97,6.17,-2.79,-6.08,-6.81,-10.61,-2.99
17044.00,13.34,5.89,2.23,-5.38,-5.58,-9.29,-7.11,-0.94
17048.00,11.74,5.06,-2.53,-3.85,-7.96,-6.47,-4.92,-0.63
17052.00,6.55,-0.10,-5.73,-8.40,-6.81,-5.03,-3.74,4.79
17056.00,4.56,-1.25,-4.00,-8.10,-7.74,-1.06,3.47,3.03
17060.00,-0.33,-1.66,-5.24,-7.99,-2.49,1.11,2.88,5.08
17064.00,-0.28,-3.40,-4.94,-4.97,-4.21,3.73,4.27,6.18
17068.00,0.26,-2.41,-3.87,-2.62,1.95,4.16,7.88,9.87
17072.00,-2.72,-2.47,-3.82,-0.40,2.99,6.63,7.08,8.08
17076.00,-6.46,-5.85,-4.35,1.07,4.42,10.07,7.05,8.43
17080.00,-3.37,-4.32,0.62,0.60,8.54,8.59,8.12,4.16
17084.00,-3.69,-2.18,0.55,3.38,7.41,6.90,4.35,2.09
17088.00,-5.07,0.26,5.69,8.96,9.15,7.47,6.20,-1.47
17092.00,-2.78,1.55,3.84,5.65,10.20,7.17,1.99,-3.25
17096.00,2.57,1.35,8.49,10.31,7.65,5.91,-1.92,-7.78
17100.00,1.44,7.64,6.82,6.76,6.35,-0.38,-6.15,-12.85
17104.00,5.26,5.12,8.66,9.33,6.75,1.04,-6.76,-14.77
17108.00,4.49,6.09,7.50,5.85,4.31,-2.03,-11.60,-16.65
17112.00,8.84,10.63,9.27,5.54,-2.17,-9.71,-12.45,-17.92
17116.00,8.86,9.77,6.91,0.98,-4.63,-10.45,-16.71,-18.16
17120.00,9.23,8.73,5.80,-2.88,-9.33,-11.58,-15.68,-15.53
17124.00,8.05,8.25,1.71,-3.03,-8.62,-13.45,-14.36,-15.31
17128.00,9.01,4.65,1.77,-6.96,-11.81,-17.79,-14.42,-13.23
17132.00,5.40,3.30,-2.49,-9.63,-13.26,-17.48,-14.48,-9.44
17136.00,4.76,0.70,-4.07,-11.36,-13.71,-16.90,-10.24,-3.97
17140.00,2.43,-3.11,-10.26,-13.22,-16.56,-14.18,-6.81,2.57
17144.00,0.71,-7.41,-11.65,-13.98,-12.37,-10.66,-2.17,7.28
17148.00,-0.65,-6.83,-14.53,-12.82,-13.86,-7.48,2.77,10.40
17152.00,-7.66,-12.23,-12.37,-13.51,-12.60,-0.77,4.95,17.61
17156.00,-7.77,-14.30,-15.73,-14.27,-4.94,0.97,10.61,22.12
17160.00,-7.95,-12.18,-11.60,-11.88,-3.23,6.23,15.75,23.65
17164.00,-10.30,-11.51,-12.39,-5.70,2.19,12.50,18.36,27.64
17168.00,-13.17,-11.13,-9.71,-1.23,5.81,16.25,24.53,30.60
17172.00,-11.25,-13.74,-7.17,-0.78,8.69,18.12,27.15,27.62
17176.00,-10.87,-9.72,-4.80,4.13,15.08,24.45,28.96,27.97
17180.00,-10.39,-9.24,-0.72,8.23,18.17,25.18,30.90,27.25
17184.00,-8.88,-5.20,4.66,13.29,22.63,24.10,29.52,23.85
17188.00,-8.22,1.00,7.07,18.70,25.00,29.43,25.13,21.92
17192.00,-2.96,3.24,11.66,19.90,26.29,25.28,24.88,17.72
17196.00,-2.47,7.13,18.07,24.30,23.12,22.51,22.57,14.35
17200.00,5.25,10.00,17.69,24.95,25.02,23.62,14.91,9.77
17204.00,7.05,11.98,20.88,24.42,23.78,18.10,10.91,5.10
17208.00,8.52,15.41,23.63,21.59,22.28,13.75,10.17,0.70
17212.00,13.18,16.70,20.05,22.73,19.21,10.53,6.74,-2.49
17216.00,16.87,19.68,21.49,19.97,15.25,6.19,3.04,-7.36
17220.00,19.30,18.43,19.08,19.66,10.40,6.53,-4.09,-5.76
17224.00,17.18,21.90,17.27,16.50,7.92,3.33,-4.93,-7.92
17228.00,17.95,18.84,17.11,9.73,2.60,-3.47,-7.51,-5.21
17232.00,19.40,19.68,12.76,9.15,3.88,-3.39,-6.22,-6.46
17236.00,15.60,13.08,12.92,5.64,-1.35,-5.19,-4.35,-2.16
17240.00,18.73,10.37,8.71,1.22,-5.34,-4.61,-2.78,-2.61
17244.00,13.19,10.87,5.02,-1.80,-3.10,-6.85,-1.42,1.14
17248.00,10.71,6.41,1.89,-4.07,-6.44,-5.60,-2.51,1.88
17252.00,11.27,2.16,-2.34,-2.31,-5.28,0.17,0.32,5.96
17256.00,7.63,1.16,-4.21,-3.43,-1.30,1.28,6.83,6.74
17260.00,6.33,1.20,-3.53,-2.30,-2.93,0.84,4.81,13.01
17264.00,2.79,-0.08,-4.42,-1.85,1.49,2.32,11.21,10.43
17268.00,-0.46,-4.05,-2.82,0.96,3.42,7.46,12.21,10.02
17272.00,-1.05,-0.87,-3.77,-0.16,6.16,8.11,10.61,11.43
17276.00,-2.45,-2.79,1.65,4.92,9.42,10.97,12.19,10.53
17280.00,-4.02,-2.84,2.79,4.43,7.32,8.43,11.37,5.80
17284.00,-0.69,-1.97,0.63,7.18,10.46,11.46,7.82,1.89
17288.00,-3.26,3.87,3.50,6.59,9.43,10.09,6.50,2.87
17292.00,-0.58,5.43,4.77,10.21,11.87,6.91,4.61,-4.30
17296.00,-0.26,5.64,6.59,12.44,10.32,5.10,-0.04,-8.70
17300.00,2.25,7.63,9.62,10.10,7.81,3.67,-3.65,-10.62
17304.00,5.33,6.70,9.39,11.04,5.68,2.88,-6.71,-12.19
17308.00,8.52,7.26,8.60,5.30,3.18,-4.07,-8.91,-16.50
17312.00,8.14,7.65,6.94,6.41,1.19,-6.05,-10.25,-14.80
17316.00,10.91,9.77,9.29,5.57,-1.32,-11.32,-16.54,-17.87
17320.00,8.76,7.93,6.23,-1.26,-7.04,-11.72,-14.75,-14.13
17324.00,8.67,8.10,2.88,-3.18,-9.71,-12.09,-14.59,-15.66
17328.00,8.72,2.93,2.10,-6.09,-13.43,-13.81,-15.88,-10.60
17332.00,5.30,2.76,-1.49,-9.24,-14.83,-13.65,-14.11,-8.89
17336.00,6.72,1.35,-8.13,-12.04,-13.97,-12.63,-11.03,-4.05
17340.00,3.07,-2.91,-9.15,-11.92,-13.82,-14.84,-9.09,2.76
17344.00,-1.51,-5.19,-12.46,-16.24,-13.05,-9.74,-1.22,8.85
17348.00,-0.90,-10.30,-12.84,-13.71,-10.57,-6.68,3.87,13.49
17352.00,-3.17,-12.81,-15.30,-11.96,-10.59,-2.12,8.59,18.18
17356.00,-10.34,-12.36,-14.11,-13.62,-9.70,-1.24,10.15,21.49
17360.00,-9.42,-15.73,-15.32,-9.58,-3.04,7.13,13.55,27.44
17364.00,-13.96,-11.90,-12.01,-6.57,-1.87,8.44,19.54,27.99
17368.00,-14.35,-15.34,-11.04,-5.53,4.83,12.88,25.82,29.13
17372.00,-15.58,-10.36,-8.47,-0.74,9.12,19.10,25.97,27.18
17376.00,-11.31,-9.48,-5.74,2.16,13.85,20.85,25.00,28.35
17380.00,-10.58,-7.94,-2.51,6.93,15.07,25.71,26.97,26.52
17384.00,-9.42,-4.63,3.43,13.94,17.93,26.84,25.53,23.99
17388.00,-8.26,-2.37,7.44,13.57,20.13,27.86,23.18,17.74
17392.00,-4.38,4.58,13.35,18.56,22.13,23.67,19.77,15.67
17396.00,1.00,5.75,15.77,22.74,21.68,22.34,17.85,9.26
17400.00,0.43,7.55,17.60,22.39,21.01,21.09,12.97,9.06
17404.00,4.18,11.13,18.07,21.08,21.16,15.45,12.13,3.13
17408.00,10.03,14.33,21.52,22.42,18.26,15.74,8.13,-2.90
17412.00,10.36,16.25,19.00,19.35,16.54,10.90,3.97,-6.23
17416.00,12.43,17.46,19.82,15.70,13.11,7.62,0.09,-6.49
17420.00,15.29,18.55,20.76,15.92,8.37,2.01,-5.02,-6.94
17424.00,18.19,20.69,16.22,9.74,7.06,-2.08,-6.04,-7.83
17428.00,18.13,15.03,16.36,9.86,0.49,-3.66,-9.61,-11.41
17432.00,16.15,15.70,9.69,5.81,-2.89,-7.52,-10.49,-7.11
17436.00,16.62,13.38,10.44,-0.38,-6.18,-7.61,-11.03,-8.41
17440.00,16.06,8.32,5.20,-2.90,-6.04,-6.18,-5.54,-6.21
17444.00,10.91,4.95,2.69,-3.11,-5.20,-5.59,-4.84,0.29
17448.00,8.79,4.92,-1.58,-6.17,-6.68,-8.32,-4.10,2.05
17452.00,5.27,3.16,-3.39,-7.17,-7.77,-4.14,-3.83,4.35
17456.00,4.72,-2.09,-3.49,-8.36,-4.27,-4.80,-0.45,6.41
17460.00,0.75,-1.28,-7.03,-6.48,-6.65,-2.24,0.93,6.82
17464.00,0.28,-6.65,-8.05,-5.75,-2.15,2.51,5.87,6.17
17468.00,-0.66,-4.35,-6.50,-5.94,-2.59,2.27,6.19,8.92
17472.00,-2.25,-6.49,-6.74,-1.25,3.46,7.11,6.88,4.28
17476.00,-6.22,-3.36,-5.75,1.76,1.48,6.32,5.14,3.38
17480.00,-5.17,-7.07,-1.53,2.57,4.26,8.15,6.92,4.46
17484.00,-4.33,-5.70,-0.97,0.70,6.88,5.02,5.66,-1.33
17488.00,-2.26,-0.89,3.75,4.64,7.32,5.95,4.60,-4.59
17492.00,-3.54,-2.03,5.54,3.66,4.17,4.28,-1.61,-6.77
17496.00,-3.38,-0.44,2.56,5.30,4.53,2.41,-4.07,-11.30
17500.00,-2.05,1.00,3.28,3.90,5.61,-0.69,-5.21,-13.69
17504.00,2.07,3.31,7.40,7.30,2.56,-2.48,-9.53,-16.57
17508.00,2.53,6.03,3.48,3.34,-0.23,-7.33,-12.99,-21.49
17512.00,6.26,3.48,4.65,3.84,-6.67,-13.16,-17.62,-20.87
17516.00,2.82,5.29,4.27,-1.39,-8.46,-14.09,-18.57,-20.07
17520.00,7.76,2.88,2.43,-5.07,-12.37,-18.09,-19.26,-21.69
17524.00,2.92,3.94,-0.51,-9.59,-13.27,-20.79,-18.95,-16.87
17528.00,6.12,0.88,-5.31,-11.79,-15.86,-22.54,-20.16,-14.36
17532.00,0.84,-1.64,-7.84,-13.40,-18.82,-22.94,-20.31,-13.55
17536.00,-0.24,-5.23,-12.66,-17.37,-20.63,-21.66,-15.46,-6.50
17540.00,-2.57,-5.86,-13.68,-16.39,-22.13,-20.26,-12.47,-0.85
17544.00,-3.69,-11.23,-14.28,-21.10,-21.58,-14.03,-8.40,-0.59
17548.00,-5.12,-13.02,-18.78,-20.50,-19.79,-10.62,-2.23,5.82
17552.00,-8.42,-13.96,-17.57,-19.51,-17.64,-7.18,-0.19,12.57
17556.00,-13.96,-17.44,-18.50,-15.29,-12.33,-6.01,8.22,13.81
17560.00,-16.25,-19.11,-18.61,-15.74,-8.68,-1.47,9.20,19.23
17564.00,-13.77,-17.45,-18.31,-12.43,-2.22,4.62,15.35,20.78
17568.00,-17.55,-17.48,-15.80,-8.33,1.53,8.26,19.46,22.70
17572.00,-18.10,-16.58,-9.74,-4.96,4.92,13.50,20.77,25.33
17576.00,-16.67,-16.27,-6.77,-2.51,9.66,14.46,21.35,23.62
17580.00,-14.52,-11.23,-6.39,1.86,11.75,18.69,23.45,18.18
17584.00,-14.11,-10.74,-0.79,6.88,13.50,19.50,19.44,17.67
17588.00,-12.47,-7.02,1.45,10.22,15.09,18.93,18.12,13.56
17592.00,-6.63,-1.68,7.27,11.20,16.75,20.41,14.54,11.46
17596.00,-5.04,2.83,10.77,17.25,18.23,17.98,14.34,2.60
17600.00,-2.59,3.78,14.50,19.26,20.27,15.92,10.14,1.73
17604.00,3.59,8.16,12.66,18.78,14.55,11.97,6.40,-5.02
17608.00,3.54,10.65,15.40,14.85,15.23,5.98,2.56,-7.89
17612.00,8.70,12.34,14.76,13.29,11.49,2.56,-3.06,-8.71
17616.00,8.48,14.23,14.32,11.64,7.23,-2.01,-7.91,-11.67
17620.00,14.12,12.84,14.27,12.12,5.99,-5.41,-9.57,-13.33
17624.00,14.92,14.12,11.56,7.21,-1.92,-5.30,-13.76,-15.51
17628.00,13.96,13.32,10.36,3.18,-1.00,-9.75,-14.55,-14.06
17632.00,11.15,11.99,5.77,-2.20,-8.45,-13.22,-16.03,-13.06
17636.00,9.72,10.54,5.24,-2.77,-9.95,-12.56,-11.98,-12.06
17640.00,10.59,7.45,1.15,-6.20,-10.26,-12.40,-11.34,-10.28
17644.00,9.36,5.38,-3.72,-7.95,-12.44,-15.42,-10.59,-9.81
17648.00,4.18,-1.27,-3.45,-10.01,-12.85,-11.49,-10.41,-7.64
17652.00,4.88,-4.68,-7.62,-10.10,-14.43,-10.79,-7.71,-0.68
17656.00,0.21,-4.84,-9.03,-13.82,-11.05,-7.18,-6.38,-0.92
17660.00,-3.79,-5.29,-9.64,-13.02,-10.19,-5.58,-1.73,-0.94
17664.00,-5.15,-6.46,-10.78,-8.42,-9.42,-2.06,-2.73,0.08
17668.00,-7.93,-8.42,-9.83,-7.62,-7.89,-3.10,-0.66,0.79
17672.00,-10.34,-7.95,-9.22,-5.24,-3.44,-0.24,2.27,2.48
17676.00,-7.97,-8.38,-10.38,-7.25,-3.32,-0.06,2.35,-0.96
17680.00,-7.18,-9.76,-8.28,-2.75,1.21,3.83,1.80,-3.60
17684.00,-9.30,-7.12,-2.03,-2.44,3.79,2.16,1.24,-6.02
17688.00,-5.94,-7.46,-1.91,0.70,0.09,-1.15,-2.12,-8.95
17692.00,-6.84,-3.44,-0.89,0.07,4.39,1.70,-4.30,-11.11
17696.00,-7.10,-0.93,0.34,3.20,-0.77,-4.37,-10.42,-18.54
17700.00,-1.93,-0.24,-0.64,4.50,-2.63,-7.91,-12.34,-19.82
17704.00,-1.40,1.29,1.27,-0.59,-2.81,-11.07,-14.96,-20.16
17708.00,1.74,2.23,2.33,1.96,-5.42,-13.04,-18.67,-25.26
17712.00,1.07,1.22,-0.22,-3.90,-9.45,-13.35,-21.36,-23.68
17716.00,1.97,1.98,1.78,-4.46,-11.89,-19.19,-25.48,-23.86
17720.00,3.29,3.08,-0.60,-7.36,-15.89,-21.54,-26.94,-26.46
17724.00,1.96,-1.16,-4.92,-12.03,-19.44,-21.16,-25.84,-22.34
17728.00,1.01,-4.02,-7.98,-16.25,-22.63,-22.97,-22.51,-20.27
17732.00,1.89,-5.54,-10.07,-16.68,-19.68,-24.44,-21.09,-17.31
17736.00,-0.70,-8.80,-12.17,-19.28,-24.03,-21.65,-17.73,-13.94
17740.00,-4.45,-9.19,-17.76,-18.82,-23.43,-22.25,-14.33,-7.37
17744.00,-5.94,-11.92,-17.36,-23.16,-25.10,-19.19,-13.37,-2.25
17748.00,-6.73,-15.48,-18.73,-23.82,-20.34,-14.37,-5.12,2.18
17752.00,-11.11,-16.51,-21.99,-23.35,-17.45,-13.56,-4.38,6.57
17756.00,-11.94,-20.64,-22.79,-22.00,-15.95,-8.54,2.67,12.27
17760.00,-14.60,-21.92,-21.71,-18.84,-9.61,-1.57,6.24,15.09
17764.00,-18.25,-19.52,-21.04,-16.27,-9.38,3.84,11.28,17.88
17768.00,-18.50,-19.80,-15.79,-13.73,-5.34,8.37,12.30,18.37
17772.00,-20.91,-18.41,-13.55,-8.76,-0.76,9.81,17.71,21.21
17776.00,-16.99,-15.33,-11.55,-4.35,7.25,15.49,21.02,18.61
17780.00,-16.94,-13.53,-5.92,1.94,11.32,14.76,19.97,18.24
17784.00,-13.42,-9.02,-5.43,7.39,13.83,19.41,16.62,13.18
17788.00,-15.59,-9.20,-0.17,10.03,13.11,18.13,15.81,11.09
17792.00,-9.59,-2.83,3.56,11.29,17.54,15.87,12.16,8.40
17796.00,-6.86,-1.13,8.76,13.81,16.39,15.23,8.81,4.09
17800.00,-2.17,5.76,9.37,14.25,17.09,11.25,5.36,0.95
17804.00,-0.01,6.90,11.36,15.17,17.06,8.90,5.07,-6.73
17808.00,2.86,8.39,15.21,16.14,11.72,8.72,0.77,-11.49
17812.00,6.97,10.32,13.18,16.35,10.06,1.07,-3.08,-11.10
17816.00,10.43,12.12,14.48,9.92,6.71,0.28,-8.88,-12.95
17820.00,9.50,12.62,14.18,11.44,4.18,-3.51,-9.16,-17.11
17824.00,14.58,12.87,12.78,8.74,-1.64,-5.33,-11.45,-15.96
17828.00,14.59,12.59,10.10,4.31,-3.73,-8.41,-15.24,-18.27
17832.00,11.92,9.43,6.37,-0.59,-4.59,-14.61,-17.36,-14.82
17836.00,9.20,10.36,2.59,-5.63,-7.57,-13.66,-14.17,-13.72
17840.00,8.15,5.34,-0.66,-7.30,-12.55,-16.53,-11.48,-10.26
17844.00,6.71,5.07,-3.72,-10.40,-11.15,-12.32,-13.39,-9.67
17848.00,4.30,-0.81,-6.97,-10.11,-11.00,-13.88,-7.40,-4.45
17852.00,2.08,-4.62,-6.12,-11.82,-14.46,-8.26,-6.38,-2.21
17856.00,-1.90,-3.52,-7.17,-9.82,-13.09,-6.28,-4.38,-2.10
17860.00,-4.33,-7.78,-12.53,-9.95,-9.93,-7.83,-1.23,0.05
17864.00,-5.16,-9.84,-9.64,-9.96,-8.51,-5.82,1.73,4.60
17868.00,-4.01,-9.35,-11.77,-6.83,-4.46,-3.56,3.26,1.32
17872.00,-9.59,-11.44,-10.64,-8.02,-2.73,-1.52,1.76,0.95
17876.00,-9.39,-10.25,-8.67,-6.60,0.79,-0.23,4.29,-0.60
17880.00,-7.53,-7.33,-4.39,-1.81,0.40,1.12,4.52,-1.00
17884.00,-9.83,-4.13,-2.77,0.42,2.42,3.35,-1.21,-4.73
17888.00,-6.55,-2.80,-3.53,0.85,2.70,3.45,-2.30,-5.46
17892.00,-7.59,-4.99,2.39,4.69,1.82,-1.45,-2.71,-9.95
17896.00,-1.51,-1.15,3.33,3.18,3.29,-2.54,-5.75,-15.19
17900.00,-1.04,2.91,0.74,4.61,1.02,-6.16,-11.92,-17.27
17904.00,-2.34,2.73,5.73,1.30,-0.53,-7.46,-13.00,-22.60
17908.00,1.13,2.53,4.35,1.39,-2.81,-9.31,-17.79,-21.41
17912.00,0.89,5.39,4.44,1.49,-6.64,-12.51,-19.10,-21.04
17916.00,4.15,5.20,0.48,-1.97,-7.09,-15.33,-23.67,-22.71
17920.00,5.13,1.91,-1.29,-4.57,-10.97,-17.91,-23.54,-24.23
17924.00,6.10,0.93,-2.37,-8.63,-14.79,-21.14,-20.76,-18.03
17928.00,5.04,0.72,-3.69,-10.72,-18.39,-18.98,-22.90,-17.17
17932.00,2.53,-4.40,-8.45,-15.02,-21.40,-21.39,-20.88,-14.51
17936.00,1.40,-5.94,-8.70,-17.77,-18.50,-20.70,-15.63,-11.24
17940.00,-0.37,-7.70,-13.21,-17.17,-22.46,-17.28,-13.78,-3.19
17944.00,-2.57,-8.14,-14.85,-19.79,-18.74,-17.87,-9.06,1.87
17948.00,-8.84,-11.60,-19.46,-20.87,-20.50,-10.55,-3.45,7.39
17952.00,-10.15,-14.60,-20.12,-18.75,-17.28,-9.12,0.06,12.24
17956.00,-11.54,-14.87,-16.17,-19.59,-11.65,-4.44,7.89,15.56
17960.00,-14.77,-18.31,-16.67,-16.70,-7.50,1.38,12.02,21.32
17964.00,-16.63,-17.83,-14.62,-12.16,-3.63,7.37,15.35,20.19
17968.00,-16.65,-16.65,-15.03,-8.14,0.45,8.51,16.81,24.37
17972.00,-18.01,-15.44,-12.58,-5.72,3.53,16.35,20.17,26.55
17976.00,-14.24,-11.30,-9.69,0.11,7.94,15.25,24.35,25.11
17980.00,-12.86,-11.83,-2.08,5.95,13.67,20.91,24.09,23.64
17984.00,-15.00,-8.04,-1.18,8.89,15.17,19.89,23.80,20.48
17988.00,-12.44,-4.74,5.53,14.83,19.89,22.44,23.34,14.99
17992.00,-6.96,-2.03,9.54,14.96,19.87,20.21,19.44,13.77
17996.00,-5.56,5.56,11.15,16.98,22.21,20.87,15.02,8.32
18000.00,1.81,9.61,14.15,18.90,20.06,17.21,11.17,1.68
18004.00,4.39,12.49,18.26,20.63,16.92,14.04,7.09,0.38
18008.00,8.46,16.02,20.04,18.18,17.89,12.34,1.86,-2.78
18012.00,10.14,15.64,16.51,17.02,12.39,6.35,1.69,-6.76
18016.00,14.16,17.38,20.82,17.92,8.82,4.37,-4.27,-9.17
18020.00,12.17,19.79,17.44,15.75,5.26,2.17,-4.98,-13.09
18024.00,17.63,18.44,13.35,10.09,1.79,-3.84,-6.30,-12.07
18028.00,15.15,14.92,13.38,6.96,0.60,-6.75,-7.81,-10.93
18032.00,14.02,12.62,12.17,2.38,-2.96,-9.29,-11.78,-7.60
18036.00,17.51,13.47,9.49,1.02,-4.69,-10.80,-7.30,-5.54
18040.00,14.47,7.66,5.48,-0.91,-5.31,-7.16,-6.92,-6.89
18044.00,10.17,5.65,3.44,-1.44,-7.05,-6.22,-5.52,-2.96
18048.00,6.91,5.43,0.83,-7.53,-9.34,-8.78,-3.72,1.42
18052.00,5.91,1.04,-5.44,-4.77,-5.51,-6.34,0.79,3.03
18056.00,1.90,-2.89,-4.59,-7.00,-4.86,-0.78,-1.30,4.43
18060.00,1.59,-3.05,-6.47,-4.28,-2.30,-1.52,4.51,8.42
18064.00,-1.12,-1.88,-3.86,-7.30,-1.80,-0.24,7.07,8.35
18068.00,-0.27,-3.74,-4.73,-5.76,-0.60,3.92,9.54,7.88
18072.00,-3.75,-3.15,-2.75,-2.95,3.68,7.62,10.72,6.25
18076.00,-1.77,-6.72,-4.49,-1.38,5.23,6.62,9.33,5.72
18080.00,-6.59,-3.29,1.49,0.49,7.98,7.20,6.99,3.85
18084.00,-1.41,-1.11,1.80,4.22,7.54,6.25,4.21,2.10
18088.00,-3.96,-0.30,2.18,7.66,8.43,6.32,5.54,0.74
18092.00,-1.69,1.12,6.59,6.07,6.98,5.29,1.63,-6.37
18096.00,-1.81,1.80,5.82,6.34,8.35,6.31,-0.17,-10.67
18100.00,1.61,3.03,7.80,8.73,7.88,-0.14,-6.62,-12.84
18104.00,5.41,5.55,9.43,6.96,4.72,-1.48,-9.57,-14.88
18108.00,4.89,6.47,10.74,6.29,4.31,-4.23,-11.07,-17.61
18112.00,5.53,9.63,6.60,4.58,0.59,-10.02,-13.09,-18.74
18116.00,7.62,5.97,4.65,3.11,-5.99,-12.93,-16.31,-15.13
18120.00,9.41,5.46,5.56,0.13,-6.74,-11.15,-15.24,-16.77
18124.00,8.60,8.34,1.59,-5.12,-8.89,-17.37,-14.68,-13.59
18128.00,5.58,2.86,-0.30,-4.89,-12.98,-16.32,-15.21,-11.01
18132.00,6.51,2.93,-3.24,-7.02,-14.03,-15.71,-14.68,-8.40
18136.00,5.85,-2.33,-4.58,-13.06,-17.64,-15.12,-11.30,-2.55
18140.00,2.75,-1.50,-8.18,-12.55,-15.53,-11.56,-7.60,1.21
18144.00,0.22,-5.01,-11.59,-12.43,-16.27,-11.67,-3.94,8.13
18148.00,-4.10,-7.82,-12.72,-16.02,-13.64,-6.96,1.45,10.29
18152.00,-4.87,-9.05,-14.82,-13.71,-8.64,-1.86,5.12,19.05
18156.00,-9.78,-10.08,-15.86,-12.62,-9.02,-0.90,9.21,22.77
18160.00,-11.64,-14.76,-15.92,-12.12,-3.68,3.91,13.93,24.97
18164.00,-11.81,-12.93,-13.15,-9.32,-0.43,10.29,20.82,27.27
18168.00,-13.41,-12.65,-8.69,-1.10,6.96,16.45,24.38,31.28
18172.00,-13.71,-10.27,-9.14,1.23,10.95,17.20,26.73,30.77
18176.00,-10.88,-9.94,-3.28,4.80,13.45,22.86,30.56,30.26
18180.00,-8.89,-4.51,0.02,10.48,18.63,25.97,28.77,29.02
18184.00,-11.41,-2.54,2.39,13.56,23.43,28.31,27.43,24.40
18188.00,-8.39,-1.88,7.05,17.65,22.61,27.15,27.08,21.14
18192.00,-2.22,2.01,11.83,20.53,25.02,27.14,26.15,16.87
18196.00,-2.23,9.18,13.12,21.15,24.94,26.84,21.83,13.01
18200.00,1.55,8.69,20.06,21.90,26.72,20.23,16.41,7.55
18204.00,5.66,14.46,20.72,22.89,22.66,17.53,12.34,6.20
18208.00,11.96,15.27,20.81,21.65,22.79,14.73,9.25,0.99
18212.00,10.77,20.09,23.54,21.07,19.42,14.27,4.41,-0.09
18216.00,15.80,20.11,22.96,21.37,15.33,6.55,2.83,-3.31
18220.00,15.71,20.47,18.39,17.14,12.47,5.58,0.32,-7.68
18224.00,17.19,21.22,19.32,12.65,7.28,-0.67,-4.05,-8.83
18228.00,17.18,20.79,16.83,11.81,3.13,-2.79,-7.72,-7.49
18232.00,18.87,18.19,14.28,10.08,2.89,-1.18,-8.15,-7.86
18236.00,18.59,14.32,9.99,4.53,1.06,-3.97,-8.16,-5.56
18240.00,18.13,12.40,7.99,0.69,-1.48,-5.99,-4.42,-0.12
18244.00,12.14,9.91,6.54,-1.40,-3.05,-6.72,-4.28,-0.03
18248.00,13.35,8.64,0.61,-5.03,-3.75,-5.04,0.92,1.74
18252.00,8.81,4.57,0.56,-1.36,-6.08,-3.39,1.55,8.80
18256.00,7.56,3.30,-3.62,-6.42,-3.46,-1.22,6.17,10.47
18260.00,1.57,0.78,-3.38,-1.72,-0.91,2.54,6.83,11.32
18264.00,4.04,0.65,-4.21,-1.70,-2.00,5.07,11.24,11.35
18268.00,0.42,-3.30,-1.35,-2.96,1.96,8.80,12.41,11.51
18272.00,-0.30,-2.45,-0.03,2.30,3.68,10.63,9.76,11.30
18276.00,-1.37,-0.57,-2.31,3.07,7.61,7.89,9.79,10.94
18280.00,-3.80,-2.25,1.81,3.44,8.91,9.40,12.67,7.26
18284.00,-2.88,-2.10,4.17,8.86,8.52,8.61,8.89,3.04
18288.00,-3.08,2.55,6.07,10.00,10.61,10.10,4.55,2.39
18292.00,1.69,5.59,5.56,8.67,8.07,7.97,5.53,-2.77
18296.00,2.30,4.09,8.47,7.73,9.15,6.99,1.50,-6.81
18300.00,1.63,5.35,6.94,9.51,7.39,3.44,-0.61,-8.78
18304.00,4.40,6.49,10.23,9.46,5.60,2.85,-4.59,-12.86
18308.00,8.93,8.89,10.81,5.64,3.83,-4.24,-10.45,-15.92
18312.00,6.91,10.79,10.15,5.13,0.23,-4.81,-14.28,-18.05
18316.00,6.87,10.12,6.03,1.15,-2.41,-11.69,-16.22,-16.58
18320.00,10.27,6.45,5.84,-0.47,-5.45,-13.14,-17.61,-17.00
18324.00,9.31,9.36,1.23,-3.28,-6.82,-13.48,-14.84,-14.40
18328.00,9.30,7.38,-0.59,-4.88,-12.57,-16.51,-17.04,-8.09
18332.00,7.92,1.31,-1.14,-8.15,-15.20,-17.95,-15.44,-6.20
18336.00,5.74,-2.20,-4.31,-9.02,-12.56,-16.56,-12.37,-4.63
18340.00,4.52,-1.28,-10.69,-10.90,-13.34,-12.91,-7.60,3.00
18344.00,1.08,-7.94,-12.40,-12.71,-16.00,-8.24,-2.12,5.90
18348.00,-3.55,-7.24,-14.04,-14.87,-14.21,-9.65,3.15,12.39
18352.00,-4.69,-10.77,-13.39,-15.96,-12.71,-2.17,5.09,16.83
18356.00,-7.54,-12.72,-16.46,-14.19,-9.11,2.24,10.48,20.25
18360.00,-9.41,-11.32,-11.86,-11.51,-4.29,5.50,14.31,23.21
18364.00,-11.69,-12.67,-13.65,-5.95,2.33,9.38,19.71,25.89
18368.00,-14.71,-12.20,-8.61,-2.55,6.22,12.55,22.31,27.77
18372.00,-12.83,-11.90,-7.86,0.65,7.48,16.16,23.67,28.89
18376.00,-15.22,-11.72,-4.58,5.24,14.69,21.34,27.06,29.55
18380.00,-14.15,-7.45,1.29,7.27,18.90,22.17,28.15,27.72
18384.00,-12.17,-2.09,3.35,13.72,20.59,24.45,24.38,21.87
18388.00,-8.62,0.04,5.04,16.70,20.86,23.43,26.45,18.29
18392.00,-2.62,2.92,12.36,17.74,24.01,24.64,20.84,13.48
18396.00,0.11,8.32,13.44,18.32,21.91,23.23,20.95,13.10
18400.00,4.50,8.60,17.44,23.21,23.58,21.04,16.57,7.86
18404.00,6.24,11.97,18.12,21.08,22.81,15.38,12.34,2.94
18408.00,6.85,13.23,18.05,21.46,20.46,14.59,8.50,-2.50
18412.00,11.05,17.65,21.12,22.50,15.07,8.83,1.07,-7.01
18416.00,13.62,18.41,20.61,16.55,10.63,8.00,0.67,-7.52
18420.00,14.83,20.21,16.61,14.91,7.38,4.58,-3.82,-11.09
18424.00,17.19,20.03,18.01,9.88,4.79,0.98,-7.98,-8.72
18428.00,18.36,19.57,12.98,8.24,-0.41,-3.07,-9.75,-7.99
18432.00,16.60,14.98,9.79,6.03,-1.35,-4.10,-7.03,-10.03
18436.00,14.74,14.97,5.62,2.69,-4.22,-9.11,-8.99,-4.65
18440.00,14.92,8.35,7.14,-2.83,-5.09,-9.64,-10.18,-4.10
18444.00,13.91,6.79,3.15,-4.28,-5.15,-9.22,-5.31,-3.11
18448.00,7.92,4.60,-2.28,-4.36,-6.41,-7.88,-2.31,0.76
18452.00,4.33,-0.01,-2.31,-9.09,-9.31,-5.29,-0.73,2.68
18456.00,2.18,-0.16,-6.72,-4.82,-8.38,-5.61,0.86,5.00
18460.00,0.93,-4.04,-4.36,-8.64,-6.02,-0.16,0.85,7.70
18464.00,-2.16,-4.02,-4.14,-4.98,-4.21,1.01,3.46,6.55
18468.00,-4.02,-3.13,-8.63,-2.48,-2.14,0.94,7.00,5.26
18472.00,-4.79,-8.21,-3.20,-0.46,2.89,4.55,5.88,8.31
18476.00,-4.41,-3.46,-4.68,-0.04,2.59,6.14,6.40,7.21
18480.00,-6.39,-3.65,-1.12,0.88,3.20,5.81,6.85,0.80
18484.00,-5.34,-1.14,-2.30,1.44,3.77,7.09,3.66,0.98
18488.00,-5.22,-2.46,2.62,4.90,4.66,7.32,0.28,-1.93
18492.00,-1.34,-1.35,4.28,5.17,4.14,2.30,-1.30,-8.35
18496.00,-3.74,3.05,2.26,4.65,3.84,1.68,-3.22,-11.17
18500.00,1.51,2.31,6.36,4.92,2.07,-3.19,-9.58,-13.47
18504.00,0.19,2.33,4.73,4.16,1.00,-3.09,-9.08,-18.79
18508.00,2.45,4.36,6.47,3.51,-2.50,-7.94,-16.14,-18.10
18512.00,3.61,3.71,3.77,1.18,-6.01,-11.61,-15.21,-20.90
18516.00,4.34,5.10,4.79,-3.47,-5.89,-15.03,-18.61,-19.07
18520.00,3.23,5.33,0.82,-4.24,-9.76,-14.68,-19.08,-22.39
18524.00,5.66,1.40,-0.40,-8.76,-13.63,-17.81,-18.96,-21.16
18528.00,2.58,1.50,-5.30,-8.39,-18.13,-22.16,-22.78,-17.79
18532.00,2.73,-2.16,-8.57,-14.69,-18.16,-18.10,-16.73,-10.84
18536.00,2.49,-3.01,-10.71,-13.76,-21.88,-21.65,-16.82,-10.20
18540.00,-3.38,-7.05,-15.39,-18.32,-20.20,-16.69,-14.46,-3.52
18544.00,-2.52,-8.08,-17.68,-18.85,-17.31,-18.01,-6.58,-0.51
18548.00,-5.67,-14.96,-16.25,-17.69,-17.63,-11.84,-2.82,9.19
18552.00,-9.14,-14.92,-20.38,-21.12,-13.68,-6.43,-0.03,9.55
18556.00,-11.34,-18.02,-20.45,-15.72,-10.89,-1.84,4.66,14.90
18560.00,-11.62,-15.23,-20.57,-17.01,-9.69,-0.82,8.40,21.04
18564.00,-16.86,-17.13,-18.79,-10.37,-4.87,3.80,16.40,23.18
18568.00,-15.76,-15.41,-14.49,-9.83,1.09,9.71,16.14,23.57
18572.00,-16.24,-17.92,-14.10,-7.41,4.53,12.87,22.07,24.90
18576.00,-17.40,-16.50,-11.10,0.71,7.60,14.28,20.40,22.05
18580.00,-16.66,-13.24,-6.81,2.52,10.09,19.70,21.68,21.31
18584.00,-16.06,-10.02,-2.70,9.65,15.33,18.93,22.53,19.78
18588.00,-10.80,-5.75,0.42,11.98,17.14,18.91,21.20,12.58
18592.00,-11.03,-3.49,4.47,13.02,19.13,17.11,14.86,9.18
18596.00,-7.62,2.60,8.83,13.94,18.14,17.35,12.41,3.78
18600.00,-1.94,5.88,12.15,16.26,15.64,15.56,7.03,-0.74
18604.00,0.91,10.56,11.80,18.26,16.19,12.04,2.75,-5.62
18608.00,3.45,11.57,16.38,18.61,15.85,10.83,-0.60,-9.21
18612.00,8.59,12.74,17.11,17.73,8.71,5.32,-4.85,-9.69
18616.00,8.69,15.75,14.14,13.60,9.54,1.64,-5.31,-15.49
18620.00,10.00,15.31,13.97,10.85,3.01,-3.03,-10.62,-13.33
18624.00,13.03,13.25,12.70,4.69,-0.47,-8.77,-11.06,-13.68
18628.00,13.81,10.73,10.93,4.77,-2.45,-11.15,-16.01,-15.09
18632.00,14.51,10.39,5.18,2.08,-7.55,-10.01,-15.49,-15.79
18636.00,10.53,8.35,3.30,-2.26,-9.50,-13.42,-16.16,-12.66
18640.00,8.58,7.12,-0.19,-7.67,-11.56,-16.00,-12.49,-12.31
18644.00,6.71,4.52,-4.87,-10.64,-12.02,-12.15,-11.81,-6.62
18648.00,5.95,-1.82,-4.04,-8.33,-11.38,-11.02,-12.07,-3.08
18652.00,4.14,-5.04,-9.02,-10.59,-10.74,-11.56,-5.93,-2.32
18656.00,2.20,-5.25,-10.74,-13.59,-12.93,-7.15,-4.52,-0.62
18660.00,-3.99,-8.22,-12.55,-13.14,-10.41,-6.90,-0.11,0.28
18664.00,-3.76,-9.98,-11.51,-10.83,-10.22,-4.57,-0.32,1.31
18668.00,-9.02,-7.21,-12.60,-8.21,-4.05,-3.79,2.14,2.99
18672.00,-9.29,-10.32,-8.97,-8.32,-2.11,0.91,3.81,0.20
18676.00,-8.52,-7.29,-8.36,-6.14,0.30,-0.55,-0.21,0.87
18680.00,-9.50,-6.57,-4.58,-4.73,0.52,-0.11,-0.83,-1.84
18684.00,-10.11,-7.24,-5.60,-2.89,2.34,0.18,1.08,-7.24
18688.00,-8.72,-5.95,-0.71,-1.22,3.54,2.62,-1.38,-7.42
18692.00,-7.09,-1.52,-2.54,0.57,4.16,-1.49,-5.32,-10.89
18696.00,-3.66,-0.62,2.71,4.56,-0.90,-2.98,-7.83,-13.86
18700.00,-2.46,1.77,-0.63,-0.25,1.47,-6.89,-12.70,-18.36
18704.00,-3.94,0.98,0.50,1.53,-0.84,-8.88,-13.72,-24.39
18708.00,-1.54,4.09,4.18,1.86,-4.86,-11.43,-17.87,-23.80
18712.00,-0.50,2.24,0.59,-3.20,-9.41,-16.89,-23.18,-27.57
18716.00,2.26,2.59,1.58,-5.01,-13.57,-15.95,-23.28,-25.31
18720.00,3.82,1.83,-3.43,-9.11,-15.37,-18.47,-22.78,-27.02
18724.00,1.00,0.84,-3.87,-10.17,-18.18,-23.10,-24.17,-22.91
18728.00,0.20,-1.38,-5.75,-12.94,-21.51,-22.47,-21.98,-20.71
18732.00,-1.06,-5.08,-12.49,-18.27,-21.40,-26.66,-22.38,-16.49
18736.00,-2.30,-7.27,-11.22,-18.02,-22.84,-22.55,-17.82,-11.76
18740.00,-5.12,-7.92,-18.20,-22.23,-21.65,-23.74,-15.06,-5.67
18744.00,-7.35,-12.10,-20.76,-23.46,-23.53,-20.53,-11.78,-0.79
18748.00,-9.53,-13.80,-21.71,-22.50,-22.84,-14.31,-5.21,5.44
18752.00,-13.14,-15.98,-21.37,-23.29,-19.44,-11.68,-2.68,10.29
18756.00,-16.02,-20.65,-20.74,-19.40,-13.17,-4.94,3.47,11.33
18760.00,-17.08,-18.91,-18.86,-16.57,-11.87,-2.18,5.63,14.81
18764.00,-15.94,-18.07,-21.19,-14.36,-5.47,2.82,11.47,17.40
18768.00,-19.71,-20.75,-17.64,-10.25,-2.89,7.32,12.25,19.70
18772.00,-16.98,-16.29,-16.92,-6.94,2.29,10.03,15.41,18.58
18776.00,-17.44,-14.71,-9.74,-4.24,8.17,12.95,16.70,20.83
18780.00,-18.10,-11.52,-8.22,2.42,8.20,15.12,17.25,19.05
18784.00,-14.51,-9.77,-5.47,6.26,14.82,17.18,18.74,14.21
18788.00,-15.58,-8.68,1.77,8.89,12.85,20.24,18.39,11.17
18792.00,-12.47,-0.96,4.09,13.81,17.66,16.61,16.34,8.73
18796.00,-9.02,2.26,7.97,11.82,15.12,17.94,8.71,1.17
18800.00,-1.31,3.69,10.24,13.88,15.30,15.53,6.63,-2.26
18804.00,-1.89,7.05,15.01,16.94,16.15,11.12,2.64,-8.04
18808.00,2.19,7.73,16.04,14.89,13.77,6.13,-0.61,-11.70
18812.00,7.82,11.01,14.37,11.91,7.78,3.94,-5.76,-11.26
18816.00,9.54,11.34,16.69,13.20,4.92,-1.18,-8.49,-16.23
18820.00,8.95,13.81,11.88,9.42,3.25,-6.84,-9.99,-18.40
18824.00,14.44,14.36,10.95,4.83,1.35,-6.22,-15.63,-14.28
18828.00,14.17,13.49,7.26,5.39,-2.84,-11.41,-15.02,-18.39
18832.00,10.62,9.38,5.59,-1.27,-5.60,-13.49,-17.07,-16.85
18836.00,9.20,7.09,2.49,-3.48,-11.35,-14.47,-15.17,-12.71
18840.00,9.44,3.60,-0.80,-8.67,-9.44,-11.64,-15.73,-10.61
18844.00,6.04,1.02,-4.33,-7.37,-14.13,-14.00,-13.59,-10.02
18848.00,6.32,1.10,-4.80,-12.28,-14.19,-10.21,-11.57,-7.50
18852.00,3.09,-3.01,-7.31,-12.41,-13.83,-10.48,-8.97,-5.07
18856.00,-1.41,-5.63,-7.50,-13.33,-11.05,-8.99,-2.28,-1.02
18860.00,-4.12,-4.70,-8.74,-11.21,-10.86,-6.51,-3.04,-0.73
18864.00,-4.81,-6.46,-12.61,-11.38,-6.92,-4.29,0.25,0.94
18868.00,-5.10,-9.13,-11.61,-7.27,-5.20,-0.78,3.49,1.60
18872.00,-7.50,-8.62,-9.78,-8.27,-3.56,-1.28,3.62,1.42
18876.00,-8.68,-8.16,-7.68,-2.59,-0.66,3.08,3.79,1.94
18880.00,-9.64,-8.97,-7.25,0.27,0.07,2.83,3.52,-0.31
18884.00,-6.27,-7.45,-3.87,0.18,2.84,3.22,-0.20,-4.79
18888.00,-5.45,-4.25,-0.64,3.29,1.26,3.64,-0.49,-9.77
18892.00,-4.45,-1.19,-0.56,5.02,3.53,3.48,-2.52,-10.02
18896.00,-1.78,-2.86,1.75,3.74,0.53,-0.16,-5.46,-12.43
18900.00,-3.33,-0.56,0.83,4.10,0.42,-5.96,-11.58,-17.94
18904.00,0.01,0.88,3.61,3.77,-0.10,-9.11,-12.43,-19.10
18908.00,0.65,2.31,5.13,3.80,-2.61,-10.65,-18.55,-23.42
18912.00,3.67,2.81,3.67,0.19,-3.83,-13.99,-20.38,-24.91
18916.00,2.58,6.32,3.82,-3.99,-9.12,-16.77,-23.23,-21.93
18920.00,4.34,5.24,-2.24,-4.90,-13.50,-17.52,-21.73,-23.77
18924.00,4.61,3.21,-1.21,-9.49,-14.42,-18.68,-23.14,-19.25
18928.00,1.24,1.83,-6.56,-10.47,-15.45,-20.38,-23.59,-17.54
18932.00,3.20,-0.73,-10.46,-15.34,-19.73,-21.13,-22.06,-12.92
18936.00,-1.71,-6.83,-13.20,-14.93,-18.02,-21.32,-18.18,-8.89
18940.00,-0.96,-8.67,-11.55,-18.50,-18.98,-20.80,-13.62,-5.96
18944.00,-2.22,-12.37,-18.07,-19.14,-20.10,-15.44,-9.95,3.90
18948.00,-7.56,-11.22,-18.29,-18.41,-18.17,-10.63,-4.58,8.56
18952.00,-9.30,-14.42,-16.13,-18.08,-14.23,-6.48,1.82,10.74
18956.00,-9.89,-17.86,-19.87,-16.30,-12.48,-3.37,5.84,14.71
18960.00,-15.61,-17.12,-15.83,-16.29,-6.79,1.44,12.80,19.33
18964.00,-15.47,-17.95,-18.48,-10.21,-5.75,5.95,16.26,24.73
18968.00,-17.79,-17.85,-16.04,-7.54,1.31,10.72,19.34,24.52
18972.00,-18.71,-16.59,-8.70,-5.14,6.03,13.08,22.97,26.37
18976.00,-16.69,-12.77,-6.78,1.13,10.42,19.39,21.75,25.13
18980.00,-16.06,-12.27,-3.50,6.99,11.26,22.02,24.40,21.97
18984.00,-12.32,-6.65,1.68,7.56,15.75,20.44,22.00,21.93
18988.00,-8.56,-3.02,5.49,10.14,21.18,22.63,22.81,15.45
18992.00,-6.05,-1.52,7.48,15.82,21.94,20.60,18.02,12.53
18996.00,-3.95,1.91,12.45,16.38,23.03,17.94,14.28,5.56
19000.00,-0.29,6.72,15.14,17.67,23.05,19.18,10.28,2.91
19004.00,3.94,10.43,18.90,20.21,21.09,16.81,10.36,-2.32
19008.00,8.28,14.23,20.53,19.68,15.29,12.51,3.38,-5.76
19012.00,7.99,18.11,16.52,17.39,13.11,9.21,1.27,-8.64
19016.00,12.61,18.16,19.83,14.29,13.23,2.79,-2.97,-7.44
19020.00,12.89,19.30,17.18,13.70,6.11,2.14,-5.65,-9.25
19024.00,15.03,19.51,15.16,13.03,5.45,-3.99,-10.37,-12.93
19028.00,17.85,16.25,11.17,9.03,0.33,-7.56,-8.50,-8.45
19032.00,17.30,12.39,9.62,5.10,0.04,-8.42,-10.84,-11.83
19036.00,14.00,11.82,6.09,1.71,-6.53,-10.76,-11.83,-8.92
19040.00,15.69,8.92,5.40,0.19,-5.72,-9.26,-9.27,-4.02
19044.00,14.15,5.28,0.64,-5.11,-9.78,-6.19,-5.11,-3.93
19048.00,6.87,6.78,-2.43,-4.33,-7.59,-6.30,-3.15,-0.43
19052.00,6.70,2.64,-5.51,-6.62,-5.22,-5.34,-2.08,1.72
19056.00,1.98,0.16,-3.26,-5.18,-6.87,-2.03,-0.17,3.65
19060.00,0.34,-2.51,-5.92,-5.96,-2.30,1.36,3.40,5.98
19064.00,0.07,-4.66,-3.56,-6.18,-0.46,3.29,4.64,8.17
19068.00,-4.12,-6.39,-5.51,-4.38,-2.21,6.16,8.38,9.18
19072.00,-1.92,-6.78,-4.88,-3.05,3.83,3.75,6.96,8.90
19076.00,-2.76,-4.39,-1.27,-1.55,4.41,10.09,9.03,5.70
19080.00,-6.64,-4.54,-1.47,3.63,5.25,6.54,7.06,6.14
19084.00,-3.02,-1.57,2.77,3.52,7.47,10.50,6.40,0.52
19088.00,-3.81,-1.37,5.63,4.52,10.53,8.82,5.48,-0.70
19092.00,-3.84,2.74,3.06,6.44,10.93,4.71,3.94,-5.02
19096.00,0.94,4.52,6.55,6.17,7.20,5.90,-0.57,-10.23
19100.00,-0.26,4.20,5.51,9.41,8.69,3.55,-5.03,-13.88
19104.00,5.19,9.03,8.78,7.07,4.96,-3.02,-10.05,-11.76
19108.00,4.87,6.71,6.85,7.84,1.84,-3.74,-10.69,-14.16
19112.00,5.77,10.58,10.08,2.05,-1.53,-8.11,-14.01,-16.80
19116.00,6.19,8.50,6.97,1.50,-4.12,-8.40,-14.78,-15.64
19120.00,10.21,7.77,4.07,1.51,-8.56,-11.66,-17.24,-13.92
19124.00,8.32,6.61,3.97,-3.42,-11.99,-14.87,-16.61,-14.16
19128.00,7.45,3.88,0.53,-9.22,-12.81,-15.59,-13.38,-10.41
19132.00,4.83,0.08,-4.65,-11.50,-13.68,-15.78,-13.33,-9.44
19136.00,4.64,1.61,-8.66,-12.48,-14.29,-17.22,-12.61,-0.93
19140.00,1.62,-1.65,-6.74,-14.60,-14.85,-15.91,-7.72,0.87
19144.00,1.70,-4.94,-13.56,-14.66,-16.16,-8.63,-2.93,7.41
19148.00,-1.61,-7.04,-14.59,-16.03,-14.32,-7.33,-0.75,10.70
19152.00,-3.80,-9.28,-14.49,-12.55,-9.87,-2.86,4.28,19.21
19156.00,-7.56,-11.53,-16.28,-11.03,-6.79,2.48,13.07,19.91
19160.00,-10.48,-10.80,-12.76,-12.34,-0.95,4.79,14.21,27.64
19164.00,-10.10,-15.09,-11.37,-7.35,-0.21,12.04,22.53,27.33
19168.00,-10.25,-11.72,-10.67,-4.19,4.97,15.50,22.04,29.21
19172.00,-12.12,-13.90,-7.24,1.64,7.54,21.02,29.02,30.29
19176.00,-13.74,-9.14,-1.02,6.88,14.36,22.04,28.21,28.62
19180.00,-8.57,-8.25,-0.92,9.13,17.43,24.04,27.28,26.11
19184.00,-11.25,-3.57,5.06,11.93,20.02,25.13,30.12,23.01
19188.00,-5.68,-0.88,10.24,17.26,21.34,29.33,27.29,21.68
19192.00,-3.66,2.02,9.91,17.57,26.85,26.92,25.82,17.05
19196.00,-1.99,9.78,14.03,19.63,27.10,23.12,18.61,11.97
19200.00,3.05,9.28,17.37,25.10,26.02,22.63,15.70,9.92
19204.00,6.98,13.05,22.27,24.16,22.82,19.11,12.74,6.15
19208.00,12.10,17.15,19.50,25.11,20.97,16.66,10.44,-1.57
19212.00,13.43,21.21,20.17,23.75,18.28,11.07,4.52,-1.09
19216.00,14.32,18.66,20.65,19.25,15.14,9.75,2.20,-5.51
19220.00,18.27,18.28,21.38,15.91,11.06,3.58,0.17,-8.68
19224.00,18.84,20.64,17.19,15.33,5.71,1.88,-4.60,-5.17
19228.00,20.35,21.32,16.35,12.08,5.50,-3.05,-4.69,-4.64
19232.00,20.98,17.18,13.56,5.50,1.17,-4.63,-5.17,-7.26
19236.00,16.64,14.27,12.21,5.83,-2.51,-3.07,-3.58,-4.63
19240.00,13.94,14.46,9.24,-0.85,-5.23,-6.52,-6.90,0.74
19244.00,12.92,9.04,5.26,0.94,-2.31,-6.18,-1.67,0.08
19248.00,9.33,4.84,2.09,-3.53,-5.50,-3.63,-1.85,3.14
19252.00,6.82,4.82,1.07,-4.84,-3.75,-1.87,1.10,5.04
19256.00,7.85,-0.21,-3.47,-2.86,-2.81,0.44,3.28,7.23
19260.00,2.50,-0.75,-1.34,-1.24,-2.18,3.05,9.09,13.03
19264.00,3.65,-0.02,-4.76,-4.44,1.72,5.39,8.40,13.92
19268.00,-2.33,-4.11,-2.26,-0.26,1.83,8.83,8.55,12.81
19272.00,-3.03,-3.58,-2.17,-1.20,7.34,11.16,11.77,9.76
19276.00,-0.13,-2.46,0.63,1.89,6.50,9.59,11.39,8.46
19280.00,-2.68,0.34,1.70,2.94,10.34,12.67,11.22,6.82
19284.00,-3.70,0.01,2.02,6.59,12.43,8.71,7.74,5.74
19288.00,-1.38,-0.15,3.92,9.90,11.02,10.37,8.18,0.98
19292.00,-1.26,2.70,6.92,11.69,9.08,7.19,3.41,-4.18
19296.00,0.69,3.60,7.64,11.67,8.91,7.80,1.34,-6.29
19300.00,3.18,6.13,7.75,10.37,8.15,1.82,-3.71,-10.63
19304.00,5.31,7.28,11.75,7.52,6.19,1.65,-6.42,-13.46
19308.00,7.56,6.70,8.84,5.74,1.20,-4.86,-8.45,-12.96
19312.00,9.58,8.03,8.96,6.86,0.85,-4.99,-9.91,-16.87
19316.00,9.96,9.61,6.69,1.83,-0.53,-11.75,-12.07,-17.06
19320.00,10.13,9.74,6.41,0.83,-6.17,-12.50,-15.95,-15.52
19324.00,7.99,7.75,4.54,-1.63,-9.64,-13.46,-14.92,-12.28
19328.00,9.20,6.79,-1.27,-5.45,-10.06,-16.77,-15.40,-8.10
19332.00,8.72,3.25,-1.39,-7.61,-11.78,-13.97,-14.02,-7.06
19336.00,2.44,0.56,-6.31,-10.91,-17.29,-13.99,-9.66,-4.31
19340.00,2.78,-1.95,-7.45,-12.37,-15.49,-14.44,-8.92,3.05
19344.00,-2.60,-7.85,-11.97,-13.53,-16.20,-9.65,-3.34,6.36
19348.00,-4.94,-5.95,-11.87,-13.34,-12.25,-9.65,1.00,10.20
19352.00,-4.64,-9.61,-15.16,-12.67,-9.22,-1.04,6.96,18.02
19356.00,-8.52,-14.56,-16.41,-10.68,-6.45,-1.30,9.46,20.68
19360.00,-8.01,-14.20,-14.34,-10.04,-4.59,3.73,15.95,26.95
19364.00,-12.34,-13.36,-13.69,-7.16,-0.55,11.04,20.97,25.92
19368.00,-14.03,-14.40,-9.50,-1.87,4.22,13.61,25.09,28.63
19372.00,-13.17,-11.77,-9.62,1.89,7.94,20.39,25.25,31.39
19376.00,-13.70,-10.87,-4.46,4.44,12.06,20.02,27.37,29.59
19380.00,-9.36,-7.63,-1.32,9.22,19.12,22.95,29.62,28.81
19384.00,-9.64,-4.24,4.03,11.58,20.50,26.02,28.29,25.80
19388.00,-8.36,-1.74,6.57,14.00,23.05,24.85,23.21,17.79
19392.00,-6.59,3.90,10.34,19.52,23.10,24.99,23.23,13.25
19396.00,-2.17,7.03,13.49,22.52,25.74,23.43,20.89,9.86
19400.00,0.81,12.22,17.41,20.38,23.00,19.40,13.92,5.58
19404.00,5.36,12.71,21.07,21.90,21.03,19.95,10.20,4.49
19408.00,6.97,16.41,19.72,20.43,18.17,11.68,7.58,-3.93
19412.00,11.53,19.12,20.57,18.97,17.71,10.43,1.11,-6.93
19416.00,11.92,16.78,18.17,18.27,14.36,3.73,0.78,-9.29
19420.00,14.32,16.54,21.18,16.18,7.53,4.31,-4.31,-7.28
19424.00,17.69,16.57,18.61,11.69,7.91,-3.51,-8.34,-8.92
19428.00,19.06,17.97,11.81,8.46,1.31,-5.26,-10.36,-9.92
19432.00,17.99,16.59,10.80,2.86,-2.99,-7.04,-8.77,-9.03
19436.00,18.17,14.90,7.11,-0.35,-6.29,-5.91,-8.88,-4.46
19440.00,14.50,10.15,3.71,-1.63,-5.96,-9.39,-7.45,-2.75
19444.00,11.52,6.44,0.52,-2.61,-5.82,-6.65,-5.60,-3.13
19448.00,8.07,3.41,1.33,-4.04,-8.86,-6.89,-3.94,-0.88
19452.00,5.54,-0.24,-4.62,-7.72,-4.98,-3.86,-2.46,3.70
19456.00,1.56,-2.61,-3.75,-5.96,-6.30,-4.46,2.37,6.15
19460.00,-0.58,-4.02,-4.64,-4.55,-6.77,1.05,2.05,5.32
19464.00,-3.08,-4.54,-4.81,-3.87,-3.78,1.58,7.08,6.59
19468.00,-3.91,-3.13,-8.26,-5.69,-1.71,4.86,4.40,5.08
19472.00,-2.71,-5.63,-4.87,-2.47,0.83,6.57,8.02,4.13
19476.00,-6.85,-3.38,-3.07,0.76,2.50,6.91,4.63,5.47
19480.00,-6.54,-3.28,-4.54,1.56,3.57,7.24,6.55,0.98
19484.00,-6.29,-4.13,0.89,2.55,4.50,7.22,5.60,-2.50
19488.00,-2.26,-1.19,-0.19,4.55,6.63,6.15,4.12,-5.46
19492.00,-2.20,-1.08,5.01,6.77,7.48,1.73,1.04,-5.08
19496.00,-1.67,-0.32,5.34,5.88,3.26,-0.34,-5.34,-9.71
19500.00,0.99,2.91,6.73,4.81,5.28,-2.27,-9.45,-13.87
19504.00,-0.79,3.90,3.87,3.78,3.75,-4.41,-10.69,-18.05
19508.00,2.23,5.70,4.28,2.09,-3.07,-5.36,-16.85,-22.16
19512.00,4.14,5.49,5.29,0.67,-6.09,-11.85,-17.33,-21.68
19516.00,3.59,4.86,2.21,-1.88,-8.12,-13.79,-21.77,-22.46
19520.00,6.52,3.72,3.28,-4.51,-8.73,-16.50,-19.27,-22.45
19524.00,2.92,2.96,-2.87,-6.32,-14.15,-18.49,-19.67,-19.90
19528.00,6.02,0.38,-4.28,-11.39,-15.86,-22.40,-21.39,-13.89
19532.00,3.06,-1.66,-5.27,-14.26,-18.34,-20.49,-16.69,-13.02
19536.00,-0.63,-6.39,-10.99,-15.35,-17.46,-18.80,-16.19,-8.42
19540.00,-2.47,-4.80,-14.41,-20.06,-22.35,-20.84,-12.13,-3.73
19544.00,-5.28,-12.29,-13.91,-19.31,-20.52,-14.89,-7.34,0.06
19548.00,-7.06,-14.18,-18.83,-18.31,-17.32,-14.88,-3.12,7.81
19552.00,-10.77,-12.63,-20.80,-20.63,-16.54,-10.94,-0.64,10.53
19556.00,-11.25,-17.01,-17.24,-18.39,-14.56,-6.65,6.10,17.12
19560.00,-13.25,-19.64,-18.25,-14.38,-9.24,-0.60,11.29,18.18
19564.00,-16.02,-17.27,-15.33,-11.92,-3.40,3.39,15.83,21.41
19568.00,-15.46,-18.31,-12.51,-8.16,-1.92,10.70,19.46,21.02
19572.00,-18.77,-17.84,-10.47,-7.04,2.70,11.78,17.82,24.19
19576.00,-18.86,-17.02,-6.41,-2.64,7.32,16.22,23.81,23.57
19580.00,-14.67,-13.92,-3.66,3.64,9.40,20.94,19.53,21.24
19584.00,-13.21,-6.41,-2.78,8.73,15.44,17.77,21.67,18.77
19588.00,-13.93,-7.39,0.78,10.07,18.65,21.69,18.80,14.88
19592.00,-8.24,-1.20,7.94,15.08,20.34,20.77,17.28,9.13
19596.00,-5.43,-0.42,11.99,17.70,18.97,15.47,13.09,3.12
19600.00,-2.09,5.35,11.81,15.41,19.96,15.00,10.88,0.62
19604.00,0.78,7.52,13.27,16.49,14.93,14.18,5.01,-2.18
19608.00,3.87,13.04,13.81,17.54,12.58,8.44,1.38,-8.50
19612.00,7.71,12.90,15.64,13.59,11.96,2.87,-4.18,-13.43
19616.00,9.97,15.61,15.67,12.49,10.14,1.21,-9.60,-12.52
19620.00,9.74,12.33,12.06,8.61,5.88,-3.44,-11.38,-14.21
19624.00,13.46,15.83,13.32,5.46,-0.22,-7.64,-13.14,-15.45
19628.00,11.94,12.78,10.12,5.75,-5.37,-7.26,-16.41,-16.21
19632.00,11.50,11.43,7.22,-0.80,-7.04,-11.71,-13.46,-14.89
19636.00,11.53,11.05,4.86,-2.21,-6.73,-15.34,-14.56,-11.21
19640.00,11.83,7.86,2.17,-5.33,-12.89,-11.31,-13.96,-8.96
19644.00,9.77,1.00,-2.91,-7.31,-11.95,-13.75,-11.74,-6.33
19648.00,7.73,-2.04,-4.26,-10.48,-13.93,-12.12,-10.70,-5.03
19652.00,1.80,-4.09,-9.94,-10.23,-14.20,-9.85,-8.45,-2.28
19656.00,-1.50,-2.70,-9.56,-10.49,-13.94,-9.63,-2.69,-1.59
19660.00,-0.56,-8.16,-10.84,-13.01,-11.35,-8.27,-3.76,3.03
19664.00,-3.20,-10.49,-9.81,-11.87,-6.53,-2.10,-2.12,0.87
19668.00,-8.21,-10.10,-9.05,-10.87,-3.60,-4.36,3.11,2.53
19672.00,-9.34,-11.33,-9.64,-6.92,-3.40,1.55,1.35,-1.06
19676.00,-11.21,-9.04,-6.77,-4.96,-3.04,2.93,4.32,-0.61
19680.00,-10.73,-7.49,-6.98,-0.98,-0.99,2.89,2.26,-4.42
19684.00,-10.56,-7.61,-3.46,-2.23,3.51,3.87,1.16,-4.69
19688.00,-8.83,-6.56,-0.37,-1.90,0.17,-0.19,-2.46,-10.79
19692.00,-5.96,-1.76,-2.27,-0.01,2.10,0.48,-5.11,-12.22
19696.00,-3.87,-2.55,2.25,3.65,2.92,-4.20,-9.71,-17.10
19700.00,-2.38,1.38,1.03,0.69,-2.47,-7.08,-10.62,-18.35
19704.00,-3.26,2.74,4.66,2.07,-2.43,-7.47,-17.23,-21.72
19708.00,-2.41,0.26,3.92,-1.97,-4.79,-14.23,-16.74,-23.16
19712.00,1.79,1.56,3.19,-2.51,-9.65,-14.64,-19.32,-26.65
19716.00,1.24,4.26,0.06,-7.03,-11.51,-19.53,-21.79,-24.64
19720.00,4.82,-0.15,0.05,-9.01,-14.68,-22.25,-27.25,-25.16
19724.00,3.56,-0.69,-6.21,-12.30,-19.82,-21.24,-23.18,-24.93
19728.00,2.31,-1.12,-9.44,-16.42,-21.52,-21.64,-25.46,-20.16
19732.00,-1.14,-3.99,-8.97,-15.03,-20.57,-25.79,-25.10,-14.36
19736.00,-3.83,-7.00,-13.44,-20.24,-21.84,-25.86,-20.42,-12.09
19740.00,-3.69,-11.48,-18.15,-19.39,-22.67,-21.94,-14.70,-9.24
19744.00,-8.00,-14.16,-19.37,-22.70,-23.09,-18.52,-11.67,-0.68
19748.00,-7.97,-13.19,-19.66,-22.63,-19.32,-16.72,-5.77,4.95
19752.00,-12.32,-19.03,-20.43,-22.96,-20.01,-10.95,-1.23,7.95
19756.00,-13.55,-17.50,-19.65,-22.69,-17.09,-6.11,0.65,13.44
19760.00,-16.64,-18.05,-19.82,-18.03,-9.58,-1.67,5.16,13.98
19764.00,-19.77,-19.34,-18.65,-13.45,-7.44,2.94,12.21,16.58
19768.00,-19.36,-17.58,-17.02,-10.26,-2.89,8.89,14.69,22.11
19772.00,-19.22,-20.04,-16.32,-9.54,2.86,8.67,17.11,18.67
19776.00,-16.37,-16.42,-9.64,-1.35,8.27,15.99,16.78,18.47
19780.00,-16.37,-14.65,-7.00,2.62,8.24,17.27,16.83,15.77
19784.00,-17.38,-11.72,-2.19,6.38,12.00,17.85,16.79,14.97
19788.00,-14.44,-5.25,-1.66,11.12,16.07,16.79,17.18,10.77
19792.00,-8.73,-4.78,4.11,12.48,15.95,15.76,12.26,5.59
19796.00,-7.55,-0.45,10.23,15.62,15.29,14.40,10.44,2.60
19800.00,-1.90,3.19,8.56,16.83,16.84,15.43,8.64,-2.62
19804.00,1.87,7.67,10.63,15.79,15.89,10.46,0.79,-3.27
19808.00,2.95,11.65,15.24,16.56,11.55,8.55,1.01,-9.01
19812.00,6.11,10.60,15.65,14.18,11.04,2.32,-7.47,-12.27
19816.00,6.61,14.57,13.74,9.82,6.71,-3.24,-9.82,-16.63
19820.00,11.70,14.03,12.19,11.46,4.81,-5.76,-12.18,-14.08
19824.00,12.08,15.09,10.50,5.61,-2.30,-7.05,-13.16,-18.35
19828.00,10.31,12.65,11.02,4.35,-5.78,-12.25,-17.12,-16.85
19832.00,13.22,11.59,4.87,-1.12,-6.15,-12.33,-15.47,-17.61
19836.00,12.04,6.08,2.04,-5.07,-10.47,-15.21,-16.71,-14.95
19840.00,11.63,5.49,-0.26,-4.61,-9.89,-13.63,-11.39,-10.92
19844.00,6.89,5.23,-2.95,-6.78,-12.85,-12.69,-10.35,-7.13
19848.00,7.40,-1.94,-5.06,-11.57,-12.22,-12.26,-10.83,-6.73
19852.00,4.29,-1.84,-6.89,-12.52,-14.36,-10.67,-8.14,-1.89
19856.00,-1.87,-6.32,-9.12,-9.73,-8.94,-6.12,-2.08,0.54
19860.00,-0.81,-8.25,-8.79,-9.12,-10.59,-8.52,-1.87,-0.13
19864.00,-6.24,-9.14,-9.88,-9.59,-8.54,-3.03,-1.62,3.36
19868.00,-7.98,-9.53,-8.60,-7.31,-7.24,-0.13,1.98,3.84
19872.00,-8.37,-9.66,-10.90,-5.44,-3.99,-1.12,3.04,2.39
19876.00,-9.18,-6.94,-9.67,-5.89,-2.65,1.38,3.93,-1.93
19880.00,-9.83,-6.45,-4.30,-4.28,2.97,3.43,1.26,-0.69
19884.00,-8.56,-5.10,-1.19,-0.80,1.39,3.39,-0.26,-2.76
19888.00,-7.17,-4.84,-1.83,3.91,2.33,3.67,-0.96,-9.26
19892.00,-3.32,-4.72,-1.39,4.77,4.73,1.94,-5.43,-13.20
19896.00,-4.11,-2.15,-0.39,2.60,3.21,-1.61,-9.17,-12.30
19900.00,-2.77,0.48,5.70,3.31,0.57,-5.36,-8.35,-17.72
19904.00,0.71,4.22,3.65,4.99,-2.29,-8.30,-16.17,-21.27
19908.00,1.08,3.61,1.88,3.83,-3.34,-10.56,-17.92,-20.41
19912.00,3.77,4.16,2.82,0.27,-3.98,-12.53,-19.30,-23.80
19916.00,3.88,2.80,3.46,-4.28,-8.66,-17.73,-19.50,-22.73
19920.00,4.16,3.45,0.44,-3.62,-10.12,-20.81,-23.94,-21.23
19924.00,3.82,-0.54,-5.02,-10.32,-14.36,-20.78,-23.30,-22.94
19928.00,1.60,1.28,-7.13,-13.83,-17.28,-23.34,-23.36,-19.89
19932.00,3.81,-4.62,-5.94,-16.15,-19.67,-23.56,-18.49,-14.67
19936.00,1.09,-4.40,-11.65,-14.21,-19.99,-21.86,-15.27,-8.47
19940.00,-2.95,-6.06,-13.04,-19.66,-22.95,-20.25,-13.04,-1.59
19944.00,-6.08,-11.64,-13.50,-19.89,-20.41,-13.84,-11.03,3.26
19948.00,-5.90,-12.28,-18.62,-18.86,-16.60,-13.83,-2.96,6.42
19952.00,-8.91,-15.54,-20.58,-17.82,-17.62,-8.75,2.39,13.43
19956.00,-10.34,-18.63,-20.95,-16.38,-12.79,-4.88,5.33,17.55
19960.00,-14.95,-16.82,-15.38,-13.80,-7.31,-0.51,9.13,20.65
19964.00,-13.18,-19.36,-17.53,-11.29,-3.12,4.39,14.41,23.46
19968.00,-18.38,-17.12,-15.30,-10.21,-0.46,12.12,17.32,24.71
19972.00,-18.38,-16.95,-10.54,-5.89,3.69,15.28,22.09,25.01
19976.00,-13.60,-13.78,-7.83,-1.70,8.61,19.67,23.50,23.28
19980.00,-12.69,-8.62,-5.11,7.22,13.73,19.71,22.53,21.39
19984.00,-15.01,-4.97,1.60,10.41,16.28,20.06,23.23,18.83
19988.00,-9.43,-2.39,4.33,13.47,17.55,21.63,20.47,14.16
19992.00,-4.51,-0.98,6.31,16.47,20.49,23.66,16.61,12.78
19996.00,-2.70,5.70,10.90,17.43,20.89,21.91,13.10,9.63
20000.00,-1.60,7.04,15.20,19.43,21.88,19.01,13.49,5.97
20004.00,5.39,9.84,16.91,20.71,20.77,13.97,9.61,-1.98
20008.00,6.05,12.80,19.50,18.90,19.09,12.27,4.44,-3.54
20012.00,10.32,16.07,18.76,19.87,13.86,9.71,2.06,-7.04
20016.00,11.55,16.55,20.81,16.95,9.57,5.12,-3.06,-9.59
20020.00,15.36,18.33,19.52,15.51,5.69,2.93,-6.02,-9.17
20024.00,14.92,18.00,13.74,10.46,2.41,-2.55,-9.23,-9.21
20028.00,17.42,18.12,15.04,8.13,1.25,-3.00,-7.62,-10.52
20032.00,14.51,13.63,10.97,4.59,-1.37,-7.12,-12.42,-9.17
20036.00,14.98,11.40,8.41,2.78,-7.02,-8.60,-8.02,-7.68
20040.00,14.48,11.09,3.37,-3.77,-8.16,-11.12,-8.11,-5.55
20044.00,12.16,6.68,0.26,-2.31,-6.38,-9.15,-6.02,-4.08
20048.00,8.06,1.94,0.59,-7.94,-8.93,-7.74,-5.87,2.23
20052.00,4.51,3.48,-3.94,-8.20,-9.38,-7.12,-0.09,4.78
20056.00,5.61,-1.62,-2.69,-8.43,-7.62,-1.47,-0.68,7.43
20060.00,3.12,-0.18,-4.62,-5.72,-3.37,1.25,1.29,6.38
20064.00,0.11,-3.49,-6.77,-7.29,-2.69,2.85,3.96,10.24
20068.00,-1.85,-7.13,-4.31,-4.17,0.57,3.92,9.81,10.83
20072.00,-5.47,-4.90,-5.40,-0.16,0.66,6.89,7.37,9.00
20076.00,-5.29,-6.77,-1.79,1.25,3.21,10.04,8.99,8.10
20080.00,-3.06,-3.40,1.49,3.93,5.24,7.48,8.91,2.13
20084.00,-4.90,-1.63,2.80,6.68,6.77,8.54,7.66,1.58
20088.00,-1.77,2.16,2.85,4.33,10.30,8.65,2.78,-1.97
20092.00,-1.82,3.95,4.69,9.97,10.74,5.32,0.49,-6.24
20096.00,-1.44,5.95,7.28,10.39,9.49,4.01,-3.81,-8.73
20100.00,3.55,5.03,8.92,6.80,8.72,2.71,-4.23,-12.57
20104.00,3.05,5.05,10.02,9.96,5.83,-0.59,-8.37,-12.05
20108.00,7.73,9.46,6.20,4.07,-0.28,-2.42,-9.89,-16.04
20112.00,6.09,6.42,6.86,6.53,-0.59,-7.74,-15.29,-19.53
20116.00,6.01,9.47,7.98,3.91,-4.81,-11.97,-17.62,-17.55
20120.00,8.76,7.20,6.17,-1.33,-8.71,-15.12,-18.72,-18.35
20124.00,9.11,6.37,4.30,-4.36,-12.39,-16.00,-16.41,-12.26
20128.00,5.82,2.12,-1.71,-9.24,-11.36,-15.40,-16.77,-10.59
20132.00,5.46,4.54,-4.02,-9.38,-14.63,-17.69,-12.13,-7.05
20136.00,3.97,-2.51,-6.60,-9.35,-13.31,-14.09,-13.34,-1.91
20140.00,3.78,-2.15,-10.15,-11.86,-14.83,-14.09,-5.37,4.16
20144.00,-0.50,-6.88,-13.43,-16.75,-16.91,-9.05,-4.99,5.81
20148.00,-4.33,-6.12,-10.81,-14.18,-14.02,-7.99,0.91,11.03
20152.00,-5.62,-8.35,-13.46,-13.98,-12.42,-3.77,8.00,19.20
20156.00,-9.10,-12.01,-11.96,-13.00,-8.16,2.85,12.57,20.20
20160.00,-7.98,-12.66,-13.33,-12.22,-5.20,7.65,18.13,26.59
20164.00,-11.93,-15.50,-11.99,-7.45,3.37,11.79,21.49,27.32
20168.00,-10.60,-14.82,-10.74,-1.84,6.63,15.09,22.03,30.01
20172.00,-12.21,-13.55,-8.92,0.59,8.69,21.46,26.10,32.15
20176.00,-10.41,-7.72,-4.20,7.31,13.03,20.56,29.11,31.70
20180.00,-11.34,-6.11,2.84,8.43,18.39,24.43,29.48,27.49
20184.00,-7.80,-1.66,6.57,14.40,23.27,28.69,25.54,22.72
20188.00,-6.14,1.73,8.24,14.42,22.05,25.19,26.37,19.56
20192.00,-1.89,4.97,14.58,18.55,25.88,25.68,22.00,15.52
20196.00,1.95,8.11,13.64,20.01,26.78,22.62,22.00,10.95
20200.00,4.30,10.34,20.42,21.97,25.43,21.36,17.50,8.73
20204.00,4.50,14.05,20.41,25.19,21.12,21.22,12.85,2.72
20208.00,10.69,18.64,19.52,25.82,21.06,16.68,9.52,1.40
20212.00,14.43,17.75,23.15,24.13,16.07,14.50,6.13,-1.81
20216.00,17.60,21.64,23.43,20.46,12.89,8.15,-0.22,-4.02
20220.00,17.01,22.65,21.96,15.57,11.84,7.00,-3.41,-8.06
20224.00,19.44,22.20,19.60,15.81,10.22,2.07,-4.36,-6.82
20228.00,21.43,20.12,14.73,11.96,5.90,-1.33,-4.46,-8.03
20232.00,19.73,16.52,14.17,9.24,1.71,-5.89,-6.79,-3.05
20236.00,15.84,14.31,12.90,5.93,0.37,-3.73,-6.86,-3.48
20240.00,18.13,14.33,6.67,1.42,-2.06,-5.06,-3.51,-2.90
20244.00,13.98,11.66,2.83,0.42,-3.48,-3.97,-2.95,3.73
20248.00,10.09,8.02,3.70,-1.23,-3.90,-5.80,0.82,3.80
20252.00,9.31,5.40,-2.87,-4.35,-6.02,-2.46,3.00,6.67
20256.00,7.56,1.98,-0.37,-4.70,-4.60,-0.26,5.67,8.52
20260.00,4.83,0.49,-1.15,-4.34,-2.94,1.72,7.08,10.61
20264.00,2.73,-1.95,-4.01,-1.78,0.46,4.36,8.90,11.44
20268.00,-2.23,-3.39,-1.41,-0.97,2.31,8.61,9.31,11.03
20272.00,-2.70,-3.56,-2.10,-0.14,3.80,10.05,12.81,11.98
20276.00,-0.01,-2.97,1.31,2.12,9.39,10.54,8.83,10.25
20280.00,-0.09,-3.87,-0.66,2.97,7.04,10.55,9.98,5.07
20284.00,-1.33,-1.12,5.00,4.49,11.55,11.86,7.31,3.58
20288.00,-1.51,1.39,2.89,10.67,10.47,9.16,5.36,-0.87
20292.00,1.46,1.29,5.00,8.08,10.80,9.95,2.25,-2.78
20296.00,2.68,5.85,6.34,11.01,7.63,7.09,2.57,-8.59
20300.00,5.57,8.14,9.76,9.97,7.97,5.41,-1.03,-9.12
20304.00,7.38,7.36,10.25,11.28,8.11,1.18,-8.41,-14.25
20308.00,6.94,6.73,12.15,7.86,3.02,-2.14,-11.39,-14.65
20312.00,7.91,9.11,11.02,7.19,-1.77,-6.16,-13.78,-15.94
20316.00,6.24,8.68,6.23,1.59,-2.51,-9.38,-15.57,-13.57
20320.00,10.55,8.43,4.22,2.20,-4.69,-10.00,-17.97,-16.59
20324.00,8.89,5.72,3.65,-3.68,-7.66,-15.80,-18.19,-13.85
20328.00,7.37,3.45,1.13,-5.21,-9.73,-14.19,-17.13,-10.37
20332.00,8.54,4.78,-4.89,-10.70,-11.99,-14.26,-15.69,-6.69
20336.00,6.47,-2.22,-3.79,-12.90,-14.69,-13.39,-12.45,-0.12
20340.00,2.55,-2.90,-7.27,-13.23,-15.41,-10.78,-5.83,0.74
20344.00,1.93,-8.15,-12.76,-13.38,-15.32,-11.55,-0.57,10.04
20348.00,-1.85,-8.20,-14.02,-16.23,-14.90,-6.76,2.23,13.45
20352.00,-6.43,-9.62,-11.83,-14.61,-10.13,-4.14,9.06,16.34
20356.00,-6.64,-11.65,-15.84,-12.20,-5.76,-0.31,12.21,21.76
20360.00,-7.87,-15.02,-15.48,-10.71,-1.56,4.42,16.51,23.38
20364.00,-14.02,-13.39,-11.38,-6.74,-1.07,9.41,18.97,27.73
20368.00,-11.88,-15.30,-8.63,-6.38,6.88,14.27,22.37,31.01
20372.00,-12.93,-11.58,-8.95,1.86,11.11,20.92,25.68,28.76
20376.00,-10.73,-8.12,-2.30,1.84,14.81,23.15,27.24,26.82
20380.00,-10.02,-6.85,-0.66,8.84,16.48,21.83,26.39,25.64
20384.00,-7.66,-2.97,2.48,12.45,20.30,23.52,28.19,22.37
20388.00,-6.71,-2.21,6.96,14.08,24.47,26.46,23.85,20.16
20392.00,-6.24,2.65,10.87,17.35,26.01,27.26,22.67,14.15
20396.00,-0.97,7.60,11.93,20.28,23.14,22.11,16.35,8.95
20400.00,0.09,9.75,17.00,20.48,23.23,22.70,15.97,5.16
20404.00,7.11,15.35,17.02,23.55,22.65,15.49,12.71,-0.18
20408.00,11.04,17.14,18.66,21.03,21.15,13.46,4.89,-3.99
20412.00,10.79,16.99,20.12,19.03,18.85,9.73,4.61,-6.58
20416.00,14.07,19.97,18.11,18.18,12.58,3.67,-0.92,-6.21
20420.00,13.73,20.30,19.28,13.20,10.63,2.05,-6.99,-8.80
20424.00,15.43,19.32,18.47,10.55,6.88,-2.87,-6.74,-9.67
20428.00,19.19,15.99,12.11,9.78,3.65,-5.41,-8.37,-10.40
20432.00,16.09,13.70,9.40,7.53,-0.24,-6.50,-8.80,-9.05
20436.00,13.86,13.74,8.59,0.02,-4.77,-10.04,-6.85,-5.17
20440.00,14.48,10.74,3.05,1.30,-4.34,-8.28,-6.63,-6.70
20444.00,9.53,6.80,3.56,-3.18,-5.26,-7.72,-5.61,-2.71
20448.00,9.25,5.74,1.23,-4.00,-5.46,-8.98,-4.98,1.85
20452.00,8.09,2.31,-5.14,-5.55,-5.01,-3.95,-2.99,3.70
20456.00,1.94,-3.39,-7.28,-7.98,-7.56,-4.90,0.81,2.71
20460.00,2.40,-2.53,-6.31,-5.00,-5.06,-2.50,4.19,7.75
20464.00,0.36,-3.93,-4.79,-7.57,-4.22,-1.34,7.15,7.43
20468.00,-4.10,-5.33,-8.45,-5.73,-3.16,4.66,5.70,8.47
20472.00,-2.91,-4.21,-7.66,-1.93,2.85,6.11,8.08,6.71
20476.00,-6.32,-7.72,-5.08,-1.25,1.31,5.15,6.25,5.12
20480.00,-7.77,-5.37,-0.54,-0.65,5.90,6.90,7.30,1.81
20484.00,-4.26,-2.29,0.42,3.20,5.24,8.84,6.14,-0.30
20488.00,-3.68,-1.32,1.68,2.59,4.12,3.85,0.94,-5.53
20492.00,-5.18,0.23,2.87,6.27,6.11,4.83,1.65,-6.88
20496.00,-3.30,1.05,4.46,5.95,5.44,-0.10,-5.21,-12.98
20500.00,-0.35,0.90,3.69,3.89,5.06,-2.68,-9.51,-15.33
20504.00,1.15,6.24,3.60,7.59,2.89,-6.58,-9.55,-15.77
20508.00,2.71,7.48,4.45,1.32,0.21,-5.55,-16.79,-21.81
20512.00,6.11,3.76,6.98,0.90,-5.04,-10.91,-19.62,-19.80
20516.00,4.54,3.12,2.01,1.07,-6.31,-14.22,-21.58,-21.97
20520.00,4.76,5.72,2.47,-5.79,-9.33,-16.04,-22.57,-19.40
20524.00,4.97,2.17,-3.05,-5.61,-11.50,-21.13,-19.55,-19.40
20528.00,2.14,0.89,-1.84,-9.00,-18.28,-18.26,-19.17,-18.34
20532.00,1.53,-2.36,-8.45,-12.74,-18.84,-19.81,-18.69,-11.02
20536.00,2.34,-2.50,-11.52,-17.91,-21.02,-19.95,-14.68,-7.60
20540.00,-1.51,-7.22,-15.14,-19.49,-21.05,-17.43,-11.42,-3.04
20544.00,-6.15,-9.72,-15.29,-20.91,-19.33,-17.06,-8.55,-0.71
20548.00,-4.32,-14.34,-19.10,-18.63,-19.88,-14.53,-2.56,6.21
20552.00,-7.17,-17.10,-16.80,-20.68,-16.77,-7.64,1.43,10.98
20556.00,-13.40,-19.06,-17.30,-19.23,-11.25,-6.35,3.61,16.63
20560.00,-14.45,-16.71,-20.05,-15.30,-10.50,2.81,10.87,20.53
20564.00,-15.49,-18.51,-14.60,-10.94,-6.57,3.64,16.57,20.50
20568.00,-18.27,-18.06,-16.80,-10.24,-1.65,8.52,15.68,23.40
20572.00,-15.52,-15.46,-12.77,-3.71,2.12,12.58,19.83,20.93
20576.00,-15.37,-16.09,-11.39,-1.81,8.85,17.07,21.81,22.06
20580.00,-16.14,-9.77,-3.61,3.74,9.58,17.00,20.12,21.57
20584.00,-14.12,-7.21,-0.83,6.84,14.25,20.83,21.78,17.44
20588.00,-9.81,-3.50,0.30,9.57,16.37,22.47,16.80,14.76
20592.00,-7.73,-1.42,3.82,14.79,16.02,18.66,18.55,9.67
20596.00,-3.94,1.76,9.77,17.14,20.10,19.03,13.74,3.10
20600.00,-2.31,6.32,13.78,14.85,20.22,14.04,10.87,-1.23
20604.00,-0.67,6.65,12.07,17.61,15.43,10.11,2.26,-2.42
20608.00,6.73,12.89,13.10,16.40,14.53,10.02,2.72,-6.67
20612.00,8.82,14.20,14.42,14.80,11.31,2.97,-1.47,-10.77
20616.00,9.88,15.95,17.51,15.53,9.65,2.68,-7.67,-11.14
20620.00,9.51,16.54,13.44,9.83,6.54,-3.36,-8.91,-16.95
20624.00,11.74,13.89,11.94,7.70,-1.55,-9.15,-11.86,-17.84
20628.00,12.32,14.90,7.60,2.62,-5.04,-8.73,-12.99,-14.74
20632.00,11.21,13.35,8.76,-0.09,-8.48,-12.35,-12.51,-13.68
20636.00,11.34,6.74,4.01,-1.28,-10.88,-15.28,-13.23,-10.94
20640.00,11.92,5.66,-1.11,-3.53,-13.12,-14.51,-15.68,-10.06
20644.00,10.04,2.40,-4.92,-10.29,-13.03,-13.05,-12.30,-7.35
20648.00,7.74,-0.87,-7.06,-8.93,-14.98,-12.59,-8.63,-3.76
20652.00,3.05,-2.32,-7.24,-13.23,-11.76,-10.55,-7.76,-3.74
20656.00,0.14,-6.66,-11.54,-12.04,-12.03,-10.68,-4.04,-2.61
20660.00,-1.61,-6.86,-11.19,-12.01,-9.11,-7.45,-0.21,-1.42
20664.00,-6.75,-6.36,-11.23,-8.98,-5.73,-3.08,0.96,2.65
20668.00,-5.43,-10.28,-9.19,-7.49,-4.71,-3.18,-1.19,0.62
20672.00,-8.78,-8.78,-8.12,-8.71,-5.42,1.95,-0.42,3.19
20676.00,-8.55,-7.48,-6.62,-7.63,-2.06,0.30,0.84,-2.22
20680.00,-7.02,-9.60,-6.01,-5.18,-0.78,-0.12,0.92,-1.56
20684.00,-8.87,-7.48,-5.66,-3.57,3.12,-0.52,-1.41,-7.31
20688.00,-5.71,-3.75,-3.84,-0.72,-0.28,1.10,-3.37,-6.78
20692.00,-8.45,-1.60,0.07,-0.51,2.70,-1.36,-6.57,-12.94
20696.00,-3.94,-2.74,-0.12,1.02,1.74,-3.48,-9.37,-18.19
20700.00,-4.03,1.05,-0.31,4.28,0.89,-5.62,-11.44,-20.36
20704.00,0.30,2.84,1.26,1.42,-4.54,-6.90,-17.08,-23.76
20708.00,0.07,1.21,3.57,-1.55,-6.75,-10.31,-17.39,-26.43
20712.00,0.05,1.62,-0.14,-3.01,-9.32,-16.89,-23.14,-23.55
20716.00,0.46,0.83,1.70,-3.22,-12.71,-18.14,-23.91,-25.06
20720.00,0.14,3.47,-1.50,-6.15,-13.83,-21.57,-24.46,-26.35
20724.00,2.36,0.51,-2.35,-12.94,-17.50,-21.10,-22.73,-20.78
20728.00,-0.31,-4.21,-7.76,-15.26,-18.10,-22.36,-22.91,-19.02
20732.00,2.17,-2.54,-11.20,-17.53,-21.75,-25.28,-22.36,-16.38
20736.00,-1.27,-5.45,-11.40,-18.36,-23.20,-25.66,-20.30,-9.72
20740.00,-5.90,-10.91,-14.76,-20.74,-23.27,-19.64,-13.88,-8.32
20744.00,-5.95,-13.62,-17.55,-24.28,-25.05,-17.43,-14.28,-1.58
20748.00,-7.20,-15.45,-22.26,-23.75,-19.84,-16.73,-8.75,1.02
20752.00,-14.08,-18.82,-20.85,-20.57,-17.75,-12.32,0.13,9.75
20756.00,-12.00,-20.10,-20.13,-21.47,-15.94,-5.25,1.22,13.35
20760.00,-14.96,-19.81,-18.59,-20.41,-10.35,-0.92,7.69,16.13
20764.00,-16.26,-21.55,-21.31,-16.95,-7.70,2.68,13.73,17.52
20768.00,-18.37,-21.43,-15.82,-13.48,-5.24,7.78,14.54,18.80
20772.00,-19.86,-18.60,-15.02,-5.90,1.31,11.30,17.66,18.30
20776.00,-18.24,-16.54,-9.77,-2.35,8.13,11.83,16.57,21.65
20780.00,-15.21,-14.01,-9.34,2.90,12.07,15.89,18.49,18.74
20784.00,-13.42,-9.13,-1.96,2.81,13.95,19.06,16.66,16.56
20788.00,-14.08,-7.01,-0.60,9.77,15.31,17.65,17.47,13.18
20792.00,-11.77,-2.04,5.31,11.38,16.37,15.39,13.69,9.14
20796.00,-8.47,0.09,7.29,15.26,18.49,16.03,8.80,1.15
20800.00,-2.45,3.66,9.70,13.89,18.54,12.60,7.67,-1.55
20804.00,0.20,7.79,11.12,14.89,13.96,11.99,0.77,-8.02
20808.00,2.87,12.34,14.84,15.75,12.99,4.78,0.45,-9.52
20812.00,5.41,14.30,16.74,13.71,10.77,1.79,-7.16,-14.00
20816.00,9.35,12.73,13.04,13.24,4.55,1.10,-7.27,-13.43
20820.00,9.49,15.13,12.31,9.33,2.88,-6.35,-13.18,-18.13
20824.00,13.33,12.04,11.52,8.66,0.39,-5.60,-12.33,-14.95
20828.00,13.24,10.22,10.68,3.91,-6.42,-12.39,-14.50,-15.45
20832.00,11.48,11.74,5.65,1.43,-8.27,-10.79,-15.34,-15.09
20836.00,12.04,9.10,1.17,-1.02,-8.54,-11.23,-12.77,-14.59
20840.00,7.89,3.57,0.19,-4.03,-11.10,-12.57,-13.80,-12.84
20844.00,8.88,1.85,-2.10,-9.91,-12.58,-15.39,-14.09,-8.80
20848.00,7.30,0.81,-4.40,-9.39,-12.35,-10.86,-11.41,-4.62
20852.00,5.10,-1.75,-5.93,-11.32,-10.04,-10.74,-9.10,-5.10
20856.00,0.13,-7.07,-9.27,-10.41,-12.70,-10.76,-2.71,-1.40
20860.00,-0.29,-6.17,-9.11,-9.05,-10.39,-7.86,-2.01,1.43
20864.00,-6.71,-8.60,-12.13,-8.57,-7.48,-5.10,2.33,2.57
20868.00,-6.57,-7.48,-11.26,-7.74,-6.95,-0.89,0.93,4.77
20872.00,-6.53,-7.97,-10.29,-7.46,-4.59,2.98,0.82,3.05
20876.00,-8.19,-9.14,-6.18,-5.30,-1.25,3.61,0.87,0.84
20880.00,-8.17,-8.62,-3.75,-1.49,0.13,3.61,4.18,-3.37
20884.00,-8.32,-5.07,-1.89,-1.52,2.55,3.71,-0.69,-6.52
20888.00,-4.41,-6.80,-1.83,2.97,4.65,4.33,0.31,-5.93
20892.00,-7.66,-2.56,1.68,2.84,3.52,-1.25,-1.74,-12.15
20896.00,-5.26,-3.18,0.15,5.58,0.27,-1.61,-4.87,-15.11
20900.00,-1.20,-0.29,3.64,4.54,2.57,-2.32,-10.33,-19.53
20904.00,0.94,2.26,3.36,0.56,1.01,-5.03,-15.31,-21.97
20908.00,3.37,1.99,4.39,2.15,-4.27,-11.50,-15.20,-21.19
20912.00,0.67,3.07,4.28,-2.05,-4.97,-12.59,-20.35,-20.88
20916.00,1.63,6.21,3.30,-2.24,-9.54,-17.27,-19.02,-22.34
20920.00,3.05,3.79,-2.40,-5.69,-14.09,-18.91,-20.76,-21.54
20924.00,4.04,-0.00,-0.86,-10.45,-14.07,-20.65,-23.24,-19.61
20928.00,3.12,0.90,-4.58,-11.93,-16.38,-23.18,-20.38,-15.08
20932.00,1.52,-1.44,-6.79,-15.77,-19.64,-22.79,-20.83,-14.91
20936.00,1.72,-6.14,-8.82,-16.35,-19.88,-20.93,-18.02,-10.28
20940.00,-2.65,-6.61,-12.19,-16.33,-19.33,-17.13,-12.23,-6.35
20944.00,-2.37,-8.32,-16.93,-17.10,-20.94,-17.98,-6.79,1.52
20948.00,-7.42,-14.60,-16.00,-17.15,-16.89,-11.02,-4.21,8.23
20952.00,-11.28,-17.12,-17.73,-16.76,-16.12,-6.27,-0.92,9.91
20956.00,-10.72,-14.13,-18.16,-19.59,-10.05,-1.96,4.52,14.85
20960.00,-12.71,-19.53,-16.74,-16.07,-10.54,1.26,10.29,17.24
20964.00,-16.39,-16.43,-16.36,-11.90,-4.60,5.92,13.31,20.19
20968.00,-14.07,-18.74,-13.38,-10.41,2.37,8.02,20.08,24.97
20972.00,-16.06,-13.09,-8.85,-5.59,6.38,16.75,23.06,23.24
20976.00,-15.90,-14.85,-8.55,-1.01,9.66,17.87,21.02,23.12
20980.00,-15.19,-10.86,-1.67,6.25,11.52,19.47,24.75,24.17
20984.00,-11.76,-6.74,-0.56,6.96,16.99,19.59,22.53,17.22
20988.00,-7.86,-1.48,2.63,14.94,19.03,21.05,21.48,14.55
20992.00,-8.66,1.96,10.48,17.00,19.49,21.75,20.37,13.25
20996.00,-2.33,1.63,11.86,19.56,20.34,22.55,15.84,8.78
21000.00,-1.68,8.95,12.60,19.21,22.10,16.28,9.74,3.24
21004.00,1.08,10.31,16.16,22.25,19.36,12.64,5.66,0.97
21008.00,7.40,14.86,16.57,19.69,16.39,14.03,4.03,-2.61
21012.00,8.07,16.85,18.56,17.18,13.03,6.30,-1.55,-5.41
21016.00,12.14,14.88,18.24,15.87,11.67,6.45,-2.70,-7.64
21020.00,12.20,18.95,15.63,15.75,9.60,-0.39,-4.17,-11.58
21024.00,14.64,15.89,14.38,11.19,2.89,-1.48,-10.16,-12.84
21028.00,18.11,15.05,12.40,6.15,1.75,-6.83,-7.17,-10.67
21032.00,14.71,15.29,12.33,3.60,-3.23,-6.51,-9.26,-7.89
21036.00,13.39,12.67,4.90,3.00,-3.03,-10.35,-8.78,-6.21
21040.00,14.89,7.61,3.85,0.13,-5.54,-7.16,-6.25,-5.31
21044.00,10.48,9.47,-0.86,-4.96,-7.20,-7.32,-8.51,-1.45
21048.00,9.28,2.78,1.05,-6.62,-7.63,-4.72,-6.37,-1.85
21052.00,7.10,0.86,-2.35,-6.78,-9.02,-4.00,-1.79,1.18
21056.00,6.25,1.26,-2.50,-7.51,-6.94,-3.91,-0.29,5.08
21060.00,0.30,-1.99,-5.05,-7.54,-3.18,-3.00,4.89,6.64
21064.00,-0.57,-6.51,-7.02,-5.15,-2.43,4.19,5.54,6.98
21068.00,-2.82,-6.78,-4.90,-3.88,-0.20,3.12,6.67,9.62
21072.00,-1.21,-4.21,-4.65,-3.60,4.53,7.47,7.63,8.88
21076.00,-5.02,-6.47,-0.56,-1.05,2.50,7.10,7.71,5.60
21080.00,-2.69,-1.18,1.06,3.41,8.50,6.24,10.35,6.72
21084.00,-2.72,-0.62,3.23,4.47,6.22,7.98,4.28,3.39
21088.00,-0.77,0.16,2.92,8.99,6.34,8.37,5.39,-2.15
21092.00,-1.45,-0.69,6.62,5.45,6.37,6.67,2.63,-3.62
21096.00,-0.66,2.91,4.86,8.15,9.43,4.31,-1.92,-6.61
21100.00,2.76,4.08,6.78,10.95,8.72,3.93,-4.63,-10.39
21104.00,3.33,8.58,8.53,8.28,4.14,0.83,-7.23,-14.66
21108.00,7.68,8.87,7.71,5.32,3.99,-5.93,-13.32,-15.47
21112.00,4.88,6.87,5.54,6.92,0.66,-8.73,-15.10,-18.62
21116.00,8.29,8.42,4.48,3.30,-3.77,-8.48,-14.35,-18.24
21120.00,8.16,8.31,5.56,0.96,-6.31,-10.55,-14.88,-17.83
21124.00,8.04,6.24,0.11,-1.92,-8.33,-14.44,-14.89,-13.53
21128.00,8.86,6.37,-2.01,-8.75,-10.10,-16.64,-14.59,-11.02
21132.00,6.65,2.04,-1.77,-8.77,-15.92,-14.31,-13.61,-6.54
21136.00,2.96,-1.46,-6.64,-13.97,-14.77,-14.21,-9.08,-5.02
21140.00,0.71,-4.72,-10.75,-11.79,-16.31,-15.75,-8.32,1.23
21144.00,-2.63,-7.65,-10.69,-16.23,-16.68,-12.51,-3.27,6.29
21148.00,-0.71,-10.65,-14.94,-12.77,-14.64,-6.09,-0.29,11.79
21152.00,-4.77,-12.89,-15.41,-14.55,-10.76,-4.44,7.70,15.79
21156.00,-6.18,-10.34,-15.67,-10.56,-5.89,-0.37,11.85,20.11
21160.00,-9.08,-12.67,-14.26,-12.46,-2.18,8.06,16.55,25.17
21164.00,-11.37,-13.60,-11.64,-4.77,1.75,10.83,22.59,28.65
21168.00,-12.36,-14.98,-9.00,-1.06,3.75,14.78,25.61,28.44
21172.00,-11.40,-11.05,-8.71,-1.45,8.95,18.05,27.01,28.51
21176.00,-12.32,-9.88,-2.42,4.11,15.65,20.29,27.08,27.48
21180.00,-10.76,-5.67,-1.99,8.78,17.68,22.95,30.57,28.79
21184.00,-7.98,-1.47,6.35,12.18,19.28,26.56,29.32,25.33
21188.00,-6.72,2.45,8.70,14.39,24.01,24.95,28.11,21.98
21192.00,-2.12,2.20,12.87,20.82,24.78,28.32,21.21,15.69
21196.00,2.09,5.68,16.35,20.67,26.88,26.07,19.62,14.24
21200.00,3.15,10.61,19.53,22.52,25.28,21.07,15.70,8.75
21204.00,5.60,12.17,22.98,25.14,23.55,21.04,14.70,4.38
21208.00,8.17,17.74,21.74,24.64,20.39,14.62,7.83,3.06
21212.00,15.24,18.75,24.53,22.53,16.71,12.58,3.44,-3.22
21216.00,16.96,21.08,21.67,22.41,16.86,7.04,0.68,-3.57
21220.00,15.74,23.17,22.93,17.18,13.95,4.10,-1.87,-6.07
21224.00,20.74,19.50,18.12,15.12,10.31,-1.02,-1.85,-5.07
21228.00,21.01,17.49,15.03,9.57,6.15,0.79,-3.98,-8.57
21232.00,20.13,15.76,11.76,7.63,0.79,-2.07,-8.35,-4.53
21236.00,18.31,17.81,9.88,4.77,-3.19,-5.12,-4.20,-2.29
21240.00,14.35,14.58,9.46,3.60,-0.66,-7.79,-2.11,-2.36
21244.00,15.40,11.22,2.17,0.12,-5.82,-7.07,-4.39,2.03
21248.00,12.85,7.14,0.49,-0.82,-6.06,-3.91,1.76,4.95
21252.00,9.86,3.03,-1.01,-2.13,-2.49,-1.17,3.56,8.77
21256.00,4.27,0.13,-2.26,-3.92,-5.16,-1.46,5.34,9.01
21260.00,3.12,1.23,-5.50,-5.46,-0.69,3.57,5.14,11.05
21264.00,0.09,-2.86,-3.12,-2.16,-2.08,5.32,7.74,12.34
21268.00,2.20,-3.39,-0.67,-0.39,3.51,4.89,12.60,10.14
21272.00,-2.16,-0.50,-2.34,3.24,3.76,10.90,11.90,12.93
21276.00,-0.68,-1.92,-1.08,1.02,8.27,11.86,12.74,7.09
21280.00,-0.46,-3.06,0.27,5.85,7.09,8.98,8.00,8.45
21284.00,0.19,-1.79,5.25,5.34,10.84,8.67,9.20,2.86
21288.00,-0.17,2.55,5.30,7.81,11.95,10.01,4.78,-1.32
21292.00,0.63,2.56,7.93,10.86,9.68,8.17,2.59,-3.02
21296.00,2.77,4.16,7.19,12.26,8.69,4.56,2.95,-5.67
21300.00,2.37,8.91,8.51,10.48,9.55,3.05,-1.64,-7.41
21304.00,6.87,10.15,9.79,7.71,3.70,-1.28,-5.36,-14.34
21308.00,7.44,8.30,11.33,8.51,5.23,-2.10,-11.08,-13.76
21312.00,9.50,7.06,10.81,4.92,2.05,-4.30,-13.40,-17.54
21316.00,9.00,7.39,8.32,1.70,-4.44,-11.48,-15.79,-16.96
21320.00,7.34,8.03,4.19,2.36,-5.26,-13.56,-13.73,-14.98
21324.00,10.14,7.67,4.44,-4.48,-9.88,-14.24,-15.65,-14.59
21328.00,6.25,2.82,0.96,-8.42,-11.21,-13.87,-14.78,-8.75
21332.00,8.14,4.14,-3.83,-6.90,-13.82,-13.84,-12.14,-8.84
21336.00,3.21,-1.59,-5.72,-11.55,-15.61,-13.39,-10.10,-4.78
21340.00,1.96,-3.19,-8.51,-14.56,-12.99,-13.90,-5.61,0.39
21344.00,-1.28,-4.55,-12.09,-12.87,-15.79,-9.51,-5.36,6.66
21348.00,-2.09,-10.06,-13.71,-12.62,-14.77,-9.57,-0.46,14.52
21352.00,-4.89,-8.20,-11.56,-16.02,-11.26,-3.40,4.18,17.00
21356.00,-9.83,-14.75,-13.39,-14.99,-8.61,3.31,9.49,22.30
21360.00,-9.49,-11.22,-13.04,-8.21,-1.60,5.79,17.41,22.59
21364.00,-12.66,-13.00,-13.50,-8.42,1.58,7.93,19.26,28.37
21368.00,-12.16,-15.32,-10.81,-3.65,3.31,13.99,23.25,28.84
21372.00,-13.25,-12.59,-6.44,1.85,9.23,20.56,26.47,28.30
21376.00,-13.99,-9.95,-4.30,2.97,11.87,19.93,27.18,27.58
21380.00,-11.22,-9.40,-1.42,5.90,15.93,25.41,26.87,27.27
21384.00,-9.48,-5.91,5.42,11.67,19.38,26.33,27.46,23.73
21388.00,-9.17,-0.11,6.75,16.95,21.67,25.47,23.88,20.29
21392.00,-7.09,3.79,9.60,16.28,24.69,26.41,24.18,13.56
21396.00,-2.27,3.89,16.19,18.19,25.26,24.54,19.15,9.56
21400.00,0.04,8.62,16.31,20.82,21.84,18.72,16.83,8.55
21404.00,3.55,14.90,19.38,21.05,21.00,19.37,8.74,0.27
21408.00,7.54,15.72,21.38,19.34,17.74,16.31,6.99,-0.97
21412.00,10.21,19.26,18.12,20.34,16.40,10.68,2.76,-5.67
21416.00,13.85,19.44,20.88,18.41,13.05,7.75,-2.55,-6.04
21420.00,15.42,18.03,19.33,17.45,11.71,0.25,-5.78,-9.13
21424.00,18.41,17.70,14.42,13.93,3.16,-3.03,-8.39,-7.87
21428.00,17.51,14.88,16.50,10.19,1.89,-5.38,-10.18,-7.28
21432.00,17.49,17.11,8.77,3.06,-0.05,-8.04,-7.60,-6.45
21436.00,16.73,14.89,9.93,2.03,-2.72,-6.89,-10.98,-8.00
21440.00,11.73,10.89,4.20,0.46,-6.69,-10.58,-7.43,-4.40
21444.00,10.57,6.04,1.57,-4.70,-9.33,-10.12,-8.50,-4.42
21448.00,10.85,4.14,-3.00,-4.20,-8.22,-9.51,-6.02,-1.50
21452.00,7.78,1.10,-2.90,-6.12,-6.16,-7.02,-1.62,5.42
21456.00,6.17,-3.33,-6.32,-5.53,-5.89,-5.32,1.68,5.84
21460.00,3.81,-1.02,-4.13,-8.55,-6.06,1.10,2.01,6.80
21464.00,-3.42,-4.80,-7.75,-7.71,-3.19,1.62,7.41,8.37
21468.00,-2.54,-6.87,-6.85,-4.01,0.33,3.85,5.03,9.04
21472.00,-4.18,-6.85,-5.88,-3.78,3.20,7.14,4.65,7.39
21476.00,-4.85,-5.28,-6.44,-2.34,3.29,6.69,6.89,3.16
21480.00,-3.11,-3.67,-3.70,0.44,6.98,7.90,6.79,3.96
21484.00,-3.02,-4.92,-2.14,3.64,6.38,4.50,3.60,-2.51
21488.00,-6.40,-4.38,0.51,4.61,5.14,3.79,2.50,-3.48
21492.00,-3.02,0.17,2.55,6.68,7.14,3.49,-0.74,-7.41
21496.00,-4.11,0.62,6.06,8.18,7.96,0.06,-2.92,-8.73
21500.00,-1.79,2.41,4.27,7.54,3.00,-2.49,-8.68,-14.83
21504.00,1.40,6.15,5.97,5.67,2.39,-4.08,-9.49,-17.51
21508.00,4.10,7.85,7.49,2.67,0.78,-7.07,-15.13,-20.74
21512.00,5.18,5.02,6.51,1.66,-6.39,-8.53,-19.35,-22.07
21516.00,7.30,5.75,1.75,-0.19,-9.79,-14.95,-17.41,-22.43
21520.00,7.06,4.44,-0.37,-3.59,-13.24,-15.80,-19.80,-20.10
21524.00,5.97,5.33,-1.68,-9.28,-12.15,-19.01,-21.96,-17.99
21528.00,3.07,2.53,-4.47,-8.27,-14.50,-18.99,-17.93,-14.33
21532.00,4.18,-0.61,-7.28,-13.22,-19.75,-18.21,-20.40,-10.21
21536.00,-0.74,-5.64,-10.89,-14.49,-17.21,-19.53,-14.05,-7.13
21540.00,-1.46,-9.10,-15.45,-18.71,-18.27,-20.19,-10.88,-2.03
21544.00,-2.84,-7.83,-14.51,-17.44,-17.46,-13.78,-8.61,0.55
21548.00,-6.01,-11.15,-14.77,-17.52,-16.92,-14.46,-5.14,6.58
21552.00,-8.62,-14.02,-16.32,-17.29,-13.69,-10.79,1.57,10.10
21556.00,-10.58,-15.27,-19.87,-16.09,-12.19,-2.42,3.85,16.52
21560.00,-13.69,-18.39,-18.30,-17.60,-8.86,2.75,8.52,16.96
21564.00,-16.49,-18.74,-15.38,-14.89,-5.63,3.67,13.32,19.67
21568.00,-17.04,-15.28,-15.85,-11.21,1.27,8.71,17.09,23.83
21572.00,-18.59,-16.93,-11.35,-5.80,5.98,11.61,19.27,24.98
21576.00,-17.16,-15.33,-11.14,-2.00,8.84,14.29,19.11,22.90
21580.00,-14.80,-10.35,-5.54,3.32,12.50,18.86,19.12,19.74
21584.00,-15.72,-7.66,-1.73,5.34,16.35,20.83,22.45,17.29
21588.00,-10.90,-5.50,4.72,9.56,16.14,21.85,17.59,15.11
21592.00,-10.66,-3.26,6.55,13.72,20.49,21.56,15.29,8.32
21596.00,-3.13,2.00,9.25,17.48,19.11,17.97,10.44,3.77
21600.00,-3.72,3.92,13.03,16.16,20.15,17.13,9.26,2.78
21604.00,2.74,7.39,15.39,18.09,18.11,12.70,2.94,-2.22
21608.00,5.53,9.04,14.58,14.63,11.87,8.07,-0.24,-9.43
21612.00,6.31,10.82,15.22,15.20,10.42,4.09,-2.14,-13.33
21616.00,8.53,14.23,16.93,12.04,9.51,-0.35,-8.88,-12.63
21620.00,12.16,12.12,16.04,11.78,3.11,-5.56,-10.66,-16.78
21624.00,11.55,12.76,13.52,6.53,-0.32,-6.44,-13.65,-16.35
21628.00,11.02,11.68,10.95,5.83,-2.43,-11.66,-11.94,-13.50
21632.00,11.30,12.50,5.58,-2.10,-8.60,-12.07,-12.41,-13.94
21636.00,11.59,10.30,5.92,-3.90,-6.59,-10.69,-14.45,-13.89
21640.00,11.76,5.65,-2.12,-7.67,-11.94,-15.94,-15.43,-8.18
21644.00,9.68,4.24,-3.73,-6.79,-11.71,-14.77,-10.00,-8.38
21648.00,4.73,0.15,-3.86,-11.22,-11.55,-13.23,-11.44,-4.14
21652.00,1.29,-4.48,-10.09,-11.80,-14.86,-11.95,-8.14,-0.54
21656.00,2.22,-6.39,-11.40,-12.60,-11.51,-7.21,-6.98,-2.47
21660.00,-0.75,-8.78,-9.94,-11.25,-7.72,-6.63,-0.55,1.08
21664.00,-5.78,-8.16,-9.38,-10.46,-9.55,-3.09,-1.83,0.88
21668.00,-7.33,-9.30,-10.41,-10.23,-4.64,-1.90,-0.84,0.24
21672.00,-7.71,-10.56,-9.14,-9.16,-5.05,-1.37,3.20,0.71
21676.00,-7.62,-11.60,-10.62,-5.46,-3.96,0.27,1.04,1.47
21680.00,-9.60,-6.60,-5.38,-4.34,1.85,2.13,1.49,-3.81
21684.00,-7.19,-7.97,-6.72,-0.37,3.39,0.01,0.93,-5.89
21688.00,-8.70,-4.29,-1.34,2.44,0.94,-0.84,-3.71,-8.70
21692.00,-6.45,-5.67,-0.31,3.06,0.97,1.74,-6.75,-13.47
21696.00,-6.32,0.30,0.81,0.73,0.15,-3.66,-6.84,-14.68
21700.00,-3.17,2.11,4.14,1.82,-0.95,-3.76,-11.94,-19.91
21704.00,-2.42,-0.24,1.17,2.83,-2.90,-7.65,-15.92,-22.94
21708.00,-1.68,1.53,3.43,1.93,-5.59,-13.26,-18.69,-24.09
21712.00,-0.43,2.45,2.19,-0.99,-9.01,-13.61,-19.52,-24.94
21716.00,2.50,2.11,-1.71,-4.50,-11.53,-19.59,-23.52,-25.48
21720.00,2.28,-0.34,-1.60,-9.38,-15.21,-22.64,-24.39,-24.21
21724.00,4.54,0.31,-3.89,-13.08,-18.30,-24.41,-25.16,-23.25
21728.00,1.72,0.11,-7.13,-14.03,-19.54,-23.65,-24.70,-22.16
21732.00,2.34,-3.98,-12.11,-18.77,-22.38,-26.44,-23.63,-16.86
21736.00,-0.78,-8.77,-13.73,-17.70,-20.67,-25.60,-18.78,-13.77
21740.00,-2.60,-9.72,-16.01,-18.86,-21.51,-22.79,-16.26,-6.60
21744.00,-5.82,-14.58,-18.82,-22.81,-22.35,-17.58,-11.99,-4.06
21748.00,-10.02,-13.05,-21.78,-23.09,-23.60,-14.68,-7.22,3.60
21752.00,-9.90,-17.80,-20.83,-20.94,-16.79,-9.99,-0.51,5.89
21756.00,-12.19,-16.83,-22.09,-22.02,-17.84,-5.23,3.16,13.22
21760.00,-17.64,-21.48,-20.88,-18.89,-13.35,-1.15,7.62,16.89
21764.00,-18.17,-20.14,-17.92,-13.18,-9.30,4.27,13.36,18.86
21768.00,-20.73,-19.12,-19.44,-10.89,-2.64,7.53,12.52,19.50
21772.00,-20.18,-18.42,-12.71,-8.50,2.12,10.86,15.12,19.46
21776.00,-21.03,-14.43,-12.45,-1.63,4.75,12.29,17.87,17.85
21780.00,-15.75,-14.74,-7.90,0.11,9.53,18.21,18.19,18.31
21784.00,-15.24,-10.59,-2.97,2.91,14.73,18.99,15.97,12.68
21788.00,-13.87,-7.66,0.76,7.28,16.95,16.11,15.26,11.75
21792.00,-12.58,-2.77,5.83,13.90,17.56,17.43,14.20,9.49
21796.00,-6.43,1.82,7.57,15.53,16.02,17.59,12.71,3.24
21800.00,-2.57,3.74,12.80,14.37,16.17,12.88,8.76,-1.79
21804.00,-1.49,5.25,13.28,15.16,15.54,8.20,1.26,-3.18
21808.00,1.71,8.71,15.57,14.13,13.38,4.52,-0.33,-6.89
21812.00,6.72,10.64,16.56,12.87,10.23,2.81,-6.30,-14.71
21816.00,9.29,13.98,15.44,11.92,7.70,-0.40,-8.41,-16.48
21820.00,10.26,14.24,11.73,9.96,2.35,-6.23,-10.84,-17.62
21824.00,13.02,11.71,8.88,5.95,0.66,-7.08,-15.30,-17.21
21828.00,11.28,13.89,9.82,2.67,-3.45,-12.45,-13.45,-13.98
21832.00,14.79,8.15,5.14,-1.45,-7.80,-14.37,-15.97,-13.02
21836.00,9.14,8.16,2.00,-2.56,-8.08,-11.79,-16.34,-13.81
21840.00,12.10,5.64,-1.23,-3.90,-13.11,-14.05,-13.81,-10.38
21844.00,9.10,4.01,-3.88,-10.37,-10.24,-14.58,-12.57,-9.28
21848.00,3.54,1.95,-3.26,-9.92,-15.05,-10.20,-11.36,-4.71
21852.00,3.11,-4.23,-10.17,-12.72,-12.39,-9.11,-6.86,-1.90
21856.00,1.14,-5.51,-9.99,-12.82,-9.14,-11.03,-4.97,-0.47
21860.00,-2.33,-5.42,-10.94,-8.72,-11.72,-6.29,-2.38,1.06
21864.00,-4.71,-6.27,-12.02,-9.44,-5.49,-2.87,-0.07,1.82
21868.00,-5.26,-11.42,-11.82,-10.43,-3.01,0.23,1.77,0.11
21872.00,-6.20,-7.76,-8.21,-7.72,-2.44,0.70,5.06,-0.16
21876.00,-7.08,-8.42,-6.44,-2.47,-0.81,2.60,1.52,-0.81
21880.00,-10.39,-7.67,-3.54,-4.33,2.21,0.55,2.87,0.30
21884.00,-7.77,-7.87,-1.33,-1.16,0.24,2.89,2.59,-2.30
21888.00,-5.10,-5.46,-2.32,1.57,2.89,2.35,-1.61,-5.63
21892.00,-6.51,-3.50,-1.34,0.42,3.45,2.68,-3.36,-9.63
21896.00,-3.02,0.86,2.31,5.99,1.88,-2.90,-9.55,-15.55
21900.00,-2.66,-0.83,4.62,4.90,-0.45,-1.41,-9.48,-15.42
21904.00,-2.23,3.82,2.02,2.03,-1.47,-7.16,-14.94,-19.70
21908.00,0.90,2.64,4.27,3.05,-3.10,-11.61,-15.52,-21.17
21912.00,1.01,5.01,1.39,0.77,-6.42,-11.51,-21.20,-22.24
21916.00,1.72,3.05,2.65,-3.58,-10.46,-15.82,-19.62,-25.73
21920.00,2.71,2.86,1.36,-3.50,-10.15,-20.12,-22.85,-22.02
21924.00,5.19,0.79,-0.91,-9.36,-12.86,-22.87,-22.48,-19.27
21928.00,1.71,0.91,-7.00,-9.19,-19.74,-19.37,-20.03,-15.48
21932.00,1.30,-1.66,-8.15,-12.86,-17.74,-21.57,-21.00,-13.46
21936.00,-0.20,-5.40,-9.69,-17.72,-18.05,-18.66,-17.04,-11.18
21940.00,0.71,-7.84,-12.83,-20.33,-18.18,-18.59,-10.67,-5.55
21944.00,-5.34,-9.78,-13.26,-17.19,-19.34,-16.62,-7.77,0.40
21948.00,-5.28,-11.44,-15.55,-17.66,-18.15,-14.25,-3.92,4.29
21952.00,-9.81,-14.20,-18.31,-20.17,-14.86,-10.57,1.03,9.28
21956.00,-12.27,-15.22,-19.17,-15.05,-9.87,-1.46,6.09,13.83
21960.00,-13.26,-15.60,-19.10,-12.66,-8.64,1.21,10.13,21.59
21964.00,-14.82,-15.05,-14.84,-12.13,-2.82,5.80,15.78,24.23
21968.00,-17.72,-17.00,-16.11,-7.24,0.69,10.38,20.80,24.15
21972.00,-15.80,-15.12,-9.30,-5.46,4.58,16.27,21.79,22.99
21976.00,-13.38,-15.37,-6.58,-1.52,11.21,19.19,24.46,22.53
21980.00,-15.47,-8.64,-4.17,6.24,13.97,18.36,24.83,20.28
21984.00,-13.86,-8.83,1.19,7.77,16.66,22.91,23.83,20.98
21988.00,-8.42,-3.78,3.59,11.11,19.27,22.40,18.99,14.83
21992.00,-8.03,0.18,10.05,14.86,20.29,22.38,19.87,14.42
21996.00,-5.61,2.33,10.02,19.10,19.30,18.19,14.40,8.18
22000.00,-2.04,5.36,15.99,18.27,19.03,18.92,10.24,3.15
22004.00,4.76,11.53,15.83,19.98,17.14,17.02,9.41,-2.49
22008.00,7.80,11.41,16.89,21.97,15.61,12.18,5.98,-3.73
22012.00,9.43,15.43,19.72,20.59,13.37,7.49,0.32,-6.24
22016.00,11.13,14.76,16.78,16.93,11.41,4.73,-2.49,-11.95
22020.00,16.73,16.56,17.57,12.35,7.08,2.81,-8.13,-9.01
22024.00,15.17,19.41,17.55,13.17,5.15,-5.22,-7.34,-13.65
22028.00,15.73,17.48,15.19,9.00,1.95,-6.93,-9.75,-9.80
22032.00,15.65,16.57,12.27,5.74,-0.51,-5.78,-9.01,-11.49
22036.00,15.30,12.94,6.00,1.30,-2.56,-8.70,-8.38,-8.34
22040.00,14.80,11.36,5.33,-2.18,-7.87,-10.35,-10.46,-5.75
22044.00,11.55,4.82,2.25,-6.19,-8.35,-6.91,-8.02,0.09
22048.00,9.48,4.22,-1.49,-3.46,-5.42,-6.54,-2.44,-0.41
22052.00,5.58,4.09,-1.61,-7.45,-6.82,-7.69,-1.36,5.57
22056.00,4.84,-0.89,-6.24,-6.15,-4.89,-1.77,2.86,7.54
22060.00,1.47,-5.14,-5.69,-8.14,-2.91,0.82,4.85,6.81
22064.00,-1.65,-3.55,-7.72,-4.49,-2.88,-0.20,5.97,10.44
22068.00,-2.99,-2.85,-5.93,-1.40,1.44,3.43,7.13,10.14
22072.00,-1.32,-6.95,-2.91,-2.02,2.84,8.64,6.35,6.56
22076.00,-5.51,-6.01,-2.24,1.97,5.17,5.80,7.38,5.19
22080.00,-3.38,-1.45,-1.58,3.95,7.48,10.04,8.64,3.81
22084.00,-5.70,-1.40,-0.49,6.79,9.51,7.89,4.13,3.34
22088.00,-1.95,-1.88,3.49,8.48,8.01,6.61,2.61,-2.79
22092.00,-2.69,3.30,4.75,9.23,6.61,4.69,-0.12,-4.14
22096.00,1.75,2.21,4.72,7.84,8.95,5.56,-2.60,-8.34
22100.00,2.10,7.24,9.65,8.60,6.66,0.79,-5.81,-12.97
22104.00,4.02,5.73,9.74,8.00,4.19,1.00,-9.28,-13.74
22108.00,3.80,9.80,5.98,5.03,0.19,-5.99,-11.06,-18.45
22112.00,5.62,8.02,9.07,5.42,0.52,-7.28,-12.14,-18.58
22116.00,7.21,8.96,7.89,1.17,-2.55,-11.96,-16.51,-18.59
22120.00,7.11,8.40,2.69,-1.55,-7.41,-15.19,-16.55,-16.34
22124.00,6.73,6.54,1.65,-2.74,-11.28,-16.75,-16.06,-13.29
22128.00,8.60,6.24,-0.16,-7.43,-12.67,-13.89,-13.59,-11.70
22132.00,7.50,4.15,-4.60,-10.92,-14.74,-15.13,-12.32,-6.10
22136.00,2.11,-2.74,-8.55,-13.48,-16.58,-15.40,-13.25,-1.65
22140.00,1.34,-3.23,-7.19,-12.23,-13.13,-14.42,-4.94,3.90
22144.00,-2.67,-7.96,-12.77,-14.81,-15.46,-11.93,-1.76,6.28
22148.00,-3.14,-7.98,-11.65,-12.65,-11.42,-9.74,-0.12,14.88
22152.00,-7.92,-10.16,-16.15,-14.62,-9.74,-3.58,6.49,16.17
22156.00,-8.28,-10.65,-14.67,-11.73,-9.57,2.83,11.84,21.67
22160.00,-12.06,-13.74,-11.70,-9.78,-4.22,8.41,16.36,27.40
22164.00,-9.50,-14.39,-11.94,-7.26,3.16,9.70,20.89,28.51
22168.00,-11.22,-10.62,-9.99,-1.14,7.84,13.48,24.75,31.22
22172.00,-15.01,-9.40,-7.02,3.02,11.86,19.29,26.31,31.64
22176.00,-12.60,-10.05,-1.69,5.91,12.90,22.38,27.95,27.57
22180.00,-13.02,-7.87,-0.81,7.39,20.14,25.12,29.94,29.74
22184.00,-6.89,-1.30,2.42,11.48,23.09,27.11,26.46,22.93
22188.00,-4.80,-0.26,10.81,17.27,22.89,29.35,24.84,20.41
22192.00,-4.19,2.32,11.02,18.04,22.75,27.47,24.56,17.44
22196.00,-2.35,7.16,17.87,21.57,24.11,25.17,18.90,10.52
22200.00,2.57,11.86,18.06,23.93,24.21,23.78,17.15,9.88
22204.00,7.63,12.49,20.31,26.30,22.91,17.01,13.39,4.48
22208.00,11.66,17.79,19.56,21.07,22.55,15.61,5.91,2.87
22212.00,14.50,19.86,21.00,22.55,16.17,14.41,4.04,-4.20
22216.00,14.35,20.55,22.87,21.58,15.81,7.05,1.09,-5.47
22220.00,19.76,21.24,18.66,17.10,12.81,4.76,-1.15,-8.08
22224.00,21.06,19.79,19.60,15.21,7.74,0.31,-4.28,-6.98
22228.00,20.38,19.00,18.08,11.48,3.94,-3.36,-7.82,-5.82
22232.00,20.99,17.33,11.89,9.67,0.55,-4.45,-8.10,-7.19
22236.00,18.32,16.70,11.97,2.91,1.15,-2.92,-6.29,-2.12
22240.00,15.32,14.42,5.16,1.25,-2.61,-7.27,-6.57,-0.15
22244.00,15.96,7.35,4.14,-1.35,-6.36,-3.39,-1.29,1.51
22248.00,13.64,5.20,1.12,-3.31,-3.95,-2.46,-2.77,2.36
22252.00,8.12,5.47,1.36,-3.58,-2.00,-0.07,2.86,6.55
22256.00,6.20,2.96,-2.60,-2.41,-5.48,2.08,5.78,10.89
22260.00,2.75,0.01,-1.80,-1.35,-2.55,3.67,9.28,13.03
22264.00,3.70,-0.29,-5.45,-3.89,-1.39,5.39,7.43,10.54
22268.00,-1.49,-3.41,-4.67,0.79,1.88,9.09,11.75,9.64
22272.00,-0.24,-3.23,-1.61,-1.38,6.94,8.65,13.42,11.04
22276.00,-2.21,-0.21,-2.24,1.59,8.69,11.43,13.42,8.66
22280.00,-0.07,-2.16,-0.71,2.69,8.11,11.13,9.65,8.09
22284.00,0.06,-0.61,1.75,8.16,8.79,13.06,6.67,5.12
22288.00,-0.01,2.55,3.35,10.02,9.05,8.63,6.38,3.17
22292.00,-1.91,4.63,9.31,7.95,11.90,7.69,2.89,-4.39
22296.00,4.11,3.69,9.80,8.38,8.30,5.87,2.76,-5.00
22300.00,2.31,6.04,7.15,10.80,10.29,4.72,-5.16,-9.97
22304.00,2.73,10.56,9.72,9.46,5.14,-1.66,-8.50,-11.38
22308.00,8.31,9.48,9.58,8.87,5.29,-0.95,-9.17,-14.18
22312.00,8.63,8.55,11.20,6.14,1.80,-4.14,-14.19,-14.27
22316.00,7.33,8.86,6.20,1.63,-0.82,-8.07,-13.61,-16.48
22320.00,8.29,8.44,6.25,2.08,-8.61,-10.99,-16.04,-15.74
22324.00,6.63,6.74,0.98,-4.66,-9.71,-13.88,-13.86,-12.48
22328.00,8.38,7.03,0.52,-4.28,-10.03,-17.57,-15.18,-12.53
22332.00,7.52,2.93,-4.63,-10.06,-14.99,-14.37,-12.44,-8.28
22336.00,4.42,-1.23,-7.95,-9.25,-14.53,-12.86,-9.71,-2.05
22340.00,2.34,-0.49,-7.03,-13.60,-13.99,-11.62,-6.38,0.83
22344.00,1.91,-3.99,-12.00,-16.73,-15.18,-8.34,-1.19,7.77
22348.00,-4.40,-7.04,-12.97,-15.06,-13.36,-6.09,1.17,10.17
22352.00,-6.06,-11.47,-13.05,-13.99,-8.84,-1.92,8.69,15.78
22356.00,-9.93,-13.20,-15.61,-13.57,-8.32,-0.18,10.26,22.01
22360.00,-8.70,-11.10,-14.36,-9.70,-1.73,6.17,17.63,22.69
22364.00,-12.81,-12.76,-12.46,-8.70,2.81,10.90,19.64,29.80
22368.00,-15.31,-13.79,-10.20,-2.39,6.78,14.48,23.05,29.49
22372.00,-14.63,-10.92,-9.12,1.12,11.14,16.17,23.25,26.91
22376.00,-12.97,-10.31,-6.07,2.12,10.99,20.26,28.24,30.57
22380.00,-12.12,-9.75,-0.94,8.52,17.87,24.43,25.99,26.67
22384.00,-12.00,-3.74,1.33,13.62,18.58,25.89,28.89,24.53
22388.00,-6.79,-2.16,6.34,16.16,22.36,23.56,25.98,17.47
22392.00,-4.99,2.62,9.86,16.52,26.00,24.67,20.27,14.94
22396.00,-2.78,4.60,14.68,19.34,25.92,24.25,20.36,12.39
22400.00,2.18,9.02,17.05,19.76,24.54,21.87,16.22,4.86
22404.00,7.18,12.72,18.49,19.80,19.31,19.52,10.23,2.51
22408.00,8.72,13.76,18.94,22.09,19.49,15.67,7.16,-0.69
22412.00,10.03,16.28,22.45,19.05,17.88,8.35,0.12,-5.14
22416.00,12.85,20.72,20.07,18.83,11.73,7.92,-1.16,-6.61
22420.00,17.31,20.76,19.37,14.16,11.07,2.85,-3.70,-11.41
22424.00,14.83,17.16,15.59,9.83,5.90,-1.67,-4.79,-9.37
22428.00,18.05,18.12,16.66,6.52,0.39,-1.99,-6.00,-8.75
22432.00,18.31,17.79,11.55,4.42,-3.02,-6.38,-9.11,-8.94
22436.00,13.80,14.39,7.16,1.43,-2.62,-7.17,-8.85,-4.31
22440.00,16.54,11.50,6.11,0.02,-6.65,-10.07,-5.46,-4.30
22444.00,12.43,8.93,-0.65,-3.45,-7.80,-6.79,-4.83,-3.09
22448.00,9.14,2.06,0.01,-3.09,-8.69,-5.13,-3.78,-0.09
22452.00,6.87,1.14,-4.82,-5.98,-9.41,-6.48,-3.10,3.25
22456.00,3.75,-2.39,-5.45,-8.29,-4.56,-2.04,0.95,4.14
22460.00,-0.54,-1.35,-7.55,-5.85,-6.23,-2.04,5.25,8.99
22464.00,-1.09,-4.49,-7.60,-7.40,-2.11,-0.37,5.00,8.80
22468.00,-0.78,-4.91,-4.96,-6.23,-0.21,2.92,4.93,4.92
22472.00,-2.10,-8.30,-6.00,-4.17,3.51,7.12,6.72,5.49
22476.00,-7.15,-5.74,-2.30,-0.39,3.82,5.44,6.87,6.37
22480.00,-5.01,-3.50,-4.06,2.53,4.84,4.80,5.54,4.02
22484.00,-5.61,-3.74,-2.50,5.41,4.51,9.08,4.88,0.48
22488.00,-2.92,-4.06,3.46,2.83,8.67,6.20,3.32,-3.36
22492.00,-2.27,-0.30,4.12,4.19,8.32,1.99,-0.97,-8.54
22496.00,-0.59,0.87,6.28,7.38,3.32,2.09,-6.52,-12.68
22500.00,0.35,5.32,6.37,7.75,6.22,0.13,-7.54,-14.92
22504.00,1.60,4.07,5.47,5.36,0.57,-3.86,-12.60,-17.25
22508.00,1.67,7.21,4.92,5.17,0.16,-6.25,-14.49,-19.06
22512.00,3.76,7.71,3.16,2.79,-2.15,-11.61,-15.54,-18.87
22516.00,2.67,7.06,4.35,1.20,-9.53,-12.30,-20.47,-21.42
22520.00,7.67,2.14,2.92,-6.07,-8.86,-17.62,-22.88,-21.16
22524.00,3.80,1.22,0.95,-6.26,-13.43,-17.75,-20.91,-21.23
22528.00,4.36,-0.97,-1.80,-12.12,-18.09,-18.77,-18.99,-15.65
22532.00,2.18,-3.24,-6.17,-13.45,-16.18,-18.26,-16.24,-13.31
22536.00,-0.83,-6.27,-11.15,-13.84,-20.05,-20.13,-15.49,-8.28
22540.00,-0.01,-8.41,-14.19,-18.33,-21.27,-17.15,-13.43,-2.24
22544.00,-4.50,-10.74,-15.07,-17.30,-18.20,-16.21,-10.55,0.61
22548.00,-6.26,-12.79,-17.44,-21.78,-16.30,-12.25,-6.05,6.74
22552.00,-6.97,-15.11,-20.37,-18.35,-16.92,-8.22,0.80,11.91
22556.00,-13.95,-15.49,-19.20,-19.82,-11.98,-2.89,6.58,14.50
22560.00,-14.51,-15.18,-20.13,-15.93,-9.18,0.34,9.14,21.53
22564.00,-16.03,-20.34,-14.82,-12.18,-3.82,6.18,12.15,20.88
22568.00,-15.98,-17.35,-15.44,-7.34,1.70,10.85,17.19,25.20
22572.00,-16.97,-16.63,-10.35,-3.32,6.15,14.66,20.06,21.09
22576.00,-15.79,-13.14,-11.15,0.29,7.19,13.70,19.70,23.41
22580.00,-15.89,-12.83,-3.53,5.34,9.56,18.08,19.37,21.77
22584.00,-14.47,-6.45,-0.52,7.61,17.00,18.32,22.66,17.57
22588.00,-12.47,-4.82,4.47,10.57,18.52,18.81,19.67,13.48
22592.00,-7.64,-4.01,6.06,14.53,17.85,20.76,18.69,11.34
22596.00,-4.49,3.00,8.02,17.04,18.66,19.34,12.11,5.15
22600.00,-4.18,5.69,13.87,17.42,19.12,12.86,8.27,0.17
22604.00,1.94,6.40,14.52,17.91,18.04,11.51,5.52,-2.93
22608.00,5.06,9.43,13.19,16.97,16.31,7.71,-0.60,-7.76
22612.00,8.57,12.10,13.57,14.00,11.60,6.31,-5.18,-10.51
22616.00,8.66,12.63,17.80,12.04,5.69,1.75,-5.55,-11.79
22620.00,9.99,16.82,14.13,11.13,2.52,-2.42,-10.22,-13.36
22624.00,12.45,16.03,10.40,9.67,0.13,-5.24,-14.65,-13.97
22628.00,14.55,14.42,10.27,5.98,-2.24,-11.10,-16.16,-15.38
22632.00,12.75,11.71,6.43,1.39,-4.48,-12.28,-12.60,-16.21
22636.00,9.64,8.28,1.31,-1.75,-10.84,-14.31,-13.20,-10.42
22640.00,11.25,6.42,0.16,-7.40,-10.57,-13.88,-12.12,-12.46
22644.00,10.48,1.17,-3.40,-8.35,-11.56,-11.12,-12.84,-7.93
22648.00,3.06,-0.32,-7.48,-10.05,-10.34,-11.72,-9.06,-4.68
22652.00,0.65,-1.69,-7.77,-10.02,-12.03,-9.31,-7.85,-2.27
22656.00,-0.98,-7.40,-11.53,-10.34,-10.37,-7.58,-6.64,0.97
22660.00,-1.96,-6.13,-10.28,-12.16,-9.42,-7.78,-2.91,-1.33
22664.00,-4.68,-6.35,-12.36,-8.91,-10.14,-6.50,1.24,3.75
22668.00,-6.86,-8.55,-12.24,-9.99,-5.51,-3.41,2.99,2.65
22672.00,-6.29,-10.66,-10.86,-7.35,-1.39,-1.94,1.14,-1.02
22676.00,-7.19,-12.07,-10.44,-6.18,0.94,-0.36,-0.16,1.02
22680.00,-10.77,-7.11,-7.33,-4.65,-2.07,2.16,-0.25,-3.79
22684.00,-9.53,-9.24,-4.03,0.51,-0.32,0.45,-2.51,-7.99
22688.00,-5.47,-5.76,-4.58,-0.11,2.64,1.12,-4.43,-10.13
22692.00,-4.64,-3.87,-0.57,1.72,0.37,0.47,-3.60,-11.74
22696.00,-3.89,-3.21,2.47,4.29,2.66,-4.29,-10.71,-14.05
22700.00,-5.38,1.83,2.44,2.98,-0.05,-6.90,-12.21,-19.49
22704.00,-0.40,-0.60,2.40,2.14,-1.31,-10.41,-14.28,-23.20
22708.00,1.65,0.59,1.97,1.37,-6.69,-9.50,-17.52,-23.17
22712.00,2.89,3.33,0.87,-0.73,-5.94,-14.51,-22.21,-25.95
22716.00,2.88,2.05,0.06,-4.66,-13.34,-17.91,-26.02,-24.55
22720.00,3.71,1.84,-1.61,-6.75,-13.17,-20.01,-22.90,-25.39
22724.00,2.40,0.32,-2.59,-9.39,-17.96,-24.20,-22.83,-22.79
22728.00,3.05,-0.14,-8.45,-16.05,-22.27,-23.34,-26.74,-19.90
22732.00,2.01,-6.50,-12.25,-15.45,-22.36,-25.69,-24.92,-15.12
22736.00,-0.61,-7.78,-12.45,-17.80,-23.90,-24.69,-17.71,-11.29
22740.00,-4.84,-9.67,-16.85,-21.52,-23.66,-23.73,-16.91,-5.79
22744.00,-8.99,-14.56,-18.10,-24.52,-21.28,-16.86,-11.40,-3.25
22748.00,-6.91,-14.48,-18.09,-23.76,-22.76,-16.21,-7.59,4.37
22752.00,-10.37,-15.99,-22.43,-21.13,-19.24,-12.91,-2.70,7.51
22756.00,-14.14,-19.52,-19.37,-18.58,-13.07,-8.52,3.40,13.58
22760.00,-15.31,-19.95,-21.31,-15.88,-10.52,-2.30,8.58,16.44
22764.00,-17.71,-18.35,-18.09,-16.77,-8.75,3.37,10.60,16.98
22768.00,-20.63,-21.23,-16.42,-12.52,-3.94,7.04,16.02,18.64
22772.00,-20.13,-20.74,-15.31,-6.57,3.07,10.12,16.00,19.98
22776.00,-20.15,-16.66,-9.47,-5.03,7.79,11.92,17.12,18.65
22780.00,-16.16,-16.02,-6.85,-0.02,9.14,16.61,18.61,17.50
22784.00,-14.84,-11.81,-5.39,4.96,14.97,15.88,16.60,12.39
22788.00,-12.29,-5.61,0.11,6.46,12.63,15.62,15.50,10.43
22792.00,-10.09,-3.71,3.01,11.45,14.33,15.76,13.05,9.13
22796.00,-9.07,2.52,8.02,16.26,17.80,14.04,9.39,0.82
22800.00,-4.84,4.07,10.86,15.73,17.16,14.29,5.74,0.88
22804.00,-0.64,8.04,12.88,13.52,15.78,9.99,5.49,-3.46
22808.00,2.34,9.78,14.74,12.90,11.72,7.54,-2.47,-11.46
22812.00,6.42,10.80,15.14,13.62,8.17,1.72,-5.13,-12.15
22816.00,10.50,12.64,14.37,11.44,7.09,1.13,-10.99,-13.63
22820.00,8.66,15.53,14.83,7.53,4.22,-5.78,-11.12,-14.07
22824.00,13.83,15.48,13.81,6.70,1.55,-10.02,-15.99,-15.72
22828.00,12.00,11.21,10.28,2.37,-1.72,-10.18,-15.46,-14.67
22832.00,11.52,8.73,7.32,0.62,-7.67,-14.07,-16.52,-16.16
22836.00,12.19,6.59,0.86,-5.51,-8.34,-12.55,-13.31,-14.22
22840.00,8.13,7.08,-1.72,-7.88,-10.99,-16.41,-16.08,-8.92
22844.00,8.99,4.56,-2.60,-9.13,-12.64,-13.56,-14.40,-6.19
22848.00,3.03,0.27,-6.52,-10.12,-11.03,-11.60,-9.58,-3.34
22852.00,2.75,-1.19,-9.92,-13.00,-10.61,-12.01,-6.39,-5.09
22856.00,0.51,-4.44,-7.61,-10.20,-11.97,-6.55,-6.15,-2.74
22860.00,-4.58,-9.05,-8.35,-11.65,-9.65,-7.24,-1.38,2.25
22864.00,-5.38,-8.34,-12.42,-10.23,-5.47,-5.47,-0.29,3.31
22868.00,-3.69,-9.28,-10.48,-9.79,-4.24,-0.31,-0.65,2.33
22872.00,-6.51,-9.82,-7.05,-7.05,-1.11,1.89,4.93,2.99
22876.00,-7.97,-8.38,-8.68,-6.29,-1.14,4.12,1.72,2.22
22880.00,-6.76,-5.47,-7.13,-1.64,1.11,3.15,4.20,-1.71
22884.00,-9.33,-7.77,-2.71,-0.44,0.80,5.29,-1.71,-6.07
22888.00,-6.68,-3.24,-1.09,3.10,4.32,2.89,-1.42,-9.03
22892.00,-6.56,-3.05,-0.79,2.01,1.33,0.49,-2.40,-11.39
22896.00,-3.51,1.40,1.53,4.07,0.45,-0.00,-8.17,-15.54
22900.00,-4.29,0.46,3.57,1.31,-1.19,-2.38,-9.44,-18.88
22904.00,1.12,1.38,1.84,1.71,-0.31,-6.83,-15.68,-22.58
22908.00,1.81,4.48,4.68,0.99,-1.39,-9.27,-16.04,-23.82
22912.00,2.82,3.17,4.77,-2.66,-4.40,-14.94,-18.93,-25.03
22916.00,5.32,1.67,0.74,-5.40,-11.40,-16.32,-22.97,-25.27
22920.00,5.42,4.20,-2.27,-6.57,-10.00,-18.29,-20.42,-20.87
22924.00,3.22,1.88,-3.25,-10.92,-13.87,-21.15,-23.27,-18.41
22928.00,5.73,2.22,-7.61,-9.22,-16.81,-20.42,-21.82,-19.64
22932.00,0.11,-2.65,-7.87,-15.33,-17.13,-22.21,-18.18,-13.99
22936.00,-0.60,-2.49,-11.36,-18.37,-19.99,-20.31,-14.42,-10.78
22940.00,0.55,-9.00,-11.72,-18.23,-19.26,-20.91,-12.07,-5.87
22944.00,-2.85,-10.70,-15.66,-21.73,-19.12,-14.32,-8.46,1.09
22948.00,-6.75,-13.96,-16.14,-18.01,-16.67,-11.02,-3.09,8.16
22952.00,-11.09,-12.28,-18.59,-19.31,-14.20,-7.61,2.04,14.12
22956.00,-10.77,-15.23,-20.81,-15.83,-12.43,-5.62,5.08,17.23
22960.00,-13.46,-15.24,-16.86,-16.83,-8.50,2.58,12.63,21.53
22964.00,-14.72,-16.03,-16.64,-14.17,-3.23,8.11,16.38,23.04
22968.00,-13.82,-17.64,-12.30,-10.17,2.37,9.44,19.08,22.15
22972.00,-15.70,-17.43,-10.10,-1.58,7.47,11.98,20.52,24.01
22976.00,-17.05,-14.07,-5.57,0.58,8.04,17.80,22.81,22.23
22980.00,-14.25,-10.29,-2.48,7.15,11.69,20.57,23.70,21.33
22984.00,-11.46,-4.84,-1.72,8.23,16.05,23.46,21.15,19.91
22988.00,-10.39,-3.13,5.32,13.71,18.29,23.06,19.92,13.62
22992.00,-5.16,0.99,7.94,15.05,22.03,20.10,17.40,12.67
22996.00,-4.65,3.15,13.82,15.60,21.51,21.19,13.28,8.97
23000.00,-1.11,7.26,13.69,18.63,20.37,20.41,9.65,1.58
23004.00,3.71,12.78,17.02,17.66,18.40,13.26,8.95,0.98
23008.00,6.93,11.43,18.90,19.70,19.10,10.20,4.31,-2.94
23012.00,7.54,13.29,18.82,19.86,16.86,5.78,1.12,-4.76
23016.00,12.01,15.32,18.21,14.34,12.17,4.55,-1.15,-11.97
23020.00,15.88,15.24,15.07,12.47,6.09,0.87,-6.72,-11.42
23024.00,17.45,15.00,13.05,8.51,2.49,-4.02,-8.54,-12.00
23028.00,17.06,14.36,14.63,9.76,0.30,-3.50,-11.48,-12.09
23032.00,18.42,12.25,10.97,5.61,-1.11,-7.75,-11.62,-8.51
23036.00,16.77,11.11,5.62,3.52,-3.24,-8.06,-9.90,-8.18
23040.00,11.74,10.64,4.31,-2.12,-7.80,-10.01,-10.04,-3.46
23044.00,11.36,5.78,0.83,-5.68,-5.36,-6.99,-7.39,-3.01
23048.00,9.26,3.66,-0.86,-5.08,-6.03,-5.13,-3.06,-1.45
23052.00,5.43,3.18,-1.34,-7.28,-9.33,-4.16,-1.92,1.69
23056.00,2.36,-2.27,-4.22,-8.78,-3.69,-2.34,-0.69,3.76
23060.00,1.93,-2.11,-8.00,-5.65,-2.12,-0.97,3.79,5.97
23064.00,1.05,-4.69,-4.82,-6.27,-1.93,1.94,3.91,8.71
23068.00,-1.69,-4.67,-6.78,-5.29,-0.01,4.13,6.84,10.35
23072.00,-3.95,-4.03,-5.05,-2.44,1.76,6.03,6.18,10.30
23076.00,-6.15,-3.67,-4.39,0.05,2.38,8.90,7.83,6.18
23080.00,-5.75,-2.79,-0.68,1.93,5.50,8.76,6.98,3.85
23084.00,-5.29,0.12,2.28,5.80,7.41,8.28,7.59,0.98
23088.00,-3.57,-2.28,0.96,6.37,6.38,5.70,5.95,-2.84
23092.00,-2.85,0.49,7.10,7.95,6.88,7.80,1.22,-6.08
23096.00,0.84,5.39,9.04,10.15,8.51,3.07,0.83,-6.52
23100.00,3.88,4.42,6.99,7.64,8.10,-0.15,-3.43,-13.40
23104.00,4.08,7.25,9.64,8.00,4.29,-0.46,-7.73,-15.25
23108.00,3.34,5.65,7.37,4.96,3.49,-6.43,-9.84,-16.39
23112.00,8.45,10.70,6.33,6.25,1.11,-6.36,-13.81,-17.37
23116.00,8.10,8.76,7.75,2.70,-5.86,-9.39,-17.81,-18.88
23120.00,6.56,7.07,2.66,0.69,-5.42,-13.81,-14.70,-16.42
23124.00,8.65,7.88,0.83,-4.41,-10.34,-13.35,-18.55,-14.02
23128.00,8.19,6.58,-3.02,-8.91,-10.27,-15.15,-18.32,-9.32
23132.00,3.83,3.28,-1.97,-10.02,-16.58,-14.72,-12.75,-8.23
23136.00,5.57,-0.29,-7.42,-10.11,-14.72,-15.83,-12.74,-2.39
23140.00,0.63,-1.76,-10.39,-13.26,-16.89,-12.37,-7.69,2.96
23144.00,-1.05,-7.15,-8.76,-13.38,-15.03,-10.57,-1.04,7.01
23148.00,-2.75,-8.57,-12.22,-16.01,-11.99,-4.95,0.94,11.47
23152.00,-5.09,-12.47,-15.36,-13.25,-12.27,-3.95,7.76,17.99
23156.00,-5.44,-12.27,-12.19,-12.02,-6.62,0.15,10.14,21.63
23160.00,-7.56,-12.06,-12.66,-11.36,-2.78,5.11,15.15,22.95
23164.00,-11.32,-12.91,-9.83,-7.23,-0.11,12.93,18.35,28.19
23168.00,-9.92,-14.73,-7.68,-1.13,5.34,13.80,25.47,28.19
23172.00,-11.48,-9.88,-5.66,0.87,11.15,17.12,26.48,29.24
23176.00,-11.74,-11.23,-4.25,2.79,16.36,20.80,27.33,29.77
23180.00,-11.80,-7.74,2.35,8.55,17.98,25.15,26.89,27.17
23184.00,-10.39,-3.49,3.17,11.12,21.12,25.33,29.59,22.91
23188.00,-6.71,-1.03,7.61,15.02,21.72,24.79,26.76,22.09
23192.00,-4.54,4.70,11.24,18.05,27.18,27.68,24.39,16.62
23196.00,0.63,7.57,16.68,21.53,23.97,27.04,19.73,10.89
23200.00,1.02,13.55,20.34,25.57,22.97,24.07,17.37,6.82
23204.00,7.25,13.09,22.33,21.57,21.70,20.96,13.15,5.18
23208.00,12.13,15.89,22.55,23.99,21.34,17.62,7.78,2.00
23212.00,11.65,19.35,21.29,22.73,17.31,10.06,3.05,-4.24
23216.00,16.64,19.45,23.12,20.92,13.96,6.28,-1.28,-3.55
23220.00,19.06,19.50,23.21,19.31,12.25,5.91,-4.44,-5.00
23224.00,20.67,22.57,17.97,14.16,6.37,3.65,-4.28,-5.25
23228.00,19.98,18.07,14.04,9.07,2.67,-0.41,-6.05,-4.55
23232.00,19.97,19.33,11.63,7.86,-0.95,-4.35,-6.49,-7.78
23236.00,18.14,15.37,12.53,5.24,-0.60,-5.35,-5.22,-2.21
23240.00,17.27,12.37,9.34,0.39,-1.49,-6.41,-3.80,-0.48
23244.00,13.18,8.43,5.31,-0.59,-5.12,-4.56,-1.51,-0.36
23248.00,13.44,8.21,2.13,-3.28,-6.86,-1.98,-0.85,3.87
23252.00,7.94,5.93,1.91,-3.18,-5.95,-3.32,3.68,6.92
23256.00,5.83,-0.22,-1.53,-4.42,-3.13,0.87,6.03,8.57
23260.00,2.24,-0.56,-5.36,-1.98,-1.26,3.45,4.61,12.56
23264.00,3.67,-0.76,-4.70,-5.00,0.58,2.64,7.10,11.61
23268.00,1.27,-4.91,-1.18,-3.47,1.80,4.43,9.90,14.07
23272.00,-1.11,-4.22,0.25,-0.69,2.36,8.34,11.23,12.29
23276.00,-3.63,-1.48,-2.87,1.41,7.89,12.37,12.48,9.80
23280.00,-1.04,0.71,3.53,6.92,8.96,13.04,12.94,8.04
23284.00,-3.95,0.33,1.57,7.08,12.28,13.17,10.89,1.89
23288.00,0.64,2.66,3.54,6.21,9.51,11.31,5.90,2.88
23292.00,-0.36,4.32,6.26,8.33,8.16,6.12,5.30,-1.91
23296.00,1.22,3.29,6.14,11.64,10.84,5.03,0.92,-4.84
23300.00,4.54,5.80,10.71,10.80,7.41,2.66,-3.62,-7.92
23304.00,5.45,7.95,10.75,7.10,7.31,-0.04,-7.79,-10.72
23308.00,4.23,6.79,8.36,8.27,4.66,-2.46,-7.55,-16.16
23312.00,10.24,8.96,8.24,5.86,-0.33,-4.67,-12.25,-17.69
23316.00,8.02,9.02,9.05,4.58,-0.58,-11.81,-15.49,-17.39
23320.00,9.73,8.06,7.55,-2.10,-3.80,-9.78,-13.79,-16.47
23324.00,11.00,8.59,2.87,-2.40,-10.15,-16.29,-14.98,-13.52
23328.00,8.74,5.35,1.20,-6.43,-14.10,-14.11,-12.87,-11.88
23332.00,4.86,0.97,-4.94,-10.70,-13.10,-17.24,-12.62,-5.39
23336.00,5.29,2.29,-6.42,-9.60,-15.57,-12.50,-10.58,-3.25
23340.00,2.94,-3.23,-8.45,-14.83,-15.24,-14.75,-4.90,1.99
23344.00,2.13,-7.89,-13.07,-12.69,-15.21,-8.57,-2.83,9.84
23348.00,-2.30,-10.61,-10.66,-13.15,-15.21,-5.65,1.12,12.46
23352.00,-6.43,-11.51,-12.09,-13.21,-9.28,-4.15,7.42,15.41
23356.00,-8.40,-12.70,-14.15,-12.27,-6.48,2.08,10.71,21.80
23360.00,-8.43,-14.24,-13.85,-9.54,-5.78,5.86,14.18,25.32
23364.00,-9.67,-12.17,-14.95,-6.00,-0.87,11.89,22.30,27.30
23368.00,-12.20,-11.54,-8.86,-4.97,5.58,14.26,24.07,27.18
23372.00,-14.10,-9.65,-9.03,-1.39,8.22,19.73,26.10,28.87
23376.00,-14.08,-10.84,-5.22,6.34,11.29,20.02,27.75,28.51
23380.00,-13.21,-9.74,-0.53,8.85,16.49,25.11,27.84,28.31
23384.00,-11.85,-2.36,2.71,14.23,22.53,26.35,24.35,22.47
23388.00,-6.62,-0.03,5.58,17.74,23.08,25.53,23.39,20.40
23392.00,-5.95,4.50,11.41,17.18,25.66,26.42,19.88,14.77
23396.00,0.78,7.08,16.21,19.58,21.82,24.23,20.96,9.79
23400.00,1.97,8.96,18.98,24.08,23.33,19.69,15.31,5.47
23404.00,7.47,15.06,16.92,20.84,23.90,16.03,13.00,0.21
23408.00,8.68,13.00,20.81,23.49,20.03,16.03,7.68,-2.60
23412.00,12.62,19.22,20.24,22.72,17.93,11.44,0.31,-3.23
23416.00,15.96,20.36,22.44,17.95,13.47,7.43,-1.36,-6.38
23420.00,17.74,19.50,17.94,14.22,11.80,-0.33,-5.93,-9.09
23424.00,15.53,19.45,15.03,12.74,3.47,-2.84,-7.77,-10.07
23428.00,18.24,17.52,15.31,8.04,1.17,-6.33,-6.49,-8.65
23432.00,18.16,15.76,13.67,4.73,-3.63,-8.12,-8.56,-6.38
23436.00,13.52,14.83,10.13,3.57,-5.43,-10.10,-8.68,-4.33
23440.00,12.21,10.80,5.61,-0.34,-8.24,-10.58,-7.81,-2.38
23444.00,11.11,9.03,0.95,-4.31,-6.79,-5.88,-7.87,0.25
23448.00,8.26,4.34,1.44,-3.86,-6.42,-7.73,-3.25,-0.90
23452.00,4.35,-0.72,-1.81,-8.38,-6.71,-4.40,-3.93,4.84
23456.00,3.77,-0.81,-6.72,-5.26,-6.42,-1.92,-1.52,2.73
23460.00,-0.03,-3.65,-6.68,-9.24,-5.21,-3.61,1.14,4.66
23464.00,-1.15,-4.61,-8.20,-4.05,-4.96,-0.19,7.06,9.19
23468.00,-4.10,-6.86,-8.45,-2.41,-2.32,2.28,6.89,9.47
23472.00,-2.12,-7.27,-3.83,-0.51,-0.08,6.06,9.15,6.76
23476.00,-5.09,-5.05,-5.08,1.24,4.75,7.68,6.43,4.14
23480.00,-5.86,-2.43,-4.33,1.84,6.67,6.53,6.18,3.51
23484.00,-4.23,-2.59,-1.08,1.50,3.88,4.73,5.47,0.30
23488.00,-5.74,0.44,-0.63,6.10,6.32,7.06,3.92,-2.15
23492.00,-2.48,1.15,1.06,3.81,7.90,2.93,1.43,-9.09
23496.00,-0.84,2.82,5.89,5.66,5.25,3.59,-2.24,-9.35
23500.00,1.18,1.38,3.83,6.00,4.37,-2.90,-8.27,-13.23
23504.00,1.31,3.24,5.96,2.88,3.43,-3.12,-9.30,-17.88
23508.00,1.48,4.00,4.22,3.85,0.19,-7.16,-13.61,-19.11
23512.00,4.41,7.74,2.97,3.74,-3.95,-10.92,-16.97,-23.22
23516.00,7.24,5.76,3.92,-2.04,-6.57,-14.40,-20.77,-21.48
23520.00,5.59,2.34,3.35,-2.14,-9.49,-19.02,-20.35,-20.06
23524.00,3.98,0.85,-2.60,-7.01,-13.08,-20.35,-20.80,-20.93
23528.00,5.45,-0.56,-6.39,-10.95,-15.93,-22.62,-21.40,-17.88
23532.00,5.09,-2.99,-9.40,-12.80,-20.07,-20.85,-17.46,-14.91
23536.00,1.14,-3.52,-10.58,-17.96,-18.39,-20.75,-14.97,-7.48
23540.00,0.82,-5.49,-13.58,-18.91,-21.24,-18.47,-14.27,-5.39
23544.00,-6.02,-12.18,-14.97,-18.58,-18.88,-14.51,-7.37,1.31
23548.00,-5.07,-13.17,-15.70,-20.12,-18.94,-12.51,-4.68,6.52
23552.00,-8.82,-12.33,-18.02,-19.84,-15.13,-8.63,-1.39,12.98
23556.00,-12.08,-17.88,-21.14,-16.98,-13.53,-4.15,6.27,15.55
23560.00,-12.52,-19.03,-20.54,-14.60,-10.26,0.76,9.65,19.53
23564.00,-14.16,-17.30,-18.65,-13.21,-3.10,3.34,13.52,22.22
23568.00,-15.82,-19.75,-16.98,-8.55,1.63,8.34,19.30,25.01
23572.00,-16.91,-15.91,-12.56,-3.20,3.84,13.63,20.39,20.93
23576.00,-19.32,-12.44,-8.71,0.89,6.17,18.12,20.31,22.01
23580.00,-13.64,-9.75,-6.51,2.13,13.89,18.20,19.89,22.09
23584.00,-14.35,-9.57,-3.61,9.38,14.11,21.38,21.87,18.90
23588.00,-10.99,-4.74,4.31,11.39,18.56,22.35,21.17,12.42
23592.00,-10.81,-1.15,7.85,14.93,18.23,18.18,14.85,10.04
23596.00,-5.20,1.90,9.77,15.33,16.68,18.46,11.99,4.11
23600.00,-2.92,7.85,11.60,18.99,18.64,14.52,9.50,1.59
23604.00,-1.04,8.76,15.58,17.15,18.39,13.93,2.99,-3.93
23608.00,6.56,9.32,16.76,14.95,11.86,8.66,1.01,-5.87
23612.00,5.02,14.43,16.43,13.94,13.26,5.91,-1.81,-13.45
23616.00,12.12,14.31,17.74,11.37,9.06,-1.63,-6.96,-11.99
23620.00,10.06,13.15,15.04,10.33,5.97,-4.92,-10.80,-14.37
23624.00,15.05,11.85,11.87,5.55,2.78,-4.91,-13.81,-14.63
23628.00,14.66,11.43,10.21,1.45,-1.90,-7.71,-12.00,-16.64
23632.00,12.47,9.71,4.46,-1.30,-4.44,-11.83,-14.04,-12.41
23636.00,13.25,9.57,4.77,-1.41,-8.38,-15.07,-14.32,-13.48
23640.00,9.79,6.84,-0.81,-7.67,-10.63,-13.50,-11.04,-9.26
23644.00,8.26,4.45,-0.51,-6.06,-9.77,-12.15,-12.26,-9.66
23648.00,6.32,-0.52,-7.12,-10.24,-13.30,-11.03,-11.16,-4.81
23652.00,2.04,-0.87,-10.07,-13.13,-10.06,-12.71,-9.49,-0.51
23656.00,-0.81,-4.04,-7.87,-12.38,-10.93,-9.60,-3.75,-0.37
23660.00,-1.01,-5.05,-12.38,-11.05,-10.44,-6.69,-2.89,2.46
23664.00,-2.63,-8.41,-12.31,-11.59,-9.27,-4.30,0.00,1.81
23668.00,-4.35,-7.64,-8.42,-10.16,-6.08,-1.13,0.12,2.33
23672.00,-9.56,-10.86,-10.33,-7.39,-1.74,1.43,2.10,1.71
23676.00,-11.16,-11.04,-8.81,-6.81,0.36,0.12,-0.55,0.64
23680.00,-10.29,-9.40,-6.59,-4.91,1.09,1.00,0.97,-3.05
23684.00,-10.19,-6.99,-2.18,-1.41,1.46,4.12,-2.92,-4.17
23688.00,-7.25,-3.84,-1.83,-1.23,0.83,0.78,-1.66,-9.92
23692.00,-6.30,-2.44,1.74,1.23,0.84,1.34,-7.42,-12.33
23696.00,-3.13,-3.93,-0.94,3.75,1.39,-1.76,-6.74,-15.16
23700.00,-4.29,-2.65,2.22,0.26,-1.69,-5.00,-12.89,-20.22
23704.00,-3.39,-0.81,4.27,2.73,-1.65,-10.08,-17.00,-24.09
23708.00,-1.42,1.27,0.23,-1.54,-4.36,-12.96,-18.78,-22.19
23712.00,1.82,2.10,2.04,-2.54,-9.35,-16.43,-21.14,-27.98
23716.00,3.45,0.83,-2.29,-7.11,-13.07,-16.99,-24.67,-28.20
23720.00,2.26,2.93,-0.98,-9.62,-14.43,-21.91,-26.33,-26.53
23724.00,1.56,-2.49,-4.65,-8.83,-17.59,-22.41,-24.80,-24.93
23728.00,1.31,-2.08,-6.04,-14.84,-22.51,-25.03,-25.92,-21.84
23732.00,-2.25,-5.77,-9.55,-15.78,-24.12,-25.27,-20.62,-18.22
23736.00,-2.40,-5.76,-12.38,-16.91,-25.07,-25.13,-19.31,-13.09
23740.00,-6.05,-11.18,-15.94,-20.24,-25.54,-22.21,-15.29,-7.89
23744.00,-8.95,-14.40,-19.96,-21.15,-21.61,-20.19,-13.75,-4.16
23748.00,-11.00,-14.49,-20.00,-20.31,-20.63,-15.12,-9.74,0.96
23752.00,-10.58,-18.31,-21.39,-22.59,-19.28,-13.51,-2.60,9.90
23756.00,-12.86,-17.46,-21.66,-18.80,-15.92,-8.28,4.14,12.51
23760.00,-15.55,-20.26,-18.37,-19.82,-11.05,-3.46,9.13,17.69
23764.00,-18.62,-18.21,-17.38,-15.51,-4.90,1.43,10.52,17.51
23768.00,-18.60,-20.32,-16.34,-10.97,-1.92,6.07,13.46,21.34
23772.00,-17.03,-20.76,-15.39,-5.14,2.44,12.77,17.84,18.34
23776.00,-18.88,-17.33,-12.52,-4.00,5.57,14.56,17.83,17.08
23780.00,-17.99,-15.72,-8.57,3.36,9.09,15.76,17.46,16.07
23784.00,-15.03,-12.96,-3.02,5.62,11.81,17.25,18.57,15.94
23788.00,-14.76,-7.85,-0.32,6.65,15.28,17.48,18.68,12.26
23792.00,-8.17,-2.08,5.33,12.00,16.49,17.18,16.59,6.27
23796.00,-7.55,0.13,6.09,14.08,14.80,15.33,11.95,1.95
23800.00,-1.13,3.00,10.25,14.26,17.31,15.07,5.87,-1.95
23804.00,-1.11,6.44,11.87,13.66,14.67,11.93,3.49,-6.75
23808.00,3.71,12.15,15.81,15.51,12.51,5.85,-0.73,-7.41
23812.00,5.09,10.02,16.71,11.85,8.99,1.40,-4.99,-11.59
23816.00,7.29,10.98,16.64,10.88,4.61,-0.81,-6.61,-15.01
23820.00,12.77,11.42,11.55,7.69,5.21,-2.91,-10.82,-14.24
23824.00,14.44,14.40,9.53,6.55,-2.82,-9.02,-13.94,-19.04
23828.00,12.30,12.54,7.35,3.28,-4.21,-12.37,-13.45,-18.11
23832.00,12.27,10.64,7.49,-2.72,-5.01,-13.17,-13.10,-14.26
23836.00,9.22,7.18,4.05,-2.34,-9.31,-12.58,-13.62,-15.74
23840.00,10.20,6.24,-1.29,-4.14,-10.84,-11.57,-14.36,-10.86
23844.00,6.90,4.78,-5.36,-8.97,-12.51,-12.69,-13.59,-6.95
23848.00,4.62,-1.82,-5.06,-10.41,-13.33,-10.16,-10.14,-7.86
23852.00,0.71,-2.94,-7.53,-9.09,-12.71,-8.73,-7.48,-3.86
23856.00,1.14,-2.89,-8.59,-11.71,-13.02,-6.52,-2.95,-1.12
23860.00,-4.37,-8.12,-9.70,-11.19,-11.83,-8.58,-1.10,0.31
23864.00,-2.01,-10.19,-10.35,-11.36,-5.81,-3.16,-0.84,4.40
23868.00,-4.41,-10.72,-10.65,-6.49,-6.98,-1.57,0.01,2.75
23872.00,-5.65,-9.92,-9.28,-8.37,-2.25,1.87,2.15,1.21
23876.00,-8.01,-7.74,-9.50,-3.54,-2.32,3.81,5.05,-0.31
23880.00,-9.63,-9.85,-4.38,0.13,-0.10,0.86,4.55,-3.96
23884.00,-8.95,-6.32,-3.95,1.64,3.69,3.47,1.99,-6.82
23888.00,-6.79,-6.50,0.90,3.68,4.39,3.89,-3.43,-7.00
23892.00,-4.48,-2.62,-1.35,3.17,1.05,2.54,-3.39,-11.53
23896.00,-5.60,-1.16,2.51,5.44,1.45,0.62,-6.84,-12.05
23900.00,-1.84,-0.49,1.26,4.12,-0.95,-5.66,-13.03,-19.00
23904.00,-1.97,3.39,5.80,1.55,-2.85,-8.45,-15.84,-19.76
23908.00,-0.29,4.22,5.01,-0.92,-3.21,-9.20,-16.05,-20.59
23912.00,2.54,5.33,5.28,0.09,-6.81,-12.24,-17.54,-24.48
23916.00,1.74,4.77,3.66,-2.33,-9.44,-14.09,-22.88,-22.67
23920.00,3.54,3.44,-1.65,-7.80,-12.69,-17.13,-20.86,-21.82
23924.00,3.78,2.26,-3.51,-9.03,-16.08,-20.85,-24.05,-18.09
23928.00,4.01,-2.37,-3.49,-9.96,-18.55,-21.64,-19.99,-17.10
23932.00,-0.25,-3.44,-6.46,-12.82,-18.74,-19.67,-19.02,-12.57
23936.00,-0.48,-3.23,-10.55,-14.82,-22.87,-21.41,-17.19,-8.43
23940.00,-3.93,-6.15,-15.72,-20.06,-19.38,-19.39,-14.90,-1.40
23944.00,-5.96,-10.82,-14.96,-17.32,-21.40,-15.58,-7.58,3.52
23948.00,-6.14,-12.60,-15.92,-19.59,-16.77,-11.31,-4.91,6.67
23952.00,-10.22,-16.56,-20.07,-19.84,-13.42,-7.11,3.34,14.04
23956.00,-10.79,-18.19,-16.81,-15.99,-11.35,-3.45,4.58,14.75
23960.00,-15.10,-19.70,-18.91,-12.36,-7.15,0.17,11.72,21.05
23964.00,-16.61,-16.82,-17.27,-12.00,-2.12,5.41,13.95,20.55
23968.00,-17.95,-17.46,-14.73,-7.92,0.27,9.75,19.24,21.80
23972.00,-17.30,-15.00,-12.83,-6.25,6.92,13.61,19.02,22.12
23976.00,-16.28,-13.09,-5.51,2.17,10.30,17.96,24.28,24.22
23980.00,-16.25,-9.02,-3.53,5.65,11.17,18.70,22.02,24.50
23984.00,-11.59,-6.28,-1.61,8.63,19.09,20.83,25.09,20.36
23988.00,-8.79,-3.82,3.59,14.00,18.41,20.06,19.74,13.73
23992.00,-5.35,-0.17,6.13,15.05,22.58,21.40,20.77,11.45
23996.00,-5.69,6.15,13.14,17.08,23.01,22.42,14.97,8.69
24000.00,-1.72,8.11,15.85,18.97,18.35,19.23,12.77,1.49
24004.00,5.38,8.43,17.17,20.43,21.17,14.54,9.11,0.23
24008.00,6.67,15.97,18.24,18.03,18.85,10.80,1.67,-3.51
24012.00,9.62,16.36,18.13,20.80,14.53,7.06,-2.43,-7.20
24016.00,14.54,18.53,20.71,15.26,13.68,3.49,-1.53,-8.12
24020.00,16.02,19.40,15.71,13.22,9.49,1.43,-4.66,-10.53
24024.00,16.11,18.95,17.37,9.05,4.18,-0.53,-8.75,-12.38
24028.00,14.62,15.02,11.71,6.60,2.47,-3.67,-11.81,-11.38
24032.00,14.77,13.04,10.11,4.29,-2.34,-5.21,-8.11,-7.78
24036.00,15.16,13.36,8.85,0.87,-4.51,-8.77,-9.07,-8.78
24040.00,14.43,8.17,4.25,-1.05,-5.88,-10.13,-9.37,-3.60
24044.00,14.15,8.14,0.74,-1.56,-6.58,-9.59,-6.32,-4.17
24048.00,9.90,4.43,0.10,-4.09,-6.12,-5.57,-3.45,-0.46
24052.00,5.96,2.93,-4.38,-6.31,-8.32,-5.54,-0.58,4.06
24056.00,2.73,0.83,-3.42,-5.71,-5.47,-1.06,0.52,6.02
24060.00,2.65,-2.55,-7.30,-8.35,-3.09,-1.63,2.03,9.20
24064.00,-0.84,-5.73,-7.52,-3.14,-1.86,-0.46,5.07,8.69
24068.00,-1.71,-5.20,-5.89,-1.93,-2.05,2.22,8.43,8.49
24072.00,-5.35,-2.94,-4.68,-3.77,4.27,8.55,6.52,7.66
24076.00,-4.64,-3.22,-3.31,-1.61,3.22,10.00,9.09,7.21
24080.00,-5.55,-2.50,-0.39,3.11,7.57,9.20,7.97,2.14
24084.00,-2.37,-1.44,-0.29,3.66,8.45,9.94,6.66,2.36
24088.00,-0.86,0.22,1.94,7.78,9.36,10.29,4.41,-2.21
24092.00,-0.20,3.94,2.77,8.91,9.47,7.03,2.52,-6.15
24096.00,-1.96,1.17,5.38,8.38,6.66,3.19,-3.11,-8.77
24100.00,3.94,6.91,8.35,10.35,4.68,2.96,-6.63,-10.20
24104.00,3.95,6.82,10.01,6.23,2.15,-1.34,-9.07,-16.40
24108.00,6.04,7.47,8.69,7.41,4.37,-6.10,-12.43,-14.83
24112.00,6.70,9.31,9.14,3.92,-2.42,-6.13,-13.16,-15.64
24116.00,7.96,7.23,5.75,2.54,-6.15,-11.34,-16.94,-16.32
24120.00,6.10,5.59,5.78,0.69,-6.17,-13.21,-15.76,-16.71
24124.00,9.01,4.23,2.14,-3.94,-7.76,-15.69,-15.56,-13.97
24128.00,8.43,5.82,0.70,-8.24,-13.16,-16.97,-17.48,-11.17
24132.00,5.02,1.86,-3.61,-10.32,-15.36,-16.47,-13.69,-9.33
24136.00,5.99,1.68,-5.64,-12.97,-13.68,-13.97,-10.81,-4.72
24140.00,2.85,-2.21,-8.48,-11.08,-15.19,-15.51,-7.24,0.94
24144.00,-1.30,-4.22,-10.72,-15.33,-14.53,-11.77,-5.41,8.11
24148.00,-3.55,-6.63,-14.82,-12.29,-12.11,-6.16,0.67,12.81
24152.00,-3.19,-12.04,-13.08,-15.69,-9.85,-3.95,5.50,15.79
24156.00,-8.18,-13.69,-16.12,-14.64,-6.05,-0.84,9.38,21.72
24160.00,-10.99,-14.53,-11.66,-9.19,-2.45,5.50,14.05,26.26
24164.00,-8.94,-12.58,-13.87,-7.13,-1.09,12.16,18.32,27.89
24168.00,-10.78,-14.23,-7.91,-1.06,6.39,16.99,24.52,29.56
24172.00,-11.31,-11.53,-8.85,-0.80,11.14,18.31,24.57,29.64
24176.00,-13.57,-11.17,-5.09,5.39,13.85,21.96,28.36,26.88
24180.00,-12.39,-7.44,0.04,8.67,17.57,23.48,26.10,28.50
24184.00,-7.99,-1.54,2.83,12.14,18.87,26.49,28.52,26.08
24188.00,-5.07,1.15,9.36,14.95,22.02,26.08,24.70,19.12
24192.00,-4.47,3.41,14.45,19.72,24.38,26.87,22.02,16.46
24196.00,1.77,5.81,17.50,22.20,24.88,23.82,19.58,10.59
24200.00,3.47,12.86,16.25,23.68,22.88,23.21,14.94,8.82
24204.00,8.26,14.06,18.26,25.57,25.41,19.55,14.97,3.36
24208.00,9.54,15.09,19.94,24.37,20.42,14.10,9.21,-0.90
24212.00,13.11,21.24,23.50,21.07,18.71,10.00,3.94,-3.22
24216.00,17.26,21.96,23.87,22.46,14.94,8.37,-0.42,-3.72
24220.00,17.29,18.87,23.05,18.53,11.28,4.94,-2.83,-8.37
24224.00,18.77,19.33,20.55,14.42,6.84,2.48,-2.32,-5.14
24228.00,16.75,17.06,14.09,9.56,3.94,-2.84,-7.38,-5.68
24232.00,21.02,15.47,12.46,8.04,1.88,-1.17,-5.73,-7.16
24236.00,16.42,17.00,8.83,6.06,-2.23,-5.76,-5.25,-4.67
24240.00,14.74,13.95,7.23,3.38,-2.79,-7.79,-5.68,-0.40
24244.00,13.85,11.25,4.39,-1.16,-3.57,-5.75,-2.18,-0.26
24248.00,11.76,5.07,1.43,-3.50,-4.86,-3.59,-2.04,2.01
24252.00,8.73,4.24,-2.82,-5.73,-3.26,-0.60,2.86,8.16
24256.00,7.59,-0.43,-3.59,-1.58,-4.82,0.30,4.33,10.39
24260.00,3.30,1.05,-4.51,-3.88,-2.23,3.94,6.70,10.63
24264.00,1.97,-0.68,-2.71,-4.73,0.55,6.83,6.61,12.51
24268.00,-0.30,-4.27,-5.09,-1.03,1.88,7.65,11.47,13.42
24272.00,0.69,-1.67,-2.56,2.93,5.89,7.30,9.97,12.60
24276.00,-0.30,-4.85,0.00,1.45,7.01,8.66,10.79,11.77
24280.00,-4.48,-0.30,2.93,6.28,8.26,10.32,12.70,5.12
24284.00,-0.41,-0.02,0.66,9.16,12.11,11.99,9.94,5.36
24288.00,-2.92,-0.44,6.89,10.41,8.64,9.69,6.48,0.24
24292.00,-1.38,1.25,5.82,10.10,11.83,7.39,3.76,-2.70
24296.00,3.71,2.66,10.36,11.58,8.70,6.71,2.83,-7.03
24300.00,5.43,5.83,8.45,8.89,10.59,1.74,-4.20,-11.90
24304.00,3.70,6.65,11.35,7.27,3.54,1.99,-5.70,-14.23
24308.00,7.44,6.62,12.01,8.35,2.42,-3.77,-11.15,-13.57
24312.00,7.70,11.70,10.40,4.96,-1.18,-6.44,-9.89,-15.08
24316.00,10.93,11.76,5.19,4.68,-3.98,-8.33,-15.04,-15.81
24320.00,9.28,7.41,7.85,-0.21,-4.26,-13.25,-16.71,-17.29
24324.00,9.27,6.73,2.01,-2.07,-8.79,-13.41,-18.24,-13.73
24328.00,8.75,4.71,-2.16,-5.90,-13.43,-14.68,-13.64,-12.60
24332.00,5.19,4.53,-1.73,-9.86,-13.56,-16.90,-11.40,-5.47
24336.00,3.53,0.66,-8.31,-10.15,-13.62,-12.94,-11.43,-3.07
24340.00,4.10,-4.58,-10.50,-15.02,-12.68,-12.41,-9.23,3.90
24344.00,-1.26,-4.01,-9.68,-16.37,-15.91,-8.49,-2.30,7.67
24348.00,-1.93,-10.67,-13.89,-12.29,-12.77,-4.88,3.22,13.27
24352.00,-7.70,-12.80,-12.25,-12.10,-10.85,-3.78,7.07,18.66
24356.00,-9.51,-14.29,-12.61,-10.39,-5.03,3.33,9.43,21.87
24360.00,-10.64,-14.07,-12.15,-8.95,-3.85,4.18,15.60,23.21
24364.00,-13.77,-13.02,-12.21,-7.73,-0.64,9.81,18.00,29.80
24368.00,-11.01,-13.68,-10.90,-5.71,2.95,14.72,22.54,30.97
24372.00,-13.90,-13.06,-7.08,1.41,9.49,20.63,26.91,29.34
24376.00,-12.96,-10.33,-3.14,6.54,15.46,22.14,25.09,29.57
24380.00,-11.46,-5.30,-2.62,5.85,16.79,23.42,27.20,24.42
24384.00,-7.64,-5.78,4.19,12.49,19.29,24.21,25.02,23.78
24388.00,-5.30,0.11,8.65,14.38,20.89,24.07,26.92,19.81
24392.00,-5.90,2.28,10.80,19.79,23.30,22.98,23.64,16.45
24396.00,-2.40,4.17,12.64,22.31,24.22,21.37,20.81,13.37
24400.00,2.56,8.81,18.93,21.43,25.52,20.91,12.79,4.35
24404.00,4.24,13.67,20.04,22.18,22.49,20.02,8.79,3.20
24408.00,10.54,16.55,20.72,20.83,17.93,14.76,6.00,-2.62
24412.00,12.97,17.75,22.99,22.26,14.54,10.46,4.41,-4.64
24416.00,12.40,17.84,22.03,19.46,11.89,4.30,-0.37,-9.30
24420.00,16.58,17.36,19.68,13.37,7.97,1.77,-5.39,-9.31
24424.00,17.18,16.94,18.20,10.56,7.20,-2.93,-6.24,-9.92
24428.00,19.30,18.85,11.82,6.65,1.66,-6.27,-9.46,-11.87
24432.00,19.20,16.37,9.94,3.61,-3.53,-5.78,-9.17,-7.17
24436.00,16.82,13.62,10.32,2.82,-1.76,-9.14,-6.72,-5.74
24440.00,16.53,11.52,4.73,-2.98,-8.02,-5.98,-8.87,-5.40
24444.00,14.41,5.81,-0.47,-1.80,-9.03,-7.16,-6.16,-2.10
24448.00,9.75,2.61,-2.44,-3.61,-10.06,-8.12,-2.85,0.31
24452.00,5.55,3.96,-2.48,-5.75,-9.02,-4.33,-3.89,2.08
24456.00,3.42,-0.61,-5.28,-7.28,-8.25,-4.68,0.73,5.69
24460.00,-0.49,-5.22,-7.78,-8.60,-6.57,-0.01,1.35,4.87
24464.00,0.76,-6.13,-5.88,-7.71,-3.38,0.42,3.45,9.76
24468.00,-0.53,-8.08,-8.18,-2.11,-1.67,2.84,6.09,8.96
24472.00,-4.04,-4.25,-7.10,-0.33,0.40,5.21,5.61,7.10
24476.00,-6.49,-4.79,-1.75,0.49,5.28,6.04,6.72,6.08
24480.00,-5.76,-5.72,-1.63,3.67,6.53,7.47,4.64,0.55
24484.00,-6.87,-3.99,-1.81,2.29,4.35,4.84,5.44,-1.15
24488.00,-3.99,-2.21,2.79,2.85,8.56,4.09,0.90,-2.05
24492.00,-4.46,-0.57,3.05,7.67,8.13,2.88,-2.64,-8.17
24496.00,0.14,2.41,4.86,8.02,6.11,2.18,-4.38,-13.20
24500.00,-0.18,2.80,6.41,6.40,5.14,-2.82,-9.90,-14.22
24504.00,1.20,5.57,3.53,5.26,-0.50,-5.82,-13.42,-18.16
24508.00,2.74,4.46,5.10,5.99,-1.04,-9.59,-12.44,-18.94
24512.00,3.68,4.16,5.61,-0.18,-3.99,-11.15,-16.74,-21.74
24516.00,6.60,7.55,4.97,-0.98,-8.86,-12.42,-18.53,-19.49
24520.00,3.53,3.72,0.90,-2.73,-12.19,-17.39,-22.20,-21.14
24524.00,4.98,2.92,-1.48,-8.29,-16.06,-16.62,-21.53,-18.01
24528.00,4.87,0.57,-3.80,-10.39,-17.96,-21.73,-19.27,-16.66
24532.00,3.56,-1.31,-8.54,-14.04,-18.24,-22.32,-17.55,-11.85
24536.00,-0.86,-2.24,-11.34,-17.35,-20.97,-18.80,-14.26,-6.99
24540.00,-1.00,-7.95,-14.76,-17.73,-20.74,-20.77,-12.80,-4.99
24544.00,-3.92,-10.69,-13.63,-21.02,-17.55,-15.86,-6.97,2.27
24548.00,-7.11,-13.69,-17.78,-21.45,-19.88,-14.81,-3.45,7.65
24552.00,-9.15,-17.21,-17.05,-17.24,-14.01,-7.18,2.21,13.21
24556.00,-10.10,-14.17,-16.95,-16.35,-13.36,-3.17,6.79,16.18
24560.00,-13.84,-16.07,-19.28,-16.00,-6.62,-1.74,12.16,18.16
24564.00,-15.42,-17.45,-16.42,-10.22,-2.81,5.56,11.90,19.21
24568.00,-17.53,-17.80,-14.46,-8.19,1.12,7.80,19.10,21.94
24572.00,-16.31,-14.37,-13.22,-3.21,3.38,11.75,19.61,22.10
24576.00,-15.24,-16.75,-8.00,-2.18,6.23,15.50,19.01,23.47
24580.00,-13.74,-11.41,-5.95,5.53,11.71,20.40,22.25,18.85
24584.00,-13.57,-9.93,-3.12,4.96,15.19,18.35,23.10,18.64
24588.00,-13.66,-4.09,0.33,11.27,15.01,20.70,18.78,13.02
24592.00,-10.98,-0.32,8.27,12.48,17.62,19.42,16.57,11.85
24596.00,-3.51,3.56,8.14,14.41,17.97,16.74,11.71,4.57
24600.00,-3.92,5.30,9.79,18.63,17.56,17.06,10.61,0.51
24604.00,1.04,7.94,16.64,15.70,17.62,11.40,3.38,-5.85
24608.00,5.14,12.70,16.49,18.55,12.81,7.48,2.72,-5.95
24612.00,9.27,13.61,14.59,16.62,13.35,5.20,-6.02,-8.73
24616.00,8.77,15.40,14.12,15.54,8.44,0.21,-8.84,-12.14
24620.00,13.64,14.09,12.69,12.23,5.16,-2.69,-8.31,-14.71
24624.00,11.23,14.86,12.63,4.80,1.32,-8.91,-10.54,-17.53
24628.00,15.46,10.80,8.04,2.14,-2.63,-9.64,-15.64,-14.78
24632.00,13.72,9.36,4.19,-0.69,-4.86,-9.70,-14.96,-15.56
24636.00,13.86,10.81,1.43,-0.50,-10.58,-15.30,-14.80,-10.90
24640.00,11.02,5.13,1.63,-6.00,-10.13,-15.37,-14.28,-12.04
24644.00,9.85,4.74,-5.24,-6.28,-11.78,-13.34,-9.77,-9.71
24648.00,4.52,2.44,-3.71,-8.46,-11.06,-12.95,-8.96,-3.38
24652.00,1.72,-4.18,-8.63,-12.94,-10.18,-12.70,-7.30,-5.10
24656.00,-1.38,-2.84,-8.22,-12.81,-9.67,-7.49,-6.45,0.75
24660.00,-0.98,-7.26,-10.27,-13.37,-9.50,-5.12,-2.90,0.09
24664.00,-3.07,-9.33,-9.48,-9.57,-7.34,-5.39,-2.71,4.00
24668.00,-6.37,-9.38,-8.93,-8.67,-4.72,-1.24,2.81,0.91
24672.00,-6.69,-11.45,-11.03,-4.92,-5.32,-0.44,4.32,1.31
24676.00,-6.59,-9.70,-7.28,-5.45,0.14,-0.85,4.21,1.93
24680.00,-8.10,-9.99,-7.52,-0.71,2.38,1.96,0.79,-3.97
24684.00,-6.53,-9.30,-3.76,-0.41,0.10,3.47,-1.45,-6.23
24688.00,-10.12,-7.57,-1.73,-0.01,1.63,0.57,-2.80,-8.85
24692.00,-5.17,-2.69,1.47,0.91,0.56,0.95,-5.26,-13.49
24696.00,-7.04,-2.77,2.90,1.67,2.04,-2.72,-10.42,-15.46
24700.00,-3.82,1.63,-0.32,2.64,0.63,-3.22,-13.79,-19.96
24704.00,-2.03,1.17,4.43,3.65,-0.15,-8.89,-17.97,-22.07
24708.00,-0.11,-0.33,1.43,1.78,-7.10,-10.47,-20.01,-25.00
24712.00,3.37,0.43,1.15,-0.90,-9.32,-13.83,-22.02,-24.00
24716.00,0.08,3.24,-1.47,-5.09,-10.69,-18.30,-25.27,-27.77
24720.00,4.61,-0.82,-0.24,-9.91,-13.19,-21.25,-25.12,-25.51
24724.00,0.46,0.87,-6.19,-11.60,-19.21,-22.13,-24.48,-20.77
24728.00,-0.05,-1.68,-7.55,-12.47,-19.46,-21.78,-23.78,-21.97
24732.00,1.11,-3.99,-11.90,-17.67,-24.23,-25.97,-21.56,-16.22
24736.00,-0.54,-5.92,-13.07,-20.16,-23.35,-24.41,-19.80,-13.11
24740.00,-2.77,-7.77,-16.92,-21.61,-22.26,-22.58,-15.94,-7.16
24744.00,-4.16,-12.68,-17.51,-20.80,-22.34,-19.10,-10.51,-2.17
24748.00,-7.74,-16.60,-20.96,-20.93,-21.68,-14.79,-6.69,5.10
24752.00,-13.13,-17.89,-19.46,-19.57,-20.92,-13.45,-4.62,7.49
24756.00,-16.07,-17.37,-19.23,-19.67,-15.48,-9.34,2.05,14.68
24760.00,-15.80,-20.63,-20.75,-20.21,-9.25,-2.20,5.58,14.04
24764.00,-19.51,-18.72,-20.26,-15.10,-6.98,2.26,12.80,16.15
24768.00,-19.88,-17.32,-15.28,-11.65,-1.36,5.50,14.54,20.33
24772.00,-21.06,-20.94,-12.74,-9.04,2.04,12.73,19.15,21.04
24776.00,-17.12,-17.45,-10.19,-1.48,6.97,14.06,18.07,19.48
24780.00,-16.56,-15.59,-5.32,2.56,7.88,17.56,16.75,15.39
24784.00,-14.12,-12.84,-2.90,6.65,11.22,17.30,20.88,14.90
24788.00,-13.23,-5.43,2.92,10.56,13.59,18.74,15.44,12.23
24792.00,-8.39,-3.00,5.51,12.17,15.27,16.44,16.62,5.61
24796.00,-7.73,1.46,6.09,15.64,15.70,16.57,12.93,3.13
24800.00,-4.16,5.45,10.62,13.57,14.23,14.58,7.56,0.14
24804.00,2.53,8.92,12.35,15.14,12.71,11.13,2.22,-6.76
24808.00,3.09,9.00,14.92,15.32,12.33,6.18,-1.90,-9.55
24812.00,4.17,10.17,17.08,12.90,7.62,4.17,-6.93,-13.20
24816.00,8.65,14.00,15.94,10.74,4.85,-3.07,-7.00,-16.79
24820.00,10.38,15.96,13.21,11.24,5.19,-4.33,-13.63,-17.39
24824.00,12.45,12.39,12.70,4.99,0.21,-7.42,-13.72,-14.96
24828.00,13.65,13.67,11.25,3.66,-1.60,-9.98,-13.18,-16.11
24832.00,13.12,12.02,5.53,-2.67,-6.04,-11.90,-17.32,-15.61
24836.00,12.76,10.88,4.70,-3.40,-7.79,-13.59,-12.52,-11.22
24840.00,8.32,5.24,-0.98,-8.35,-10.15,-11.85,-13.65,-8.44
24844.00,6.38,5.15,-2.16,-9.39,-12.81,-14.87,-10.81,-7.64
24848.00,7.86,2.09,-5.68,-10.60,-12.40,-13.35,-10.82,-6.95
24852.00,4.20,-1.36,-9.49,-12.80,-13.11,-10.87,-8.83,-4.47
24856.00,2.46,-6.01,-8.59,-12.53,-11.44,-7.41,-5.97,-1.53
24860.00,-2.34,-5.22,-10.33,-13.25,-7.74,-4.86,-3.16,3.39
24864.00,-3.34,-7.77,-10.41,-10.53,-9.94,-3.01,1.35,3.37
24868.00,-7.49,-7.40,-8.60,-8.88,-2.90,-1.07,1.79,0.86
24872.00,-5.04,-7.59,-11.07,-5.80,-2.56,1.93,1.69,-0.46
24876.00,-9.74,-8.01,-5.48,-3.10,0.37,2.60,2.68,2.25
24880.00,-9.27,-8.94,-5.57,-3.99,0.38,3.40,3.45,-1.70
24884.00,-9.62,-6.53,-3.69,0.34,4.46,3.99,0.61,-3.21
24888.00,-8.93,-4.03,-0.36,0.75,0.84,2.43,0.77,-9.52
24892.00,-5.93,-4.60,-1.91,1.73,1.13,0.33,-6.45,-10.45
24896.00,-6.01,-1.94,0.55,4.15,4.57,-2.01,-5.56,-16.73
24900.00,-4.09,-1.15,2.81,4.46,2.00,-3.26,-8.22,-19.99
24904.00,2.00,1.21,3.37,2.68,0.48,-5.54,-15.19,-19.97
24908.00,-0.97,4.55,3.10,2.77,-3.89,-11.22,-16.58,-22.24
24912.00,1.87,3.30,4.17,-0.47,-6.88,-11.47,-17.94,-21.54
24916.00,1.71,4.00,-0.54,-5.04,-10.11,-17.65,-19.66,-25.90
24920.00,3.28,4.62,-0.25,-6.48,-9.99,-16.55,-22.95,-20.83
24924.00,5.48,3.98,-3.50,-10.28,-16.65,-18.20,-21.53,-21.50
24928.00,3.57,0.68,-4.57,-9.90,-17.45,-23.17,-22.50,-16.05
24932.00,2.81,-4.60,-7.12,-15.61,-18.57,-21.70,-17.98,-14.06
24936.00,2.47,-6.88,-8.98,-16.26,-18.52,-22.11,-15.44,-8.47
24940.00,-0.99,-5.89,-15.46,-19.21,-20.64,-20.56,-13.61,-6.11
24944.00,-4.58,-7.90,-16.82,-19.85,-20.98,-17.89,-10.73,-0.73
24948.00,-4.53,-13.93,-18.82,-22.01,-19.37,-10.72,-6.24,6.95
24952.00,-11.80,-14.38,-19.83,-19.05,-17.75,-6.41,-0.16,13.16
24956.00,-10.03,-17.40,-20.35,-14.87,-11.48,-2.79,7.35,18.02
24960.00,-12.57,-19.13,-18.25,-16.17,-5.90,1.99,9.53,20.46
24964.00,-16.55,-17.79,-14.45,-11.36,-1.69,3.64,14.18,24.18
24968.00,-14.64,-16.77,-14.51,-7.42,-0.72,8.53,20.66,26.37
24972.00,-15.56,-16.65,-12.72,-3.39,5.58,16.44,22.02,26.58
24976.00,-16.21,-12.91,-7.87,1.83,11.41,16.87,20.51,24.00
24980.00,-15.72,-9.28,-3.75,5.05,14.72,17.78,24.08,20.81
24984.00,-10.48,-6.32,2.61,6.96,16.40,22.44,22.96,21.95
24988.00,-12.00,-4.67,3.70,14.15,19.49,22.17,19.51,14.88
24992.00,-7.64,-0.08,6.71,14.54,22.47,24.11,17.34,10.79
24996.00,-2.71,5.68,14.21,19.08,21.61,19.39,17.96,7.38
25000.00,-2.06,9.73,15.38,20.07,18.95,19.65,11.43,2.04
25004.00,3.47,12.20,17.72,20.30,18.08,15.01,9.02,1.92
25008.00,8.50,14.02,16.19,18.49,15.83,11.92,6.26,-4.48
25012.00,11.42,14.02,17.95,15.94,16.17,8.45,1.95,-9.54
25016.00,13.38,16.55,17.16,18.33,8.99,5.89,-3.20,-8.55
25020.00,15.39,16.06,16.48,14.07,8.49,-0.66,-8.49,-9.82
25024.00,16.25,15.06,13.03,10.87,3.42,-0.31,-8.60,-10.23
25028.00,18.65,15.18,14.31,9.01,2.35,-7.08,-11.20,-9.41
25032.00,15.10,13.07,8.64,4.91,-4.14,-5.31,-7.54,-10.80
25036.00,13.28,11.34,8.59,3.20,-2.95,-7.06,-11.32,-8.23
25040.00,14.58,8.53,3.91,-0.51,-8.07,-7.95,-8.10,-3.41
25044.00,13.14,8.72,2.04,-5.47,-6.14,-6.79,-7.69,-3.81
25048.00,7.38,3.85,-2.20,-6.33,-9.25,-5.53,-3.45,-0.23
25052.00,9.28,3.60,-5.54,-7.96,-8.52,-4.05,-3.20,2.83
25056.00,3.96,0.32,-3.73,-8.95,-7.43,-4.56,2.75,5.89
25060.00,0.52,-1.51,-5.88,-4.38,-5.30,0.47,1.32,6.81
25064.00,-1.20,-5.35,-4.05,-6.92,-0.67,4.09,3.58,10.09
25068.00,-4.04,-2.50,-5.36,-2.78,-0.44,6.04,9.19,8.78
25072.00,-1.94,-6.48,-3.22,-3.38,0.87,8.50,6.43,8.80
25076.00,-5.68,-6.63,-2.53,0.72,3.08,5.81,6.34,7.29
25080.00,-2.18,-5.24,-3.00,3.59,7.97,9.04,5.65,4.59
25084.00,-5.49,-4.12,3.24,6.44,8.56,11.07,8.21,3.25
25088.00,-0.32,-1.97,3.92,6.86,7.26,7.42,4.22,-0.79
25092.00,-2.89,-0.03,7.13,8.49,10.32,5.10,-0.01,-5.11
25096.00,-2.14,2.91,8.66,6.17,9.13,3.89,-2.68,-6.01
25100.00,0.85,5.24,9.61,6.70,6.64,2.06,-4.45,-12.67
25104.00,3.09,6.80,6.65,8.64,6.04,-1.11,-8.96,-15.03
25108.00,6.68,6.19,10.82,7.19,1.26,-3.23,-8.81,-16.29
25112.00,5.97,10.43,8.02,5.60,1.35,-8.71,-11.98,-15.73
25116.00,7.85,9.57,6.97,1.13,-4.63,-9.12,-17.30,-18.60
25120.00,7.70,7.56,2.90,0.20,-5.48,-11.50,-18.30,-16.67
25124.00,8.53,7.87,4.11,-4.03,-11.41,-16.25,-15.24,-16.69
25128.00,5.37,3.88,0.89,-5.80,-12.75,-15.12,-17.35,-11.36
25132.00,4.60,-0.28,-3.87,-10.98,-14.24,-18.51,-16.21,-8.10
25136.00,3.86,0.46,-6.33,-11.85,-13.67,-12.96,-9.29,-4.21
25140.00,2.27,-1.05,-6.85,-15.57,-16.99,-13.19,-5.74,2.64
25144.00,-0.81,-3.90,-11.51,-15.22,-13.38,-11.95,-4.73,5.75
25148.00,-4.28,-10.82,-14.15,-15.91,-12.04,-8.33,2.10,14.35
25152.00,-7.31,-12.87,-14.74,-12.79,-11.08,-5.64,6.57,18.04
25156.00,-7.66,-14.44,-16.20,-12.86,-9.13,1.92,12.90,20.52
25160.00,-11.75,-12.91,-15.03,-7.74,-2.27,7.33,15.67,26.99
25164.00,-11.36,-15.71,-9.66,-7.20,1.67,12.40,22.98,30.52
25168.00,-14.50,-13.72,-11.74,-2.55,7.94,13.50,21.89,28.69
25172.00,-11.32,-11.38,-6.06,0.12,12.38,19.00,24.42,27.77
25176.00,-11.12,-8.49,-4.90,7.25,12.89,23.28,27.56,26.96
25180.00,-12.76,-6.48,-0.84,10.03,18.42,27.09,26.95,26.19
25184.00,-9.80,-2.92,5.22,14.62,20.13,25.85,28.49,23.00
25188.00,-5.41,-0.66,5.99,19.07,23.66,26.57,25.00,20.25
25192.00,-5.19,5.02,12.41,17.81,23.42,26.57,25.80,17.75
25196.00,-1.49,7.01,17.55,21.51,25.57,22.77,17.94,10.96
25200.00,4.12,12.02,16.53,25.49,24.33,24.97,16.10,7.49
25204.00,5.88,16.60,22.90,23.12,24.26,19.62,14.82,6.71
25208.00,11.35,19.10,21.44,23.60,23.64,13.65,10.86,0.04
25212.00,12.84,19.90,21.28,20.14,20.93,11.09,3.85,-0.75
25216.00,13.27,22.23,20.58,20.79,17.29,7.95,1.51,-4.33
25220.00,16.72,21.12,22.19,17.46,11.82,4.57,-3.49,-5.97
25224.00,20.07,22.48,18.77,12.18,8.88,0.13,-3.69,-8.83
25228.00,17.48,20.39,18.57,12.24,3.80,0.48,-5.00,-8.04
25232.00,16.58,17.85,13.52,8.72,3.65,-5.63,-6.84,-3.23
25236.00,18.34,13.79,10.61,3.62,-1.71,-6.04,-6.34,-5.48
25240.00,17.94,12.22,5.47,-0.64,-2.02,-4.28,-2.66,-0.16
25244.00,15.32,10.15,5.02,-1.88,-2.08,-6.54,-1.60,-0.76
25248.00,14.26,6.37,1.27,-4.05,-4.76,-4.29,-0.06,5.37
25252.00,11.35,3.18,-1.13,-4.81,-1.94,-3.00,2.13,9.05
25256.00,5.35,0.87,-3.54,-2.80,-5.54,-1.34,5.69,9.63
25260.00,3.21,0.35,-3.95,-3.88,-0.68,1.02,8.30,12.51
25264.00,1.08,-0.84,-1.05,-1.78,2.51,5.04,10.43,10.57
25268.00,1.71,-2.47,-4.09,-3.00,4.38,8.47,9.86,12.99
25272.00,-2.25,-2.99,-3.28,2.36,2.80,11.02,10.74,10.48
25276.00,-2.59,-0.05,-1.54,3.48,6.67,10.84,13.13,8.14
25280.00,-1.82,0.46,0.13,3.99,10.21,9.10,8.58,8.47
25284.00,0.38,1.39,0.98,5.45,12.27,8.96,7.06,3.77
25288.00,-3.62,0.63,3.45,9.57,12.85,8.16,6.67,-1.04
25292.00,1.25,5.54,9.35,7.54,8.64,10.55,4.63,-1.42
25296.00,1.79,5.09,7.21,7.74,11.86,7.37,-1.16,-5.58
25300.00,4.66,7.05,11.88,8.19,10.00,5.27,-1.57,-8.03
25304.00,5.09,7.16,11.90,10.27,7.73,0.47,-5.48,-14.63
25308.00,6.30,8.20,7.20,9.33,3.80,-1.97,-11.32,-12.09
25312.00,7.50,9.73,10.82,6.65,0.36,-5.29,-13.57,-15.87
25316.00,10.58,9.23,9.88,2.19,-3.82,-9.67,-14.05,-15.49
25320.00,11.20,10.86,4.40,-0.85,-8.43,-12.44,-16.87,-13.76
25324.00,10.60,9.35,0.81,-4.10,-10.38,-14.75,-17.14,-12.99
25328.00,7.22,4.36,2.11,-4.06,-13.63,-14.08,-15.26,-11.95
25332.00,4.16,1.98,-1.49,-8.36,-12.00,-15.84,-13.74,-7.20
25336.00,7.09,-2.09,-3.45,-10.23,-14.06,-15.77,-9.28,-4.85
25340.00,2.45,-1.88,-7.30,-11.54,-14.25,-11.29,-7.06,3.72
25344.00,0.41,-3.80,-11.38,-15.83,-13.25,-11.11,-5.32,9.43
25348.00,-1.56,-8.08,-14.74,-13.65,-12.92,-4.80,0.17,12.32
25352.00,-5.24,-9.46,-13.15,-12.42,-11.44,-1.73,5.12,16.74
25356.00,-7.42,-10.11,-11.92,-11.45,-8.11,0.09,11.72,21.12
25360.00,-12.38,-12.34,-14.67,-11.03,-3.77,3.49,15.28,23.72
25364.00,-12.91,-13.76,-10.95,-5.50,1.55,8.61,22.38,27.82
25368.00,-11.51,-14.21,-8.92,-6.18,3.86,12.60,23.14,31.17
25372.00,-14.99,-10.27,-8.42,-1.41,7.54,19.48,24.45,30.56
25376.00,-13.31,-12.53,-1.84,5.62,12.73,20.66,28.71,28.63
25380.00,-13.78,-8.10,-2.59,8.34,15.50,23.59,24.96,26.37
25384.00,-9.52,-5.20,5.15,11.67,22.50,25.53,25.11,25.89
25388.00,-6.34,-3.27,7.57,14.70,22.09,24.35,23.51,19.69
25392.00,-3.90,0.63,9.11,20.74,21.41,24.14,22.93,16.19
25396.00,-3.04,6.32,13.95,20.52,25.81,22.56,20.35,10.91
25400.00,1.85,9.83,19.33,20.31,22.97,21.35,12.66,5.02
25404.00,7.05,11.25,18.39,22.38,21.54,18.15,11.95,1.10
25408.00,10.22,16.82,21.16,21.19,17.19,15.64,7.70,-1.78
25412.00,13.09,16.98,22.93,20.11,15.93,11.62,1.09,-5.65
25416.00,13.50,16.31,22.52,17.06,14.25,5.05,-0.78,-6.12
25420.00,13.50,20.45,20.40,15.99,7.52,0.04,-3.47,-7.68
25424.00,15.41,17.84,17.49,9.77,6.19,-1.28,-6.83,-8.15
25428.00,16.14,15.12,15.09,6.67,1.85,-3.08,-10.41,-9.08
25432.00,17.75,13.45,8.84,5.81,-0.59,-4.87,-8.53,-6.95
25436.00,17.11,13.54,10.39,-0.60,-3.68,-8.50,-10.44,-6.55
25440.00,14.56,8.95,4.46,-2.35,-6.09,-10.07,-5.46,-3.14
25444.00,9.94,7.22,2.48,-1.29,-5.55,-8.70,-5.52,0.12
25448.00,9.56,2.96,0.53,-5.32,-7.47,-4.82,-2.09,0.62
25452.00,6.79,2.84,-5.10,-7.19,-6.82,-5.29,-3.14,2.55
25456.00,4.86,-1.23,-5.42,-6.04,-6.53,-4.20,3.13,3.61
25460.00,3.52,-2.78,-6.95,-5.60,-4.44,-3.78,2.05,4.45
25464.00,-3.29,-6.23,-5.11,-4.26,-2.69,2.30,5.21,7.00
25468.00,-2.11,-3.29,-3.85,-2.85,-2.51,3.26,7.75,6.33
25472.00,-5.71,-6.86,-7.51,-3.94,0.76,6.36,9.33,7.74
25476.00,-5.94,-6.40,-6.11,1.07,5.17,5.55,6.81,2.62
25480.00,-4.70,-5.98,-2.25,0.96,7.22,7.38,5.90,2.13
25484.00,-6.75,-5.78,1.74,4.32,6.94,5.63,6.19,-0.78
25488.00,-4.25,0.23,1.69,5.74,7.59,5.23,2.12,-6.00
25492.00,-5.47,-2.36,4.81,3.53,8.79,2.04,-2.71,-7.72
25496.00,-3.35,1.35,2.37,6.31,7.53,1.65,-5.26,-9.69
25500.00,-2.31,2.77,5.61,5.37,2.92,-1.89,-8.32,-13.72
25504.00,1.19,4.79,3.69,4.02,-0.10,-3.45,-12.69,-16.17
25508.00,2.70,5.24,3.69,5.20,-3.59,-5.33,-14.72,-21.94
25512.00,5.45,3.48,4.69,2.79,-4.38,-9.66,-17.05,-18.51
25516.00,4.17,3.11,5.83,-1.19,-5.85,-11.74,-20.89,-19.48
25520.00,5.43,4.67,2.62,-4.92,-10.58,-19.10,-19.11,-21.38
25524.00,3.21,3.41,-0.72,-6.57,-14.92,-17.02,-21.35,-19.86
25528.00,4.39,0.84,-3.85,-11.79,-18.47,-22.68,-18.82,-15.93
25532.00,3.57,-1.54,-5.09,-12.29,-17.61,-18.34,-16.34,-10.85
25536.00,3.35,-3.05,-11.64,-17.19,-18.31,-19.82,-18.12,-6.67
25540.00,-0.31,-6.82,-13.41,-19.88,-18.78,-19.05,-11.61,-3.59
25544.00,-3.84,-9.45,-13.06,-18.08,-20.27,-16.36,-10.87,2.98
25548.00,-6.08,-13.54,-15.30,-18.19,-19.30,-15.01,-4.00,8.87
25552.00,-11.22,-16.61,-18.09,-19.50,-14.69,-7.79,2.00,10.30
25556.00,-13.47,-16.19,-17.92,-16.12,-11.63,-3.58,4.02,17.35
25560.00,-15.49,-15.70,-20.68,-15.82,-9.59,1.38,11.89,18.12
25564.00,-13.43,-17.79,-14.66,-10.02,-5.76,3.22,13.34,19.63
25568.00,-16.14,-19.42,-15.66,-9.21,0.85,9.54,19.84,22.55
25572.00,-18.02,-17.84,-13.06,-5.78,3.37,13.85,20.68,21.69
25576.00,-16.94,-13.28,-8.77,-0.84,10.19,16.03,20.42,23.71
25580.00,-17.96,-11.06,-7.61,4.38,11.86,16.03,20.15,20.50
25584.00,-15.36,-8.26,-3.51,7.31,16.75,20.19,21.42,18.92
25588.00,-13.60,-6.33,4.74,10.43,18.27,20.55,19.55,11.77
25592.00,-7.59,-2.48,6.84,11.21,20.72,16.96,14.27,7.60
25596.00,-3.06,0.96,9.50,18.11,16.48,15.71,15.15,2.79
25600.00,-1.73,3.65,9.96,15.99,16.22,17.56,10.85,2.50
25604.00,0.70,6.99,14.78,17.99,15.49,12.78,4.22,-3.48
25608.00,7.05,10.38,14.78,14.67,15.33,8.69,-1.51,-10.22
25612.00,6.92,13.82,16.58,12.98,10.25,6.68,-2.45,-9.79
25616.00,11.55,15.62,16.73,11.54,7.25,-1.52,-9.28,-11.51
25620.00,11.39,13.07,12.18,12.39,1.64,-1.13,-9.81,-13.68
25624.00,14.96,14.73,12.24,9.04,-0.75,-6.14,-12.08,-18.14
25628.00,14.22,12.86,9.21,1.28,-1.25,-10.91,-14.84,-16.57
25632.00,10.61,8.85,4.70,-1.37,-5.54,-11.88,-13.61,-12.71
25636.00,11.38,8.68,5.01,-4.28,-9.59,-14.41,-14.74,-13.23
25640.00,11.99,6.56,-1.57,-4.20,-12.34,-12.93,-14.11,-9.34
25644.00,9.17,2.93,-3.27,-10.02,-13.32,-10.96,-10.87,-8.36
25648.00,5.71,-0.39,-4.03,-11.60,-13.13,-13.10,-8.30,-6.34
25652.00,1.46,-1.21,-9.89,-11.63,-10.80,-8.71,-8.33,-0.84
25656.00,-1.33,-6.88,-9.82,-11.77,-12.81,-11.05,-4.88,-1.50
25660.00,-0.59,-5.18,-8.24,-11.70,-9.91,-4.89,-0.23,2.90
25664.00,-3.71,-6.37,-8.84,-10.89,-6.26,-2.38,-2.28,1.93
25668.00,-4.67,-8.10,-12.37,-9.10,-7.66,-2.84,2.94,0.15
25672.00,-10.13,-9.54,-7.51,-7.17,-1.38,1.29,1.39,1.75
25676.00,-9.83,-9.13,-5.93,-3.30,-2.77,-0.74,2.91,-3.05
25680.00,-10.89,-8.58,-4.08,-1.86,0.22,-0.42,2.06,-4.21
25684.00,-8.29,-8.36,-4.94,-2.05,0.83,-0.21,1.89,-5.52
25688.00,-5.80,-3.37,-2.07,-1.59,1.37,2.22,-2.62,-7.86
25692.00,-6.24,-3.24,-2.67,1.92,0.93,-1.20,-4.80,-12.33
25696.00,-7.35,-0.94,1.47,1.55,1.21,-2.68,-6.73,-17.10
25700.00,-4.51,-0.82,0.35,2.86,0.80,-3.36,-13.45,-21.29
25704.00,-3.49,1.15,0.79,0.50,-2.05,-7.74,-13.50,-24.20
25708.00,1.60,4.34,0.66,0.77,-5.46,-12.54,-20.80,-25.65
25712.00,3.65,4.29,2.64,-2.95,-10.19,-12.78,-23.87,-25.74
25716.00,4.52,4.01,-1.83,-4.47,-12.08,-18.99,-21.70,-27.23
25720.00,0.83,-0.73,-2.49,-6.42,-16.37,-22.68,-23.35,-24.63
25724.00,2.36,1.48,-4.82,-12.61,-18.32,-22.68,-26.85,-22.22
25728.00,2.52,-2.21,-8.93,-11.62,-21.96,-26.38,-24.27,-19.10
25732.00,2.41,-6.14,-10.49,-17.76,-22.47,-23.44,-24.62,-18.18
25736.00,-1.52,-8.22,-14.11,-17.67,-24.70,-25.00,-17.84,-12.53
25740.00,-5.86,-8.75,-14.53,-22.83,-25.87,-20.44,-17.23,-5.95
25744.00,-7.86,-13.99,-18.55,-23.41,-20.99,-18.41,-11.42,-1.96
25748.00,-8.87,-13.38,-20.16,-22.35,-20.87,-14.00,-5.69,1.67
25752.00,-9.45,-15.90,-20.60,-19.95,-20.17,-11.55,-4.79,9.85
25756.00,-12.42,-20.13,-19.69,-22.30,-15.30,-7.30,2.29,11.66
25760.00,-17.56,-22.25,-20.88,-15.75,-10.63,-2.06,6.26,16.41
25764.00,-19.23,-21.45,-18.36,-16.04,-5.55,0.45,12.93,18.38
25768.00,-17.57,-18.77,-19.44,-12.96,-3.76,4.21,12.46,19.88
25772.00,-20.93,-20.68,-12.47,-7.48,1.87,10.76,15.24,21.64
25776.00,-18.36,-18.37,-11.36,-5.19,3.58,12.03,17.22,20.05
25780.00,-16.35,-13.96,-7.06,0.47,11.16,15.03,17.95,19.63
25784.00,-18.12,-10.90,-0.93,4.83,12.82,15.09,18.40,16.29
25788.00,-15.45,-7.18,2.81,10.86,16.90,16.55,18.57,9.24
25792.00,-10.77,-4.16,5.03,11.02,14.25,19.75,11.82,8.85
25796.00,-8.55,-1.27,7.03,13.16,16.43,15.12,13.02,0.82
25800.00,-4.69,5.24,9.61,13.80,13.99,11.82,7.91,-3.18
25804.00,-1.30,8.14,12.21,15.97,13.15,9.56,0.76,-5.39
25808.00,1.97,11.77,16.25,14.67,14.35,6.00,-1.00,-9.79
25812.00,7.59,13.73,15.99,11.72,8.76,2.80,-7.14,-10.24
25816.00,9.95,12.33,13.81,10.39,8.51,1.13,-9.09,-14.72
25820.00,11.70,15.87,11.06,7.42,3.38,-2.88,-11.40,-17.14
25824.00,10.29,11.29,8.88,4.40,-0.74,-8.44,-15.01,-15.68
25828.00,10.78,12.86,8.17,1.60,-2.47,-12.18,-16.01,-18.82
25832.00,10.89,11.63,4.54,2.14,-6.97,-14.30,-13.91,-13.21
25836.00,11.92,8.49,1.77,-3.49,-10.42,-11.75,-16.24,-15.42
25840.00,7.97,6.65,1.48,-7.64,-9.00,-15.66,-14.36,-12.28
25844.00,9.94,5.28,-2.71,-9.57,-14.82,-12.15,-9.60,-8.32
25848.00,3.04,-0.95,-4.59,-8.20,-11.18,-10.90,-11.51,-5.04
25852.00,3.43,-3.45,-7.67,-11.81,-13.30,-10.49,-7.78,-4.33
25856.00,1.65,-5.90,-9.10,-11.63,-10.10,-7.55,-2.78,-1.64
25860.00,-0.22,-7.81,-12.00,-10.05,-10.31,-8.36,-2.52,1.31
25864.00,-4.58,-7.78,-11.42,-10.17,-7.68,-5.38,0.27,3.51
25868.00,-6.97,-7.57,-12.36,-6.94,-4.57,-3.40,-0.23,0.96
25872.00,-8.78,-10.57,-8.79,-7.47,-4.05,1.59,0.26,2.69
25876.00,-8.28,-8.83,-6.46,-4.70,0.67,3.85,2.97,1.47
25880.00,-9.54,-5.79,-5.27,-0.60,1.71,3.52,1.52,-0.83
25884.00,-9.27,-4.12,-4.22,-0.76,0.51,3.42,-0.98,-6.73
25888.00,-6.50,-6.54,-3.53,1.13,4.31,0.15,0.41,-5.85
25892.00,-5.12,-4.79,2.84,3.04,2.53,2.40,-4.63,-9.01
25896.00,-5.09,-1.18,0.07,1.29,4.79,-3.38,-9.02,-12.08
25900.00,-2.23,-1.34,4.97,3.35,-0.14,-2.24,-12.96,-20.15
25904.00,0.95,0.62,4.34,4.26,-2.62,-8.53,-14.10,-19.18
25908.00,2.65,3.52,2.20,-0.65,-4.50,-11.53,-15.44,-21.32
25912.00,3.72,1.91,4.49,-2.83,-7.57,-14.81,-18.42,-22.77
25916.00,5.08,2.84,3.67,-4.21,-7.02,-14.59,-20.36,-25.32
25920.00,5.80,2.59,-1.36,-6.22,-11.15,-17.02,-21.57,-22.80
25924.00,5.84,0.61,-0.96,-6.68,-14.33,-19.06,-22.03,-20.93
25928.00,3.52,-0.00,-5.45,-11.38,-19.77,-21.18,-23.23,-16.28
25932.00,2.95,-1.13,-9.33,-11.93,-20.30,-21.45,-18.10,-12.05
25936.00,-1.60,-2.36,-8.62,-17.01,-19.04,-20.53,-17.80,-8.54
25940.00,-2.59,-9.15,-15.63,-17.97,-18.52,-17.14,-10.77,-2.98
25944.00,-6.09,-10.55,-15.27,-18.50,-17.69,-18.28,-8.53,-0.42
25948.00,-6.39,-11.71,-19.57,-18.24,-17.80,-10.88,-4.36,4.17
25952.00,-10.79,-17.15,-20.01,-16.75,-15.35,-8.97,-0.45,11.95
25956.00,-10.94,-17.61,-20.44,-15.84,-9.91,-1.55,7.28,17.90
25960.00,-15.90,-15.39,-15.98,-16.40,-8.05,-1.36,11.82,19.63
25964.00,-14.63,-15.86,-16.99,-12.19,-5.60,3.99,14.82,24.04
25968.00,-16.64,-16.52,-16.51,-6.38,1.12,10.04,17.45,22.81
25972.00,-13.91,-16.33,-12.79,-5.24,4.34,16.33,23.41,26.47
25976.00,-15.13,-10.96,-8.42,2.04,10.07,19.92,20.55,23.48
25980.00,-13.45,-12.26,-6.00,5.96,15.01,19.88,22.50,20.10
25984.00,-14.49,-8.69,0.65,9.22,17.13,20.48,24.17,19.66
25988.00,-8.58,-4.54,3.19,11.14,19.90,24.10,23.12,18.30
25992.00,-8.68,0.45,10.63,14.68,19.54,23.31,16.87,9.71
25996.00,-2.62,5.67,12.07,15.83,19.95,18.59,17.01,5.73
26000.00,-0.69,6.71,15.54,19.28,22.64,15.64,13.05,1.19
26004.00,3.18,13.10,15.25,21.28,20.17,14.95,9.82,-1.64
26008.00,4.64,14.86,18.55,20.37,17.79,10.27,4.75,-2.04
26012.00,11.97,15.71,19.77,17.42,13.95,6.65,2.23,-9.73
26016.00,10.42,16.62,17.25,18.86,12.49,2.90,-1.48,-9.58
26020.00,16.98,15.42,16.55,16.10,6.52,-1.45,-7.29,-10.74
26024.00,15.26,16.53,15.93,8.65,6.22,-5.23,-6.62,-13.58
26028.00,14.20,18.66,15.62,9.24,-1.43,-4.41,-8.99,-12.81
26032.00,15.93,14.66,11.00,5.55,-1.59,-7.83,-12.27,-9.02
26036.00,17.69,14.63,9.21,2.23,-6.34,-8.22,-9.90,-5.55
26040.00,11.30,8.78,3.56,-3.66,-6.07,-6.62,-7.22,-6.98
26044.00,13.16,8.44,2.12,-2.33,-6.19,-7.63,-7.50,-3.46
26048.00,10.90,1.85,-1.09,-6.93,-7.14,-4.83,-1.82,-0.67
26052.00,7.60,3.70,-2.45,-5.53,-5.57,-7.62,-1.56,5.42
26056.00,3.54,-0.61,-4.19,-8.69,-6.23,-2.53,0.60,6.95
26060.00,-0.44,-3.54,-3.24,-8.08,-2.31,-0.50,3.18,6.40
26064.00,-1.38,-4.99,-6.12,-4.60,-2.66,0.88,3.96,8.17
26068.00,-2.53,-5.99,-3.91,-1.74,1.67,6.32,5.19,6.60
26072.00,-3.17,-3.96,-3.10,-3.80,4.10,7.61,8.61,8.11
26076.00,-5.71,-4.02,-1.94,1.84,5.75,10.14,7.10,6.23
26080.00,-3.88,-3.57,1.52,2.77,6.91,8.77,6.57,4.90
26084.00,-2.39,-0.82,-0.04,2.79,5.36,10.03,7.56,4.04
26088.00,-3.58,1.89,3.89,7.75,7.54,10.36,2.17,0.09
26092.00,-2.22,0.48,3.26,8.38,10.56,5.30,1.05,-3.91
26096.00,-0.20,4.36,8.68,8.08,7.80,2.15,-1.98,-8.81
26100.00,1.53,7.57,6.64,6.45,6.73,0.88,-5.43,-10.47
26104.00,2.09,6.17,7.80,10.05,4.97,-1.22,-9.51,-15.71
26108.00,5.17,5.96,7.28,4.66,2.00,-4.79,-11.24,-18.01
26112.00,7.63,9.41,5.97,2.18,0.35,-6.05,-13.86,-17.57
26116.00,6.65,7.32,4.65,2.02,-2.65,-10.77,-16.78,-15.71
26120.00,10.36,6.20,3.95,-2.40,-7.10,-13.78,-14.71,-16.08
26124.00,6.94,6.55,1.94,-2.27,-10.33,-14.49,-17.73,-14.00
26128.00,9.38,3.31,-0.28,-7.24,-11.43,-14.36,-15.72,-8.88
26132.00,5.57,4.38,-4.55,-10.00,-12.45,-14.58,-11.96,-5.47
26136.00,3.79,0.45,-4.64,-13.29,-17.03,-15.26,-13.56,-4.62
26140.00,1.15,-1.88,-7.49,-11.71,-13.14,-13.51,-5.52,0.25
26144.00,-1.86,-7.06,-11.63,-16.84,-13.54,-12.80,-4.10,8.61
26148.00,-2.11,-8.53,-14.60,-13.55,-13.14,-6.69,2.31,14.75
26152.00,-6.42,-11.07,-15.34,-15.60,-9.04,-1.88,7.37,16.10
26156.00,-10.10,-13.72,-14.36,-15.00,-6.27,3.52,12.71,21.50
26160.00,-9.40,-15.30,-11.00,-9.55,-5.09,7.99,14.54,24.76
26164.00,-12.15,-14.09,-14.32,-6.61,-0.84,12.27,20.39,27.89
26168.00,-10.60,-15.12,-11.13,-1.22,4.28,13.35,21.70,28.39
26172.00,-11.94,-12.21,-7.17,3.01,9.52,17.23,28.22,30.60
26176.00,-10.00,-7.27,-2.54,4.56,15.11,20.87,27.89,31.01
26180.00,-10.16,-5.58,-1.42,10.05,18.93,23.88,27.35,28.87
26184.00,-11.21,-5.09,6.67,13.72,18.83,28.45,26.33,22.37
26188.00,-6.51,-1.68,8.06,14.92,24.29,25.90,25.53,19.43
26192.00,-4.01,1.61,12.53,20.59,22.95,24.89,23.12,18.71
26196.00,0.52,5.71,13.18,22.05,24.29,26.42,18.86,13.70
26200.00,2.01,10.95,19.11,23.94,24.74,20.47,15.90,6.17
26204.00,5.63,12.30,20.31,23.83,24.38,19.35,13.65,2.16
26208.00,8.69,18.34,20.27,24.64,19.45,17.91,9.86,2.91
26212.00,11.49,18.34,20.19,23.31,20.52,11.16,4.70,-1.83
26216.00,14.68,21.78,21.50,19.00,15.62,9.97,-0.90,-5.81
26220.00,18.59,22.64,20.28,18.36,11.18,4.95,-1.74,-6.10
26224.00,16.30,21.88,19.77,13.61,9.94,2.97,-1.80,-4.76
26228.00,17.28,18.23,18.30,10.32,5.81,-0.52,-7.77,-7.38
26232.00,21.23,19.24,14.75,7.24,0.96,-1.67,-4.17,-5.96
26236.00,19.25,16.81,10.31,6.89,0.65,-7.04,-5.45,-3.48
26240.00,14.97,11.16,7.40,1.37,-4.62,-6.74,-5.41,0.02
26244.00,14.41,11.51,3.35,0.11,-2.21,-3.21,-2.62,3.13
26248.00,10.77,9.41,1.57,-4.30,-2.97,-4.38,1.66,6.10
26252.00,9.41,3.28,-2.76,-2.54,-5.23,-0.42,1.03,5.15
26256.00,6.19,3.26,-0.67,-5.85,-1.01,1.08,2.82,11.26
26260.00,1.61,-1.03,-2.74,-2.89,-3.59,2.21,5.67,9.54
26264.00,0.11,-1.00,-4.85,-4.71,1.29,2.41,9.87,8.96
26268.00,-0.49,-3.19,-3.62,-1.18,3.37,5.20,11.56,10.03
26272.00,-2.81,-3.56,-0.86,-1.17,5.28,9.95,11.72,12.04
26276.00,0.03,-3.63,-0.27,5.31,7.99,8.40,11.56,9.05
26280.00,-0.49,0.48,-1.12,6.14,6.88,12.51,8.51,6.20
26284.00,-2.53,-1.81,5.18,6.97,9.60,12.40,7.58,2.86
26288.00,-0.33,1.89,7.06,9.51,11.72,9.25,6.66,2.67
26292.00,1.01,3.79,9.27,10.27,11.69,6.31,2.51,-1.86
26296.00,2.62,7.54,6.97,9.65,10.85,7.41,1.90,-6.55
26300.00,4.78,6.65,8.64,12.37,9.65,1.22,-0.53,-10.23
26304.00,2.83,9.20,8.29,8.74,4.98,0.10,-4.72,-12.12
26308.00,6.54,9.79,9.74,6.84,5.26,-4.65,-9.36,-15.71
26312.00,10.27,7.70,8.87,4.04,0.77,-7.40,-11.56,-15.28
26316.00,9.04,9.34,5.56,3.84,-4.57,-9.93,-13.17,-14.92
26320.00,11.49,9.14,5.21,2.58,-7.95,-11.33,-16.98,-16.50
26324.00,7.15,4.93,3.77,-4.30,-7.58,-11.82,-13.42,-15.54
26328.00,5.97,5.73,-1.52,-7.58,-11.21,-13.35,-15.52,-9.45
26332.00,4.65,1.41,-4.88,-11.16,-13.69,-16.41,-14.97,-7.27
26336.00,2.40,-1.08,-4.48,-13.11,-17.25,-16.08,-12.01,-1.74
26340.00,0.59,-3.60,-9.01,-15.41,-16.46,-13.65,-9.27,3.44
26344.00,0.45,-4.51,-13.24,-15.22,-13.34,-11.42,-4.97,6.16
26348.00,-3.11,-5.88,-12.96,-16.61,-10.66,-5.08,-0.50,10.77
26352.00,-7.17,-12.69,-13.08,-12.47,-10.14,-4.47,5.04,16.79
26356.00,-10.34,-11.75,-12.11,-11.93,-7.56,0.26,11.25,23.40
26360.00,-9.29,-13.97,-15.93,-11.67,-3.92,6.79,15.66,24.38
26364.00,-13.54,-15.91,-13.39,-5.95,0.01,10.18,20.94,25.49
26368.00,-11.77,-13.98,-10.00,-6.08,4.08,12.36,25.28,27.14
26372.00,-15.38,-11.70,-6.14,-1.28,10.19,18.30,24.68,28.12
26376.00,-13.89,-12.07,-4.28,2.66,13.88,20.01,28.59,28.61
26380.00,-9.55,-8.51,0.58,9.54,17.35,24.64,26.25,26.68
26384.00,-10.67,-4.40,3.74,11.75,21.07,24.05,24.54,25.28
26388.00,-7.69,-1.54,5.18,14.26,20.80,25.27,23.23,21.59
26392.00,-5.69,2.53,10.73,18.07,21.56,26.57,20.48,16.68
26396.00,-2.61,4.60,16.17,20.30,25.71,23.90,21.00,13.32
26400.00,2.67,9.97,19.39,20.40,20.88,18.48,12.62,4.22
26404.00,4.77,13.96,17.39,21.84,20.98,15.19,10.58,1.16
26408.00,10.53,13.09,20.92,20.07,17.60,11.47,7.18,-2.61
26412.00,10.47,15.12,19.82,19.45,18.89,11.89,-0.11,-4.21
26416.00,13.86,20.77,21.66,16.94,12.17,5.81,-1.54,-9.52
26420.00,16.55,19.45,20.33,16.05,9.47,-0.30,-6.74,-7.33
26424.00,15.57,20.68,14.79,13.09,5.58,-1.06,-5.12,-11.88
26428.00,16.71,18.85,14.21,8.57,3.99,-1.83,-7.84,-7.37
26432.00,17.81,16.23,11.46,6.58,-2.16,-4.42,-10.55,-6.89
26436.00,17.65,13.62,5.62,3.42,-2.89,-7.31,-8.55,-8.10
26440.00,11.69,11.59,5.76,1.25,-5.13,-6.30,-6.11,-6.70
26444.00,9.99,8.30,3.86,-4.18,-7.19,-5.60,-4.77,-3.13
26448.00,9.84,5.37,-1.28,-6.84,-6.24,-5.76,-1.54,2.33
26452.00,8.95,2.83,-2.58,-7.42,-5.65,-6.85,-0.76,1.38
26456.00,3.46,-2.55,-4.40,-4.56,-4.32,-4.39,-0.54,3.94
26460.00,1.87,-3.09,-6.77,-5.48,-4.11,-1.56,3.15,5.49
26464.00,-3.08,-6.35,-6.64,-7.77,-5.25,3.20,7.48,7.02
26468.00,-3.94,-6.67,-6.87,-4.59,-2.71,4.37,4.45,6.14
26472.00,-6.67,-6.40,-2.91,-1.35,0.66,3.66,9.41,8.05
26476.00,-5.03,-5.23,-3.79,-2.13,1.53,5.07,6.60,5.98
26480.00,-3.12,-4.30,-3.96,1.27,2.66,5.19,3.97,4.98
26484.00,-2.86,-4.62,-1.54,3.08,6.51,6.56,5.09,-1.83
26488.00,-6.32,-0.25,0.49,6.31,8.06,7.43,1.20,-3.62
26492.00,-4.60,-1.45,2.28,5.61,4.90,5.86,-2.66,-6.64
26496.00,-0.41,2.30,4.03,5.75,7.77,4.01,-2.26,-9.25
26500.00,-0.13,5.26,6.11,8.18,4.62,1.34,-7.20,-13.49
26504.00,0.33,5.86,8.11,6.10,3.64,-4.66,-9.04,-19.71
26508.00,4.87,3.68,4.98,4.45,0.90,-8.61,-16.06,-22.12
26512.00,3.97,6.94,5.92,-0.93,-2.67,-12.89,-14.91,-20.63
26516.00,2.76,4.36,5.17,-3.54,-6.38,-15.04,-16.93,-20.48
26520.00,4.38,6.67,3.61,-3.10,-12.07,-17.55,-18.75,-20.44
26524.00,6.41,5.27,0.54,-7.59,-12.02,-18.90,-22.29,-17.00
26528.00,1.82,0.07,-5.48,-8.43,-14.71,-22.45,-22.33,-18.48
26532.00,5.09,0.35,-5.62,-14.01,-18.09,-22.36,-17.00,-11.83
26536.00,0.94,-5.47,-10.40,-18.22,-20.85,-19.46,-14.69,-6.03
26540.00,-3.29,-7.66,-12.77,-20.37,-18.12,-16.66,-12.84,-1.22
26544.00,-5.08,-11.61,-14.63,-19.61,-20.31,-16.10,-7.34,0.47
26548.00,-5.79,-10.41,-17.54,-17.18,-19.71,-14.06,-6.20,8.41
26552.00,-9.71,-13.69,-19.33,-20.33,-17.72,-6.95,2.60,13.28
26556.00,-10.52,-14.90,-18.44,-17.07,-12.50,-3.02,6.14,16.96
26560.00,-12.65,-18.06,-16.51,-17.12,-9.43,0.88,12.29,18.30
26564.00,-17.68,-18.73,-19.36,-12.93,-4.95,4.00,15.95,23.43
26568.00,-17.65,-19.21,-14.88,-9.20,-2.44,10.24,18.35,25.34
26572.00,-16.31,-18.71,-10.85,-5.92,5.42,12.24,20.86,22.00
26576.00,-17.86,-16.66,-7.28,1.64,9.48,16.72,20.03,21.20
26580.00,-17.48,-14.44,-7.38,4.69,13.30,16.77,20.28,19.42
26584.00,-15.97,-7.07,-2.91,8.16,16.42,20.60,21.72,16.24
26588.00,-9.23,-7.31,2.99,8.24,19.07,20.57,17.41,11.46
26592.00,-8.36,-1.75,6.70,14.65,20.48,19.18,16.34,7.85
26596.00,-5.91,4.25,7.17,13.52,18.67,16.06,13.98,3.82
26600.00,-2.82,4.61,12.30,19.24,17.86,14.81,10.29,1.89
26604.00,1.52,8.37,16.72,15.28,16.66,11.12,2.80,-5.05
26608.00,4.45,13.12,13.79,15.88,12.29,7.55,1.29,-6.39
26612.00,6.48,13.07,17.96,13.04,12.52,5.65,-3.63,-12.74
26616.00,8.69,16.41,17.72,13.23,6.35,1.75,-6.13,-14.03
26620.00,10.34,15.00,13.15,12.25,2.25,-1.50,-12.41,-15.20
26624.00,14.49,12.22,10.45,8.26,1.01,-5.83,-13.36,-17.36
26628.00,15.06,13.62,9.82,5.85,-1.61,-7.83,-14.05,-14.03
26632.00,11.70,10.02,5.50,-0.75,-6.26,-10.75,-17.16,-12.82
26636.00,13.74,7.52,2.77,-2.49,-10.68,-13.29,-13.52,-13.69
26640.00,8.92,4.05,2.28,-8.09,-10.77,-16.15,-11.70,-11.11
26644.00,7.93,2.27,-0.40,-8.62,-12.34,-13.53,-11.45,-9.88
26648.00,5.59,-0.84,-5.63,-7.82,-12.49,-10.66,-7.84,-7.14
26652.00,4.52,-3.56,-9.20,-9.80,-10.24,-8.46,-6.49,-3.64
26656.00,0.56,-5.52,-11.10,-10.72,-12.91,-7.06,-5.85,-2.98
26660.00,-3.42,-6.53,-8.66,-12.95,-11.24,-4.96,-1.49,2.16
26664.00,-4.97,-8.77,-10.88,-11.95,-9.94,-3.28,-1.13,-0.34
26668.00,-7.56,-7.41,-9.42,-10.88,-4.26,-1.26,2.74,0.27
26672.00,-7.28,-10.52,-8.63,-6.73,-5.76,-0.88,2.05,-1.43
26676.00,-10.98,-11.80,-10.38,-6.49,0.39,1.11,3.93,1.02
26680.00,-8.44,-7.80,-8.77,-5.25,0.66,3.23,-0.61,-2.88
26684.00,-6.92,-8.79,-2.56,-2.68,2.90,2.61,0.49,-3.94
26688.00,-5.93,-5.79,-1.85,-0.36,1.48,-1.02,-2.14,-7.73
26692.00,-6.95,-4.53,-1.40,-0.54,1.34,0.34,-7.17,-11.23
26696.00,-3.82,-3.94,1.44,2.40,0.60,-0.53,-10.30,-17.14
26700.00,-1.07,0.11,0.94,1.90,-0.15,-4.48,-10.09,-21.48
26704.00,-2.56,-0.75,0.33,-0.39,-2.77,-6.25,-13.92,-22.89
26708.00,1.10,-0.17,3.71,-0.16,-4.90,-12.24,-20.54,-24.37
26712.00,0.68,3.76,3.41,-3.44,-8.94,-13.02,-21.35,-27.99
26716.00,0.40,1.31,1.42,-6.63,-9.05,-17.96,-21.94,-25.09
26720.00,4.56,0.89,-2.28,-9.53,-14.24,-20.12,-24.18,-26.00
26724.00,1.12,-0.49,-5.60,-12.60,-15.42,-23.75,-24.87,-21.76
26728.00,2.25,-0.16,-8.63,-15.12,-18.18,-22.27,-25.73,-21.76
26732.00,1.18,-4.27,-12.53,-17.09,-22.94,-24.58,-22.15,-15.87
26736.00,0.66,-9.22,-13.87,-17.27,-21.34,-22.08,-21.67,-12.45
26740.00,-4.96,-11.75,-16.23,-21.41,-22.38,-22.39,-18.33,-7.67
26744.00,-7.95,-12.43,-20.56,-20.39,-21.86,-19.55,-14.27,-2.64
26748.00,-7.27,-16.20,-20.76,-23.17,-22.08,-16.35,-9.71,2.74
26752.00,-10.22,-17.42,-18.66,-21.50,-19.38,-11.59,-1.74,8.67
26756.00,-13.93,-19.52,-20.38,-18.11,-16.39,-6.77,0.33,13.43
26760.00,-16.83,-21.12,-22.11,-16.47,-10.62,-3.40,8.28,16.08
26764.00,-19.71,-20.85,-19.82,-12.63,-7.63,2.64,13.39,19.70
26768.00,-21.08,-20.43,-18.46,-12.56,-3.82,4.25,15.93,19.07
26772.00,-17.96,-18.24,-13.73,-4.93,3.02,9.55,16.21,21.60
26776.00,-19.63,-14.54,-9.02,-2.46,7.33,15.00,19.93,19.28
26780.00,-18.64,-15.65,-7.99,0.81,11.30,16.45,19.94,17.91
26784.00,-13.81,-8.43,-2.25,5.95,11.44,16.26,19.98,13.82
26788.00,-11.71,-8.00,3.23,8.70,14.42,17.48,14.54,10.79
26792.00,-8.68,-1.42,3.51,10.28,15.52,15.53,14.90,8.34
26796.00,-7.00,2.48,5.57,15.11,15.63,15.44,9.53,1.93
26800.00,-5.59,2.82,8.44,16.45,14.38,14.85,4.79,-2.90
26804.00,-0.42,9.30,12.08,14.64,15.16,9.24,1.87,-5.66
26808.00,5.99,7.68,12.42,17.71,15.16,5.92,-0.82,-9.16
26812.00,5.96,10.60,15.89,15.72,9.89,1.00,-4.99,-10.67
26816.00,10.44,15.46,12.04,14.14,8.36,0.98,-10.43,-16.61
26820.00,11.01,11.47,15.61,11.15,4.63,-4.88,-12.36,-14.58
26824.00,10.02,11.19,10.96,4.95,-2.69,-8.55,-11.79,-18.94
26828.00,13.50,13.19,7.28,4.87,-4.25,-8.78,-17.38,-14.87
26832.00,12.25,11.89,8.12,-1.32,-4.88,-12.70,-15.02,-17.28
26836.00,10.61,8.05,1.05,-5.29,-9.05,-14.51,-13.00,-11.51
26840.00,9.76,7.91,1.98,-4.96,-10.73,-12.35,-14.09,-11.22
26844.00,8.74,2.85,-4.31,-6.60,-10.57,-14.42,-10.95,-6.86
26848.00,7.03,-0.99,-3.30,-9.16,-13.57,-12.43,-8.72,-6.61
26852.00,1.42,-4.05,-9.87,-11.76,-14.82,-10.71,-6.95,-5.10
26856.00,-1.05,-6.36,-11.08,-9.86,-11.93,-9.28,-4.90,-2.28
26860.00,-3.16,-5.53,-11.54,-11.09,-11.81,-7.40,0.32,-0.82
26864.00,-3.57,-8.11,-11.03,-9.98,-5.59,-3.29,-0.47,2.81
26868.00,-5.84,-10.40,-8.28,-10.76,-6.40,-0.64,1.28,0.16
26872.00,-8.92,-9.09,-7.40,-7.54,-2.72,2.64,2.61,2.23
26876.00,-6.24,-10.58,-7.65,-5.69,1.44,0.48,4.96,-0.29
26880.00,-6.11,-5.42,-6.67,-2.85,3.44,5.17,1.76,-1.53
26884.00,-9.59,-8.03,-2.95,-1.61,0.52,2.86,2.54,-4.25
26888.00,-7.65,-2.64,-2.47,0.08,5.37,-0.01,-2.52,-8.24
26892.00,-5.15,-5.04,2.21,3.29,5.49,2.68,-4.81,-8.97
26896.00,-2.02,-1.23,1.89,2.25,4.61,-0.15,-7.33,-16.67
26900.00,-3.96,-1.13,2.59,3.78,3.25,-2.79,-10.87,-15.20
26904.00,-1.64,3.59,3.49,1.39,-0.60,-7.30,-11.47,-20.30
26908.00,-0.10,2.40,3.83,3.40,-2.06,-9.88,-17.31,-22.35
26912.00,1.97,4.43,4.96,-2.47,-7.38,-12.74,-17.91,-22.79
26916.00,2.60,2.13,0.34,-4.10,-9.72,-14.44,-22.96,-25.94
26920.00,3.01,1.48,-2.61,-4.46,-12.40,-17.44,-24.27,-22.48
26924.00,1.71,2.28,-2.86,-7.39,-16.52,-21.47,-22.10,-22.06
26928.00,1.18,1.46,-5.03,-12.15,-17.65,-22.81,-21.08,-15.13
26932.00,1.98,-0.80,-8.49,-16.29,-17.60,-19.40,-20.99,-11.23
26936.00,-1.48,-5.63,-10.77,-14.25,-18.13,-22.59,-17.10,-9.72
26940.00,0.11,-4.94,-12.60,-19.45,-18.38,-18.42,-14.26,-1.58
26944.00,-3.79,-10.24,-15.59,-16.99,-21.26,-13.88,-8.89,-0.68
26948.00,-6.15,-10.56,-15.71,-21.22,-18.52,-14.21,-3.08,4.71
26952.00,-8.75,-12.24,-19.61,-20.69,-16.51,-8.28,1.73,10.85
26956.00,-9.28,-13.81,-16.25,-17.18,-9.73,-2.44,7.27,17.73
26960.00,-14.57,-15.28,-17.33,-15.35,-6.05,-0.77,9.05,19.55
26964.00,-12.76,-16.84,-17.98,-13.29,-2.19,6.97,15.44,24.66
26968.00,-14.35,-17.55,-15.17,-10.11,3.03,10.30,18.35,21.81
26972.00,-16.68,-15.80,-12.28,-3.69,7.33,15.56,23.18,25.31
26976.00,-14.60,-11.99,-5.80,-1.59,9.48,15.55,23.88,23.89
26980.00,-16.87,-11.73,-4.94,4.55,11.39,18.18,24.28,21.94
26984.00,-13.87,-6.51,0.42,6.42,18.04,20.60,20.54,19.58
26988.00,-12.24,-4.74,2.39,11.43,21.17,22.62,20.72,16.44
26992.00,-8.50,0.86,8.78,13.63,19.22,23.62,19.22,11.59
26996.00,-5.98,6.40,11.54,19.00,21.24,19.10,15.84,8.91
27000.00,1.99,7.67,13.20,17.32,20.39,18.72,11.04,5.54
27004.00,4.24,12.42,17.21,19.02,17.58,15.06,8.34,0.48
27008.00,7.73,12.31,16.45,21.67,19.56,12.24,4.92,-6.00
27012.00,7.71,14.33,17.80,20.44,15.24,6.57,0.89,-9.68
27016.00,13.58,18.69,20.88,14.95,9.50,5.29,-1.90,-11.93
27020.00,12.63,18.75,16.27,15.01,9.93,1.51,-6.96,-10.79
27024.00,17.24,19.53,16.95,10.08,3.66,-1.91,-8.90,-12.62
27028.00,18.32,17.35,11.16,7.88,2.29,-2.97,-9.26,-9.10
27032.00,16.73,13.00,10.91,6.62,-3.85,-8.74,-9.94,-9.18
27036.00,17.62,11.04,5.26,1.70,-5.34,-9.22,-10.62,-7.66
27040.00,15.23,7.66,2.52,0.75,-4.89,-10.08,-8.04,-3.12
27044.00,14.15,6.76,0.09,-1.51,-7.40,-7.38,-5.08,-0.16
27048.00,8.40,6.48,1.23,-6.01,-6.88,-7.28,-3.05,-0.47
27052.00,7.78,0.02,-5.15,-8.26,-6.14,-5.27,-0.57,4.65
27056.00,6.54,-3.12,-3.21,-7.70,-4.49,-0.94,1.13,5.03
27060.00,0.71,-0.56,-7.94,-4.50,-5.02,0.43,1.45,7.24
27064.00,-1.31,-2.12,-6.71,-5.94,-2.58,-0.39,4.54,9.38
27068.00,-3.14,-6.56,-4.74,-3.56,-0.32,4.19,5.98,9.09
27072.00,-4.49,-4.00,-3.64,-0.43,3.33,4.01,10.68,9.64
27076.00,-3.64,-3.00,-5.12,-0.48,4.88,8.27,9.10,7.30
27080.00,-6.52,-2.12,1.38,0.45,7.88,6.10,6.14,5.12
27084.00,-5.44,-1.78,0.85,5.57,9.74,8.79,4.08,2.00
27088.00,-5.01,0.93,3.72,7.04,9.29,7.06,5.48,-3.47
27092.00,-0.93,-0.35,5.47,8.69,7.27,6.63,-0.61,-4.59
27096.00,-0.76,4.40,6.48,8.19,7.58,6.65,-3.27,-6.06
27100.00,1.05,3.28,9.26,9.54,5.94,1.38,-6.27,-12.18
27104.00,3.99,7.06,6.15,8.35,6.38,-3.66,-5.59,-15.14
27108.00,6.03,9.89,9.11,7.68,2.48,-2.16,-9.19,-17.61
27112.00,6.88,8.23,8.07,6.34,-2.52,-9.62,-15.19,-19.09
27116.00,9.74,10.33,5.83,2.19,-3.27,-10.93,-16.84,-15.43
27120.00,9.63,7.03,6.93,-2.10,-4.73,-14.78,-16.98,-18.84
27124.00,7.88,6.20,1.55,-5.26,-10.85,-15.25,-16.60,-16.65
27128.00,8.56,3.39,-3.08,-7.72,-12.23,-16.97,-14.09,-11.70
27132.00,8.25,0.62,-1.67,-8.82,-12.63,-15.20,-11.75,-9.10
27136.00,6.06,1.36,-4.38,-9.56,-17.18,-15.21,-9.88,-3.10
27140.00,3.04,-4.26,-10.90,-12.42,-14.26,-15.90,-8.38,1.27
27144.00,-1.58,-7.46,-12.55,-17.00,-15.35,-10.25,-2.85,5.04
27148.00,-3.16,-9.81,-12.44,-13.75,-15.27,-8.30,3.56,10.72
27152.00,-7.08,-12.14,-11.66,-16.39,-8.85,-4.06,5.12,19.77
27156.00,-6.63,-14.14,-13.92,-10.69,-8.59,-0.08,9.59,23.82
27160.00,-9.00,-15.03,-14.58,-9.29,-2.70,5.02,17.17,24.57
27164.00,-10.28,-12.89,-12.04,-6.48,2.37,9.41,19.21,27.57
27168.00,-13.24,-13.87,-11.26,-3.75,4.36,16.18,25.50,28.45
27172.00,-11.32,-13.42,-6.43,-1.75,10.11,21.80,28.99,29.72
27176.00,-12.96,-7.62,-1.26,3.29,16.25,22.64,26.53,30.43
27180.00,-12.43,-6.92,-1.24,10.86,15.87,27.32,30.28,28.79
27184.00,-7.37,-5.48,1.91,12.89,20.34,24.46,27.14,24.25
27188.00,-8.52,0.48,6.65,15.33,22.32,25.90,26.06,20.94
27192.00,-5.38,2.62,14.45,19.90,26.93,28.67,25.72,18.40
27196.00,1.98,10.00,16.45,23.91,23.04,26.12,19.78,11.39
27200.00,4.87,10.32,17.10,22.85,24.17,20.94,17.93,6.30
27204.00,8.03,14.41,18.63,24.14,24.42,21.93,11.59,2.80
27208.00,8.94,17.97,23.06,20.97,20.78,17.06,7.77,-1.15
27212.00,14.61,18.44,21.05,22.57,18.11,13.34,6.60,-0.87
27216.00,18.02,20.34,19.44,20.07,15.31,6.94,2.04,-5.89
27220.00,16.25,21.30,18.38,17.35,9.74,4.08,-1.20,-5.87
27224.00,19.62,18.91,19.74,12.43,8.88,2.29,-6.07,-7.83
27228.00,21.17,19.15,18.48,12.18,4.78,0.36,-5.29,-6.37
27232.00,18.17,19.17,11.51,8.87,3.00,-1.82,-6.68,-5.05
27236.00,16.19,14.91,8.49,3.74,-1.60,-4.35,-5.20,-1.20
27240.00,17.64,10.26,7.70,3.94,-2.07,-6.24,-2.42,-0.85
27244.00,15.55,11.06,3.63,-2.06,-3.24,-6.58,-4.88,3.43
27248.00,12.87,6.33,4.03,-4.64,-6.57,-5.59,1.51,2.92
27252.00,11.18,4.90,-1.00,-4.94,-5.13,-3.85,1.40,5.39
27256.00,7.90,2.06,-2.71,-2.24,-5.10,-1.26,2.47,9.49
27260.00,4.11,-2.72,-5.58,-1.63,-0.02,3.97,7.44,10.85
27264.00,0.91,-1.15,-3.96,-3.94,2.80,3.42,6.85,9.72
27268.00,1.42,-3.52,-3.86,-1.82,2.13,4.77,11.06,12.74
27272.00,-1.37,-2.12,-1.86,1.46,5.61,11.06,11.24,11.96
27276.00,-0.73,-2.61,1.46,4.41,9.05,11.28,12.55,7.00
27280.00,-1.37,-4.08,1.98,5.18,6.63,8.72,10.05,5.59
27284.00,-3.34,1.19,2.56,7.82,11.20,12.70,6.76,3.30
27288.00,-0.86,3.36,4.22,9.25,11.86,10.14,5.72,2.56
27292.00,2.27,2.34,7.39,9.55,8.89,6.59,2.34,-2.03
27296.00,2.48,6.29,7.30,10.76,8.98,6.41,3.04,-7.20
27300.00,1.76,7.73,11.74,7.99,8.12,3.14,-1.94,-7.37
27304.00,7.34,10.02,8.96,7.38,7.76,1.17,-5.21,-12.30
27308.00,5.85,10.74,11.51,9.62,1.48,-2.25,-8.36,-12.07
27312.00,7.83,8.13,8.99,7.61,1.88,-7.11,-12.79,-15.82
27316.00,10.45,10.07,5.33,1.27,-3.57,-8.55,-13.56,-13.87
27320.00,8.76,6.07,6.57,0.23,-6.33,-11.78,-15.15,-15.82
27324.00,11.08,8.20,2.16,-2.49,-7.14,-13.46,-15.91,-15.77
27328.00,6.09,6.16,0.26,-7.45,-12.89,-13.14,-14.34,-8.17
27332.00,7.53,1.82,-5.07,-8.29,-14.74,-13.61,-13.80,-4.88
27336.00,5.04,1.40,-6.99,-10.40,-14.26,-13.61,-8.21,-3.56
27340.00,4.35,-3.54,-9.93,-12.33,-14.27,-14.41,-8.54,3.07
27344.00,1.57,-8.20,-10.69,-12.93,-13.85,-12.53,-0.72,6.29
27348.00,-1.29,-10.47,-11.48,-15.35,-12.97,-5.11,2.61,14.34
27352.00,-3.51,-8.84,-13.26,-13.23,-12.66,-2.23,7.11,15.05
27356.00,-9.31,-12.50,-16.32,-11.30,-6.51,-0.08,10.86,20.73
27360.00,-9.88,-11.06,-11.81,-11.66,-4.19,5.61,14.73,23.44
27364.00,-13.88,-12.32,-11.42,-9.14,-0.86,11.34,21.37,26.33
27368.00,-12.17,-13.98,-8.61,-5.35,4.31,14.39,21.26,28.53
27372.00,-13.44,-14.26,-6.33,-1.27,9.40,20.55,26.93,29.48
27376.00,-13.14,-11.97,-5.37,4.60,12.21,21.83,26.45,28.67
27380.00,-13.58,-7.04,-2.11,8.02,18.59,21.91,26.03,26.42
27384.00,-12.04,-2.46,1.93,13.92,22.48,26.64,26.22,21.11
27388.00,-8.70,-0.52,8.52,17.28,23.09,26.07,26.31,22.17
27392.00,-3.59,4.51,9.14,18.11,25.61,24.01,21.21,16.55
27396.00,-3.05,4.22,15.88,21.61,22.67,20.82,17.05,11.21
27400.00,1.22,7.84,17.83,23.50,21.16,20.45,14.76,8.60
27404.00,6.44,13.46,21.12,23.90,21.86,15.74,12.67,4.54
27408.00,7.26,17.07,20.45,22.08,17.13,12.91,4.17,0.72
27412.00,13.10,18.10,18.44,20.61,17.11,7.54,2.29,-5.37
27416.00,12.95,18.52,19.92,15.68,14.30,7.84,-1.29,-8.71
27420.00,15.66,17.17,16.31,16.07,11.08,4.26,-2.64,-10.06
27424.00,16.09,15.97,15.22,9.98,6.10,-1.72,-7.60,-10.93
27428.00,18.57,15.34,15.54,7.74,2.60,-3.70,-6.12,-10.34
27432.00,16.67,17.48,8.87,4.54,-2.32,-7.16,-10.00,-10.79
27436.00,17.40,11.63,7.10,0.07,-2.93,-5.29,-7.93,-6.39
27440.00,15.39,11.63,3.85,-2.11,-7.97,-10.24,-9.54,-6.22
27444.00,13.25,5.48,1.54,-2.74,-9.51,-7.88,-6.80,-3.65
27448.00,7.31,2.02,0.81,-6.72,-5.96,-4.82,-4.56,1.79
27452.00,6.54,3.05,-2.91,-5.10,-5.76,-6.32,-0.20,4.63
27456.00,1.64,-1.33,-6.92,-7.69,-6.35,-2.78,-1.35,4.86
27460.00,1.49,-4.57,-6.05,-6.97,-6.53,-1.08,2.00,8.33
27464.00,-2.01,-2.42,-6.00,-5.82,-3.80,-1.32,3.44,6.70
27468.00,-4.93,-5.32,-5.30,-5.68,-1.66,0.97,4.23,5.12
27472.00,-5.48,-5.90,-4.20,-2.83,1.11,7.14,5.96,5.75
27476.00,-5.81,-7.81,-5.14,-0.72,1.48,8.59,6.18,4.23
27480.00,-5.39,-4.65,-0.80,3.37,3.73,7.07,8.44,3.69
27484.00,-6.17,-3.08,0.56,5.07,4.50,6.64,3.42,2.02
27488.00,-5.61,-2.27,1.39,5.12,4.20,4.81,2.50,-6.00
27492.00,-3.06,-2.22,4.12,4.84,7.61,4.49,-3.18,-8.95
27496.00,-0.04,3.48,4.26,5.21,7.25,0.72,-5.91,-10.69
27500.00,-0.66,5.16,4.60,7.73,3.34,-0.66,-9.09,-16.36
27504.00,2.61,3.31,6.55,2.77,0.18,-6.57,-12.10,-16.78
27508.00,1.92,3.80,5.68,3.58,-2.04,-9.11,-16.43,-17.78
27512.00,2.17,6.14,5.66,1.40,-4.23,-12.28,-18.75,-19.46
27516.00,4.61,5.44,5.27,-2.82,-6.44,-16.46,-19.86,-19.37
27520.00,4.11,4.98,-0.20,-4.15,-10.09,-19.20,-22.68,-19.89
27524.00,4.62,2.59,-1.86,-7.02,-14.53,-20.30,-21.17,-19.06
27528.00,5.62,2.12,-2.04,-12.79,-15.66,-18.67,-19.85,-13.94
27532.00,4.63,-0.21,-7.85,-13.79,-18.78,-20.55,-16.14,-10.73
27536.00,0.96,-1.65,-9.79,-18.47,-21.05,-20.64,-17.38,-7.43
27540.00,-1.20,-7.45,-13.45,-19.31,-17.62,-20.61,-11.36,-2.52
27544.00,-3.00,-8.84,-13.30,-20.81,-20.08,-15.53,-8.66,-0.09
27548.00,-8.30,-10.62,-17.41,-20.21,-20.39,-14.78,-3.80,5.18
27552.00,-9.16,-17.12,-19.78,-20.10,-17.50,-10.05,2.25,12.89
27556.00,-14.26,-16.34,-18.79,-19.42,-14.05,-4.11,4.74,16.22
27560.00,-12.70,-18.94,-18.89,-14.94,-10.87,2.65,11.91,21.38
27564.00,-15.82,-16.83,-14.79,-12.10,-5.59,4.77,15.06,19.36
27568.00,-17.52,-15.74,-16.04,-10.29,-0.17,10.31,15.15,20.62
27572.00,-18.27,-16.33,-13.36,-5.63,4.48,14.42,18.68,22.61
27576.00,-16.74,-16.18,-9.69,0.41,9.73,17.60,20.59,22.85
27580.00,-16.52,-14.42,-5.23,4.86,13.74,18.16,23.13,19.46
27584.00,-13.20,-8.98,-0.65,9.19,15.66,18.13,18.60,19.83
27588.00,-10.73,-5.56,1.05,13.12,17.48,21.83,18.79,13.64
27592.00,-9.86,-3.61,5.30,11.49,19.03,18.63,13.82,11.15
27596.00,-3.83,4.35,10.40,16.93,20.79,18.22,12.68,4.26
27600.00,-2.74,6.09,11.82,17.83,19.49,14.80,7.16,1.88
27604.00,1.17,10.90,12.03,19.25,16.11,14.06,2.46,-4.70
27608.00,2.74,10.38,17.49,15.26,14.69,8.94,-1.95,-6.29
27612.00,8.23,12.21,17.18,16.87,13.11,6.60,-5.14,-12.48
27616.00,12.19,13.18,14.11,11.19,7.38,-1.79,-6.12,-14.39
27620.00,10.27,13.70,13.94,9.59,4.14,-1.82,-8.25,-13.56
27624.00,13.10,13.03,12.58,7.80,2.52,-9.01,-13.47,-17.02
27628.00,10.71,13.55,10.83,4.01,-5.24,-10.68,-12.78,-15.74
27632.00,11.98,12.10,7.62,-0.95,-5.36,-13.83,-14.11,-14.22
27636.00,11.43,7.62,3.96,-4.89,-9.58,-12.69,-15.53,-10.45
27640.00,12.06,8.08,2.56,-4.81,-13.16,-11.28,-11.07,-8.60
27644.00,6.33,1.94,-5.03,-8.16,-9.90,-14.85,-14.04,-7.28
27648.00,4.45,0.55,-3.29,-10.03,-13.20,-14.70,-11.52,-3.45
27652.00,0.46,-3.15,-9.71,-8.86,-12.26,-11.26,-6.72,-2.82
27656.00,0.15,-3.86,-7.04,-13.02,-11.33,-7.96,-2.74,-3.10
27660.00,-0.72,-5.56,-12.74,-11.84,-10.24,-7.49,-2.39,0.26
27664.00,-3.58,-8.38,-9.18,-12.64,-7.98,-3.14,-1.12,1.92
27668.00,-6.17,-10.79,-8.71,-10.45,-7.86,-3.63,0.99,3.76
27672.00,-9.48,-10.72,-8.97,-8.12,-4.69,-0.22,3.35,0.51
27676.00,-8.41,-7.92,-9.02,-5.34,-3.49,-0.60,3.74,-0.39
27680.00,-10.73,-7.99,-4.39,-2.10,-1.38,0.10,-0.50,-0.72
27684.00,-9.46,-7.89,-6.06,1.13,0.84,4.08,-1.04,-7.25
27688.00,-9.06,-5.27,-1.11,-0.09,2.24,-1.08,-2.77,-8.45
27692.00,-5.75,-6.04,-1.28,-0.03,2.03,-1.61,-6.08,-12.96
27696.00,-3.05,-3.38,-0.65,1.03,-0.01,-2.78,-10.39,-18.65
27700.00,-0.97,-2.88,2.76,3.19,-0.92,-4.87,-11.73,-18.32
27704.00,-1.60,0.30,3.55,0.29,-4.96,-6.30,-17.88,-20.51
27708.00,-1.27,0.40,0.83,-0.11,-7.61,-14.25,-18.53,-26.51
27712.00,2.33,2.39,3.65,-4.39,-9.17,-17.55,-23.06,-24.39
27716.00,4.05,0.49,0.89,-4.14,-11.82,-17.15,-24.46,-24.50
27720.00,3.49,-1.08,-4.01,-6.46,-17.14,-20.14,-23.09,-24.13
27724.00,2.54,1.34,-5.07,-11.81,-16.63,-21.47,-25.01,-24.20
27728.00,-0.59,-3.12,-7.85,-15.70,-17.90,-25.18,-24.67,-18.09
27732.00,0.19,-4.35,-12.29,-18.46,-22.19,-23.23,-20.83,-18.07
27736.00,-0.80,-5.98,-14.91,-20.24,-22.71,-24.10,-18.91,-11.69
27740.00,-4.25,-10.16,-16.23,-19.67,-24.23,-19.87,-15.42,-8.02
27744.00,-6.21,-11.34,-17.90,-24.57,-24.93,-17.28,-10.38,-2.07
27748.00,-8.96,-17.34,-19.56,-22.99,-20.83,-13.85,-8.13,5.53
27752.00,-10.36,-16.88,-20.39,-20.54,-18.57,-9.58,0.09,7.17
27756.00,-15.78,-17.08,-22.52,-19.60,-16.88,-5.59,3.24,10.73
27760.00,-18.17,-20.09,-22.26,-18.08,-9.72,-3.37,7.68,13.59
27764.00,-17.89,-22.32,-20.29,-17.43,-7.03,3.12,13.28,17.47
27768.00,-16.62,-18.04,-17.47,-13.09,-0.78,7.57,13.61,19.57
27772.00,-18.42,-20.88,-16.91,-5.87,0.58,9.86,18.08,21.65
27776.00,-19.08,-18.65,-12.99,-3.76,6.11,12.62,20.66,18.81
27780.00,-15.49,-12.56,-7.69,2.59,10.90,18.16,19.98,18.07
27784.00,-16.11,-10.77,-4.52,6.34,11.06,19.39,17.39,12.70
27788.00,-13.13,-6.31,-1.04,7.81,13.63,20.01,14.75,12.25
27792.00,-11.78,-3.90,3.04,10.10,16.99,18.76,12.98,5.33
27796.00,-9.10,1.61,5.55,12.46,17.71,16.50,13.06,3.95
27800.00,-4.99,2.94,12.96,17.78,16.29,15.12,4.87,0.31
27804.00,1.92,5.84,14.03,15.63,14.79,8.30,3.06,-5.73
27808.00,2.12,10.79,13.29,15.72,14.71,7.12,-2.81,-11.04
27812.00,8.14,11.20,13.97,12.63,11.16,5.46,-7.41,-12.84
27816.00,8.75,12.45,13.72,11.15,7.01,-0.38,-8.05,-13.61
27820.00,10.69,11.30,12.72,8.97,4.34,-5.21,-11.59,-16.90
27824.00,12.15,11.62,13.08,7.58,0.93,-9.19,-15.77,-17.85
27828.00,14.95,13.31,9.89,1.68,-5.83,-9.40,-14.25,-17.34
27832.00,13.92,12.21,3.79,-0.62,-5.82,-14.28,-16.65,-12.92
27836.00,9.57,6.53,2.46,-2.80,-8.43,-11.41,-15.26,-11.29
27840.00,7.56,5.42,1.78,-5.84,-13.00,-14.23,-13.36,-13.32
27844.00,8.00,5.06,-2.62,-8.14,-13.95,-15.61,-10.80,-7.46
27848.00,3.74,0.80,-7.25,-12.16,-12.62,-14.33,-7.65,-3.94
27852.00,1.06,-4.65,-7.71,-11.67,-13.70,-8.32,-8.66,-3.25
27856.00,2.32,-4.15,-7.81,-10.57,-9.40,-7.50,-6.30,-2.52
27860.00,-1.16,-4.83,-9.09,-12.11,-8.15,-4.56,-3.32,-0.41
27864.00,-6.06,-9.93,-9.03,-7.91,-5.89,-1.58,1.92,3.60
27868.00,-5.06,-9.80,-11.57,-8.49,-3.27,-2.66,3.73,1.63
27872.00,-6.19,-9.00,-11.39,-8.69,-4.12,0.99,0.57,2.74
27876.00,-9.88,-7.60,-7.54,-4.37,-2.92,1.65,4.59,2.47
27880.00,-10.66,-6.26,-6.21,-0.62,0.59,4.06,0.95,-2.36
27884.00,-6.70,-7.93,-4.48,2.16,0.63,3.83,2.87,-3.50
27888.00,-8.77,-3.52,-1.14,0.92,5.58,1.44,0.13,-7.45
27892.00,-5.57,-2.13,2.80,4.62,4.75,2.83,-2.84,-11.84
27896.00,-4.30,-1.77,3.04,5.51,0.59,0.38,-5.72,-15.36
27900.00,-3.28,0.11,1.77,4.27,0.40,-5.21,-11.87,-19.33
27904.00,0.40,1.78,4.92,4.10,-2.93,-5.57,-15.47,-22.36
27908.00,0.26,3.47,1.49,-0.58,-4.10,-8.18,-18.38,-21.17
27912.00,0.29,5.45,2.47,-2.52,-5.71,-14.11,-18.44,-23.78
27916.00,6.11,1.65,0.83,-3.76,-7.16,-14.35,-21.83,-22.14
27920.00,4.97,1.01,-0.18,-7.05,-12.97,-19.69,-23.94,-20.92
27924.00,6.05,0.15,-2.48,-7.56,-14.43,-22.41,-20.29,-21.80
27928.00,4.04,-0.18,-6.95,-9.81,-15.72,-23.40,-20.17,-14.99
27932.00,3.21,-2.86,-8.24,-12.16,-18.73,-23.38,-21.24,-11.76
27936.00,-1.56,-3.46,-12.51,-19.00,-20.34,-22.13,-18.40,-11.27
27940.00,0.71,-5.12,-12.95,-18.23,-21.80,-18.51,-13.31,-2.25
27944.00,-4.27,-9.22,-17.82,-20.07,-18.01,-17.97,-6.81,-0.50
27948.00,-4.33,-14.68,-16.87,-21.24,-19.20,-12.76,-5.15,4.97
27952.00,-11.33,-14.61,-18.74,-16.74,-16.92,-9.27,0.87,12.83
27956.00,-12.65,-17.24,-19.71,-18.28,-12.76,-5.26,7.67,17.29
27960.00,-12.12,-18.17,-20.34,-16.47,-8.71,1.34,11.96,21.09
27964.00,-14.41,-17.88,-14.59,-14.10,-3.99,4.20,13.99,21.41
27968.00,-17.02,-14.51,-15.33,-5.73,-0.25,10.49,17.01,22.92
27972.00,-14.69,-13.54,-12.11,-5.64,4.18,13.39,19.48,23.00
27976.00,-15.44,-12.88,-7.48,-1.04,8.38,19.05,22.15,26.04
27980.00,-13.40,-11.61,-3.58,5.04,12.72,19.49,21.05,22.71
27984.00,-12.80,-5.86,2.52,7.81,16.81,23.02,21.08,17.05
27988.00,-10.63,-5.22,3.69,14.22,16.96,23.56,19.46,13.78
27992.00,-9.35,-0.10,10.47,13.80,20.50,19.73,18.17,11.07
27996.00,-3.04,4.78,10.52,16.92,18.76,21.45,17.91,6.63
28000.00,1.37,5.43,14.98,17.27,19.18,15.70,13.52,2.29
28004.00,3.75,10.81,16.02,22.28,18.24,15.60,9.03,0.52
28008.00,4.50,12.63,16.89,20.54,19.43,12.28,2.61,-3.44
28012.00,7.73,16.83,17.10,18.54,13.13,9.30,-1.90,-6.78
28016.00,12.46,19.08,17.60,17.05,12.84,3.96,-3.23,-9.89
28020.00,15.21,15.06,19.37,15.87,10.13,0.93,-8.36,-10.80
28024.00,13.89,16.50,14.84,8.33,2.46,-4.24,-8.62,-11.99
28028.00,18.22,14.61,12.76,6.23,-0.39,-4.03,-10.26,-13.32
28032.00,16.58,14.07,8.47,5.12,-2.08,-9.82,-11.00,-7.24
28036.00,15.93,11.36,5.90,-0.06,-6.31,-6.54,-9.01,-8.66
28040.00,11.68,10.46,6.33,-1.72,-6.09,-10.90,-7.65,-3.24
28044.00,10.02,7.41,0.90,-2.62,-5.73,-8.93,-5.13,-2.72
28048.00,9.60,5.17,-0.13,-6.99,-9.32,-5.56,-5.73,0.54
28052.00,5.14,3.89,-1.96,-7.31,-7.27,-6.57,-0.23,5.14
28056.00,3.77,-1.28,-6.72,-7.56,-7.56,-4.08,2.07,6.68
28060.00,3.65,-2.26,-7.86,-6.40,-3.90,1.09,1.97,8.03
28064.00,-1.88,-3.38,-6.19,-6.03,-0.78,-0.28,3.78,10.03
28068.00,-4.22,-2.46,-6.61,-2.67,1.80,3.21,6.65,9.62
28072.00,-2.61,-2.70,-2.98,-3.82,1.05,5.16,9.17,7.66
28076.00,-2.31,-3.95,-3.04,0.67,4.33,5.50,8.11,6.54
28080.00,-4.25,-2.97,-3.05,0.82,7.49,10.66,5.98,6.27
28084.00,-1.30,-3.85,0.02,5.99,9.17,10.22,7.11,3.68
28088.00,-1.55,-0.87,5.41,4.14,7.56,6.48,5.61,-3.41
28092.00,-1.53,3.82,5.10,9.18,7.12,4.23,2.95,-2.82
28096.00,-1.15,3.21,7.59,10.09,5.62,6.06,0.58,-7.05
28100.00,2.91,3.44,8.40,8.39,6.31,3.20,-3.23,-9.67
28104.00,5.50,8.96,6.36,10.21,3.80,-3.37,-8.45,-12.97
28108.00,5.27,10.28,10.17,8.70,-0.30,-5.69,-10.87,-16.98
28112.00,9.34,9.67,8.13,4.98,0.83,-7.55,-11.20,-15.58
28116.00,5.71,10.51,6.76,-0.28,-4.14,-9.16,-14.06,-15.31
28120.00,9.76,6.81,4.69,-0.38,-8.79,-14.62,-18.07,-13.92
28124.00,8.31,6.90,3.24,-2.76,-8.97,-13.43,-14.57,-12.26
28128.00,8.91,4.55,-2.14,-6.84,-12.33,-15.42,-17.85,-12.75
28132.00,6.01,0.77,-4.98,-9.93,-13.43,-17.83,-13.85,-9.52
28136.00,5.51,-2.25,-7.53,-10.55,-17.27,-13.10,-11.66,-0.93
28140.00,0.97,-3.14,-10.32,-14.82,-14.04,-15.89,-6.99,-0.11
28144.00,-2.29,-4.08,-10.82,-15.31,-12.82,-8.53,-1.26,6.67
28148.00,-1.89,-6.43,-13.11,-15.28,-14.88,-7.79,-0.17,12.15
28152.00,-3.71,-12.87,-13.05,-12.92,-9.19,-3.97,6.15,17.74
28156.00,-10.26,-12.58,-13.46,-11.88,-4.80,0.94,11.03,20.13
28160.00,-11.30,-14.07,-11.06,-11.80,-3.37,3.97,18.40,27.56
28164.00,-13.40,-14.76,-12.33,-5.98,1.80,12.59,20.79,25.76
28168.00,-12.52,-14.11,-10.16,-5.75,6.94,15.46,22.42,30.72
28172.00,-14.38,-9.90,-8.09,0.34,8.81,18.65,24.64,27.53
28176.00,-11.93,-7.61,-3.16,4.73,12.53,20.88,27.27,30.47
28180.00,-9.70,-6.48,0.75,6.87,17.10,24.34,28.66,25.65
28184.00,-11.11,-5.41,2.36,12.45,22.08,27.61,27.97,24.28
28188.00,-5.69,-1.29,10.43,15.31,24.76,25.12,25.05,22.32
28192.00,-4.95,4.56,11.72,18.10,27.15,24.01,23.01,16.02
28196.00,-1.99,9.37,13.22,21.42,23.93,27.27,21.28,13.19
28200.00,2.93,12.73,20.46,21.99,26.65,23.48,15.17,8.92
28204.00,6.31,15.91,20.45,25.70,25.44,19.22,14.70,5.32
28208.00,8.05,17.00,23.82,24.66,22.12,15.47,6.06,-1.62
28212.00,14.39,20.46,20.23,21.93,17.40,11.46,5.47,-4.65
28216.00,17.02,18.91,22.14,18.16,13.77,8.65,2.10,-3.94
28220.00,19.83,21.50,19.89,16.66,10.14,6.20,0.44,-8.56
28224.00,20.42,19.98,19.49,14.42,5.52,3.66,-6.42,-7.09
28228.00,18.06,19.91,15.30,11.51,4.62,0.21,-4.73,-5.44
28232.00,17.77,17.11,15.54,7.76,0.18,-2.32,-7.15,-7.31
28236.00,18.68,17.72,9.86,3.62,-0.96,-6.10,-7.74,-2.66
28240.00,15.95,10.61,7.13,2.29,-0.60,-7.77,-4.09,-0.51
28244.00,12.31,7.60,2.09,0.99,-4.34,-3.98,-4.51,3.20
28248.00,10.52,8.15,3.06,-1.47,-3.76,-1.81,1.75,4.60
28252.00,11.06,3.68,0.40,-4.15,-6.00,-2.90,1.36,8.51
28256.00,4.24,0.59,-3.96,-5.14,-1.41,-1.52,5.45,7.39
28260.00,2.65,0.74,-2.63,-1.67,0.01,4.72,5.58,12.72
28264.00,3.87,-1.69,-1.16,-4.58,-0.52,3.78,10.10,11.75
28268.00,-0.85,-3.30,-5.18,-1.70,4.83,5.58,9.54,13.07
28272.00,0.77,-2.98,-1.99,1.40,3.33,10.59,13.17,13.08
28276.00,-2.81,-4.29,-1.96,1.69,8.01,11.45,10.80,11.67
28280.00,-4.68,-0.04,3.60,6.99,9.41,9.95,12.75,9.09
28284.00,-0.23,-1.29,3.53,9.10,11.46,8.49,6.87,5.65
28288.00,0.07,1.80,7.08,6.15,10.44,11.91,7.98,2.64
28292.00,1.93,0.87,8.54,10.51,9.35,6.96,6.29,-2.39
28296.00,2.05,3.04,5.98,10.74,9.06,6.61,2.90,-8.41
28300.00,1.63,5.00,10.27,11.01,7.63,3.12,-1.09,-8.92
28304.00,4.80,8.52,11.83,7.22,7.11,2.42,-4.15,-13.64
28308.00,7.12,8.66,11.23,5.64,3.26,-0.87,-7.24,-12.84
28312.00,7.30,11.68,7.37,7.18,-0.09,-3.85,-11.84,-14.42
28316.00,10.55,7.23,9.81,3.99,-2.86,-9.85,-13.52,-16.54
28320.00,10.15,8.65,7.12,-1.96,-7.96,-12.32,-14.28,-15.23
28324.00,6.83,5.15,4.55,-3.20,-6.90,-15.41,-14.18,-15.56
28328.00,6.58,2.79,-1.40,-4.49,-13.11,-14.34,-12.81,-11.14
28332.00,8.25,0.67,-0.54,-6.60,-11.28,-13.23,-12.66,-8.83
28336.00,5.41,0.10,-7.03,-11.35,-15.85,-12.53,-8.24,-0.36
28340.00,4.36,-3.17,-8.85,-13.26,-14.17,-14.60,-6.85,1.96
28344.00,1.36,-5.18,-10.23,-13.30,-13.16,-9.21,-1.10,6.37
28348.00,-2.44,-10.10,-14.72,-15.51,-10.54,-9.66,2.44,11.97
28352.00,-7.53,-12.11,-13.51,-15.04,-11.00,-5.56,6.64,15.57
28356.00,-10.22,-12.70,-15.82,-10.52,-6.13,3.09,12.33,21.69
28360.00,-11.01,-15.08,-16.12,-12.03,-6.05,5.09,17.12,26.33
28364.00,-13.73,-13.20,-11.37,-9.44,1.65,8.12,20.96,27.07
28368.00,-10.80,-15.71,-9.52,-6.36,7.03,16.40,23.34,31.16
28372.00,-14.89,-13.40,-7.44,0.40,6.95,20.95,25.93,28.55
28376.00,-14.86,-11.27,-6.08,2.95,11.22,22.52,27.35,28.94
28380.00,-10.99,-7.70,1.20,7.92,14.79,22.24,27.02,27.75
28384.00,-8.36,-5.23,2.56,11.44,20.75,22.92,26.84,25.46
28388.00,-9.69,-2.53,7.65,13.56,20.98,26.50,24.90,20.23
28392.00,-6.35,4.08,13.01,18.91,23.00,22.55,21.30,13.19
28396.00,0.44,7.90,13.26,19.99,22.51,22.12,19.30,13.02
28400.00,0.26,11.02,19.03,22.51,22.73,21.58,13.22,4.98
28404.00,7.88,10.47,17.04,22.00,21.29,18.10,9.46,2.38
28408.00,7.63,17.79,18.66,20.90,18.09,13.32,7.66,-2.40
28412.00,11.84,18.78,22.57,19.69,17.20,8.50,0.48,-3.66
28416.00,15.90,20.69,19.63,18.63,15.29,3.64,-2.55,-7.39
28420.00,17.77,18.68,17.51,13.56,11.52,1.24,-6.36,-9.25
28424.00,15.50,18.40,15.49,13.49,7.09,-3.45,-8.82,-10.01
28428.00,19.24,16.96,12.32,10.42,3.41,-4.11,-10.56,-7.35
28432.00,17.43,14.61,8.98,5.70,-2.58,-5.25,-9.19,-9.05
28436.00,15.44,14.52,10.05,3.43,-5.99,-8.20,-7.44,-5.74
28440.00,14.11,9.91,2.82,-1.62,-4.49,-7.30,-6.88,-6.77
28444.00,10.59,8.47,-0.13,-2.61,-5.75,-7.76,-7.46,-3.90
28448.00,11.05,2.31,-0.61,-5.34,-8.52,-6.80,-5.25,2.54
28452.00,7.24,1.43,-2.99,-7.95,-7.90,-4.15,-1.80,4.28
28456.00,2.35,-2.00,-7.20,-5.41,-8.29,-3.22,0.62,6.91
28460.00,2.65,-3.67,-4.67,-7.79,-6.51,-3.67,3.20,6.86
28464.00,-2.26,-2.26,-7.19,-7.65,-5.18,0.77,6.68,8.22
28468.00,-0.82,-6.72,-4.84,-4.61,-2.55,3.09,7.63,9.75
28472.00,-6.29,-6.62,-5.61,-4.22,1.11,5.16,5.30,7.62
28476.00,-4.94,-4.73,-3.34,-3.15,2.55,4.77,5.73,6.76
28480.00,-7.87,-4.29,-2.19,0.37,2.42,5.94,8.55,1.82
28484.00,-5.22,-2.38,-1.60,4.27,7.88,5.11,2.34,1.27
28488.00,-6.46,-3.11,0.54,3.71,7.87,6.60,4.66,-5.22
28492.00,-4.61,0.79,4.42,5.46,6.11,4.96,-3.17,-7.31
28496.00,0.65,3.77,6.82,7.17,7.24,2.80,-3.25,-13.62
28500.00,-2.34,3.49,6.30,8.52,4.76,-1.61,-5.52,-13.28
28504.00,0.01,3.91,7.29,3.98,2.45,-2.58,-12.75,-15.25
28508.00,3.24,5.59,5.44,4.01,-0.28,-5.43,-13.14,-21.10
28512.00,4.75,6.93,3.03,-0.93,-2.89,-8.73,-16.77,-19.76
28516.00,7.44,6.50,1.99,-0.78,-6.35,-14.45,-20.85,-23.54
28520.00,7.33,4.35,-0.09,-1.97,-8.56,-18.04,-19.69,-18.21
28524.00,4.45,2.26,-0.22,-8.93,-14.20,-20.62,-20.36,-18.21
28528.00,3.58,2.83,-2.29,-9.96,-18.39,-18.10,-21.91,-17.65
28532.00,2.94,-3.45,-5.17,-14.07,-18.17,-21.69,-19.49,-12.30
28536.00,0.45,-3.23,-11.57,-16.81,-19.60,-18.44,-15.01,-7.47
28540.00,-3.64,-7.30,-10.90,-17.98,-19.84,-17.27,-11.96,-3.67
28544.00,-4.29,-10.35,-13.24,-20.76,-19.11,-17.44,-8.53,2.75
28548.00,-4.92,-10.42,-16.61,-20.19,-18.09,-11.20,-6.25,6.90
28552.00,-10.32,-15.99,-16.69,-17.08,-16.84,-9.73,2.91,9.30
28556.00,-9.69,-16.30,-18.09,-17.29,-11.95,-2.26,3.34,15.30
28560.00,-13.36,-15.47,-19.47,-13.54,-6.30,2.00,8.24,17.07
28564.00,-14.44,-17.98,-15.49,-14.67,-4.18,4.19,13.69,20.14
28568.00,-16.68,-18.75,-17.31,-7.39,-2.58,11.26,19.44,20.95
28572.00,-16.44,-14.74,-12.95,-5.46,2.88,13.09,18.28,23.76
28576.00,-14.77,-14.67,-8.29,-2.06,8.78,16.59,22.16,22.56
28580.00,-17.90,-12.84,-6.07,3.76,10.60,18.30,21.52,18.14
28584.00,-11.77,-11.34,0.88,9.36,15.35,19.38,22.22,17.92
28588.00,-11.71,-4.30,4.32,12.52,14.92,18.68,19.88,12.16
28592.00,-7.82,-3.39,7.06,13.33,17.00,20.21,13.91,10.77
28596.00,-3.15,2.35,10.80,14.42,18.01,17.62,12.71,6.10
28600.00,-2.37,6.77,13.53,19.14,19.78,14.56,9.47,1.24
28604.00,0.84,6.26,13.08,17.06,17.01,9.67,3.38,-1.56
28608.00,6.02,10.15,14.97,18.63,13.16,7.27,-1.47,-6.49
28612.00,5.95,14.62,14.40,13.02,11.72,4.78,-1.26,-9.32
28616.00,11.55,13.91,13.78,10.98,9.34,0.65,-7.28,-15.01
28620.00,9.54,14.46,12.33,12.12,3.53,-1.30,-9.76,-14.62
28624.00,10.81,15.33,9.73,6.08,-0.83,-6.49,-11.78,-17.16
28628.00,15.48,14.39,9.08,5.33,-4.75,-9.95,-11.84,-17.24
28632.00,13.40,12.86,8.22,-1.77,-4.11,-13.26,-12.59,-16.97
28636.00,13.47,9.36,5.03,-2.54,-8.39,-11.04,-16.17,-12.43
28640.00,10.42,5.76,-2.24,-8.27,-9.59,-12.64,-13.27,-12.69
28644.00,7.94,4.39,-2.05,-8.73,-11.35,-14.89,-12.79,-5.62
28648.00,7.14,1.42,-3.94,-10.15,-14.61,-13.79,-10.04,-5.33
28652.00,2.72,-2.66,-7.34,-11.34,-12.57,-9.35,-8.16,-4.76
28656.00,-0.11,-7.59,-9.05,-11.38,-12.67,-10.39,-2.38,1.40
28660.00,-2.05,-5.56,-11.10,-10.36,-11.00,-7.20,0.09,1.85
28664.00,-3.30,-10.39,-9.23,-11.26,-8.98,-1.72,0.50,1.94
28668.00,-6.52,-11.34,-10.09,-10.74,-6.19,-2.93,-0.64,0.12
28672.00,-8.30,-10.58,-7.49,-6.05,-5.36,-0.15,-0.49,0.96
28676.00,-8.11,-11.81,-7.59,-6.59,0.77,0.86,4.14,1.93
28680.00,-10.96,-7.79,-4.99,-2.30,2.69,3.66,1.43,-1.69
28684.00,-10.17,-8.70,-3.54,-2.54,-0.29,-0.19,-2.56,-6.46
28688.00,-5.39,-7.70,-4.07,2.41,4.37,-0.97,-3.42,-9.42
28692.00,-4.35,-3.82,-0.58,2.92,2.87,1.09,-4.70,-13.31
28696.00,-2.64,-0.23,1.54,1.18,2.74,-1.70,-9.70,-17.10
28700.00,-2.50,0.52,1.54,2.65,1.20,-3.55,-10.46,-19.36
28704.00,-1.78,-0.11,2.82,3.41,-3.65,-10.95,-16.67,-24.15
28708.00,0.35,3.78,4.37,-2.38,-6.63,-11.16,-19.38,-26.09
28712.00,2.80,2.93,1.62,-3.52,-5.95,-13.36,-20.81,-25.45
28716.00,2.83,1.23,1.64,-6.00,-11.86,-18.82,-25.25,-23.86
28720.00,0.00,0.27,-3.95,-5.64,-12.58,-20.98,-22.92,-25.78
28724.00,0.43,1.07,-2.90,-8.73,-18.80,-24.51,-26.20,-20.89
28728.00,2.36,-0.22,-7.91,-14.39,-21.18,-22.44,-22.36,-21.93
28732.00,-0.33,-5.26,-10.81,-17.35,-24.08,-22.79,-23.97,-15.84
28736.00,-2.43,-7.64,-13.72,-17.56,-22.54,-25.53,-21.60,-10.69
28740.00,-2.87,-7.96,-17.77,-20.81,-22.47,-23.51,-14.45,-6.11
28744.00,-8.49,-13.72,-20.45,-22.21,-21.93,-18.63,-9.95,-2.12
28748.00,-11.60,-12.83,-18.05,-24.48,-23.53,-17.31,-6.47,2.71
28752.00,-9.37,-16.46,-20.29,-23.64,-19.45,-10.71,-1.08,10.43
28756.00,-11.81,-20.91,-19.75,-21.71,-14.37,-8.86,3.24,14.05
28760.00,-14.05,-20.62,-19.70,-16.79,-12.43,-4.68,5.03,16.52
28764.00,-16.78,-18.79,-18.25,-14.94,-5.47,0.93,9.26,20.39
28768.00,-18.50,-20.89,-18.88,-11.42,-4.87,5.98,16.10,19.37
28772.00,-16.97,-18.37,-12.34,-6.91,3.83,8.24,15.45,18.99
28776.00,-16.34,-18.85,-9.67,-4.81,7.15,15.72,19.81,21.72
28780.00,-18.68,-15.48,-7.22,-0.87,7.73,15.24,20.28,18.79
28784.00,-15.20,-9.05,-3.18,4.93,13.02,16.06,20.67,13.96
28788.00,-15.17,-6.03,3.04,7.19,16.61,15.49,19.00,11.68
28792.00,-9.42,-0.88,3.69,11.43,16.49,19.18,13.79,6.18
28796.00,-7.66,-1.58,8.33,15.57,17.05,17.76,8.92,3.20
28800.00,-3.26,2.80,11.52,16.97,18.00,12.37,6.37,-1.13
28804.00,-1.54,5.26,13.59,15.18,13.08,12.05,4.94,-6.88
28808.00,4.29,8.11,15.36,16.26,14.39,9.20,0.43,-11.58
28812.00,6.12,13.67,17.21,11.88,11.50,5.24,-4.86,-10.39
28816.00,7.59,14.76,13.65,10.08,9.08,1.65,-7.72,-14.72
28820.00,8.75,14.66,15.40,9.19,2.71,-6.36,-9.44,-17.09
28824.00,13.40,11.53,12.56,6.91,-0.02,-5.76,-12.79,-14.70
28828.00,14.41,12.60,10.54,5.21,-2.34,-10.78,-15.22,-18.15
28832.00,12.07,11.71,4.31,0.58,-7.38,-14.25,-15.73,-17.16
28836.00,9.77,6.45,1.54,-4.37,-9.65,-12.92,-14.13,-13.09
28840.00,11.67,4.39,2.37,-5.95,-12.75,-15.87,-12.44,-12.43
28844.00,5.48,3.67,-2.91,-10.85,-12.70,-14.84,-10.48,-8.01
28848.00,6.66,0.13,-3.76,-8.95,-13.35,-10.89,-7.22,-5.07
28852.00,1.85,-2.78,-10.05,-11.87,-12.98,-12.54,-4.79,-1.42
28856.00,-1.73,-5.25,-7.40,-11.10,-9.38,-8.85,-5.71,1.71
28860.00,-1.36,-5.20,-12.51,-10.04,-11.04,-5.45,-4.18,2.90
28864.00,-5.18,-8.68,-11.49,-8.94,-6.16,-5.71,0.81,3.71
28868.00,-5.21,-7.57,-12.21,-10.59,-5.60,-0.08,2.42,3.73
28872.00,-6.23,-8.40,-6.76,-8.27,-5.21,2.53,2.80,-0.21
28876.00,-5.69,-10.67,-9.72,-6.09,-3.00,0.51,3.99,0.97
28880.00,-9.03,-6.18,-5.56,-2.80,-0.94,2.87,0.16,-4.11
28884.00,-7.15,-6.27,-3.96,-0.90,0.18,1.77,1.99,-4.02
28888.00,-6.63,-6.26,0.30,2.63,3.21,2.48,-3.41,-7.11
28892.00,-6.13,-1.91,1.41,2.11,2.91,2.19,-4.38,-10.58
28896.00,-2.91,1.47,1.62,2.74,4.84,0.19,-9.44,-15.73
28900.00,-1.09,2.48,0.82,1.42,2.04,-5.63,-10.90,-15.37
28904.00,0.17,1.41,4.83,0.71,1.58,-6.24,-13.98,-21.07
28908.00,1.18,1.04,3.98,3.79,-3.81,-10.39,-17.22,-19.83
28912.00,4.25,5.85,3.36,0.35,-7.45,-14.50,-18.30,-24.04
28916.00,1.87,5.10,3.61,-1.43,-11.83,-13.95,-20.94,-22.78
28920.00,4.37,4.08,2.22,-4.77,-12.66,-19.54,-23.09,-24.44
28924.00,3.19,-0.15,-0.12,-8.72,-15.65,-22.41,-20.56,-18.88
28928.00,2.53,-2.26,-7.42,-11.19,-16.16,-20.42,-20.83,-18.50
28932.00,2.20,-0.23,-9.57,-15.70,-21.70,-21.87,-21.57,-15.78
28936.00,0.13,-3.86,-12.11,-19.09,-22.91,-19.34,-14.63,-9.16
28940.00,-1.80,-6.89,-14.78,-16.08,-18.11,-20.22,-12.49,-5.23
28944.00,-5.41,-9.35,-18.04,-21.56,-18.86,-15.80,-10.06,3.66
28948.00,-7.14,-12.84,-17.28,-18.44,-16.18,-10.37,-3.20,5.53
28952.00,-11.48,-14.22,-20.04,-20.28,-16.25,-6.98,1.76,11.36
28956.00,-10.20,-16.42,-20.40,-17.64,-14.26,-2.01,6.61,16.79
28960.00,-12.70,-17.92,-15.61,-13.09,-6.53,-0.29,11.42,20.85
28964.00,-13.38,-19.04,-16.15,-9.35,-4.09,4.56,17.37,22.16
28968.00,-15.12,-18.38,-15.54,-6.28,0.77,8.78,19.01,25.11
28972.00,-16.74,-13.04,-13.25,-2.36,7.57,12.22,21.74,26.33
28976.00,-13.85,-13.16,-7.95,-1.68,10.09,16.78,21.33,21.76
28980.00,-16.04,-9.28,-1.29,6.20,13.23,20.34,22.05,20.46
28984.00,-13.71,-9.52,1.62,8.89,18.58,20.79,24.82,20.93
28988.00,-10.08,-2.28,3.83,13.43,16.88,22.80,22.29,18.18
28992.00,-7.61,2.57,7.04,17.60,18.13,23.87,20.38,10.59
28996.00,-5.29,2.08,11.78,17.45,19.72,19.31,13.35,6.49
29000.00,-1.51,7.04,16.84,20.74,21.64,18.68,13.31,5.03
29004.00,3.91,12.98,16.00,20.10,17.46,14.98,8.26,-1.12
29008.00,4.90,14.28,17.16,20.14,16.42,11.22,3.39,-4.82
29012.00,9.68,15.37,17.62,15.85,13.68,9.76,2.41,-7.26
29016.00,10.56,15.42,17.72,13.96,12.08,4.40,-3.14,-8.44
29020.00,13.48,18.14,18.65,13.89,6.49,2.73,-6.06,-11.90
29024.00,13.35,17.68,13.63,11.83,6.40,-4.44,-6.93,-9.72
29028.00,18.04,14.39,14.30,7.53,2.52,-5.24,-11.10,-11.39
29032.00,18.36,16.17,9.78,3.63,-0.75,-8.89,-8.29,-9.27
29036.00,14.38,11.49,7.47,2.99,-5.50,-11.00,-11.81,-9.94
29040.00,16.08,8.77,6.58,-1.42,-6.05,-10.82,-10.47,-5.90
29044.00,13.45,4.87,3.88,-2.88,-5.25,-10.83,-7.90,-3.56
29048.00,8.95,2.42,0.41,-3.25,-8.25,-7.95,-5.94,1.16
29052.00,8.93,2.63,-4.95,-8.87,-6.14,-6.03,-1.47,2.68
29056.00,4.80,0.01,-4.19,-5.82,-8.25,-5.59,-0.65,3.02
29060.00,2.80,-5.13,-5.28,-5.17,-4.79,1.20,5.90,6.94
29064.00,0.56,-2.61,-7.94,-3.77,0.06,0.75,5.90,9.25
29068.00,-2.26,-7.17,-5.41,-3.81,0.68,2.78,6.73,6.37
29072.00,-5.44,-6.21,-5.02,-2.14,4.66,3.75,9.05,6.32
29076.00,-6.16,-3.50,-4.02,1.81,2.64,6.64,8.55,6.20
29080.00,-2.99,-3.38,-1.45,1.13,6.62,8.10,10.27,4.21
29084.00,-1.23,-2.30,1.44,5.83,7.06,8.90,7.03,1.59
29088.00,-4.85,-2.14,2.81,5.68,7.31,9.14,5.54,-1.95
29092.00,-0.90,0.02,4.03,6.52,9.93,8.90,2.70,-2.59
29096.00,-0.98,5.59,4.82,7.38,7.76,3.95,-3.31,-7.98
29100.00,2.67,6.95,6.13,7.95,6.94,1.08,-2.44,-9.28
29104.00,1.70,8.07,7.35,8.65,2.76,-3.03,-5.83,-16.22
29108.00,4.08,8.44,6.87,8.47,4.35,-4.75,-11.97,-15.70
29112.00,6.99,8.37,6.50,2.77,-3.10,-7.70,-14.81,-18.19
29116.00,7.76,7.93,5.35,1.22,-2.34,-12.27,-14.45,-15.37
29120.00,7.58,6.98,6.53,0.82,-7.08,-12.22,-18.53,-16.51
29124.00,5.91,7.86,0.78,-1.59,-11.77,-15.22,-15.44,-15.64
29128.00,9.54,2.08,-1.02,-6.85,-13.08,-15.13,-15.62,-12.61
29132.00,7.59,3.38,-3.59,-10.34,-15.77,-18.41,-15.07,-8.22
29136.00,6.42,-2.88,-7.69,-13.52,-16.61,-17.40,-8.91,-4.10
29140.00,2.02,-1.54,-11.03,-13.26,-17.67,-13.77,-5.01,4.45
29144.00,-1.51,-3.92,-12.84,-15.83,-15.72,-12.73,-1.12,5.20
29148.00,-3.22,-8.03,-12.18,-16.15,-14.33,-8.68,4.14,11.45
29152.00,-5.38,-10.11,-13.22,-11.68,-10.75,-2.82,5.71,18.26
29156.00,-6.83,-10.87,-14.84,-10.99,-6.26,1.64,10.09,20.66
29160.00,-7.69,-13.87,-13.48,-11.02,-4.80,6.30,15.29,27.65
29164.00,-9.73,-11.54,-12.54,-8.55,-0.15,13.30,22.03,26.78
29168.00,-12.28,-15.19,-7.91,-5.18,3.15,17.25,24.24,27.44
29172.00,-14.96,-9.75,-7.60,1.79,7.82,20.73,27.72,30.40
29176.00,-10.88,-10.01,-4.32,2.93,14.32,20.16,26.04,30.08
29180.00,-11.39,-8.77,-0.84,7.48,19.38,24.40,29.69,29.30
29184.00,-11.11,-2.91,2.60,11.16,23.61,24.52,28.88,26.75
29188.00,-4.87,1.68,10.59,17.14,25.69,28.22,25.33,19.22
29192.00,-4.35,3.57,13.19,17.79,23.06,28.15,24.34,16.65
29196.00,-0.25,9.99,13.17,22.47,26.93,26.26,18.04,14.81
29200.00,2.29,13.13,16.54,24.27,25.78,22.26,15.65,10.87
29204.00,9.09,14.84,21.27,21.64,25.84,17.43,14.19,6.81
29208.00,10.74,15.95,22.57,25.20,23.04,13.73,7.72,0.56
29212.00,14.37,18.22,22.02,20.05,19.96,11.82,2.53,-3.53
29216.00,15.13,21.60,23.29,18.76,14.22,5.93,-0.02,-6.87
29220.00,19.15,19.67,20.86,18.19,11.92,5.25,-2.30,-3.91
29224.00,17.30,21.23,18.46,16.14,7.45,2.49,-5.56,-9.07
29228.00,20.63,18.29,14.04,10.19,5.86,-3.33,-3.98,-5.45
29232.00,16.84,16.40,12.63,6.75,-0.98,-3.05,-8.26,-5.80
29236.00,16.68,15.31,11.31,3.23,-3.54,-6.12,-6.56,-4.26
29240.00,17.72,11.85,6.73,1.31,-0.97,-5.40,-5.58,-2.70
29244.00,13.23,10.58,4.78,-1.84,-2.86,-5.52,-2.99,2.65
29248.00,10.78,8.78,3.87,-3.76,-2.75,-2.31,0.92,5.63
29252.00,11.45,6.05,-0.54,-3.10,-2.18,-0.02,3.45,8.49
29256.00,7.50,0.90,-4.08,-2.92,-2.09,-0.28,4.98,7.43
29260.00,5.49,-0.66,-1.40,-2.93,-0.58,1.72,9.20,10.03
29264.00,1.60,0.14,-5.01,-3.89,2.81,4.25,6.38,11.85
29268.00,0.24,-1.98,-4.89,-0.36,1.75,7.36,12.05,9.86
29272.00,-1.25,-5.24,-1.80,3.05,4.22,6.81,12.95,8.97
29276.00,-4.19,-1.47,0.13,2.04,7.44,12.42,10.29,8.69
29280.00,-0.38,-3.60,2.39,4.18,7.72,13.31,9.79,5.27
29284.00,-3.96,-1.05,4.26,9.19,9.33,9.92,8.60,2.57
29288.00,-2.84,0.05,3.76,7.27,8.99,12.19,7.92,0.55
29292.00,-1.91,3.12,4.44,9.16,11.43,8.20,5.86,-4.05
29296.00,-0.23,7.28,9.39,12.48,7.58,6.10,-1.91,-8.39
29300.00,3.90,5.84,8.36,10.23,7.61,5.47,-2.04,-9.91
29304.00,5.27,8.55,11.00,9.13,5.69,2.83,-5.59,-14.75
29308.00,5.76,8.66,11.09,8.92,3.08,-1.67,-8.67,-16.80
29312.00,10.31,9.03,9.33,7.93,1.88,-4.57,-12.08,-17.19
29316.00,9.77,8.34,6.01,5.34,-3.91,-10.32,-14.98,-15.31
29320.00,7.72,7.82,2.90,-1.19,-7.31,-10.38,-15.19,-13.64
29324.00,10.21,8.12,0.78,-2.89,-6.76,-16.10,-15.26,-14.95
29328.00,8.99,4.48,-1.82,-7.56,-10.03,-16.57,-13.86,-12.12
29332.00,6.13,1.04,-1.60,-9.32,-11.15,-15.93,-11.30,-8.81
29336.00,3.30,-2.22,-3.58,-13.40,-14.86,-15.86,-11.90,-1.78
29340.00,4.52,-3.01,-8.19,-14.28,-14.52,-12.50,-7.67,3.21
29344.00,-0.13,-4.32,-9.07,-16.49,-14.45,-11.38,-4.27,9.37
29348.00,-3.54,-7.24,-11.80,-12.46,-10.61,-6.67,1.55,12.71
29352.00,-7.25,-11.66,-13.63,-13.34,-9.54,-1.72,4.85,17.44
29356.00,-9.24,-13.39,-12.20,-11.15,-8.90,-0.30,13.35,21.26
29360.00,-11.98,-12.77,-13.30,-9.03,-4.21,6.07,16.90,25.01
29364.00,-10.85,-15.23,-14.39,-5.24,1.89,11.01,21.38,28.75
29368.00,-15.18,-13.40,-11.58,-4.11,6.13,14.47,25.17,27.34
29372.00,-13.70,-10.44,-8.41,0.51,10.21,16.28,26.92,27.79
29376.00,-11.54,-10.30,-6.32,5.68,14.97,21.59,27.82,29.01
29380.00,-9.89,-9.75,-2.61,8.10,19.16,22.20,25.80,27.06
29384.00,-10.91,-6.95,5.32,10.70,21.64,27.44,28.05,24.36
29388.00,-8.88,-2.34,5.41,16.75,24.53,23.43,25.04,17.57
29392.00,-3.93,0.32,8.88,20.45,21.74,26.82,22.33,17.88
29396.00,-1.39,5.29,14.02,21.84,25.32,22.06,19.67,10.78
29400.00,4.33,10.92,17.19,20.13,24.13,22.96,16.02,7.86
29404.00,5.72,13.42,20.03,21.70,21.75,17.42,12.52,3.61
29408.00,7.15,15.85,20.75,20.03,17.17,12.02,5.49,-3.51
29412.00,9.70,15.49,22.55,22.72,15.49,11.19,1.84,-3.40
29416.00,13.38,18.55,20.82,15.80,13.96,4.02,-2.55,-7.63
29420.00,15.19,19.40,19.46,16.97,10.15,-0.17,-5.46,-6.93
29424.00,16.89,18.65,19.00,10.19,7.14,-1.70,-7.21,-7.34
29428.00,18.40,17.79,14.32,6.23,0.59,-2.12,-8.51,-11.00
29432.00,14.65,16.48,10.44,3.49,1.19,-4.44,-11.17,-9.20
29436.00,16.57,13.83,9.60,2.83,-3.37,-5.73,-10.34,-6.96
29440.00,12.13,11.10,6.07,-3.06,-3.43,-5.82,-9.58,-4.30
29444.00,11.54,7.57,3.27,-3.53,-5.63,-8.99,-6.79,-1.86
29448.00,6.99,6.59,-1.25,-5.65,-10.00,-9.32,-2.05,2.18
29452.00,7.09,2.17,-4.78,-5.47,-8.82,-5.57,-3.19,5.42
29456.00,6.24,-2.60,-6.29,-8.34,-8.67,-5.69,0.26,5.26
29460.00,2.20,-2.47,-4.36,-7.67,-5.42,0.29,1.40,6.91
29464.00,-1.47,-3.75,-5.01,-4.18,-3.33,2.45,4.43,6.17
29468.00,-3.51,-4.62,-6.95,-4.44,0.45,2.98,8.70,6.55
29472.00,-6.39,-3.83,-3.48,-1.87,2.01,6.25,4.92,6.49
29476.00,-5.79,-7.48,-1.75,-1.39,2.33,6.74,5.82,3.83
29480.00,-5.05,-2.55,-4.11,-0.23,6.77,6.01,8.65,4.42
29484.00,-4.44,-1.97,-2.19,2.02,5.08,8.83,2.56,1.30
29488.00,-3.58,-2.26,2.85,2.75,5.74,3.78,3.00,-5.28
29492.00,-3.78,-1.29,3.17,6.95,4.67,5.93,-2.44,-5.73
29496.00,-0.50,2.95,2.50,5.51,3.81,-0.06,-2.79,-11.77
29500.00,-1.53,2.88,4.79,7.59,3.02,1.07,-8.37,-16.06
29504.00,0.65,2.74,3.95,4.22,3.63,-3.57,-13.32,-19.70
29508.00,4.88,3.78,6.85,1.73,-1.12,-6.05,-15.27,-19.59
29512.00,4.87,3.79,3.16,3.49,-3.47,-11.74,-16.37,-18.91
29516.00,5.78,4.08,0.88,-1.31,-7.20,-13.50,-20.77,-21.04
29520.00,3.85,3.39,1.43,-5.99,-10.84,-17.37,-22.48,-20.98
29524.00,5.16,2.49,-3.20,-9.54,-12.92,-16.67,-21.98,-18.47
29528.00,4.33,2.42,-5.67,-8.15,-15.18,-22.57,-22.59,-14.08
29532.00,2.96,-2.20,-8.25,-11.74,-19.54,-19.91,-18.44,-10.94
29536.00,0.78,-2.72,-9.97,-17.11,-18.04,-20.60,-18.34,-10.56
29540.00,-0.57,-7.01,-11.24,-16.65,-18.55,-18.48,-13.15,-2.92
29544.00,-3.63,-7.96,-15.95,-17.65,-19.93,-16.16,-9.30,1.94
29548.00,-5.26,-14.99,-15.42,-19.84,-15.92,-13.54,-1.44,6.27
29552.00,-11.68,-12.53,-20.85,-19.38,-14.41,-7.55,1.69,9.80
29556.00,-13.52,-15.67,-20.76,-16.96,-14.67,-5.52,7.11,14.38
29560.00,-14.14,-19.90,-18.80,-15.40,-10.62,2.77,12.30,17.59
29564.00,-17.26,-16.09,-15.75,-14.69,-6.61,3.01,15.75,20.46
29568.00,-17.57,-17.99,-15.78,-8.24,1.77,11.57,17.04,20.95
29572.00,-18.33,-15.85,-11.44,-5.15,3.15,11.01,21.44,21.74
29576.00,-16.48,-15.16,-9.44,0.26,8.79,15.93,19.93,22.04
29580.00,-14.61,-12.30,-3.66,4.48,13.09,16.37,22.02,20.45
29584.00,-11.92,-9.44,-1.94,8.81,17.27,21.12,19.79,14.86
29588.00,-13.81,-7.70,4.30,10.53,15.38,18.58,21.43,12.92
29592.00,-10.04,-0.46,8.60,13.10,17.42,17.11,17.17,8.56
29596.00,-3.58,3.38,8.64,15.70,20.30,19.05,14.37,6.57
29600.00,-2.08,5.36,13.34,16.60,19.50,13.87,7.67,2.16
29604.00,1.99,10.49,15.32,19.05,18.40,9.82,2.76,-5.45
29608.00,3.83,9.67,17.70,17.62,14.63,10.42,2.75,-9.26
29612.00,9.42,13.77,14.12,13.02,9.32,3.38,-4.12,-13.34
29616.00,7.58,11.70,16.06,11.49,8.66,-1.00,-5.40,-15.62
29620.00,11.54,14.64,15.40,8.43,6.10,-5.29,-8.01,-17.59
29624.00,14.77,15.16,10.92,8.12,0.58,-4.71,-14.11,-14.81
29628.00,12.08,12.06,7.74,3.20,-3.47,-10.11,-11.68,-16.67
29632.00,10.42,12.58,5.44,2.59,-6.80,-10.71,-13.51,-15.74
29636.00,12.07,10.81,3.62,-5.50,-8.37,-11.65,-14.23,-12.23
29640.00,12.07,4.69,-0.73,-7.83,-10.40,-15.84,-12.96,-12.32
29644.00,10.02,3.95,-0.64,-9.34,-13.13,-13.02,-9.94,-5.95
29648.00,7.31,1.72,-5.32,-10.59,-14.27,-10.37,-8.81,-3.75
29652.00,5.15,-4.38,-7.95,-12.39,-14.30,-8.79,-8.74,-0.46
29656.00,1.53,-6.93,-10.47,-11.73,-11.11,-7.20,-5.27,-2.66
29660.00,-4.03,-6.12,-12.11,-12.02,-9.67,-5.56,-1.05,2.11
29664.00,-3.36,-9.20,-11.13,-12.72,-10.06,-6.19,1.26,1.86
29668.00,-8.34,-8.99,-11.52,-8.68,-5.64,-2.69,-0.85,0.62
29672.00,-9.38,-11.93,-9.71,-9.66,-5.39,-1.88,3.92,3.40
29676.00,-10.47,-9.15,-9.41,-5.97,-3.16,3.50,-0.54,-1.91
29680.00,-7.72,-11.02,-8.76,-4.51,0.92,0.06,1.38,-4.05
29684.00,-8.37,-4.99,-7.00,-0.40,-1.06,3.26,0.00,-4.94
29688.00,-7.26,-7.58,-1.73,2.87,3.26,-0.03,-0.82,-6.85
29692.00,-6.06,-1.78,1.42,4.01,2.43,1.32,-3.78,-10.67
29696.00,-5.89,0.13,-1.33,0.54,1.77,-0.32,-8.73,-17.54
29700.00,-5.51,0.84,4.07,4.05,1.11,-6.13,-10.16,-21.42
29704.00,-3.77,2.91,2.65,3.45,-4.33,-10.22,-14.43,-24.60
29708.00,-0.20,4.15,2.51,2.02,-5.16,-13.95,-20.99,-23.95
29712.00,0.25,2.76,0.07,-0.71,-10.09,-17.03,-19.34,-27.49
29716.00,0.70,2.31,-2.65,-4.72,-10.83,-19.92,-23.38,-23.76
29720.00,0.21,0.02,-1.03,-7.43,-13.93,-20.34,-25.04,-27.16
29724.00,1.90,-0.96,-3.38,-9.22,-18.86,-21.98,-26.69,-24.15
29728.00,-0.96,-1.05,-7.36,-16.36,-20.88,-24.96,-22.09,-21.39
29732.00,0.10,-6.77,-12.37,-16.58,-22.24,-25.78,-20.11,-15.82
29736.00,-1.28,-7.86,-13.50,-18.54,-24.91,-21.37,-18.52,-13.90
29740.00,-5.71,-9.50,-16.96,-21.54,-21.26,-23.36,-14.12,-8.45
29744.00,-8.02,-13.51,-20.26,-20.99,-23.61,-21.15,-11.15,-3.63
29748.00,-9.27,-14.26,-19.24,-24.51,-20.71,-17.46,-5.02,1.62
29752.00,-10.52,-18.26,-21.75,-22.91,-20.72,-12.14,-2.47,8.38
29756.00,-15.97,-17.46,-19.24,-18.62,-13.01,-6.24,0.72,10.55
29760.00,-15.34,-17.74,-21.26,-18.78,-9.97,-1.16,6.90,17.87
29764.00,-17.60,-18.96,-21.25,-14.07,-7.60,0.66,9.67,20.47
29768.00,-18.49,-20.47,-19.06,-12.48,-1.20,4.47,16.30,18.65
29772.00,-19.44,-17.61,-15.14,-7.87,0.56,8.70,17.88,18.95
29776.00,-20.00,-17.36,-12.81,-3.60,3.41,13.95,18.95,21.78
29780.00,-19.76,-16.07,-6.05,3.11,7.83,14.09,17.92,19.62
29784.00,-16.74,-11.22,-3.51,5.99,13.29,15.12,15.97,14.05
29788.00,-14.15,-6.36,2.39,7.23,16.85,17.12,17.26,9.48
29792.00,-11.01,-3.71,5.63,13.38,17.17,15.63,16.65,4.93
29796.00,-8.00,0.03,9.58,15.89,14.73,17.35,12.86,4.33
29800.00,-3.71,5.65,12.61,15.48,17.48,14.78,8.80,-1.71
29804.00,-1.59,6.65,12.86,16.91,16.06,8.99,0.59,-6.72
29808.00,4.18,8.68,15.78,13.02,13.33,7.25,0.71,-7.12
29812.00,8.35,10.74,15.64,15.26,9.39,2.43,-3.40,-12.13
29816.00,10.69,14.20,12.18,11.66,8.09,-2.49,-8.84,-17.21
29820.00,9.89,14.54,14.76,11.16,4.50,-5.56,-12.33,-15.52
29824.00,14.44,13.35,11.80,8.70,-2.40,-7.45,-11.83,-18.39
29828.00,15.08,10.05,8.16,0.64,-5.68,-9.88,-15.63,-18.73
29832.00,11.68,11.85,4.55,-1.66,-6.04,-11.46,-14.88,-15.48
29836.00,12.41,10.35,1.06,-3.07,-7.88,-15.97,-16.70,-13.81
29840.00,10.84,7.68,1.18,-6.89,-10.35,-13.83,-13.31,-9.23
29844.00,6.38,2.46,-4.72,-7.41,-13.15,-11.59,-12.17,-9.18
29848.00,3.73,-0.54,-5.72,-8.74,-10.85,-12.15,-11.74,-3.55
29852.00,4.48,-3.58,-6.37,-13.52,-11.60,-9.84,-4.76,-4.12
29856.00,1.94,-5.30,-10.80,-10.01,-8.85,-6.81,-5.82,0.69
29860.00,-2.52,-8.25,-8.73,-12.08,-8.16,-8.01,0.10,0.62
29864.00,-4.05,-9.42,-8.91,-8.93,-9.12,-2.13,0.16,2.93
29868.00,-5.50,-9.53,-9.11,-6.12,-5.09,-2.93,1.83,3.96
29872.00,-9.26,-9.22,-9.56,-7.11,-3.17,-0.18,5.08,3.03
29876.00,-9.81,-8.61,-8.79,-3.06,-0.36,2.40,3.60,-1.41
29880.00,-9.23,-5.67,-3.91,-2.33,0.91,4.98,1.27,-3.82
29884.00,-6.68,-4.85,-1.45,0.76,1.27,0.96,1.44,-2.75
29888.00,-5.81,-2.57,0.01,3.62,1.28,4.32,-1.87,-7.12
29892.00,-5.92,-2.76,-0.02,2.06,2.73,-0.01,-3.20,-10.67
29896.00,-1.56,-0.92,1.14,3.61,4.30,-0.19,-9.62,-13.04
29900.00,-0.02,0.10,4.38,5.10,-0.38,-5.35,-8.36,-17.31
29904.00,-0.87,3.87,3.65,2.66,-2.41,-5.29,-11.88,-22.77
29908.00,2.87,1.15,4.52,2.93,-3.16,-11.59,-17.74,-21.96
29912.00,4.69,4.60,4.63,-1.83,-7.42,-10.75,-18.03,-21.42
29916.00,1.51,5.77,1.92,-3.03,-11.39,-17.43,-21.07,-22.98
29920.00,6.12,4.19,-2.67,-3.52,-12.48,-18.14,-22.58,-23.04
29924.00,2.62,4.19,-0.06,-6.23,-17.64,-20.06,-24.13,-18.33
29928.00,1.04,2.51,-3.58,-10.75,-17.37,-21.51,-22.97,-18.17
29932.00,3.51,-2.54,-7.46,-11.95,-17.88,-21.51,-21.78,-15.51
29936.00,-0.13,-2.76,-11.53,-16.01,-18.63,-21.99,-17.21,-7.58
29940.00,-1.89,-7.00,-14.07,-19.72,-20.83,-21.25,-14.68,-3.86
29944.00,-5.60,-9.81,-16.64,-18.16,-18.81,-18.48,-6.74,3.15
29948.00,-7.48,-12.41,-18.94,-18.75,-17.48,-11.72,-3.66,8.58
29952.00,-9.55,-12.91,-17.97,-20.85,-15.24,-6.35,2.13,10.24
29956.00,-13.84,-17.24,-20.12,-16.51,-12.22,-1.93,4.11,17.53
29960.00,-13.60,-19.09,-17.88,-13.79,-9.29,3.05,11.32,19.30
29964.00,-13.99,-17.21,-16.11,-10.79,-3.69,6.48,17.22,22.71
29968.00,-13.99,-17.96,-16.01,-8.09,-0.38,12.75,20.36,26.46
29972.00,-15.92,-15.67,-10.97,-3.62,5.07,15.05,20.55,25.71
29976.00,-14.70,-11.76,-9.31,2.02,10.50,18.13,24.09,25.32
29980.00,-12.60,-9.83,-1.38,5.26,15.44,17.85,23.26,23.20
29984.00,-10.96,-8.01,1.22,6.78,14.60,24.14,23.18,17.22
29988.00,-8.01,-4.32,4.73,10.22,18.36,21.03,20.59,15.40
29992.00,-8.92,-1.05,7.11,14.93,20.07,19.63,16.52,13.00
29996.00,-4.56,2.60,12.82,18.68,18.64,18.27,13.57,9.60
