Time,C3,C4,P3,P4,PO3,PO4,O1,O2
0.00,-0.29,6.78,16.89,19.71,19.89,15.88,10.54,1.91
4.00,1.52,10.50,16.09,18.51,21.21,16.82,5.93,-1.36
8.00,8.26,15.42,19.24,19.64,17.67,12.75,3.22,-1.84
12.00,11.48,15.76,17.74,16.69,16.92,6.24,-1.00,-9.23
16.00,12.69,15.96,16.97,15.27,9.69,3.64,-3.83,-9.12
20.00,13.07,15.38,17.76,12.13,9.79,-1.45,-5.95,-12.97
24.00,17.69,16.97,17.52,12.97,6.68,-4.80,-9.20,-11.05
28.00,14.44,15.58,14.66,5.94,-0.22,-7.17,-10.30,-9.10
32.00,13.79,14.54,8.55,5.95,-4.27,-6.37,-8.81,-8.59
36.00,16.45,14.85,6.37,1.71,-2.54,-8.25,-8.17,-7.38
40.00,13.21,10.35,3.46,-2.42,-4.37,-11.07,-8.80,-3.34
44.00,12.72,5.62,-0.48,-3.55,-6.59,-9.02,-7.27,-0.80
48.00,10.48,3.25,0.31,-7.08,-8.27,-8.26,-3.33,0.69
52.00,8.25,-0.41,-3.54,-5.51,-7.65,-6.74,-0.64,3.94
56.00,4.32,0.16,-4.91,-8.99,-4.76,-1.07,2.62,6.85
60.00,2.91,-4.03,-3.39,-4.29,-6.18,-2.27,3.24,6.97
64.00,-1.28,-1.59,-8.15,-5.86,-0.70,3.17,5.80,6.48
68.00,-1.98,-4.76,-5.50,-1.21,2.08,3.09,5.58,6.33
72.00,-4.76,-3.48,-4.19,0.87,4.59,5.79,9.02,6.78
76.00,-2.80,-5.16,-2.91,-0.20,6.67,9.77,6.68,5.57
80.00,-6.33,-4.18,-1.68,4.27,7.30,7.25,10.03,4.94
84.00,-3.82,-4.48,1.04,3.18,6.13,7.07,7.75,-0.66
88.00,-2.27,-0.67,1.88,4.93,7.37,7.43,3.54,-0.02
92.00,-0.01,0.05,4.19,10.06,10.03,5.65,1.62,-4.32
96.00,0.33,3.81,8.79,8.18,5.92,2.72,-2.32,-10.13
100.00,1.00,4.81,5.68,6.06,5.22,2.15,-2.81,-10.41
104.00,6.07,7.72,8.92,9.04,5.27,-1.48,-5.96,-12.04
108.00,3.59,5.68,6.48,5.49,0.07,-2.64,-11.33,-16.29
112.00,7.86,9.51,9.32,2.92,-1.72,-6.42,-14.53,-18.57
116.00,9.06,8.32,6.91,0.04,-5.43,-9.68,-13.44,-17.05
120.00,6.32,5.68,6.61,0.89,-8.17,-10.84,-15.62,-15.29
124.00,8.05,4.75,1.63,-4.52,-11.54,-13.28,-16.37,-16.60
128.00,8.02,3.24,-0.13,-4.49,-10.43,-18.14,-17.91,-9.78
132.00,5.25,2.70,-3.79,-8.58,-15.15,-16.32,-15.96,-9.42
136.00,2.47,1.84,-6.62,-11.77,-16.26,-17.66,-9.61,-0.76
140.00,0.70,-3.77,-8.20,-11.11,-15.29,-12.19,-5.29,-0.40
144.00,-1.58,-5.28,-13.49,-16.89,-16.84,-10.42,-5.51,8.44
148.00,-4.95,-6.05,-13.40,-13.69,-13.43,-9.78,2.58,12.50
152.00,-6.47,-8.11,-16.16,-13.97,-11.76,-5.46,7.81,18.90
156.00,-7.20,-13.69,-13.07,-14.35,-8.40,1.54,11.73,22.31
160.00,-11.56,-12.57,-13.52,-9.96,-0.85,6.78,17.89,23.40
164.00,-11.53,-12.74,-14.25,-6.33,2.19,10.86,20.61,28.41
168.00,-10.40,-10.88,-11.46,-5.61,5.34,14.78,23.78,30.15
172.00,-14.47,-13.12,-5.20,1.13,9.80,18.46,25.00,27.67
176.00,-13.39,-8.92,-3.84,5.49,12.89,24.13,27.59,27.84
180.00,-13.38,-4.40,-0.14,7.68,18.47,23.74,27.95,28.05
184.00,-6.93,-5.94,3.14,14.37,20.95,27.52,26.77,25.05
188.00,-7.84,2.31,9.21,18.69,25.06,24.95,27.75,23.66
192.00,-5.80,5.15,12.53,22.02,27.03,26.44,24.71,19.48
196.00,-0.88,5.53,13.82,20.29,27.12,23.16,19.72,10.62
200.00,4.87,9.70,16.54,22.61,27.26,24.12,16.20,10.70
204.00,8.27,16.10,18.62,24.89,21.41,19.06,10.44,6.02
208.00,9.23,18.48,22.54,21.27,23.42,14.80,8.36,-1.90
212.00,11.96,16.82,24.29,24.18,17.35,12.23,4.45,-3.73
216.00,16.33,20.15,20.08,21.84,17.50,5.97,2.60,-7.14
220.00,16.90,18.62,22.26,18.74,12.85,5.28,-1.83,-8.35
224.00,19.84,18.46,20.87,15.92,9.49,0.08,-4.60,-9.31
228.00,19.62,21.62,17.75,10.22,6.51,-3.34,-5.06,-7.29
232.00,18.32,18.39,15.85,5.17,1.13,-4.75,-8.02,-6.73
236.00,19.05,14.89,11.96,4.68,-3.30,-5.79,-7.45,-1.68
240.00,17.08,12.31,7.88,1.18,-3.85,-4.03,-5.39,-2.71
244.00,14.54,10.46,1.88,-1.54,-4.51,-4.46,-3.33,1.34
248.00,9.90,5.80,3.79,-0.12,-4.85,-3.89,0.65,2.99
252.00,7.65,4.82,-3.01,-1.43,-4.34,-1.68,2.07,8.33
256.00,7.46,2.94,-3.13,-1.93,-2.31,-2.50,2.64,9.08
260.00,3.71,1.66,-4.62,-4.67,-3.76,0.14,8.18,12.83
264.00,2.77,0.07,-2.99,-2.31,-0.03,3.52,9.19,9.58
268.00,1.22,-3.85,-4.10,-3.00,1.56,5.04,8.32,9.25
272.00,-3.42,-2.55,-3.22,0.60,5.07,10.49,12.49,8.80
276.00,-2.52,-0.30,0.60,4.83,6.41,9.39,10.16,10.71
280.00,-0.43,-3.72,1.72,5.76,7.06,8.75,9.12,7.86
284.00,-3.66,-2.74,1.88,6.90,7.77,12.85,9.69,2.61
288.00,-3.08,-0.54,4.72,10.14,12.40,7.69,8.81,0.51
292.00,-1.42,0.76,6.78,7.37,10.00,7.07,2.62,-1.28
296.00,2.47,3.83,7.04,10.55,9.74,6.30,-0.82,-8.56
300.00,1.69,6.46,9.22,9.49,9.67,4.52,-1.82,-8.52
304.00,7.15,10.18,11.08,8.10,6.92,1.26,-4.21,-11.94
308.00,5.11,9.52,12.12,8.64,4.58,-4.81,-11.49,-15.80
312.00,9.06,7.35,11.33,6.14,0.10,-7.33,-14.47,-18.18
316.00,8.67,8.57,7.05,2.94,-1.18,-9.30,-12.32,-18.06
320.00,8.30,7.36,4.31,-1.48,-4.64,-14.43,-17.13,-14.39
324.00,7.79,7.10,2.62,-1.50,-11.22,-12.14,-16.73,-12.47
328.00,10.04,5.59,1.17,-7.41,-11.67,-17.11,-17.26,-9.70
332.00,6.57,1.27,-2.39,-7.52,-15.18,-13.95,-12.33,-8.39
336.00,6.76,-1.75,-7.74,-13.17,-15.84,-14.89,-8.57,-0.83
340.00,0.49,-2.52,-10.96,-11.98,-17.11,-13.71,-9.37,0.02
344.00,-2.39,-6.01,-12.01,-12.36,-12.84,-9.94,-2.37,6.89
348.00,-2.76,-8.55,-14.66,-14.07,-13.13,-6.01,1.03,12.94
352.00,-4.24,-10.90,-12.66,-13.10,-12.80,-1.12,8.44,15.23
356.00,-8.95,-14.33,-14.67,-10.94,-7.34,-0.82,10.13,22.93
360.00,-11.39,-13.66,-12.58,-9.57,-3.85,4.37,14.33,24.65
364.00,-13.38,-11.62,-11.25,-8.51,-1.65,11.59,21.26,27.89
368.00,-12.89,-12.02,-11.07,-3.29,2.60,16.66,23.10,26.43
372.00,-13.07,-9.67,-5.57,-1.89,11.46,17.52,25.95,30.82
376.00,-11.82,-11.24,-3.82,3.82,12.18,20.66,25.68,29.38
380.00,-12.11,-7.42,0.73,8.84,17.91,24.32,24.95,27.21
384.00,-12.02,-3.19,1.18,10.67,22.58,24.45,27.05,25.97
388.00,-8.82,-1.67,6.49,16.49,20.81,25.53,25.73,22.13
392.00,-6.16,1.55,8.53,17.02,22.32,22.52,23.63,13.47
396.00,-2.47,7.45,16.67,19.87,21.99,22.52,20.88,12.02
400.00,-0.37,8.75,19.06,20.80,24.59,18.70,12.90,6.42
404.00,4.00,15.10,21.02,22.22,20.07,15.35,10.40,1.67
408.00,8.36,16.72,18.55,20.90,19.64,14.92,6.77,-2.00
412.00,9.25,19.07,20.99,17.80,16.55,12.27,4.45,-6.50
416.00,13.21,20.65,18.42,16.85,13.13,6.82,0.31,-5.87
420.00,15.49,18.31,19.88,13.69,11.15,3.82,-6.15,-10.40
424.00,17.40,20.91,16.32,12.19,3.95,-2.58,-8.88,-11.30
428.00,17.12,15.36,12.59,9.56,-0.21,-5.04,-7.48,-6.97
432.00,17.56,14.15,9.10,4.74,-2.29,-8.69,-8.33,-6.76
436.00,17.98,12.88,7.61,-0.60,-2.54,-5.84,-9.75,-7.49
440.00,13.76,8.02,2.60,1.23,-7.57,-6.04,-9.19,-4.61
444.00,11.41,6.46,1.40,-3.98,-5.09,-8.91,-8.36,-2.99
448.00,10.87,3.63,-2.08,-3.42,-7.52,-8.00,-1.98,2.60
452.00,6.14,2.51,-1.52,-6.54,-5.27,-5.26,-3.86,1.91
456.00,4.95,-0.87,-3.76,-5.45,-4.58,-5.11,0.07,6.48
460.00,2.42,-1.69,-4.07,-8.81,-5.12,1.13,2.65,5.90
464.00,-1.57,-6.07,-5.64,-4.77,-1.28,2.46,4.83,6.85
468.00,-2.15,-7.99,-7.87,-4.89,-1.28,5.10,6.77,7.26
472.00,-6.40,-5.18,-7.34,-1.33,3.13,2.83,7.45,8.78
476.00,-4.72,-6.12,-3.68,-3.13,1.72,8.46,6.11,4.55
480.00,-7.54,-3.91,-3.24,0.61,4.94,4.72,6.42,4.07
484.00,-5.37,-2.02,-0.94,4.47,8.03,8.04,5.01,1.26
488.00,-5.38,-0.87,1.66,2.81,8.29,5.21,0.91,-5.36
492.00,-4.14,1.01,5.03,6.24,7.61,2.82,-2.19,-5.92
496.00,-1.51,-0.83,5.17,6.89,3.51,1.53,-6.06,-13.21
500.00,-1.05,1.00,6.24,5.44,1.89,-2.24,-9.40,-14.20
504.00,3.01,3.91,6.37,7.47,0.50,-2.20,-10.68,-18.07
508.00,2.48,7.66,4.23,5.37,-0.54,-7.01,-12.30,-17.50
512.00,2.44,5.75,4.90,1.66,-5.86,-8.92,-15.51,-22.51
516.00,4.62,4.86,3.22,0.02,-8.28,-14.98,-20.92,-20.91
520.00,7.74,4.69,-1.23,-6.24,-9.84,-14.41,-21.76,-18.38
524.00,6.95,5.22,0.61,-7.27,-15.34,-19.48,-20.51,-21.24
528.00,2.82,0.61,-5.14,-8.82,-18.25,-22.33,-21.65,-16.63
532.00,4.80,-1.46,-9.22,-14.27,-19.51,-20.71,-16.69,-13.69
536.00,2.63,-2.63,-10.79,-18.20,-17.20,-21.74,-15.38,-5.76
540.00,-1.99,-7.36,-12.26,-15.42,-21.50,-18.03,-13.33,-5.70
544.00,-1.89,-11.28,-14.81,-21.44,-17.53,-15.71,-6.71,0.33
548.00,-6.20,-14.98,-17.22,-17.14,-17.87,-11.49,-1.62,6.11
552.00,-11.19,-15.85,-17.32,-19.92,-16.70,-9.06,3.34,10.37
556.00,-10.21,-15.78,-17.47,-18.57,-10.07,-3.85,6.52,14.78
560.00,-15.98,-19.43,-16.55,-15.81,-9.67,0.05,10.36,18.75
564.00,-17.31,-18.18,-18.34,-10.63,-3.97,7.14,14.18,19.60
568.00,-17.99,-15.15,-14.32,-6.52,-2.04,11.57,15.26,24.99
572.00,-16.78,-15.55,-13.21,-4.78,5.69,14.28,20.17,21.41
576.00,-14.82,-13.75,-6.75,0.66,9.33,16.75,21.52,21.00
580.00,-17.85,-10.59,-7.21,3.82,9.54,19.93,23.18,18.04
584.00,-12.74,-10.65,1.00,9.54,16.29,20.65,19.24,16.62
588.00,-13.53,-3.06,1.36,12.28,16.70,20.47,20.42,11.48
592.00,-8.29,-0.86,7.37,13.75,17.15,21.49,14.74,11.95
596.00,-6.81,2.89,8.58,17.21,21.03,17.84,15.18,3.28
600.00,-2.82,7.71,11.86,16.70,16.27,16.94,11.11,0.86
604.00,2.68,6.26,15.23,18.89,17.38,12.83,3.85,-3.71
608.00,4.93,10.89,16.22,16.70,16.19,8.71,0.96,-6.43
612.00,6.44,12.35,14.64,14.61,12.13,4.89,-3.59,-12.88
616.00,10.25,12.40,16.55,11.84,5.59,0.80,-5.76,-15.06
620.00,12.08,15.13,12.55,10.36,3.97,-1.13,-12.45,-12.68
624.00,10.78,15.31,13.48,5.28,-0.47,-7.22,-15.05,-14.29
628.00,14.79,11.12,11.09,1.31,-3.89,-7.24,-14.96,-16.86
632.00,11.76,10.89,4.67,1.36,-4.60,-12.60,-16.54,-15.17
636.00,12.67,8.81,3.11,-1.31,-8.76,-13.40,-12.41,-12.37
640.00,8.02,4.16,-0.78,-3.61,-12.00,-12.44,-12.11,-12.80
644.00,10.35,4.61,-1.14,-6.73,-11.74,-13.46,-10.95,-6.57
648.00,4.28,-1.34,-5.77,-12.20,-11.58,-13.05,-9.94,-7.43
652.00,1.89,-4.82,-5.39,-13.82,-11.80,-9.29,-8.67,-4.52
656.00,2.22,-6.84,-10.91,-12.18,-13.31,-8.31,-6.28,-0.19
660.00,-3.33,-8.23,-11.30,-13.55,-10.30,-5.67,-2.26,0.58
664.00,-6.47,-9.79,-11.80,-12.69,-9.42,-3.19,1.70,2.05
668.00,-5.27,-11.50,-11.87,-8.41,-8.18,0.23,2.19,3.77
672.00,-9.27,-10.16,-10.92,-8.10,-3.80,-2.11,1.76,2.57
676.00,-9.74,-7.94,-7.58,-3.08,0.17,1.82,-0.27,-2.88
680.00,-9.95,-8.74,-6.82,-4.01,-0.66,0.78,1.03,-4.36
684.00,-10.61,-7.17,-4.32,-1.45,-0.25,3.77,-1.07,-6.15
688.00,-8.00,-7.17,-3.92,2.24,0.65,0.17,-3.58,-7.61
692.00,-7.64,-2.34,0.08,2.83,3.09,-0.66,-3.22,-13.12
696.00,-2.77,-0.35,-0.82,2.13,-0.73,-4.73,-8.32,-15.62
700.00,-5.13,1.01,0.51,2.37,-2.34,-7.71,-14.37,-18.57
704.00,-1.96,2.28,3.24,3.34,-3.75,-7.37,-15.01,-20.94
708.00,2.34,2.63,0.29,1.28,-3.16,-13.49,-19.20,-22.28
712.00,2.31,0.33,1.15,-4.64,-6.42,-14.33,-19.90,-23.81
716.00,1.85,0.21,1.36,-3.91,-12.25,-17.75,-23.67,-26.79
720.00,0.84,1.55,-4.06,-6.29,-15.54,-22.30,-25.02,-22.97
724.00,0.33,-0.30,-5.76,-13.09,-16.01,-22.20,-24.01,-24.71
728.00,-0.45,-2.17,-7.49,-13.60,-18.53,-22.90,-23.23,-19.83
732.00,-0.76,-4.43,-10.41,-19.06,-21.88,-23.37,-25.10,-18.37
736.00,-1.16,-9.16,-14.15,-19.43,-20.84,-24.27,-19.70,-11.90
740.00,-5.87,-9.36,-18.04,-22.03,-22.85,-23.71,-13.82,-8.05
744.00,-4.48,-11.04,-18.35,-23.49,-22.14,-20.92,-11.35,0.12
748.00,-9.78,-14.01,-21.27,-24.09,-22.53,-16.82,-8.93,3.57
752.00,-13.31,-16.85,-19.14,-20.58,-16.70,-13.99,-0.76,6.61
756.00,-16.47,-17.95,-18.94,-19.16,-15.20,-7.87,3.09,11.28
760.00,-17.38,-17.65,-21.93,-16.81,-10.89,-1.88,5.07,17.30
764.00,-19.04,-18.54,-20.59,-15.77,-5.13,3.50,12.34,16.29
768.00,-16.48,-18.83,-17.44,-12.59,-1.86,4.92,13.58,19.29
772.00,-18.38,-16.30,-16.67,-7.06,-0.12,11.04,17.01,20.12
776.00,-16.44,-18.12,-10.26,-4.78,4.84,15.47,16.82,20.22
780.00,-15.05,-13.83,-6.21,-0.92,9.64,16.82,21.47,20.03
784.00,-14.01,-11.25,-1.85,7.14,12.13,18.04,17.72,12.57
788.00,-11.97,-9.23,-0.69,6.62,14.09,18.02,18.32,10.97
792.00,-10.67,-4.47,4.31,9.33,15.97,15.14,16.58,6.40
796.00,-4.49,-0.82,6.00,12.29,14.56,17.90,12.84,1.95
800.00,-4.06,3.58,8.70,15.90,15.06,13.93,8.87,1.04
804.00,1.13,8.60,15.30,18.24,13.27,10.07,4.99,-5.92
808.00,1.16,11.07,13.86,15.52,13.90,5.50,-3.37,-9.89
812.00,5.82,12.35,16.49,13.18,7.54,1.99,-2.57,-14.23
816.00,8.02,12.10,15.12,12.31,7.90,-2.20,-8.84,-16.39
820.00,9.39,13.55,13.76,10.79,4.42,-3.91,-11.59,-15.37
824.00,11.32,11.92,13.21,6.70,1.64,-5.76,-11.69,-15.55
828.00,11.32,13.76,9.64,3.10,-5.25,-10.20,-12.70,-16.32
832.00,11.39,10.73,4.98,0.86,-9.23,-13.55,-17.71,-16.82
836.00,13.52,6.47,2.74,-2.82,-11.03,-15.67,-12.55,-15.75
840.00,8.06,6.19,-2.01,-8.28,-11.82,-11.83,-11.75,-10.40
844.00,9.75,4.13,-3.31,-8.90,-14.24,-12.88,-13.01,-10.07
848.00,3.50,0.01,-4.37,-12.26,-13.12,-12.22,-7.35,-6.19
852.00,3.44,-3.08,-7.56,-13.54,-9.89,-12.54,-4.74,-3.54
856.00,0.75,-2.58,-9.74,-13.06,-13.16,-6.90,-6.85,-0.75
860.00,-0.55,-4.53,-10.12,-9.78,-7.34,-7.82,-3.29,3.74
864.00,-2.56,-7.27,-10.12,-12.56,-5.74,-5.10,0.42,1.23
868.00,-4.50,-11.61,-12.37,-10.08,-7.41,0.97,2.18,4.22
872.00,-8.13,-9.44,-11.41,-6.30,-2.13,2.96,0.49,1.96
876.00,-6.43,-8.20,-8.51,-3.11,-2.64,1.91,1.85,1.74
880.00,-7.31,-6.40,-8.05,-3.11,-0.21,1.82,4.06,-3.83
884.00,-5.47,-7.81,-2.51,0.02,4.85,4.16,1.65,-2.84
888.00,-7.07,-6.14,-1.32,0.03,3.73,0.43,-2.67,-8.87
892.00,-5.19,-4.76,-1.92,4.06,1.88,-0.65,-4.31,-9.58
896.00,-3.92,-1.55,1.96,3.69,0.52,-3.04,-6.41,-14.12
900.00,-2.91,0.27,4.49,4.61,1.97,-3.13,-8.14,-17.25
904.00,-2.05,1.65,3.59,2.37,-0.42,-7.89,-12.21,-21.07
908.00,2.89,5.28,2.29,0.12,-2.15,-10.68,-17.34,-21.40
912.00,1.29,4.62,2.07,-2.84,-7.51,-15.55,-21.62,-22.75
916.00,3.48,3.89,2.76,-1.61,-8.32,-14.61,-20.07,-21.31
920.00,2.56,4.84,0.40,-5.96,-10.63,-19.82,-21.12,-24.03
924.00,3.55,3.53,-0.76,-10.35,-12.87,-22.57,-23.46,-20.60
928.00,5.07,-0.20,-3.43,-13.91,-15.26,-21.78,-20.00,-18.68
932.00,0.65,-1.33,-8.73,-15.20,-19.16,-20.27,-18.64,-15.50
936.00,-1.97,-6.77,-9.05,-17.06,-20.31,-18.90,-16.58,-10.47
940.00,-4.22,-7.73,-11.64,-19.63,-21.57,-19.62,-14.77,-4.72
944.00,-2.54,-10.11,-17.87,-20.75,-17.49,-15.90,-10.10,-0.85
948.00,-9.24,-14.51,-17.94,-18.75,-16.67,-12.11,-4.87,4.78
952.00,-7.62,-14.62,-16.99,-18.73,-13.91,-6.78,1.03,13.28
956.00,-10.41,-17.94,-17.44,-19.73,-10.80,-4.95,6.19,18.17
960.00,-14.69,-16.78,-17.11,-15.36,-9.11,-1.19,13.36,18.52
964.00,-15.57,-16.89,-18.13,-12.30,-3.72,5.40,15.82,20.14
968.00,-14.89,-19.20,-12.86,-9.88,-1.16,9.30,20.54,24.19
972.00,-17.71,-15.57,-12.80,-1.48,4.27,13.18,20.05,24.00
976.00,-18.12,-13.14,-8.70,1.03,11.65,16.53,24.00,25.60
980.00,-14.01,-9.91,-2.72,2.44,14.79,17.89,24.30,20.74
984.00,-12.89,-7.63,-1.42,10.25,14.95,22.11,21.91,18.84
988.00,-11.13,-2.81,2.29,12.17,20.19,22.27,23.61,14.93
992.00,-4.69,-2.02,9.97,16.59,18.79,19.68,19.46,10.87
996.00,-3.22,2.60,11.43,18.37,22.25,21.41,15.09,6.32
1000.00,1.72,5.93,15.09,20.93,19.27,20.30,13.14,1.33
1004.00,5.11,8.52,17.12,17.94,18.14,17.25,9.28,-2.67
1008.00,6.39,15.92,16.53,20.56,17.74,13.86,5.78,-3.23
1012.00,8.11,14.69,17.77,15.88,15.82,5.92,-1.51,-9.15
1016.00,12.10,16.97,18.85,17.77,12.63,2.60,-4.56,-8.22
1020.00,15.33,15.69,17.67,11.46,9.17,-0.10,-6.25,-12.56
1024.00,18.16,18.14,15.06,13.01,2.00,-2.10,-7.68,-12.33
1028.00,17.08,15.69,13.44,8.66,1.45,-7.59,-8.02,-12.92
1032.00,18.20,12.80,8.05,6.61,-1.01,-7.86,-10.41,-11.76
1036.00,15.41,14.00,7.57,2.16,-6.99,-7.96,-10.00,-8.93
1040.00,13.55,10.64,3.10,-3.08,-8.23,-6.74,-6.40,-3.66
1044.00,11.15,9.45,2.03,-2.82,-7.85,-7.14,-5.95,-2.43
1048.00,10.68,3.87,-1.35,-3.99,-7.86,-7.71,-6.05,2.66
1052.00,8.03,3.26,-5.59,-4.71,-5.59,-3.99,-2.23,3.19
1056.00,2.76,-0.71,-6.92,-7.16,-8.25,-4.62,-1.06,3.73
1060.00,1.68,-3.21,-3.27,-7.25,-3.37,1.44,1.98,7.41
1064.00,1.04,-6.46,-7.26,-5.49,-2.44,2.87,7.05,9.41
1068.00,-2.44,-4.14,-6.58,-1.25,-2.37,1.77,9.95,8.45
1072.00,-1.64,-4.99,-3.97,-1.99,1.90,7.52,6.93,9.27
1076.00,-5.81,-3.45,-1.99,0.21,6.92,9.23,10.29,7.74
1080.00,-1.96,-3.05,0.54,0.98,4.34,6.05,5.84,2.40
1084.00,-2.40,-1.56,-1.27,3.08,7.79,9.46,6.48,3.39
1088.00,-3.07,1.38,0.99,5.34,8.47,7.82,6.35,-0.87
1092.00,-0.16,2.16,4.47,8.13,7.58,7.30,0.71,-6.02
1096.00,-0.66,5.45,8.76,6.16,8.25,2.56,-1.68,-7.00
1100.00,2.11,4.27,7.77,6.13,4.16,1.25,-4.80,-12.82
1104.00,3.38,8.02,8.79,6.75,2.18,-1.99,-8.76,-12.39
1108.00,6.03,6.35,10.20,5.39,0.17,-5.49,-9.09,-18.37
1112.00,7.80,7.47,9.14,4.50,1.21,-7.91,-12.88,-17.77
1116.00,5.50,9.25,5.18,3.47,-4.72,-9.03,-17.14,-16.07
1120.00,9.88,5.85,5.24,0.56,-4.80,-12.10,-15.40,-16.12
1124.00,5.97,4.23,1.13,-3.96,-12.22,-17.00,-15.73,-16.46
1128.00,7.20,5.59,-1.23,-8.36,-14.57,-17.32,-14.20,-8.97
1132.00,7.72,-0.27,-4.33,-7.96,-16.45,-16.90,-13.42,-8.29
1136.00,6.67,1.61,-7.97,-12.62,-15.01,-17.46,-11.38,-4.44
1140.00,1.80,-2.63,-9.02,-14.45,-15.20,-11.99,-7.47,1.97
1144.00,1.93,-4.95,-9.72,-12.42,-15.33,-13.15,-5.20,9.38
1148.00,-2.23,-9.92,-11.33,-16.39,-10.74,-7.93,0.87,14.52
1152.00,-7.19,-9.32,-12.73,-12.17,-10.05,-4.22,8.23,15.35
1156.00,-8.77,-14.43,-13.22,-11.17,-8.22,3.02,12.64,22.69
1160.00,-7.82,-13.57,-15.73,-9.39,-2.75,7.25,17.83,24.18
1164.00,-13.09,-12.55,-13.72,-7.64,1.15,10.57,19.71,25.58
1168.00,-11.58,-10.46,-9.88,-1.92,4.24,15.08,21.69,29.93
1172.00,-10.21,-9.93,-6.18,-1.42,12.24,20.84,25.15,31.46
1176.00,-14.24,-10.09,-5.68,3.23,13.80,22.53,29.71,27.89
1180.00,-9.88,-9.06,0.39,10.64,20.18,26.17,26.98,27.31
1184.00,-7.72,-5.76,4.03,12.07,23.36,25.03,28.49,25.76
1188.00,-7.09,0.48,7.54,16.02,22.59,24.58,25.24,19.85
1192.00,-1.71,3.87,13.87,20.07,22.82,26.04,23.25,18.96
1196.00,-1.80,8.75,14.77,20.76,25.40,24.27,19.19,14.13
1200.00,2.36,9.43,15.96,21.94,26.54,24.17,16.09,8.05
1204.00,7.26,14.42,19.95,22.70,23.30,17.47,14.24,4.13
1208.00,10.01,16.09,24.18,24.30,21.86,16.76,10.42,-1.89
1212.00,13.06,20.80,23.30,23.43,18.75,14.40,3.09,-3.41
1216.00,13.79,20.12,20.64,18.39,17.54,7.50,0.22,-3.15
1220.00,19.06,22.44,19.62,19.02,12.25,2.88,-3.50,-7.93
1224.00,20.42,22.27,18.51,16.82,8.19,0.41,-6.64,-6.50
1228.00,21.67,21.76,16.66,10.23,4.34,-3.48,-3.20,-8.19
1232.00,17.27,19.33,15.70,8.37,3.89,-4.49,-5.53,-7.18
1236.00,18.05,13.83,10.65,4.22,-0.76,-6.85,-7.08,-4.51
1240.00,15.45,12.44,6.46,2.35,-3.27,-6.99,-2.92,-2.02
1244.00,12.21,7.85,5.38,-1.70,-6.30,-5.17,-4.37,-0.53
1248.00,11.28,8.33,-0.02,-1.89,-4.65,-2.29,-0.31,2.08
1252.00,9.21,5.03,-1.84,-5.60,-2.07,-3.45,-0.56,7.00
1256.00,6.86,2.04,-2.02,-1.55,-4.98,0.28,5.47,8.13
1260.00,6.14,-0.77,-1.57,-5.71,-0.98,4.70,8.77,12.80
1264.00,1.06,-0.54,-5.17,-1.31,2.47,6.94,7.05,10.08
1268.00,-1.06,-4.02,-4.88,0.82,1.68,8.06,9.54,11.07
1272.00,-3.23,-0.57,-1.08,1.36,3.07,6.47,12.87,11.05
1276.00,-4.37,-2.89,0.99,5.34,7.87,7.99,11.42,9.06
1280.00,-1.90,-3.90,3.21,5.69,7.30,10.20,8.89,6.13
1284.00,-0.38,-2.14,1.51,6.53,9.78,9.36,8.89,5.15
1288.00,-1.77,0.91,4.59,10.24,9.24,10.52,7.19,-0.93
1292.00,0.87,4.75,5.70,7.31,9.59,8.09,2.57,-1.20
1296.00,-0.75,3.29,6.88,10.81,8.91,5.56,1.62,-3.92
1300.00,2.13,6.20,11.29,9.06,7.10,1.40,-3.25,-7.10
1304.00,5.50,7.05,8.48,9.31,7.25,-0.96,-8.52,-11.84
1308.00,8.04,6.91,8.86,5.45,1.95,-1.16,-7.78,-13.03
1312.00,8.60,10.56,8.65,7.62,0.59,-7.93,-14.16,-14.94
1316.00,9.17,8.59,8.41,4.43,-3.45,-11.08,-13.20,-17.83
1320.00,9.88,10.81,5.21,-0.67,-8.12,-14.41,-14.97,-12.96
1324.00,9.07,8.35,3.20,-2.55,-11.56,-13.23,-15.81,-13.86
1328.00,8.04,3.50,0.76,-8.51,-9.53,-14.19,-17.11,-8.65
1332.00,8.99,1.77,-3.46,-8.89,-12.26,-14.89,-14.98,-5.20
1336.00,6.38,-2.19,-8.16,-11.04,-17.26,-14.37,-10.34,-1.21
1340.00,0.96,-4.58,-6.67,-13.39,-16.12,-13.53,-8.84,4.59
1344.00,-2.23,-7.53,-12.14,-16.85,-15.62,-12.48,-2.25,7.67
1348.00,-4.59,-5.95,-13.17,-15.33,-12.21,-5.89,3.07,14.80
1352.00,-5.48,-12.38,-16.41,-15.47,-11.49,-1.04,9.03,15.91
1356.00,-8.87,-13.06,-14.49,-12.05,-9.18,2.71,12.40,21.12
1360.00,-12.24,-13.14,-11.93,-8.66,-2.33,6.13,15.71,24.37
1364.00,-10.45,-15.01,-14.86,-8.93,1.17,10.80,21.05,27.91
1368.00,-10.91,-11.95,-11.06,-4.72,5.00,14.22,24.76,31.19
1372.00,-15.62,-9.82,-6.01,-0.86,9.67,17.27,27.35,30.46
1376.00,-14.51,-7.78,-5.27,5.18,15.65,21.38,27.99,26.17
1380.00,-13.74,-9.68,-1.76,7.28,17.09,24.78,28.57,27.98
1384.00,-8.08,-3.69,4.13,11.88,21.04,23.62,26.14,22.92
1388.00,-6.50,1.47,8.49,13.57,20.56,24.17,27.33,20.18
1392.00,-6.31,3.91,12.02,17.06,22.50,22.56,21.69,13.72
1396.00,-1.63,6.30,15.83,20.01,24.39,22.04,17.94,10.03
1400.00,0.65,8.88,14.99,21.64,23.32,22.94,13.12,6.92
1404.00,6.69,11.35,21.15,23.63,20.29,17.60,10.02,3.63
1408.00,8.33,14.10,20.32,21.29,17.60,13.63,4.28,-3.06
1412.00,10.98,15.13,19.65,18.14,18.67,12.05,0.42,-6.58
1416.00,14.14,19.22,18.28,19.64,13.26,6.72,1.05,-6.81
1420.00,14.98,19.02,20.18,17.07,7.87,0.59,-5.18,-11.33
1424.00,18.64,17.15,14.83,10.32,7.04,-0.70,-8.46,-10.99
1428.00,16.71,15.98,15.77,10.05,2.76,-1.70,-7.13,-9.18
1432.00,17.79,17.57,12.68,6.66,-2.09,-5.06,-10.92,-9.64
1436.00,17.93,14.49,6.50,0.29,-2.59,-8.53,-10.62,-6.53
1440.00,13.54,10.67,2.90,0.58,-6.09,-5.94,-10.10,-2.32
1444.00,12.34,7.32,1.33,-2.93,-6.28,-8.06,-8.37,-1.26
1448.00,7.19,6.15,-2.29,-5.95,-9.46,-9.58,-5.19,1.50
1452.00,7.95,-0.55,-4.96,-8.87,-7.74,-7.56,-3.30,4.53
1456.00,4.39,0.14,-6.19,-8.90,-4.40,-4.99,3.18,6.01
1460.00,-0.10,-3.23,-5.67,-4.58,-3.96,-0.67,0.97,6.22
1464.00,-1.26,-6.69,-7.82,-6.46,-3.46,-0.74,6.48,6.69
1468.00,-0.62,-7.29,-7.71,-3.00,-1.60,0.89,7.38,8.37
1472.00,-3.83,-7.26,-2.87,-1.87,1.33,2.60,5.92,5.11
1476.00,-4.81,-8.00,-4.18,-2.03,4.72,6.75,7.61,6.79
1480.00,-3.49,-3.56,-1.45,1.57,5.41,7.96,5.42,4.41
1484.00,-5.28,-1.79,0.73,0.83,7.56,6.13,6.88,0.26
1488.00,-2.71,-1.05,1.78,2.37,7.30,6.73,0.45,-3.30
1492.00,-3.04,-2.48,5.36,8.03,7.64,5.97,0.02,-7.01
1496.00,0.39,2.01,5.88,6.85,4.10,-0.05,-2.10,-12.86
1500.00,1.44,2.91,4.78,7.86,4.13,1.03,-9.53,-14.36
1504.00,3.28,5.31,8.39,4.06,2.94,-6.63,-12.74,-16.13
1508.00,4.94,7.46,3.97,3.85,-1.87,-7.88,-13.19,-20.05
1512.00,4.30,6.78,5.10,-0.71,-4.30,-11.06,-18.38,-21.04
1516.00,3.39,3.83,5.75,-0.60,-5.72,-16.48,-19.87,-21.30
1520.00,3.31,5.07,-0.04,-3.43,-12.26,-16.09,-22.45,-21.49
1524.00,7.18,5.58,-1.42,-6.51,-14.71,-18.95,-18.84,-17.97
1528.00,2.66,0.41,-3.62,-10.86,-17.88,-18.74,-21.89,-16.12
1532.00,1.16,-1.98,-4.94,-12.09,-20.52,-21.58,-20.60,-11.92
1536.00,2.80,-5.57,-11.08,-17.64,-18.60,-20.24,-15.04,-5.98
1540.00,-3.74,-4.78,-10.92,-16.93,-17.93,-16.98,-13.07,-1.40
1544.00,-6.21,-8.51,-14.37,-20.75,-19.13,-16.97,-9.78,1.98
1548.00,-7.03,-12.61,-18.40,-20.11,-17.49,-13.23,-1.77,8.04
1552.00,-9.28,-16.58,-17.00,-20.22,-17.96,-9.47,2.43,13.68
1556.00,-10.24,-15.21,-21.03,-15.67,-12.28,-5.04,5.45,14.73
1560.00,-16.48,-17.63,-19.87,-16.38,-11.19,-1.37,9.47,19.84
1564.00,-17.34,-18.15,-16.50,-12.12,-4.19,4.50,13.87,23.28
1568.00,-17.51,-18.79,-16.15,-11.24,-0.42,10.05,15.54,21.30
1572.00,-16.63,-17.61,-11.33,-5.88,5.19,14.92,19.12,20.83
1576.00,-16.00,-12.29,-11.17,-0.37,10.52,15.74,20.59,20.67
1580.00,-16.82,-13.01,-4.46,0.92,12.25,18.46,23.35,20.18
1584.00,-15.62,-9.71,-2.82,7.13,14.53,17.36,22.57,18.37
1588.00,-10.22,-3.26,2.32,10.16,18.48,21.42,19.42,11.42
1592.00,-7.59,-3.82,7.17,13.99,20.57,20.67,16.58,7.65
1596.00,-5.69,-0.21,7.62,13.28,21.07,16.45,14.55,4.59
1600.00,-3.89,5.73,11.25,17.36,17.64,16.66,10.48,1.80
1604.00,1.59,9.84,14.47,19.30,16.02,12.40,4.98,-3.08
1608.00,3.37,10.13,17.48,17.52,13.93,6.00,1.83,-9.11
1612.00,5.68,12.51,15.27,13.71,13.66,2.10,-4.48,-11.90
1616.00,7.57,13.78,15.68,14.66,9.62,1.64,-6.36,-12.11
1620.00,13.83,13.82,15.94,8.46,2.64,-1.27,-7.97,-13.71
1624.00,13.12,13.86,14.41,7.22,-1.56,-8.39,-13.54,-14.56
1628.00,13.09,12.67,8.22,5.42,-4.50,-7.61,-14.30,-15.94
1632.00,13.34,13.01,8.54,-2.07,-4.19,-13.01,-14.94,-14.05
1636.00,13.76,6.32,1.24,-2.49,-11.08,-15.26,-16.75,-12.88
1640.00,10.02,7.00,2.49,-7.84,-12.57,-12.39,-11.49,-9.21
1644.00,9.65,1.37,-1.05,-9.70,-10.70,-14.05,-13.55,-7.89
1648.00,7.81,0.88,-7.85,-8.43,-11.50,-12.76,-12.04,-3.76
1652.00,2.61,-1.95,-10.21,-11.70,-11.50,-8.41,-7.54,-4.49
1656.00,0.38,-2.98,-8.74,-14.23,-11.71,-10.26,-4.81,0.67
1660.00,-3.94,-7.06,-12.31,-10.09,-9.27,-5.89,-2.19,0.19
1664.00,-2.53,-8.20,-11.61,-9.58,-8.15,-5.60,-1.23,-0.19
1668.00,-5.35,-7.18,-9.00,-9.66,-4.70,-3.83,-0.75,-0.02
1672.00,-9.93,-10.84,-9.64,-8.85,-2.64,0.05,3.28,0.26
1676.00,-9.54,-7.74,-7.50,-6.11,-1.95,2.12,1.70,-0.51
1680.00,-9.96,-9.98,-8.82,-0.85,-0.71,3.16,1.79,-4.45
1684.00,-6.30,-9.57,-2.87,1.34,3.28,0.43,1.43,-5.95
1688.00,-8.41,-3.91,-3.22,0.52,3.35,3.41,-0.45,-9.17
1692.00,-7.81,-2.06,1.07,-0.77,0.81,-1.94,-7.74,-13.51
1696.00,-7.01,-3.06,-0.83,0.04,-1.00,-4.55,-11.11,-14.11
1700.00,-3.06,-0.18,0.09,0.31,0.67,-3.52,-10.39,-18.41
1704.00,-3.67,3.24,3.36,-0.07,-1.29,-10.65,-17.17,-20.89
1708.00,-0.71,0.82,2.37,-0.49,-4.81,-12.73,-20.12,-26.67
1712.00,-0.23,3.07,-0.74,-0.29,-9.11,-12.82,-23.86,-25.25
1716.00,1.56,0.52,-2.60,-6.27,-13.44,-19.36,-23.45,-27.03
1720.00,0.70,2.83,-0.84,-8.47,-17.01,-19.11,-27.35,-25.49
1724.00,2.61,-2.50,-2.38,-9.12,-15.32,-21.43,-26.67,-25.03
1728.00,-0.23,-3.58,-8.30,-15.39,-18.23,-25.86,-22.09,-18.58
1732.00,-1.82,-5.37,-8.91,-16.07,-20.73,-22.99,-22.60,-16.05
1736.00,-1.09,-6.43,-14.11,-20.48,-23.93,-21.82,-21.46,-11.27
1740.00,-5.18,-8.32,-14.43,-20.72,-24.18,-23.03,-15.32,-7.97
1744.00,-5.92,-10.58,-18.43,-22.58,-24.25,-20.01,-13.46,-0.16
1748.00,-11.16,-13.56,-20.07,-24.09,-19.82,-15.17,-9.56,5.26
1752.00,-9.70,-19.09,-20.41,-19.79,-20.70,-12.66,-3.14,7.90
1756.00,-15.15,-17.33,-20.98,-20.02,-14.40,-9.65,3.93,12.42
1760.00,-14.97,-18.02,-23.23,-16.31,-12.88,-0.61,6.26,15.64
1764.00,-17.16,-21.21,-19.04,-13.03,-8.46,0.95,11.98,16.70
1768.00,-20.76,-22.10,-14.93,-10.90,-4.84,4.61,12.60,20.54
1772.00,-21.22,-18.03,-15.01,-5.72,0.20,9.85,19.54,21.04
1776.00,-17.91,-14.74,-11.73,-2.09,5.17,14.45,16.43,20.37
1780.00,-17.82,-13.61,-5.37,0.81,10.14,17.30,20.57,18.31
1784.00,-16.77,-12.28,-2.12,3.19,11.19,17.84,20.86,14.32
1788.00,-15.29,-7.37,2.47,6.37,14.60,19.98,19.18,12.70
1792.00,-7.74,-1.65,6.70,13.87,15.33,17.54,15.96,4.96
1796.00,-7.41,0.58,7.04,13.54,16.28,18.05,12.50,2.77
1800.00,-4.02,6.46,9.70,17.41,18.20,11.06,6.87,-3.43
1804.00,-1.69,5.96,11.89,16.64,12.58,11.20,1.76,-3.68
1808.00,4.53,11.65,12.03,17.35,12.59,6.77,-3.06,-7.12
1812.00,6.28,11.23,14.82,14.74,11.59,2.84,-6.28,-12.96
1816.00,7.32,10.86,15.16,11.99,4.59,-1.17,-7.60,-16.77
1820.00,13.03,15.46,14.48,10.79,2.61,-5.62,-10.11,-13.83
1824.00,12.45,15.21,9.97,6.20,-1.17,-9.28,-14.42,-15.90
1828.00,15.10,10.79,10.30,5.14,-4.27,-9.07,-16.39,-15.65
1832.00,10.49,8.74,7.73,-2.71,-5.28,-13.61,-16.90,-17.17
1836.00,12.54,10.07,2.89,-2.02,-11.13,-13.16,-15.42,-14.23
1840.00,12.06,5.87,-0.31,-6.52,-11.30,-12.47,-12.55,-8.87
1844.00,9.43,5.18,-5.13,-6.99,-11.14,-15.45,-12.41,-8.34
1848.00,3.36,-1.03,-7.93,-9.09,-10.59,-10.68,-8.91,-5.22
1852.00,0.86,-2.94,-8.73,-9.38,-13.11,-12.15,-5.80,-4.36
1856.00,0.31,-6.08,-10.47,-11.58,-9.61,-7.09,-2.38,-2.52
1860.00,-0.89,-5.23,-9.29,-10.25,-11.60,-6.65,-1.13,1.18
1864.00,-2.39,-10.82,-8.21,-8.23,-5.89,-4.02,-1.38,3.22
1868.00,-4.72,-7.39,-8.52,-9.72,-7.19,-2.71,3.39,0.26
1872.00,-7.07,-10.37,-9.22,-8.51,-3.91,-0.75,3.84,2.90
1876.00,-7.09,-6.82,-5.64,-3.88,-0.24,2.35,1.28,1.35
1880.00,-9.70,-10.08,-5.86,-4.47,-1.17,2.52,1.38,-2.42
1884.00,-6.79,-4.40,-5.31,0.64,0.51,3.46,0.55,-3.94
1888.00,-7.45,-5.74,0.41,2.97,5.77,1.23,-0.31,-9.10
1892.00,-7.35,-3.41,0.36,2.01,3.23,2.90,-2.06,-11.30
1896.00,-4.41,-0.06,0.54,3.84,2.89,-1.64,-8.51,-15.65
1900.00,-3.15,-1.30,3.28,3.74,2.55,-4.20,-9.01,-18.87
1904.00,0.76,3.93,2.97,4.15,1.25,-6.94,-11.41,-19.75
1908.00,3.33,4.47,3.82,-0.63,-4.69,-9.34,-14.63,-21.76
1912.00,2.97,6.33,3.90,-0.63,-8.12,-11.86,-20.40,-22.13
1916.00,4.15,5.55,3.23,-5.35,-7.56,-14.51,-22.44,-25.33
1920.00,4.38,3.94,1.33,-6.66,-11.92,-17.76,-22.79,-24.88
1924.00,5.08,0.88,-1.64,-7.84,-14.82,-21.59,-22.61,-20.68
1928.00,3.92,-0.19,-5.86,-11.14,-18.25,-20.10,-20.08,-19.46
1932.00,3.94,-3.05,-9.93,-14.63,-20.98,-19.10,-20.69,-13.47
1936.00,-0.32,-3.70,-11.89,-17.64,-22.13,-22.73,-17.32,-11.29
1940.00,-2.83,-6.12,-11.76,-16.11,-19.41,-19.94,-14.77,-3.36
1944.00,-2.97,-9.70,-17.25,-21.53,-19.09,-15.63,-10.92,1.03
1948.00,-7.79,-14.35,-18.25,-21.57,-16.19,-12.24,-1.82,5.46
1952.00,-8.07,-14.67,-20.74,-19.77,-14.43,-8.26,0.52,10.85
1956.00,-11.13,-14.86,-19.07,-18.51,-12.69,-5.52,7.68,13.74
1960.00,-13.26,-17.11,-19.18,-13.76,-6.25,2.12,11.67,20.98
1964.00,-14.10,-19.23,-15.25,-12.82,-1.68,4.43,15.94,22.00
1968.00,-17.18,-19.11,-14.08,-9.39,0.39,9.02,21.08,24.84
1972.00,-18.46,-13.03,-10.94,-6.11,4.39,14.48,18.93,24.36
1976.00,-17.40,-11.71,-6.22,1.51,10.95,20.12,21.81,25.08
1980.00,-12.40,-11.86,-5.27,6.86,12.27,19.22,22.35,21.83
1984.00,-13.88,-8.12,0.64,10.57,18.56,22.17,22.66,20.06
1988.00,-10.71,-3.23,6.66,14.05,17.97,22.72,19.19,13.82
1992.00,-7.08,0.26,9.85,17.15,22.82,21.02,17.56,12.80
1996.00,-2.53,2.55,11.62,17.58,19.39,21.15,15.72,9.54
2000.00,0.89,8.97,12.28,19.15,22.65,18.83,13.79,1.32
2004.00,2.72,10.12,15.00,21.43,21.66,17.11,7.91,1.27
2008.00,8.46,15.90,18.76,17.62,17.98,10.02,1.61,-6.50
2012.00,10.92,17.64,17.93,16.74,14.09,9.00,-1.44,-8.07
2016.00,12.90,14.88,16.57,14.19,11.12,5.54,-4.66,-8.45
2020.00,13.68,19.97,17.07,13.58,9.37,-1.51,-6.38,-12.16
2024.00,16.01,19.63,16.07,10.61,2.98,-3.94,-10.47,-11.30
2028.00,14.37,14.79,14.55,7.77,1.11,-4.22,-10.90,-10.52
2032.00,15.40,12.66,9.40,5.96,-2.97,-7.28,-8.87,-9.60
2036.00,17.65,13.80,7.60,0.59,-2.93,-9.29,-8.64,-9.13
2040.00,12.44,9.73,6.74,-2.22,-7.32,-7.93,-10.00,-4.24
2044.00,11.94,5.08,0.71,-2.29,-7.21,-6.67,-7.35,-0.42
2048.00,9.42,6.18,-0.96,-7.18,-9.70,-6.44,-4.55,-1.41
2052.00,7.29,3.57,-0.93,-5.49,-4.84,-5.92,0.86,2.70
2056.00,3.48,-2.58,-5.55,-4.56,-4.63,-3.37,-0.79,3.50
2060.00,2.38,-4.42,-5.56,-5.58,-6.38,1.70,5.50,5.35
2064.00,-0.68,-4.70,-7.04,-3.47,-3.68,0.16,6.18,9.94
2068.00,-3.92,-3.04,-3.57,-3.36,0.74,2.32,7.78,9.15
2072.00,-2.84,-4.83,-5.05,-1.13,1.15,8.62,7.37,9.76
2076.00,-2.77,-3.93,-2.50,-0.35,2.51,6.60,6.86,9.01
2080.00,-4.66,-4.08,-1.73,1.63,8.81,8.04,6.21,4.40
2084.00,-3.44,-3.96,2.30,6.35,10.08,9.61,7.28,3.83
2088.00,-3.91,-1.60,2.88,7.85,6.70,8.34,2.33,-0.67
2092.00,-3.18,4.00,6.51,9.30,8.46,5.92,-0.45,-4.26
2096.00,1.46,5.38,5.93,8.12,7.29,5.83,-2.42,-9.45
2100.00,0.82,6.87,10.30,7.94,7.37,3.71,-3.51,-10.63
2104.00,1.67,7.79,7.20,9.38,6.13,1.11,-7.59,-13.26
2108.00,3.43,9.82,6.28,5.75,2.52,-5.57,-10.16,-17.97
2112.00,9.01,10.63,8.66,6.92,1.43,-9.88,-11.27,-18.78
2116.00,8.85,9.92,8.41,3.36,-1.82,-11.39,-14.91,-18.78
2120.00,8.88,5.56,3.20,-0.59,-5.90,-14.24,-17.68,-15.31
2124.00,8.73,6.61,2.90,-5.91,-10.39,-12.48,-16.40,-12.50
2128.00,8.46,6.33,-2.68,-4.39,-12.32,-17.99,-14.56,-12.42
2132.00,6.00,2.18,-5.96,-10.85,-13.31,-17.44,-11.61,-7.23
2136.00,4.92,0.85,-4.32,-11.64,-14.87,-13.88,-13.54,-1.37
2140.00,0.69,-1.90,-9.45,-15.04,-16.37,-11.87,-9.82,1.84
2144.00,1.75,-7.28,-11.72,-13.40,-12.61,-13.09,-0.88,5.65
2148.00,-4.36,-8.03,-14.61,-15.51,-12.89,-7.75,-0.74,10.93
2152.00,-5.24,-10.39,-11.96,-12.59,-9.73,-2.79,5.25,18.90
2156.00,-6.02,-9.71,-13.90,-10.48,-7.54,-0.79,11.88,19.82
2160.00,-9.70,-15.12,-11.64,-10.24,-1.58,5.59,18.33,24.88
2164.00,-11.72,-13.39,-13.96,-7.11,2.16,13.12,22.68,28.78
2168.00,-13.82,-13.54,-9.99,-1.21,7.02,14.15,24.01,30.97
2172.00,-10.65,-10.30,-8.03,0.34,8.99,20.19,28.54,31.52
2176.00,-10.14,-7.64,-5.48,6.61,13.85,21.77,29.25,30.97
2180.00,-11.35,-5.39,1.97,11.70,16.25,27.26,27.21,25.02
2184.00,-9.24,-3.16,3.94,12.44,20.19,26.19,28.31,25.85
2188.00,-6.50,-0.95,6.40,17.10,23.48,24.95,26.88,23.16
2192.00,-5.76,4.04,11.17,19.84,22.98,27.30,23.71,17.50
2196.00,0.99,7.49,13.29,22.85,25.66,22.76,19.88,12.88
2200.00,5.17,9.51,18.55,25.87,26.68,23.37,17.96,6.74
2204.00,7.25,16.58,20.86,23.36,22.45,21.82,12.26,2.91
2208.00,9.26,19.48,24.11,22.18,22.87,18.22,6.49,-0.67
2212.00,14.43,17.17,23.05,21.30,16.87,10.51,4.62,-2.47
2216.00,17.03,20.00,19.44,18.27,16.78,8.91,-1.45,-6.56
2220.00,18.03,18.33,20.24,18.18,10.25,5.33,-4.41,-6.19
2224.00,19.99,22.25,21.14,16.61,10.22,2.74,-5.16,-7.05
2228.00,20.02,20.33,14.53,9.43,2.73,0.27,-6.37,-8.69
2232.00,17.77,17.65,12.61,6.47,1.39,-4.89,-7.78,-3.80
2236.00,18.32,17.68,12.34,4.80,-2.81,-3.67,-4.38,-3.30
2240.00,14.74,10.28,5.91,2.50,-2.61,-3.25,-3.22,-3.46
2244.00,16.37,8.62,5.53,1.39,-2.21,-6.55,-4.72,3.02
2248.00,11.42,4.78,2.50,-4.50,-4.51,-4.11,-2.86,2.65
2252.00,10.51,2.53,0.76,-2.10,-1.90,-0.56,4.32,6.68
2256.00,7.62,3.53,-1.87,-5.21,-1.41,0.87,2.56,7.40
2260.00,4.48,-2.09,-1.95,-1.20,-2.85,3.70,7.65,8.75
2264.00,-0.50,-1.45,-4.95,-2.53,1.45,6.03,7.06,13.07
2268.00,2.08,-0.90,-1.62,0.70,2.48,9.41,8.20,12.58
2272.00,-0.92,-0.61,-1.87,1.42,3.50,10.86,10.98,13.16
2276.00,-1.49,-4.45,-2.02,2.80,6.44,11.61,8.90,7.26
2280.00,-3.99,-2.06,2.16,6.00,9.77,8.71,8.54,8.28
2284.00,-1.70,1.92,2.37,5.31,8.84,8.85,7.51,1.68
2288.00,0.96,3.81,4.16,7.20,9.17,9.16,5.55,2.26
2292.00,1.88,1.11,8.49,7.70,9.96,6.27,2.04,-0.38
2296.00,-0.16,5.81,7.12,8.75,7.25,4.29,-0.69,-8.09
2300.00,2.65,7.43,10.02,11.26,6.82,4.42,-3.02,-11.85
2304.00,7.44,8.23,9.24,10.30,8.42,1.36,-8.03,-10.74
2308.00,8.85,8.96,10.71,9.89,2.91,-1.28,-11.66,-14.36
2312.00,5.95,6.96,7.40,4.71,2.10,-6.64,-13.34,-15.35
2316.00,8.39,9.92,7.62,4.67,-3.65,-7.78,-13.14,-16.85
2320.00,10.17,10.19,4.60,-1.16,-8.04,-12.56,-14.85,-16.14
2324.00,6.51,9.31,0.71,-5.24,-7.26,-14.35,-18.02,-12.35
2328.00,9.47,6.49,0.03,-4.92,-9.41,-13.11,-14.51,-12.35
2332.00,8.85,0.42,-0.53,-8.82,-14.42,-14.00,-10.82,-9.28
2336.00,4.33,0.86,-6.71,-12.79,-15.69,-15.83,-9.71,-4.39
2340.00,-0.03,-1.22,-6.25,-13.12,-17.60,-15.18,-5.85,2.64
2344.00,1.98,-5.24,-8.86,-16.15,-15.45,-11.54,-1.00,7.71
2348.00,-3.94,-6.65,-13.17,-12.75,-11.17,-5.00,0.60,11.71
2352.00,-6.17,-12.72,-13.88,-13.85,-12.69,-4.15,8.17,19.19
2356.00,-10.10,-12.00,-15.49,-14.64,-5.06,0.11,11.71,21.31
2360.00,-10.80,-14.54,-15.53,-8.74,-3.09,7.15,15.83,24.78
2364.00,-11.61,-12.42,-10.87,-5.59,-1.64,9.61,18.49,28.23
2368.00,-10.91,-15.56,-8.38,-3.73,4.40,12.25,22.15,26.78
2372.00,-11.35,-10.26,-5.91,-1.16,9.77,20.12,25.31,27.95
2376.00,-11.48,-7.83,-5.76,2.88,15.72,22.51,26.54,28.27
2380.00,-11.29,-7.49,1.01,8.78,17.20,22.41,29.23,28.26
2384.00,-10.46,-5.21,5.34,12.43,17.93,27.55,28.86,22.90
2388.00,-9.90,-0.65,6.55,14.79,21.10,26.91,25.78,21.54
2392.00,-5.86,4.72,9.17,18.69,24.74,26.54,22.17,14.02
2396.00,0.98,7.57,12.56,22.00,21.64,20.84,19.53,10.07
2400.00,3.64,9.49,16.80,21.32,23.42,21.15,16.42,8.63
2404.00,3.53,14.88,19.73,22.32,23.13,18.63,11.93,2.55
2408.00,6.51,17.84,18.57,23.26,18.05,12.17,4.41,-1.06
2412.00,11.47,17.38,22.23,21.59,18.30,8.73,2.26,-7.09
2416.00,13.23,19.04,21.74,17.74,11.96,5.19,-3.18,-5.58
2420.00,14.52,16.52,20.31,16.64,9.09,0.34,-5.72,-10.69
2424.00,14.84,16.87,14.55,11.13,3.43,-3.61,-6.35,-7.97
2428.00,15.96,19.62,16.28,6.54,1.85,-4.07,-7.91,-10.83
2432.00,18.59,17.29,12.82,7.65,-0.64,-6.31,-8.27,-10.30
2436.00,13.98,11.01,5.94,1.65,-2.98,-5.69,-8.00,-9.04
2440.00,16.53,8.53,5.94,-0.17,-7.82,-9.35,-9.97,-5.09
2444.00,14.36,6.68,1.22,-5.73,-6.26,-6.55,-8.50,0.27
2448.00,9.40,2.23,1.33,-4.14,-7.81,-7.84,-4.59,-1.26
2452.00,7.20,1.85,-0.93,-6.81,-4.93,-7.11,-2.01,0.57
2456.00,3.81,-2.94,-6.41,-7.03,-5.00,-3.42,1.54,5.21
2460.00,0.72,-4.80,-4.57,-6.98,-4.71,-0.03,0.71,5.44
2464.00,-3.03,-6.02,-6.31,-5.17,-5.20,-0.46,3.98,5.67
2468.00,-2.26,-7.92,-3.95,-6.44,1.26,5.11,7.11,8.02
2472.00,-4.50,-6.67,-7.24,-1.26,0.17,6.86,8.86,8.98
2476.00,-3.43,-6.37,-4.47,-1.97,3.21,8.32,8.51,6.49
2480.00,-3.60,-2.94,-2.18,1.37,6.27,5.78,5.74,1.64
2484.00,-6.61,-4.47,-1.08,2.18,5.96,4.78,5.06,-0.01
2488.00,-3.63,-1.91,1.08,4.08,8.36,3.81,0.92,-1.71
2492.00,-4.08,-0.35,4.47,6.65,7.94,5.96,1.39,-9.83
2496.00,-0.30,0.13,5.33,8.44,6.76,0.98,-3.77,-12.91
2500.00,-0.69,2.91,6.53,7.05,2.70,0.36,-9.06,-15.70
2504.00,0.65,6.60,6.33,7.40,2.85,-5.96,-12.22,-15.78
2508.00,3.81,5.76,6.82,4.38,-0.49,-8.21,-13.01,-17.36
2512.00,3.54,5.82,3.63,-0.01,-3.09,-11.82,-15.07,-23.26
2516.00,4.14,5.03,1.41,1.23,-7.57,-12.63,-17.22,-20.45
2520.00,3.96,2.62,-0.65,-4.51,-10.24,-16.73,-20.47,-22.59
2524.00,4.92,3.32,-2.93,-9.74,-14.85,-21.01,-21.64,-19.18
2528.00,3.56,2.99,-2.66,-8.83,-15.43,-18.07,-17.97,-14.77
2532.00,0.41,-0.26,-8.44,-14.05,-20.84,-21.15,-19.94,-13.69
2536.00,0.90,-4.31,-8.29,-17.10,-20.54,-18.14,-14.46,-6.38
2540.00,0.25,-7.48,-14.94,-19.37,-17.74,-17.88,-13.72,-1.54
2544.00,-4.00,-9.56,-15.71,-17.73,-21.52,-18.23,-9.01,2.83
2548.00,-6.61,-11.19,-18.18,-20.37,-16.27,-11.83,-4.98,7.85
2552.00,-11.47,-12.30,-15.96,-19.30,-16.75,-6.33,-0.63,11.30
2556.00,-12.10,-14.41,-20.36,-18.00,-10.25,-5.79,6.11,18.06
2560.00,-11.71,-20.12,-17.63,-14.83,-9.98,-1.48,12.66,20.26
2564.00,-14.91,-16.80,-15.22,-13.74,-5.85,3.96,15.58,23.67
2568.00,-16.62,-20.01,-13.44,-9.24,0.73,8.61,16.13,22.68
2572.00,-17.85,-14.89,-12.80,-3.68,6.38,12.22,18.27,21.87
2576.00,-18.03,-15.31,-10.92,-1.49,7.64,16.10,19.86,19.83
2580.00,-14.33,-12.38,-6.75,1.04,9.95,16.85,23.65,21.67
2584.00,-14.01,-10.80,-1.48,5.08,16.49,21.03,22.53,15.11
2588.00,-12.34,-7.01,3.69,9.78,18.15,19.42,21.36,13.66
2592.00,-6.98,-0.28,6.62,15.32,20.16,19.42,17.73,11.98
2596.00,-7.24,2.89,11.67,17.63,19.42,16.10,14.71,3.24
2600.00,-3.02,3.21,14.32,18.46,19.11,17.10,10.17,0.49
2604.00,1.66,9.53,15.02,18.71,18.77,11.28,4.10,-3.95
2608.00,4.52,10.23,14.34,14.29,13.38,7.48,-0.81,-8.61
2612.00,5.69,14.75,17.73,17.64,8.75,5.82,-2.27,-11.57
2616.00,9.98,12.05,12.89,11.36,5.46,0.46,-7.57,-13.76
2620.00,9.64,12.90,14.99,11.95,5.00,-3.46,-12.73,-16.70
2624.00,14.93,16.47,14.33,7.19,2.24,-7.44,-13.03,-17.58
2628.00,12.37,14.34,9.69,2.76,-1.72,-10.78,-14.24,-14.19
2632.00,14.43,9.35,4.67,1.08,-7.12,-9.82,-15.30,-12.86
2636.00,11.82,6.92,2.58,-1.59,-9.50,-14.72,-12.96,-10.38
2640.00,8.65,5.01,1.90,-5.19,-12.33,-13.60,-13.46,-12.17
2644.00,10.48,2.50,-2.36,-9.67,-12.83,-11.31,-10.17,-9.58
2648.00,4.22,-1.94,-6.28,-7.72,-14.46,-10.77,-11.29,-7.01
2652.00,2.79,-4.85,-8.29,-13.50,-11.44,-10.29,-7.48,-3.39
2656.00,-0.46,-6.25,-8.99,-12.21,-9.82,-7.18,-4.02,-2.30
2660.00,-0.69,-5.95,-8.32,-12.48,-9.28,-8.23,-1.61,1.20
2664.00,-2.65,-6.82,-9.93,-10.75,-7.49,-6.18,-0.66,3.18
2668.00,-6.77,-9.71,-12.50,-9.21,-5.27,0.23,2.03,0.32
2672.00,-8.45,-11.14,-10.62,-8.81,-1.89,-2.03,2.38,-0.53
2676.00,-9.90,-8.58,-6.08,-6.13,-2.93,0.44,1.58,-0.36
2680.00,-10.56,-7.51,-7.25,-3.59,-1.22,0.44,2.14,-3.23
2684.00,-6.78,-7.10,-6.15,-0.76,0.57,1.78,0.60,-6.96
2688.00,-5.77,-3.57,-2.16,-0.12,1.85,0.41,-2.25,-11.01
2692.00,-6.27,-3.53,-1.80,3.04,4.38,1.71,-7.66,-10.63
2696.00,-4.63,-3.96,0.75,3.69,0.93,-4.28,-11.23,-17.80
2700.00,-5.45,-1.24,1.49,3.89,0.71,-3.63,-11.17,-20.31
2704.00,-3.88,0.64,3.15,1.01,-2.82,-6.28,-13.95,-20.44
2708.00,-1.59,3.10,1.40,1.32,-5.90,-14.30,-20.76,-25.65
2712.00,-0.66,1.01,0.91,-4.53,-10.34,-16.60,-22.35,-23.45
2716.00,0.29,4.62,1.20,-7.40,-13.49,-16.22,-25.88,-27.47
2720.00,0.75,0.65,-2.68,-7.98,-14.32,-19.95,-25.52,-25.52
2724.00,1.63,-1.21,-6.01,-12.80,-15.88,-24.42,-24.89,-23.63
2728.00,1.42,-1.07,-8.63,-13.12,-18.76,-21.92,-25.79,-22.55
2732.00,2.53,-2.50,-11.86,-16.65,-22.23,-22.40,-21.19,-14.17
2736.00,-4.11,-7.29,-12.24,-20.43,-22.25,-24.50,-17.52,-13.90
2740.00,-1.70,-10.70,-14.04,-19.30,-24.29,-22.30,-14.76,-6.30
2744.00,-8.62,-10.83,-17.26,-19.98,-23.97,-17.04,-11.29,-1.39
2748.00,-7.87,-13.75,-20.51,-22.04,-19.71,-16.60,-5.81,4.78
2752.00,-9.74,-16.57,-20.87,-23.96,-18.56,-12.83,-1.20,9.43
2756.00,-16.27,-17.26,-21.94,-21.93,-17.85,-7.81,5.01,11.18
2760.00,-18.40,-18.86,-18.56,-16.89,-9.87,-3.97,8.68,14.47
2764.00,-16.02,-21.04,-17.35,-13.66,-6.76,2.21,12.74,19.63
2768.00,-18.20,-18.95,-19.70,-10.40,-2.75,4.61,12.90,19.79
2772.00,-16.73,-19.45,-16.89,-5.78,2.07,11.96,19.18,22.68
2776.00,-18.50,-17.65,-10.88,-1.08,6.59,13.71,18.56,17.37
2780.00,-18.04,-15.02,-7.43,3.37,9.52,14.39,18.89,19.77
2784.00,-17.47,-11.14,-3.52,3.84,13.02,19.77,17.36,13.86
2788.00,-12.53,-6.56,1.97,10.35,15.39,16.07,17.37,10.06
2792.00,-11.03,-5.44,5.19,9.98,16.58,19.24,13.97,6.80
2796.00,-8.09,-1.29,8.83,12.99,17.08,18.26,9.16,1.29
2800.00,-1.94,3.67,9.68,13.72,14.80,12.86,5.97,0.55
2804.00,-2.02,9.71,12.12,13.62,14.92,8.63,0.87,-7.05
2808.00,5.11,9.66,15.25,14.05,13.19,8.75,1.17,-9.42
2812.00,5.08,10.08,14.81,14.80,11.45,4.49,-5.16,-12.33
2816.00,8.37,13.26,14.70,12.30,6.42,-3.19,-7.99,-14.01
2820.00,9.60,11.47,12.96,8.53,1.21,-5.35,-12.34,-16.32
2824.00,12.60,13.96,12.09,6.20,-1.90,-6.31,-11.35,-18.79
2828.00,14.50,12.67,8.61,1.29,-1.81,-9.16,-15.34,-18.10
2832.00,11.35,10.46,8.20,-0.31,-8.01,-14.92,-15.86,-16.78
2836.00,12.13,7.55,4.14,-5.93,-8.49,-12.41,-16.39,-15.68
2840.00,7.49,3.38,0.88,-7.53,-8.92,-15.65,-13.68,-10.36
2844.00,9.31,4.48,-3.74,-10.94,-11.60,-13.72,-12.37,-8.95
2848.00,7.56,-2.11,-7.78,-10.56,-10.38,-12.34,-9.67,-7.77
2852.00,1.41,-4.52,-7.84,-13.48,-12.43,-10.53,-5.83,-4.33
2856.00,-0.34,-6.61,-7.42,-10.96,-11.35,-7.92,-5.13,1.16
2860.00,-1.81,-7.34,-9.31,-10.89,-10.84,-6.49,-0.08,3.54
2864.00,-2.96,-6.11,-8.97,-12.15,-6.25,-2.26,1.00,0.23
2868.00,-3.69,-7.69,-7.98,-10.60,-6.54,0.90,4.11,1.49
2872.00,-6.15,-11.10,-9.89,-6.24,-3.09,0.67,1.09,2.02
2876.00,-6.84,-11.24,-9.84,-5.90,0.07,3.46,2.29,0.81
2880.00,-9.96,-6.38,-7.26,-0.98,2.02,1.78,0.08,-1.64
2884.00,-5.53,-5.98,-2.23,0.17,3.37,1.13,-0.36,-5.67
2888.00,-6.85,-4.22,-3.23,1.27,1.00,4.42,-0.74,-6.36
2892.00,-6.83,-4.08,1.67,1.97,2.18,3.18,-2.33,-8.88
2896.00,-4.80,-0.67,3.41,1.76,3.66,1.17,-8.62,-12.89
2900.00,-4.49,0.42,4.94,3.36,0.05,-1.68,-9.57,-19.90
2904.00,2.03,3.39,2.49,3.04,-0.23,-7.43,-14.59,-20.94
2908.00,1.22,3.18,5.37,-0.79,-5.43,-12.39,-17.43,-20.39
2912.00,4.56,6.29,4.33,-1.74,-7.61,-14.02,-20.81,-25.60
2916.00,4.51,2.47,-0.74,-0.70,-9.95,-16.10,-20.10,-21.20
2920.00,5.38,5.38,1.80,-3.85,-11.07,-19.86,-20.93,-24.58
2924.00,4.93,0.57,-4.55,-9.47,-15.72,-20.92,-21.32,-18.45
2928.00,4.54,-2.28,-3.68,-13.89,-18.73,-21.00,-23.71,-19.73
2932.00,0.69,-3.26,-7.29,-13.80,-19.81,-21.05,-21.37,-12.07
2936.00,-0.80,-5.70,-9.96,-18.44,-18.41,-19.24,-15.28,-10.93
2940.00,-3.58,-7.76,-11.05,-17.02,-18.23,-18.06,-15.07,-3.82
2944.00,-3.37,-12.29,-17.16,-17.64,-21.33,-14.83,-9.61,1.66
2948.00,-8.36,-13.61,-18.65,-19.54,-19.69,-11.40,-2.77,4.87
2952.00,-10.75,-15.46,-20.61,-19.47,-15.34,-9.31,2.69,10.50
2956.00,-12.55,-17.77,-17.95,-18.92,-11.40,-4.81,8.27,17.23
2960.00,-15.16,-15.54,-16.37,-13.46,-10.60,-0.12,13.31,20.13
2964.00,-13.33,-19.92,-18.82,-13.76,-2.65,7.38,12.69,23.66
2968.00,-15.58,-16.71,-13.81,-8.58,-0.29,12.30,17.13,24.23
2972.00,-18.44,-16.24,-10.80,-4.45,4.05,13.99,20.02,24.78
2976.00,-13.60,-11.90,-5.95,-0.02,9.19,18.24,23.64,24.10
2980.00,-16.91,-10.90,-2.20,4.27,13.35,18.98,24.15,21.95
2984.00,-14.81,-8.47,0.30,6.48,16.93,21.54,22.87,20.54
2988.00,-11.99,-4.56,4.07,14.05,20.83,24.53,22.11,14.89
2992.00,-7.48,1.52,7.92,15.63,20.05,20.34,19.24,11.89
2996.00,-2.57,1.62,12.62,15.66,18.68,18.24,15.78,6.82
3000.00,-1.59,5.69,13.16,21.02,21.25,17.31,13.18,5.86
3004.00,3.76,12.25,17.32,18.20,20.21,17.28,5.95,-2.00
3008.00,7.19,14.80,19.08,20.85,19.29,10.38,5.79,-6.59
3012.00,11.33,14.08,17.22,17.88,16.08,7.16,-1.65,-9.15
3016.00,10.68,18.53,19.88,14.08,10.30,2.71,-3.33,-8.75
3020.00,16.40,19.78,16.81,13.44,9.14,1.15,-5.80,-9.24
3024.00,14.51,19.60,15.25,8.56,6.66,-2.95,-10.28,-8.82
3028.00,15.43,18.66,12.57,6.90,-1.56,-6.25,-7.81,-12.32
3032.00,15.32,13.30,11.37,4.15,-4.60,-9.87,-8.78,-11.92
3036.00,13.08,14.17,6.68,2.61,-6.69,-10.03,-9.81,-5.87
3040.00,13.80,10.11,5.34,-2.58,-5.79,-6.59,-6.68,-6.62
3044.00,13.35,5.32,3.05,-5.19,-9.50,-8.11,-8.60,-3.33
3048.00,7.97,6.53,0.38,-4.07,-8.29,-8.01,-3.38,2.24
3052.00,8.99,0.06,-5.26,-8.41,-7.71,-4.21,-2.09,4.19
3056.00,5.68,-2.81,-6.64,-5.37,-5.12,-2.89,2.37,3.59
3060.00,0.27,-5.12,-7.04,-5.04,-3.81,-3.09,1.82,8.58
3064.00,0.71,-4.41,-4.00,-4.25,-2.19,2.35,4.33,8.43
3068.00,-0.46,-7.10,-4.90,-5.58,0.46,2.02,6.90,6.96
3072.00,-3.38,-3.99,-6.64,-0.05,2.75,6.00,6.08,8.01
3076.00,-3.35,-6.16,-3.57,1.13,3.75,7.83,7.57,5.52
3080.00,-4.55,-4.11,-0.24,3.68,7.82,7.02,9.31,5.89
3084.00,-3.24,-2.96,2.85,4.23,8.73,6.48,6.04,1.01
3088.00,-2.41,1.79,5.50,5.90,6.62,7.97,3.44,-3.97
3092.00,-3.46,3.00,5.69,9.04,8.84,6.19,-0.25,-4.06
3096.00,0.77,3.47,6.14,9.70,7.26,5.88,0.61,-10.26
3100.00,3.89,6.75,8.61,10.25,8.54,0.32,-6.21,-10.64
3104.00,5.74,4.40,9.75,9.71,6.97,-0.59,-7.56,-15.99
3108.00,7.44,6.13,7.35,4.39,1.50,-5.74,-12.42,-15.06
3112.00,4.38,8.81,9.91,6.06,-0.83,-5.58,-11.47,-18.75
3116.00,5.91,9.09,6.28,0.47,-3.55,-11.59,-17.99,-18.77
3120.00,10.24,9.93,2.03,-0.36,-5.24,-12.49,-18.22,-16.45
3124.00,7.24,5.23,-0.19,-5.92,-12.31,-15.12,-17.47,-14.18
3128.00,9.40,4.60,-2.15,-6.32,-11.72,-13.77,-14.17,-11.53
3132.00,5.05,0.60,-4.58,-10.65,-14.40,-18.51,-14.80,-7.47
3136.00,3.20,1.61,-3.87,-11.57,-17.75,-17.78,-13.11,-5.33
3140.00,1.71,-2.34,-6.62,-13.41,-15.28,-14.84,-6.97,1.30
3144.00,1.49,-7.43,-10.51,-14.15,-15.47,-13.04,-1.24,8.54
3148.00,-3.79,-7.45,-12.57,-14.65,-13.11,-9.00,1.84,10.92
3152.00,-6.64,-11.69,-13.05,-14.50,-9.14,-1.28,8.09,17.48
3156.00,-8.33,-12.22,-12.36,-11.71,-6.09,1.33,14.10,21.26
3160.00,-8.89,-15.01,-13.89,-11.65,-1.72,6.50,17.36,24.80
3164.00,-9.08,-14.73,-10.48,-4.75,0.08,11.96,19.79,28.62
3168.00,-13.55,-12.06,-10.20,-5.53,4.75,16.50,23.96,28.79
3172.00,-14.98,-11.88,-4.97,-1.73,8.04,19.75,27.16,29.97
3176.00,-13.78,-8.26,-5.34,4.39,13.70,24.40,28.93,31.01
3180.00,-11.85,-5.66,1.68,9.32,16.75,25.84,30.17,25.36
3184.00,-7.89,-4.64,5.13,11.57,23.28,27.04,25.41,25.12
3188.00,-7.42,-0.87,10.16,18.88,24.93,29.35,23.89,19.73
3192.00,-3.43,5.31,13.97,19.74,23.31,28.53,22.32,15.64
3196.00,-0.40,6.59,14.80,20.59,26.79,24.77,21.79,10.72
3200.00,1.13,10.42,19.08,21.24,26.34,21.89,15.33,8.82
3204.00,4.48,15.54,19.41,23.75,25.56,17.76,13.38,5.56
3208.00,11.58,16.72,19.64,25.35,20.04,14.18,8.14,1.81
3212.00,13.78,20.13,23.30,21.24,18.06,10.09,5.46,-0.99
3216.00,13.54,20.15,22.86,21.10,17.13,8.74,-0.33,-4.56
3220.00,18.30,21.04,18.43,15.32,12.53,5.40,-4.40,-6.23
3224.00,20.20,22.37,17.28,13.55,9.30,-0.37,-1.86,-7.23
3228.00,17.39,18.17,18.06,9.91,3.79,-0.75,-5.55,-7.00
3232.00,18.09,19.34,14.97,5.49,3.91,-1.41,-4.97,-5.72
3236.00,18.34,15.50,10.35,3.75,-0.80,-3.75,-3.80,-4.82
3240.00,14.13,14.51,9.47,0.06,-1.39,-7.47,-4.80,-2.61
3244.00,16.10,7.70,3.12,1.61,-6.22,-4.67,-1.18,3.07
3248.00,11.26,9.17,0.70,-3.29,-5.88,-1.93,-0.22,4.22
3252.00,10.55,5.06,0.62,-2.57,-4.78,-0.17,2.06,8.49
3256.00,8.92,2.60,-2.21,-2.30,-3.88,0.24,4.93,8.19
3260.00,3.90,-1.91,-3.24,-3.44,-0.92,-0.16,4.58,9.92
3264.00,-0.73,-0.70,-5.54,-2.43,-1.38,2.78,10.48,9.59
3268.00,0.82,-3.10,-3.93,-1.65,1.10,5.32,10.09,12.98
3272.00,-2.36,-0.77,-4.48,2.07,6.39,7.23,13.02,11.78
3276.00,-1.73,-4.48,1.41,3.19,8.18,12.66,9.34,11.18
3280.00,-0.91,-1.36,-0.16,2.58,7.38,10.99,8.72,5.52
3284.00,-1.30,1.74,2.81,7.86,8.43,12.12,10.49,3.19
3288.00,-1.51,3.26,2.59,9.73,9.49,8.02,6.33,2.59
3292.00,-1.74,4.66,5.91,9.87,8.21,8.57,3.46,-0.99
3296.00,0.36,4.09,8.02,10.81,12.15,4.87,2.57,-4.29
3300.00,1.93,4.80,9.57,9.29,10.24,3.93,-4.90,-9.81
3304.00,2.70,10.33,8.49,9.43,4.69,-1.71,-6.22,-13.63
3308.00,8.57,8.17,7.44,5.77,4.18,-2.36,-9.40,-16.64
3312.00,10.31,7.63,6.51,5.98,-2.21,-6.81,-13.48,-13.55
3316.00,8.67,9.72,8.85,2.20,-0.73,-8.31,-12.57,-15.04
3320.00,7.97,10.50,3.11,-0.52,-6.43,-13.19,-13.03,-13.59
3324.00,6.39,4.98,1.22,-5.06,-8.61,-14.40,-14.21,-13.87
3328.00,10.27,2.87,-2.37,-6.63,-13.89,-13.64,-16.15,-12.47
3332.00,7.90,2.91,-5.19,-7.50,-12.66,-16.23,-14.94,-6.69
3336.00,3.71,-1.71,-6.19,-12.19,-15.12,-13.11,-10.00,-1.10
3340.00,1.19,-1.29,-9.34,-13.01,-16.08,-14.92,-5.46,2.56
3344.00,1.61,-5.12,-10.85,-15.47,-12.26,-11.43,-2.24,9.83
3348.00,-3.55,-9.25,-13.25,-14.61,-13.79,-9.16,3.08,13.88
3352.00,-5.31,-8.40,-12.87,-15.83,-9.50,-1.17,8.83,18.09
3356.00,-6.29,-13.35,-14.75,-12.29,-6.43,-0.31,9.54,21.22
3360.00,-9.69,-13.82,-15.64,-12.36,-3.44,4.26,14.08,22.68
3364.00,-11.61,-12.51,-11.63,-9.77,0.93,10.17,20.38,27.32
3368.00,-12.60,-12.80,-8.79,-4.39,7.27,14.43,21.21,26.80
3372.00,-13.19,-12.39,-8.69,0.68,8.13,16.55,27.48,27.76
3376.00,-12.06,-10.29,-5.77,3.83,15.28,22.35,24.83,29.57
3380.00,-10.45,-5.95,0.66,5.92,15.56,23.60,28.87,25.39
3384.00,-8.53,-3.64,1.31,10.82,18.09,23.33,26.18,23.31
3388.00,-5.80,-3.47,5.47,16.67,22.27,26.95,26.24,20.05
3392.00,-2.78,5.02,13.16,19.69,23.83,25.95,19.83,17.09
3396.00,0.92,8.79,15.49,20.39,22.65,22.23,19.65,9.91
3400.00,0.52,11.54,14.79,21.62,22.78,18.88,12.65,4.98
3404.00,7.23,11.25,20.17,23.68,24.19,18.63,8.20,0.17
3408.00,8.42,13.28,21.94,20.21,21.93,12.80,8.52,-2.09
3412.00,13.20,17.94,22.46,22.64,15.13,9.15,3.88,-3.05
3416.00,14.04,20.77,22.10,20.03,15.25,5.35,-3.25,-9.60
3420.00,15.61,19.92,20.92,15.96,8.46,-0.14,-4.78,-9.38
3424.00,17.94,17.33,17.53,13.92,7.59,-2.84,-6.92,-8.70
3428.00,14.85,17.99,13.83,9.42,1.92,-2.19,-7.66,-8.60
3432.00,15.07,15.16,11.76,6.93,0.22,-8.65,-11.06,-8.31
3436.00,13.53,14.06,6.54,3.48,-5.20,-8.22,-9.65,-8.44
3440.00,12.95,12.77,3.20,-1.86,-7.50,-7.13,-8.16,-6.27
3444.00,9.66,8.16,3.40,-5.83,-5.67,-8.83,-4.86,-0.44
3448.00,7.51,3.03,0.20,-7.12,-8.34,-7.41,-2.46,1.65
3452.00,8.72,2.89,-2.16,-6.59,-9.75,-7.25,-2.75,2.09
3456.00,4.99,-2.43,-6.94,-5.53,-7.19,-1.45,-1.45,3.71
3460.00,1.35,-0.92,-5.93,-6.15,-3.92,-3.73,0.59,5.99
3464.00,-2.48,-6.49,-8.19,-7.89,-2.70,1.01,3.39,5.81
3468.00,-5.34,-5.22,-5.44,-4.52,-1.27,1.43,5.74,9.56
3472.00,-3.64,-7.19,-5.90,-3.08,0.43,5.78,5.01,8.67
3476.00,-4.48,-5.96,-4.03,1.58,3.26,5.43,5.85,2.79
3480.00,-3.72,-4.56,-1.12,-0.37,4.27,5.32,5.31,3.70
3484.00,-6.95,-2.95,1.31,0.99,7.72,8.20,2.97,0.04
3488.00,-2.86,-0.28,0.35,3.71,8.49,5.95,0.47,-3.78
3492.00,-4.95,-2.13,2.58,5.55,5.55,1.77,-1.84,-6.66
3496.00,-2.06,-0.82,6.66,6.47,3.18,2.20,-5.58,-9.44
3500.00,1.49,1.95,6.73,4.27,2.02,0.58,-7.37,-16.12
3504.00,-0.15,4.39,6.47,6.63,1.47,-4.95,-11.74,-18.03
3508.00,4.06,2.96,7.89,4.59,-0.28,-7.73,-15.33,-17.18
3512.00,5.89,7.04,5.75,0.87,-2.96,-12.85,-15.75,-20.78
3516.00,5.01,5.66,1.56,-0.79,-6.78,-14.72,-20.71,-22.65
3520.00,5.13,6.00,1.03,-5.08,-9.88,-17.19,-22.57,-21.37
3524.00,4.08,1.71,-0.62,-9.28,-12.03,-17.77,-19.50,-20.74
3528.00,2.18,-0.44,-5.23,-8.75,-17.45,-20.78,-18.47,-16.91
3532.00,2.37,-3.11,-7.94,-14.51,-16.90,-21.79,-17.59,-14.44
3536.00,0.77,-5.20,-9.08,-17.23,-17.24,-17.59,-15.89,-7.81
3540.00,-1.15,-6.78,-12.95,-16.47,-18.75,-15.99,-10.47,-3.85
3544.00,-4.58,-10.77,-13.21,-19.54,-19.28,-15.41,-10.39,3.99
3548.00,-5.67,-12.12,-15.42,-18.64,-18.58,-14.04,-2.63,4.53
3552.00,-10.84,-13.11,-17.32,-20.67,-14.53,-10.24,3.47,9.86
3556.00,-14.37,-16.04,-16.65,-16.19,-14.43,-6.68,4.96,17.32
3560.00,-12.80,-15.66,-19.18,-13.30,-8.44,1.11,12.06,20.53
3564.00,-15.17,-20.14,-15.50,-12.60,-2.54,3.82,14.50,22.80
3568.00,-15.25,-19.55,-15.26,-11.34,1.37,11.67,18.25,20.93
3572.00,-18.80,-16.16,-11.41,-3.71,6.32,14.12,17.71,23.71
3576.00,-14.73,-14.52,-9.83,0.19,10.26,17.03,21.52,21.52
3580.00,-16.27,-9.70,-4.82,5.02,10.31,20.39,19.23,20.41
3584.00,-15.70,-9.50,0.87,8.45,16.14,18.37,19.43,19.23
3588.00,-12.97,-3.57,0.84,12.30,17.90,18.88,19.70,11.30
3592.00,-8.55,-4.04,3.88,14.93,18.63,21.14,16.77,10.16
3596.00,-4.65,0.43,8.28,15.10,17.74,17.78,14.53,4.39
3600.00,-2.17,3.65,12.10,18.22,20.15,13.18,7.44,-0.67
3604.00,3.64,6.91,15.92,19.47,15.76,11.51,5.81,-3.59
3608.00,2.87,9.35,15.88,15.52,12.55,8.39,2.83,-7.63
3612.00,7.65,11.63,16.38,12.97,9.11,6.53,-2.30,-10.93
3616.00,11.83,14.40,13.47,11.67,9.44,-1.03,-7.64,-15.88
3620.00,9.24,13.14,14.69,11.05,2.01,-2.69,-11.27,-15.44
3624.00,13.48,11.76,10.68,6.39,2.54,-6.61,-10.31,-13.67
3628.00,12.97,12.23,10.99,1.26,-4.08,-11.20,-16.21,-15.53
3632.00,13.72,9.52,8.55,1.28,-7.80,-14.26,-15.67,-14.72
3636.00,9.47,10.65,2.47,-0.98,-7.88,-11.41,-15.94,-11.65
3640.00,11.06,8.06,1.47,-7.53,-10.95,-15.38,-15.44,-10.57
3644.00,9.66,1.01,-4.95,-8.49,-10.05,-15.08,-13.39,-10.10
3648.00,6.30,-1.44,-5.32,-10.85,-13.90,-13.15,-8.50,-4.72
3652.00,4.97,-4.01,-7.06,-10.52,-13.08,-8.42,-7.12,-2.82
3656.00,1.45,-2.87,-11.00,-12.11,-13.52,-10.45,-2.99,0.50
3660.00,-1.95,-9.56,-12.60,-11.99,-9.59,-4.61,-3.62,-0.16
3664.00,-3.01,-6.54,-9.69,-8.08,-7.70,-2.42,0.42,0.53
3668.00,-5.70,-9.79,-12.02,-8.35,-6.48,-3.32,0.34,1.27
3672.00,-8.61,-10.95,-7.94,-8.12,-4.69,1.97,2.48,2.27
3676.00,-7.23,-7.63,-8.58,-6.42,-3.78,-0.17,0.06,-0.31
3680.00,-9.64,-8.64,-6.60,-1.12,0.13,-0.54,1.32,-1.10
3684.00,-10.03,-7.93,-3.70,-2.53,3.24,3.76,-2.94,-6.69
3688.00,-10.02,-3.56,-2.08,-1.30,-0.27,0.17,-5.25,-11.66
3692.00,-5.13,-3.30,1.28,0.06,0.95,0.73,-8.15,-11.46
3696.00,-4.77,-1.89,-1.66,-0.28,1.38,-3.79,-11.41,-16.30
3700.00,-1.72,-1.81,-0.17,4.23,-0.99,-3.01,-12.83,-17.60
3704.00,0.68,0.56,0.45,-0.41,-2.35,-10.16,-17.08,-23.82
3708.00,0.40,2.64,2.64,0.95,-5.61,-10.44,-20.07,-22.14
3712.00,0.76,4.55,2.70,-3.46,-7.98,-14.53,-21.39,-26.65
3716.00,0.15,3.65,-1.85,-3.03,-11.63,-18.01,-21.81,-25.73
3720.00,0.11,2.21,-2.50,-8.17,-13.88,-20.68,-26.02,-27.34
3724.00,3.04,-1.22,-5.15,-10.41,-17.07,-21.32,-24.03,-24.40
3728.00,2.35,-0.49,-7.71,-13.19,-21.15,-23.56,-25.97,-20.97
3732.00,0.91,-4.49,-10.12,-17.00,-20.94,-24.46,-23.71,-16.69
3736.00,-1.90,-9.05,-11.33,-17.42,-24.27,-22.32,-21.48,-13.22
3740.00,-3.40,-11.68,-14.12,-21.65,-24.90,-20.10,-18.03,-7.83
3744.00,-7.44,-13.16,-18.69,-22.95,-22.96,-18.57,-13.36,-4.12
3748.00,-6.80,-13.66,-22.33,-23.69,-22.97,-17.82,-6.61,3.55
3752.00,-10.52,-15.75,-21.54,-21.22,-17.17,-11.24,-2.92,9.91
3756.00,-15.59,-20.47,-21.02,-21.59,-16.50,-5.01,0.16,13.07
3760.00,-17.07,-22.50,-18.90,-19.93,-12.61,-3.89,7.61,16.23
3764.00,-19.20,-18.99,-18.13,-14.39,-5.72,-0.05,9.75,17.42
3768.00,-18.86,-17.57,-18.39,-11.33,-1.61,4.77,13.90,17.37
3772.00,-19.37,-19.08,-12.53,-7.40,-0.57,11.90,15.43,19.44
3776.00,-16.38,-14.47,-9.69,-4.79,5.77,15.21,20.49,18.69
3780.00,-15.38,-13.08,-5.58,-1.12,11.01,17.88,18.91,19.60
3784.00,-16.22,-12.35,-3.72,6.99,11.47,20.02,19.03,13.91
3788.00,-10.84,-8.72,-0.29,7.09,12.68,18.51,18.06,10.74
3792.00,-9.38,-3.65,3.24,12.35,17.21,16.14,15.97,6.41
3796.00,-4.86,1.96,7.47,12.53,17.43,16.88,10.21,0.86
3800.00,-3.91,3.54,12.30,17.25,16.53,14.85,4.98,-3.04
3804.00,0.44,8.29,12.99,16.78,17.08,10.03,4.65,-6.02
3808.00,2.97,11.48,12.07,13.85,10.77,8.04,-1.11,-7.92
3812.00,4.18,11.26,16.55,15.41,12.35,5.02,-7.19,-13.83
3816.00,10.22,11.09,15.43,12.33,5.06,-0.68,-8.83,-13.37
3820.00,9.95,11.52,13.81,10.75,5.23,-6.00,-11.59,-14.30
3824.00,14.29,11.30,13.24,8.17,1.98,-6.55,-13.73,-17.19
3828.00,10.65,10.83,10.20,4.13,-2.50,-10.90,-12.57,-17.79
3832.00,10.69,12.31,5.89,-1.34,-5.02,-12.19,-14.60,-17.17
3836.00,12.94,7.50,2.27,-3.12,-9.39,-11.65,-14.91,-11.85
3840.00,9.53,4.46,-0.15,-8.47,-13.63,-14.67,-13.43,-12.82
3844.00,7.15,4.16,-1.14,-7.99,-9.97,-13.60,-12.17,-7.96
3848.00,4.26,0.30,-8.04,-11.99,-13.79,-12.68,-9.44,-3.60
3852.00,2.65,-3.56,-6.56,-13.30,-10.84,-8.30,-6.51,-4.12
3856.00,1.44,-3.94,-9.39,-13.57,-11.10,-7.96,-6.51,-2.31
3860.00,-2.07,-4.99,-11.10,-10.63,-8.50,-4.81,-0.19,3.24
3864.00,-6.06,-8.02,-10.83,-10.31,-8.15,-4.41,-0.02,3.71
3868.00,-6.47,-10.84,-11.03,-10.60,-5.50,-0.90,3.98,2.43
3872.00,-8.90,-9.25,-10.62,-6.62,-3.45,1.03,4.80,2.79
3876.00,-10.53,-7.59,-6.10,-5.45,-2.61,3.51,1.06,2.42
3880.00,-6.14,-7.29,-5.07,-0.35,2.05,3.73,-0.35,-3.90
3884.00,-7.06,-5.16,-5.50,2.36,0.50,5.13,2.97,-6.67
3888.00,-7.84,-5.85,-2.80,2.66,4.30,2.23,-0.01,-9.67
3892.00,-3.34,-4.31,0.84,1.71,5.52,1.98,-5.09,-10.66
3896.00,-1.48,1.12,2.89,2.72,3.56,-3.04,-7.09,-14.28
3900.00,-4.36,1.38,2.19,1.94,2.31,-3.45,-11.48,-15.30
3904.00,-1.99,1.90,2.68,2.70,-0.28,-5.91,-13.56,-19.77
3908.00,3.23,5.90,1.48,3.09,-2.50,-12.05,-15.59,-22.26
3912.00,2.36,6.23,3.85,0.80,-5.71,-14.64,-18.28,-25.39
3916.00,4.01,2.02,3.97,-1.46,-10.59,-13.67,-21.30,-25.86
3920.00,5.57,4.19,1.27,-5.20,-13.58,-18.83,-21.27,-21.33
3924.00,5.70,1.17,-3.14,-8.98,-13.20,-22.39,-21.99,-18.08
3928.00,2.39,-2.25,-4.84,-9.26,-18.48,-19.02,-23.53,-18.71
3932.00,3.47,0.10,-10.51,-14.24,-17.09,-23.71,-18.41,-12.79
3936.00,2.57,-5.03,-8.57,-15.53,-18.49,-18.61,-17.94,-10.87
3940.00,-1.66,-8.03,-13.10,-17.45,-22.32,-19.67,-11.10,-2.77
3944.00,-3.06,-10.92,-16.62,-17.30,-20.35,-17.68,-7.02,3.63
3948.00,-4.49,-14.56,-15.57,-19.49,-18.95,-11.68,-5.99,6.37
3952.00,-8.51,-16.71,-16.18,-17.83,-16.36,-7.56,1.65,12.09
3956.00,-14.08,-17.15,-20.81,-15.78,-12.92,-4.29,8.19,17.24
3960.00,-13.58,-16.37,-20.18,-16.29,-5.81,-0.58,11.25,21.27
3964.00,-17.32,-18.39,-15.56,-13.53,-2.45,3.53,17.04,24.44
3968.00,-16.31,-16.53,-16.60,-6.89,1.00,10.16,18.26,23.04
3972.00,-13.86,-16.99,-10.02,-3.44,6.63,16.79,22.68,25.07
3976.00,-17.42,-12.48,-10.14,2.47,11.62,20.00,25.13,23.84
3980.00,-14.64,-8.54,-4.06,2.75,12.80,18.53,23.39,23.34
3984.00,-14.58,-9.24,2.20,6.81,16.47,23.66,23.81,17.59
3988.00,-7.76,-4.23,6.10,10.99,20.12,20.65,19.46,17.36
3992.00,-8.57,-1.01,7.99,17.84,22.44,20.10,21.16,12.33
3996.00,-4.14,3.23,13.17,18.08,22.61,20.84,16.13,6.21
4000.00,-1.53,5.89,15.65,21.83,21.97,19.43,14.21,1.91
4004.00,3.62,8.59,15.02,18.35,19.17,16.69,9.83,-2.30
4008.00,4.85,11.75,18.61,17.83,15.03,12.42,1.60,-1.74
4012.00,8.66,14.37,19.97,19.70,15.78,5.86,2.09,-5.77
4016.00,14.47,19.10,17.93,14.91,10.46,5.39,-4.03,-11.62
4020.00,12.11,18.21,18.50,16.29,5.78,-2.02,-6.06,-12.47
4024.00,15.46,18.88,17.67,12.49,4.32,-2.75,-6.16,-10.54
4028.00,16.94,16.32,14.81,6.54,0.22,-7.88,-7.56,-11.47
4032.00,15.03,13.59,12.86,1.93,-0.84,-5.91,-9.58,-11.61
4036.00,12.93,12.18,6.81,0.28,-3.82,-6.43,-11.04,-6.37
4040.00,14.18,9.28,4.21,0.54,-4.15,-10.38,-9.19,-6.13
4044.00,14.08,8.82,3.32,-2.85,-7.43,-6.89,-8.27,-3.60
4048.00,9.82,1.99,-0.98,-5.70,-9.43,-5.15,-2.31,-0.70
4052.00,7.22,2.84,-2.32,-6.46,-4.82,-5.86,-2.01,3.81
4056.00,3.99,-3.02,-2.58,-9.04,-6.60,-4.90,2.38,7.23
4060.00,2.91,-0.82,-6.92,-5.86,-2.01,0.32,1.35,6.30
4064.00,-0.32,-6.47,-7.95,-3.89,-1.21,3.54,7.19,6.68
4068.00,-0.04,-6.97,-2.95,-3.83,-0.02,4.95,7.34,6.83
4072.00,-5.37,-3.75,-4.01,-0.63,2.51,8.61,6.34,10.16
4076.00,-3.08,-3.69,-1.99,2.06,5.46,9.07,6.76,6.56
4080.00,-5.47,-2.08,-0.53,2.43,7.39,6.65,6.36,5.72
4084.00,-5.97,0.16,-0.02,4.20,7.46,9.74,8.60,-0.81
4088.00,-4.92,-2.38,5.44,4.86,6.20,5.77,3.43,-1.77
4092.00,0.60,1.41,4.22,7.70,7.92,6.37,3.23,-3.23
4096.00,1.12,3.27,6.38,10.75,6.90,4.79,-0.40,-8.57
4100.00,3.32,5.71,8.74,10.57,5.20,1.25,-4.58,-10.78
4104.00,6.17,8.25,10.31,7.53,2.71,-3.58,-7.58,-13.07
4108.00,6.83,8.36,9.43,8.48,0.46,-4.68,-10.53,-15.64
4112.00,5.02,10.02,9.56,6.73,-1.76,-9.71,-11.29,-19.61
4116.00,6.23,6.59,4.64,2.80,-5.19,-10.74,-17.61,-19.71
4120.00,10.29,8.64,5.45,-0.57,-6.12,-12.25,-17.33,-15.90
4124.00,9.47,4.61,2.49,-1.79,-11.68,-16.56,-17.37,-15.48
4128.00,8.60,4.92,1.61,-9.24,-12.21,-17.77,-16.09,-10.59
4132.00,3.75,1.83,-5.04,-9.42,-14.21,-14.51,-15.23,-6.98
4136.00,6.17,-2.19,-6.67,-9.36,-13.85,-17.69,-9.11,-2.08
4140.00,1.66,-3.95,-9.75,-12.49,-14.47,-13.82,-6.72,4.19
4144.00,-2.66,-8.13,-9.06,-15.63,-14.15,-12.92,-3.05,8.11
4148.00,-0.77,-7.28,-15.17,-14.23,-12.38,-7.25,3.36,10.81
4152.00,-4.55,-9.23,-11.57,-13.92,-12.06,-3.02,8.26,19.17
4156.00,-8.38,-10.61,-11.71,-14.91,-4.97,0.28,12.78,20.15
4160.00,-8.77,-12.32,-12.48,-9.77,-3.92,7.32,17.11,26.90
4164.00,-12.67,-12.25,-9.81,-5.08,-1.46,10.71,19.85,26.51
4168.00,-10.84,-13.00,-9.55,-2.14,3.64,16.81,21.92,29.44
4172.00,-14.10,-13.76,-5.33,-1.50,9.90,16.91,24.38,27.74
4176.00,-10.53,-8.83,-1.09,6.84,13.05,24.59,25.99,30.66
4180.00,-8.57,-8.07,2.72,11.57,17.57,25.16,29.04,28.14
4184.00,-8.39,-5.26,1.92,14.04,18.78,26.26,28.28,24.91
4188.00,-7.77,2.35,8.47,16.78,25.53,26.73,27.08,22.87
4192.00,-1.72,4.97,12.73,21.82,23.16,27.32,21.62,16.57
4196.00,-1.85,7.20,16.88,19.81,24.55,25.08,19.29,12.08
4200.00,1.45,10.80,16.40,24.31,25.44,23.62,16.40,8.21
4204.00,5.90,16.12,20.51,22.87,21.69,20.34,10.71,2.49
4208.00,11.74,15.71,23.41,22.81,19.83,18.33,6.32,2.57
4212.00,14.45,19.14,23.82,20.55,20.09,14.20,6.05,-4.83
4216.00,13.51,20.40,20.71,20.40,13.71,9.64,2.15,-6.61
4220.00,16.98,21.90,20.00,17.32,13.97,5.53,-2.59,-6.98
4224.00,19.48,18.93,18.63,13.57,6.87,3.62,-6.28,-5.97
4228.00,19.03,19.36,16.21,8.69,4.72,-0.84,-6.10,-6.31
4232.00,21.37,15.89,15.76,7.72,1.04,-4.62,-4.91,-7.04
4236.00,17.71,17.47,8.50,2.17,-2.75,-4.83,-4.00,-2.01
4240.00,17.27,13.95,9.72,1.43,-4.46,-3.18,-4.04,-1.02
4244.00,16.65,8.55,3.84,-1.64,-5.11,-3.06,-2.40,0.44
4248.00,13.26,7.12,0.86,-3.92,-4.18,-1.60,0.02,5.69
4252.00,8.69,3.27,0.13,-4.70,-2.41,-4.16,4.15,5.16
4256.00,6.56,0.47,0.05,-5.59,-1.23,-1.27,5.33,6.75
4260.00,4.72,-2.45,-3.91,-3.57,-1.86,-0.18,6.77,10.12
4264.00,1.60,-1.08,-1.83,-2.29,1.25,5.72,6.92,10.00
4268.00,-0.94,-2.28,-3.28,0.49,4.46,5.56,12.45,10.50
4272.00,-3.55,-4.41,-3.77,2.83,4.03,7.29,11.48,10.66
4276.00,-2.02,-3.23,-0.86,2.96,6.22,12.37,10.81,8.88
4280.00,-1.91,-2.37,2.69,3.94,7.88,9.33,9.61,8.75
4284.00,-1.94,-1.76,3.25,9.33,11.23,11.12,9.12,4.45
4288.00,-1.44,-1.05,3.79,6.53,10.72,9.40,6.14,-0.77
4292.00,0.02,4.51,7.08,8.13,10.62,8.95,1.54,-0.49
4296.00,2.78,4.45,9.24,11.89,8.16,3.84,1.75,-8.50
4300.00,3.77,5.41,9.83,11.96,8.38,3.25,-3.02,-10.88
4304.00,2.72,9.18,10.16,7.76,4.54,-0.98,-6.82,-14.12
4308.00,6.93,7.28,9.79,6.22,1.48,-4.17,-7.31,-12.34
4312.00,8.41,7.88,8.34,6.01,1.64,-6.44,-10.70,-16.26
4316.00,9.94,7.86,9.06,4.78,-4.06,-7.82,-12.84,-14.87
4320.00,6.67,7.98,3.94,-2.23,-7.69,-9.52,-13.61,-17.08
4324.00,10.21,7.08,0.63,-4.45,-7.07,-12.73,-14.77,-15.20
4328.00,8.67,6.29,-1.03,-8.34,-11.79,-15.23,-12.76,-10.94
4332.00,8.16,1.84,-0.83,-8.48,-12.74,-14.15,-15.48,-6.69
4336.00,5.51,-1.90,-8.10,-10.73,-13.28,-16.98,-9.04,-4.14
4340.00,2.00,-3.42,-6.23,-11.22,-14.33,-15.42,-7.18,4.01
4344.00,-0.72,-3.94,-11.09,-15.03,-12.54,-8.52,-5.27,7.01
4348.00,-4.71,-9.58,-10.76,-13.10,-12.00,-5.06,1.21,12.99
4352.00,-5.68,-8.68,-11.43,-14.19,-8.58,-1.40,7.71,19.52
4356.00,-8.43,-10.29,-15.69,-12.84,-9.72,1.38,13.47,19.80
4360.00,-12.27,-13.64,-12.07,-9.23,-3.38,8.14,18.42,23.98
4364.00,-13.30,-14.22,-12.57,-7.17,2.81,10.46,18.26,29.54
4368.00,-14.17,-12.34,-11.80,-5.65,3.80,13.27,25.33,26.68
4372.00,-14.83,-10.08,-8.77,-1.57,9.13,19.25,24.84,31.42
4376.00,-14.85,-11.96,-2.27,2.31,11.45,23.48,27.60,26.11
4380.00,-13.91,-5.18,1.75,7.79,16.69,22.53,27.01,26.03
4384.00,-9.83,-3.32,2.36,10.60,20.87,23.65,26.25,24.41
4388.00,-5.53,0.91,4.87,15.59,23.89,24.41,25.92,17.94
4392.00,-4.14,5.02,9.89,17.54,22.45,25.04,20.34,17.37
4396.00,-2.54,8.15,16.21,22.90,22.39,22.50,20.11,10.56
4400.00,4.51,9.99,15.51,19.93,25.51,18.77,15.33,6.71
4404.00,3.35,12.78,17.61,19.90,24.03,16.58,12.30,2.99
4408.00,9.06,14.93,18.32,23.54,17.82,15.69,4.56,0.86
4412.00,9.85,17.71,20.95,17.97,18.05,8.22,3.39,-3.71
4416.00,12.11,20.15,20.28,17.38,13.72,7.64,0.04,-6.93
4420.00,17.90,17.74,17.18,17.55,11.21,2.00,-4.90,-10.72
4424.00,18.61,16.79,15.79,11.85,3.97,0.82,-6.78,-7.67
4428.00,17.70,18.33,16.17,6.40,2.34,-5.00,-7.66,-9.56
4432.00,16.68,14.10,11.90,3.58,-2.75,-6.98,-6.97,-6.34
4436.00,17.41,14.91,7.42,3.93,-2.39,-5.33,-7.54,-5.05
4440.00,15.37,8.83,5.65,-1.49,-6.44,-5.93,-9.20,-4.45
4444.00,13.98,6.14,2.69,-3.99,-5.41,-9.97,-5.17,-1.94
4448.00,11.23,6.73,-1.47,-4.67,-9.64,-7.12,-4.83,-1.85
4452.00,8.67,1.38,-4.70,-7.59,-7.71,-5.56,-1.49,3.05
4456.00,2.51,-3.36,-2.87,-9.01,-7.47,-4.06,-0.00,2.79
4460.00,2.51,-5.22,-6.46,-7.93,-5.51,-3.38,4.58,8.57
4464.00,1.16,-6.45,-7.87,-6.45,-1.81,-0.88,2.90,5.18
4468.00,-3.71,-3.92,-6.84,-3.14,-1.46,1.95,8.51,5.52
4472.00,-2.75,-7.88,-7.66,-1.18,2.35,4.98,9.57,8.80
4476.00,-4.87,-6.90,-5.80,-0.40,1.17,7.73,6.63,3.68
4480.00,-7.70,-5.29,-2.00,2.33,3.00,5.01,8.54,0.79
4484.00,-6.18,-4.24,1.21,2.48,5.94,5.56,4.85,0.91
4488.00,-3.16,-3.30,-0.51,3.93,5.66,6.89,2.02,-3.61
4492.00,-2.42,0.95,5.33,5.20,6.49,3.56,0.16,-7.81
4496.00,-3.78,2.68,4.06,4.02,7.65,4.06,-3.06,-13.37
4500.00,-2.09,4.27,5.01,7.31,2.97,-1.59,-7.94,-16.72
4504.00,-0.01,3.81,5.36,3.23,1.04,-4.96,-9.57,-17.23
4508.00,4.80,6.88,3.64,2.50,1.26,-5.57,-12.31,-17.70
4512.00,6.16,7.61,5.41,2.06,-4.69,-11.26,-16.28,-19.79
4516.00,5.79,3.63,2.19,-1.37,-7.03,-12.11,-21.44,-19.45
4520.00,5.73,6.44,3.50,-2.25,-12.48,-18.00,-18.49,-23.04
4524.00,3.49,2.24,-0.47,-6.84,-12.98,-17.75,-18.99,-17.24
4528.00,6.26,-0.70,-2.40,-8.28,-15.11,-17.77,-20.98,-16.84
4532.00,0.41,-0.13,-7.12,-15.00,-19.46,-20.51,-18.13,-12.27
4536.00,0.88,-5.89,-8.90,-15.16,-17.64,-18.96,-15.86,-8.69
4540.00,-2.07,-8.71,-11.97,-20.32,-18.88,-18.94,-10.41,-5.64
4544.00,-2.51,-8.84,-14.88,-19.02,-20.94,-17.53,-7.27,1.65
4548.00,-4.52,-13.94,-16.58,-20.37,-19.99,-12.89,-1.32,6.60
4552.00,-11.43,-14.50,-18.80,-17.50,-16.02,-7.80,0.05,11.80
4556.00,-11.10,-17.27,-19.99,-16.82,-13.27,-4.56,6.98,15.14
4560.00,-11.90,-19.76,-17.46,-14.87,-8.79,-0.36,8.25,18.52
4564.00,-14.76,-18.52,-15.73,-9.92,-5.75,5.50,13.01,21.32
4568.00,-17.26,-16.62,-12.98,-11.24,-1.99,8.65,18.60,24.47
4572.00,-16.96,-15.67,-11.31,-3.35,5.78,13.67,20.03,22.10
4576.00,-16.86,-15.66,-10.19,-1.56,9.31,13.95,23.35,24.49
4580.00,-14.75,-10.32,-3.43,4.06,12.97,17.00,19.37,18.05
4584.00,-14.37,-8.37,-1.29,6.07,15.70,17.66,22.63,19.49
4588.00,-12.86,-3.14,2.96,9.64,18.50,18.13,20.92,12.71
4592.00,-7.61,-3.61,7.92,13.97,20.46,21.40,16.69,11.22
4596.00,-6.90,3.69,11.35,17.23,17.23,18.02,11.96,4.11
4600.00,-2.86,5.37,11.71,16.53,18.81,15.13,10.16,-0.32
4604.00,1.55,9.47,12.62,16.82,15.58,11.58,3.65,-3.06
4608.00,2.22,8.82,14.06,17.52,14.59,10.23,-1.33,-9.34
4612.00,6.44,14.36,17.43,15.16,10.91,3.68,-6.09,-9.94
4616.00,8.22,15.96,15.26,13.54,9.67,-0.46,-8.71,-15.46
4620.00,10.11,14.78,12.35,12.44,5.75,-5.63,-12.56,-14.09
4624.00,13.85,14.38,11.62,9.25,0.02,-4.76,-11.05,-13.95
4628.00,15.08,12.32,12.01,4.54,-5.58,-9.78,-12.44,-13.42
4632.00,13.83,11.07,5.53,-0.54,-6.13,-12.08,-14.07,-15.62
4636.00,10.54,7.43,2.06,-3.18,-9.39,-14.15,-12.38,-14.43
4640.00,8.38,6.10,-1.51,-6.42,-10.49,-13.05,-12.41,-8.61
4644.00,9.42,4.88,-2.54,-9.34,-9.85,-15.39,-13.40,-7.44
4648.00,7.54,2.62,-5.66,-12.69,-14.21,-10.72,-12.03,-3.56
4652.00,1.42,-2.64,-8.89,-10.84,-10.52,-13.25,-5.93,-1.44
4656.00,-0.40,-6.37,-8.31,-10.54,-9.58,-10.31,-6.18,-2.21
4660.00,-1.73,-8.25,-10.76,-10.30,-12.36,-6.20,-3.30,3.31
4664.00,-4.81,-7.57,-10.66,-8.76,-7.43,-5.08,-0.87,3.79
4668.00,-4.60,-10.63,-9.06,-7.25,-7.10,-3.00,-0.52,2.43
4672.00,-9.02,-9.22,-10.11,-6.29,-3.48,-2.08,0.83,1.54
4676.00,-8.16,-10.48,-7.18,-5.97,-3.96,3.03,0.87,-0.12
4680.00,-9.24,-7.28,-4.68,-3.90,1.05,2.10,-0.56,-0.97
4684.00,-7.69,-4.93,-4.84,0.93,2.38,4.11,1.86,-6.20
4688.00,-10.17,-3.57,-3.08,2.56,3.13,0.09,-2.52,-10.11
4692.00,-5.93,-4.07,0.20,2.83,2.44,0.64,-6.16,-12.83
4696.00,-5.77,-1.78,-1.48,4.46,2.79,-3.32,-9.20,-14.54
4700.00,-3.18,-1.90,3.80,0.14,-2.00,-3.51,-11.60,-17.35
4704.00,-2.04,1.43,2.82,-0.10,-3.89,-6.58,-15.39,-21.53
4708.00,0.67,2.90,0.66,1.16,-7.56,-9.86,-17.38,-25.21
4712.00,-0.12,4.57,3.57,-0.55,-8.36,-16.06,-21.63,-26.20
4716.00,4.42,-0.05,0.62,-4.00,-10.58,-17.54,-23.86,-25.32
4720.00,0.70,3.03,0.22,-10.09,-16.56,-20.93,-24.17,-23.34
4724.00,3.05,1.43,-6.26,-9.26,-19.37,-21.65,-25.83,-24.60
4728.00,2.90,-2.90,-7.63,-14.39,-21.91,-22.37,-24.01,-21.82
4732.00,-1.81,-2.75,-9.28,-16.34,-24.48,-25.14,-24.78,-15.47
4736.00,-3.07,-6.58,-11.63,-21.25,-24.51,-21.97,-17.52,-13.16
4740.00,-4.47,-12.06,-18.12,-22.08,-24.18,-24.27,-18.04,-6.54
4744.00,-7.06,-13.03,-16.77,-22.18,-23.57,-17.32,-11.89,-1.35
4748.00,-7.39,-16.53,-20.64,-23.84,-21.38,-17.06,-6.58,2.68
4752.00,-12.04,-16.46,-19.67,-23.53,-21.04,-10.35,-3.56,9.16
4756.00,-15.58,-20.55,-22.02,-21.14,-17.30,-4.89,4.72,9.95
4760.00,-16.02,-18.83,-21.64,-18.28,-13.95,-3.14,5.81,14.92
4764.00,-18.64,-21.31,-21.64,-13.25,-5.37,0.55,11.86,16.22
4768.00,-17.37,-18.37,-16.76,-9.08,-1.20,4.18,13.23,20.22
4772.00,-17.24,-20.90,-13.86,-8.40,1.76,8.49,16.71,18.37
4776.00,-21.08,-15.95,-10.91,-5.27,6.95,14.93,20.72,21.64
4780.00,-17.16,-12.79,-4.82,2.33,10.14,13.63,20.95,16.40
4784.00,-14.56,-9.54,-2.83,4.05,14.47,15.41,18.35,15.54
4788.00,-13.43,-5.15,1.53,10.06,14.42,15.53,18.31,11.13
4792.00,-10.66,-0.82,6.87,12.83,18.37,15.02,15.17,5.35
4796.00,-7.20,-1.81,8.00,14.77,14.64,14.07,9.47,2.17
4800.00,-2.24,2.39,9.69,17.27,15.27,15.12,5.47,0.62
4804.00,-1.98,8.49,12.07,16.25,15.42,10.50,2.12,-4.44
4808.00,4.23,10.97,14.60,16.69,11.58,6.19,-1.02,-7.87
4812.00,7.48,12.54,16.12,12.00,11.69,5.29,-3.43,-14.37
4816.00,7.08,10.88,15.79,11.51,8.71,-0.57,-8.51,-16.93
4820.00,10.37,15.72,12.75,8.43,3.82,-5.64,-9.37,-15.82
4824.00,11.48,12.90,12.87,8.04,0.00,-7.52,-15.96,-17.45
4828.00,13.93,10.68,9.72,1.69,-5.02,-9.23,-16.98,-15.47
4832.00,14.71,11.10,7.37,-0.42,-7.38,-12.47,-13.65,-17.45
4836.00,11.53,10.27,3.97,-2.88,-10.81,-11.55,-13.62,-13.40
4840.00,11.40,6.47,-1.87,-4.98,-9.06,-15.81,-15.88,-12.56
4844.00,6.84,2.65,-4.66,-7.17,-14.25,-12.17,-9.70,-9.69
4848.00,4.59,0.32,-7.98,-8.51,-13.68,-10.69,-7.66,-4.98
4852.00,4.12,-3.66,-9.21,-9.15,-11.29,-10.29,-7.18,-2.13
4856.00,2.39,-3.14,-11.46,-13.51,-13.40,-9.19,-5.40,0.87
4860.00,-3.19,-6.01,-11.48,-12.90,-8.59,-6.75,-1.35,2.13
4864.00,-6.29,-8.79,-8.24,-9.76,-9.73,-2.61,0.23,4.31
4868.00,-4.16,-7.31,-12.29,-9.75,-6.22,-2.17,2.39,3.34
4872.00,-8.15,-7.34,-6.79,-7.53,-4.33,1.07,1.54,4.01
4876.00,-8.83,-11.16,-8.41,-2.38,0.82,1.52,4.78,0.07
4880.00,-9.89,-10.08,-7.02,-0.85,2.50,5.28,2.26,0.42
4884.00,-9.84,-5.74,-4.57,0.65,3.98,2.73,-0.06,-3.27
4888.00,-6.85,-5.31,-3.01,1.59,3.98,4.42,-0.63,-9.09
4892.00,-6.63,-4.03,2.91,2.50,1.24,1.01,-6.04,-9.27
4896.00,-5.32,1.36,1.25,2.79,3.47,-2.83,-6.39,-14.28
4900.00,-4.02,1.17,2.12,2.42,0.03,-4.99,-9.34,-17.60
4904.00,0.73,3.48,5.03,3.72,-3.29,-4.76,-13.59,-22.07
4908.00,2.22,1.66,6.22,0.37,-1.10,-7.97,-17.16,-21.60
4912.00,3.02,2.26,5.28,-1.47,-6.60,-13.87,-18.68,-21.39
4916.00,1.48,5.71,1.85,-1.85,-11.61,-13.82,-20.29,-21.54
4920.00,5.98,2.17,1.47,-5.82,-13.48,-20.88,-23.89,-21.50
4924.00,3.81,3.89,-4.28,-8.59,-16.59,-18.26,-22.78,-18.54
4928.00,3.82,1.14,-4.56,-10.07,-18.66,-20.38,-20.57,-17.85
4932.00,1.46,-3.88,-8.95,-12.98,-21.50,-22.85,-18.92,-13.62
4936.00,-1.06,-4.88,-8.58,-14.81,-22.17,-19.04,-18.60,-9.54
4940.00,-0.22,-6.01,-13.79,-16.59,-21.08,-19.45,-15.30,-2.81
4944.00,-3.43,-9.44,-16.30,-18.88,-18.02,-16.08,-6.63,3.78
4948.00,-5.40,-12.36,-18.38,-19.55,-19.37,-11.29,-3.96,7.31
4952.00,-9.51,-13.02,-18.81,-17.77,-17.48,-7.30,-0.24,10.47
4956.00,-9.77,-16.44,-17.11,-19.11,-13.83,-2.26,7.67,18.49
4960.00,-15.55,-17.84,-18.56,-14.81,-5.86,1.18,12.74,17.30
4964.00,-16.61,-15.34,-17.85,-11.14,-1.57,7.78,13.95,21.45
4968.00,-15.81,-18.61,-13.56,-8.62,0.03,12.35,21.09,23.87
4972.00,-15.54,-13.31,-11.67,-3.96,4.27,14.79,22.69,25.61
4976.00,-17.56,-14.30,-8.04,-1.91,8.12,17.03,25.06,26.21
4980.00,-13.03,-12.29,-5.58,6.26,12.82,19.04,22.56,24.06
4984.00,-12.41,-9.53,1.12,6.68,14.63,19.57,20.34,17.24
4988.00,-12.16,-4.25,4.56,11.07,17.66,20.36,18.86,13.89
4992.00,-6.32,0.60,7.01,17.85,18.90,20.41,18.49,11.02
4996.00,-1.32,4.64,14.00,18.04,21.43,18.26,14.10,9.65
5000.00,-1.88,7.86,16.05,20.07,21.02,17.19,10.26,1.77
5004.00,5.21,11.63,17.77,20.38,17.17,17.44,7.50,0.73
5008.00,5.27,12.83,17.40,18.39,17.99,11.42,5.60,-3.48
5012.00,9.63,14.36,20.37,19.37,13.02,9.22,-0.98,-5.24
5016.00,11.13,15.62,19.98,17.54,10.21,3.70,-0.99,-11.94
5020.00,15.31,18.76,14.92,14.21,6.86,-1.96,-6.26,-10.87
5024.00,16.92,15.06,15.09,12.60,2.74,-5.19,-8.92,-10.89
5028.00,14.19,14.69,14.72,7.38,0.19,-2.96,-9.23,-8.42
5032.00,15.95,14.77,12.17,6.38,-4.46,-6.03,-8.76,-7.43
5036.00,16.98,11.37,7.69,3.41,-6.62,-9.51,-9.63,-6.62
5040.00,11.22,8.57,2.36,-0.76,-6.37,-7.96,-10.32,-6.39
5044.00,12.73,5.99,3.71,-6.22,-6.33,-6.40,-6.41,-2.89
5048.00,11.04,4.78,-2.24,-6.40,-9.10,-7.54,-4.90,-0.18
5052.00,4.62,3.58,-1.42,-6.28,-8.55,-6.00,-1.50,3.27
5056.00,4.21,-0.07,-3.99,-4.95,-4.89,-3.25,-0.54,3.59
5060.00,3.80,-3.85,-6.79,-7.06,-6.84,1.08,5.53,5.66
5064.00,0.59,-1.71,-7.38,-6.71,-1.86,3.77,7.22,6.10
5068.00,-2.10,-5.77,-3.05,-1.23,2.39,5.53,7.35,8.88
5072.00,-5.48,-5.80,-4.09,0.16,0.45,8.27,9.73,9.35
5076.00,-4.18,-4.71,-2.25,1.16,4.07,6.39,8.16,5.92
5080.00,-4.25,-5.97,-0.34,4.01,6.08,9.19,7.41,4.37
5084.00,-4.04,-1.41,-0.42,7.21,7.15,9.55,6.25,2.71
5088.00,-1.16,-1.83,2.34,4.75,7.23,9.07,3.14,-3.23
5092.00,-2.30,2.02,3.93,10.14,7.83,6.64,2.00,-4.21
5096.00,1.54,4.02,7.97,7.10,8.92,2.61,0.70,-8.17
5100.00,1.16,7.00,8.23,8.20,8.02,-0.59,-6.20,-9.91
5104.00,3.12,8.72,7.90,8.70,5.74,-2.10,-6.77,-13.14
5108.00,4.10,9.90,10.74,4.48,-0.49,-6.27,-8.98,-14.32
5112.00,6.51,8.46,9.05,5.70,-2.03,-8.20,-15.04,-19.24
5116.00,7.88,8.45,8.55,2.19,-5.32,-12.53,-14.79,-18.08
5120.00,6.27,5.47,6.18,-2.41,-5.97,-12.76,-14.73,-16.79
5124.00,7.37,7.98,0.61,-1.71,-9.47,-16.56,-14.35,-16.39
5128.00,5.42,2.70,-2.47,-7.44,-14.14,-14.42,-17.24,-10.94
5132.00,6.12,3.35,-1.54,-9.38,-15.26,-14.27,-14.77,-7.73
5136.00,3.83,2.00,-8.19,-12.29,-17.31,-16.83,-9.27,-1.79
5140.00,0.90,-2.51,-9.61,-11.16,-17.22,-16.01,-6.46,3.10
5144.00,2.13,-7.35,-13.02,-15.64,-12.23,-8.48,-3.18,7.05
5148.00,-2.98,-9.72,-14.50,-17.22,-10.91,-9.12,1.56,13.30
5152.00,-5.39,-9.91,-14.54,-16.43,-9.16,-0.78,7.61,15.31
5156.00,-8.99,-10.25,-15.14,-10.15,-7.58,3.40,13.94,23.80
5160.00,-11.04,-14.50,-12.35,-12.05,-5.50,6.10,18.37,27.57
5164.00,-11.78,-14.76,-10.13,-7.77,0.96,12.89,18.90,27.82
5168.00,-12.56,-13.47,-9.18,-5.72,4.53,13.69,24.86,30.85
5172.00,-11.59,-12.44,-8.38,-1.64,11.72,20.34,25.95,30.51
5176.00,-12.74,-7.38,-2.67,4.27,16.35,22.14,29.06,30.91
5180.00,-13.28,-6.23,1.37,8.68,16.46,22.73,26.61,28.80
5184.00,-9.87,-2.60,6.64,11.39,22.79,25.39,28.13,24.42
5188.00,-4.75,0.12,6.65,17.66,23.70,24.52,25.11,23.26
5192.00,-3.02,6.24,13.62,22.23,25.97,26.65,22.43,17.38
5196.00,-1.44,5.12,15.13,23.18,27.48,23.42,20.66,12.91
5200.00,3.43,11.33,16.72,24.33,22.83,20.83,15.20,7.51
5204.00,7.30,15.89,18.95,23.78,23.67,18.40,10.83,5.51
5208.00,7.72,15.16,22.61,22.88,19.19,14.11,5.96,0.23
5212.00,12.79,18.35,23.89,23.24,19.82,12.24,3.10,-4.14
5216.00,16.92,21.36,22.56,19.04,12.85,9.23,3.30,-4.66
5220.00,16.72,20.98,19.89,18.99,10.01,4.05,-1.22,-6.67
5224.00,20.66,18.36,20.10,13.87,6.68,3.03,-1.83,-6.09
5228.00,20.39,17.97,17.64,12.76,4.25,-0.92,-3.74,-8.62
5232.00,17.83,17.79,15.99,9.84,-0.57,-1.13,-7.84,-5.25
5236.00,19.53,13.46,8.20,5.69,-2.26,-3.33,-7.32,-2.84
5240.00,15.06,14.27,5.93,0.37,-2.20,-3.43,-4.88,-1.60
5244.00,12.73,11.51,2.55,-2.67,-3.34,-5.49,-1.27,1.60
5248.00,10.13,9.08,1.05,-0.35,-4.55,-5.35,1.60,5.88
5252.00,11.58,6.43,0.34,-1.34,-2.05,-2.37,0.49,9.03
5256.00,8.05,1.84,-0.29,-1.92,-2.83,-1.85,4.45,10.30
5260.00,3.21,-1.81,-3.97,-5.74,-1.67,2.77,8.00,12.88
5264.00,0.56,-1.83,-3.62,-1.10,-1.23,3.82,11.27,10.55
5268.00,1.89,-2.76,-0.64,-3.52,0.81,7.97,11.35,9.64
5272.00,-2.21,-4.88,0.18,-1.30,3.63,7.83,11.46,9.98
5276.00,-0.13,-3.95,-0.80,1.12,6.58,11.00,11.07,7.37
5280.00,-1.15,-2.57,3.41,6.67,6.34,10.56,8.22,6.27
5284.00,-1.90,-0.09,5.10,7.00,10.50,8.89,8.74,4.59
5288.00,1.18,3.84,7.37,6.39,10.00,10.27,7.99,-0.77
5292.00,1.88,5.62,8.51,10.01,8.54,9.90,6.19,-1.66
5296.00,2.08,3.58,7.60,10.63,11.83,5.65,2.17,-6.13
5300.00,5.24,5.21,10.53,10.35,8.51,2.78,-5.17,-11.43
5304.00,6.07,8.93,7.85,7.17,8.21,2.65,-8.06,-13.30
5308.00,4.31,7.66,10.68,6.26,3.02,-5.04,-11.71,-16.53
5312.00,9.15,11.83,7.62,8.13,1.35,-4.67,-10.63,-15.58
5316.00,6.56,11.64,8.70,4.35,-3.88,-10.33,-13.55,-16.87
5320.00,9.80,10.65,6.61,-2.24,-8.12,-13.25,-13.26,-16.85
5324.00,9.87,8.24,3.83,-2.67,-11.65,-14.29,-14.27,-14.72
5328.00,7.82,6.94,-0.87,-6.41,-9.67,-16.00,-15.95,-11.99
5332.00,4.45,4.90,-4.54,-7.79,-11.17,-15.59,-14.73,-7.22
5336.00,6.55,1.31,-3.89,-12.09,-13.77,-13.76,-9.99,-3.89
5340.00,2.22,-2.45,-7.71,-12.01,-13.26,-14.93,-4.79,4.12
5344.00,1.87,-6.43,-8.53,-16.16,-12.71,-12.94,-1.33,5.44
5348.00,-4.00,-7.45,-10.41,-14.75,-13.33,-9.19,1.15,12.86
5352.00,-7.50,-11.16,-16.37,-16.25,-10.05,-4.42,4.33,15.34
5356.00,-6.20,-12.16,-15.68,-14.29,-9.19,1.65,12.18,21.74
5360.00,-10.36,-13.68,-14.75,-9.67,-1.64,3.32,17.93,26.79
5364.00,-12.82,-14.67,-11.32,-5.87,-1.66,10.38,21.26,26.89
5368.00,-12.09,-14.10,-9.56,-3.99,6.79,13.76,21.60,28.79
5372.00,-15.58,-11.27,-8.59,0.22,11.72,17.35,26.07,27.87
5376.00,-11.45,-10.43,-5.87,3.21,13.91,23.69,27.42,29.89
5380.00,-13.81,-9.12,0.36,6.23,15.12,26.00,28.83,28.20
5384.00,-7.73,-3.41,4.24,11.86,17.64,23.34,25.44,22.33
5388.00,-7.92,0.66,9.64,15.84,20.55,25.37,24.64,17.66
5392.00,-2.36,5.11,10.67,20.66,22.99,24.06,20.91,15.51
5396.00,0.99,7.21,16.52,22.04,24.43,24.87,18.97,11.55
5400.00,1.62,11.93,18.83,22.77,22.89,21.20,14.59,8.26
5404.00,5.28,14.96,21.04,23.70,23.91,16.94,9.97,0.90
5408.00,8.86,17.89,18.21,22.10,21.32,13.97,8.21,-1.46
5412.00,12.19,17.19,21.76,18.37,14.14,8.05,0.53,-3.40
5416.00,15.77,20.24,18.30,20.18,11.15,5.15,-3.87,-8.18
5420.00,13.86,21.29,19.06,13.26,7.93,2.31,-5.83,-9.01
5424.00,18.12,18.16,15.73,11.58,3.20,-2.20,-8.88,-9.44
5428.00,17.38,16.86,16.42,10.70,0.33,-5.14,-8.73,-7.57
5432.00,18.50,17.63,13.37,7.50,-1.50,-8.02,-6.82,-9.93
5436.00,14.63,13.94,9.85,3.70,-3.73,-8.39,-6.92,-5.61
5440.00,15.44,12.68,7.19,-0.75,-8.21,-8.45,-8.46,-3.97
5444.00,10.93,6.72,3.45,-2.70,-4.67,-5.78,-5.34,-0.79
5448.00,7.49,4.41,-1.52,-6.58,-8.57,-5.96,-6.13,-1.64
5452.00,9.09,0.29,-4.85,-5.05,-8.00,-3.77,-3.56,5.51
5456.00,3.37,-2.85,-6.59,-9.01,-5.52,-3.21,1.70,3.91
5460.00,2.98,-1.26,-6.83,-8.05,-5.56,0.35,0.78,6.02
5464.00,1.12,-3.77,-8.93,-5.68,-5.50,-0.13,3.04,5.42
5468.00,-4.74,-7.81,-8.17,-4.19,-2.42,1.68,5.71,9.15
5472.00,-5.64,-3.45,-7.44,-2.03,2.20,3.85,6.10,8.46
5476.00,-6.96,-7.36,-4.99,-1.30,1.85,7.37,5.54,4.83
5480.00,-3.20,-3.95,-0.15,1.13,5.13,4.71,8.16,3.65
5484.00,-5.58,-5.12,-0.51,4.65,5.75,8.03,4.13,0.60
5488.00,-4.95,-1.79,3.84,3.51,5.73,5.24,0.50,-3.91
5492.00,-1.23,1.65,4.29,7.82,5.20,4.60,-0.74,-6.90
5496.00,-3.72,4.06,2.29,6.68,7.10,1.39,-5.36,-10.13
5500.00,1.47,2.59,4.93,4.59,1.77,-0.43,-8.65,-14.96
5504.00,2.93,2.56,4.27,2.73,1.95,-3.10,-12.40,-16.78
5508.00,1.96,6.37,7.86,2.42,-0.33,-7.81,-13.25,-18.87
5512.00,2.89,7.00,6.04,1.51,-5.20,-12.30,-15.83,-22.55
5516.00,4.79,6.98,4.60,0.78,-6.71,-13.88,-17.43,-19.82
5520.00,7.49,2.59,2.16,-4.91,-11.81,-18.31,-18.54,-21.04
5524.00,4.72,3.36,-3.52,-7.57,-13.32,-18.70,-20.73,-21.12
5528.00,3.35,0.58,-5.50,-12.57,-16.30,-21.95,-20.87,-14.68
5532.00,5.32,-2.33,-6.31,-15.18,-18.40,-19.20,-20.53,-14.76
5536.00,0.84,-2.01,-11.92,-14.75,-22.13,-18.70,-14.79,-7.22
5540.00,-3.37,-7.45,-13.27,-15.57,-19.64,-19.69,-11.52,-4.47
5544.00,-5.58,-12.31,-13.71,-18.25,-17.55,-13.46,-6.97,2.36
5548.00,-6.28,-13.61,-17.35,-19.70,-18.45,-10.47,-4.63,7.07
5552.00,-10.49,-14.14,-20.05,-18.19,-15.49,-7.87,-0.59,13.31
5556.00,-10.67,-15.67,-20.23,-15.67,-12.65,-5.80,3.47,17.47
5560.00,-13.36,-19.01,-20.61,-13.21,-9.78,2.83,8.75,19.16
5564.00,-15.44,-20.17,-18.83,-12.90,-6.36,6.91,15.36,21.23
5568.00,-15.44,-16.94,-12.66,-8.33,-0.43,8.14,18.73,20.43
5572.00,-14.99,-17.13,-12.24,-3.63,1.76,11.56,19.45,21.10
5576.00,-16.07,-15.63,-10.11,-0.76,7.55,14.77,22.13,20.16
5580.00,-14.68,-12.66,-4.29,2.20,12.29,20.92,22.25,18.66
5584.00,-16.23,-7.60,-2.04,8.09,13.57,17.50,19.26,19.68
5588.00,-11.08,-3.13,2.00,10.47,16.64,19.92,21.38,15.30
5592.00,-6.85,0.54,5.17,14.24,16.94,20.32,18.12,9.78
5596.00,-6.36,0.50,11.19,14.36,19.36,19.44,12.67,4.25
5600.00,-2.86,3.46,13.58,15.53,20.47,17.30,11.10,2.48
5604.00,2.17,9.71,13.87,17.71,14.48,10.65,5.43,-4.60
5608.00,3.04,9.57,16.23,18.40,13.72,8.18,-1.50,-5.32
5612.00,6.38,10.64,14.75,15.83,10.04,6.80,-1.62,-10.86
5616.00,9.63,16.20,15.05,11.16,9.40,-0.64,-7.69,-11.10
5620.00,10.66,12.56,15.22,12.79,5.59,-5.89,-10.13,-13.98
5624.00,12.31,12.75,11.87,6.14,0.09,-7.12,-11.80,-16.21
5628.00,12.32,14.32,8.74,2.24,-2.95,-8.02,-16.09,-16.79
5632.00,14.11,13.59,4.15,0.98,-4.82,-14.17,-16.17,-12.77
5636.00,12.66,9.19,3.75,-4.37,-10.54,-15.64,-13.88,-10.91
5640.00,8.11,7.16,-1.12,-7.66,-9.91,-15.08,-14.45,-11.29
5644.00,5.68,2.19,-3.54,-7.44,-13.38,-12.11,-10.28,-6.60
5648.00,5.96,1.49,-6.65,-10.15,-13.70,-13.46,-10.87,-5.59
5652.00,4.07,-4.60,-9.81,-12.95,-14.04,-8.74,-6.98,-3.77
5656.00,-1.93,-5.39,-7.86,-11.68,-10.11,-7.27,-4.77,-1.47
5660.00,-4.43,-7.87,-8.32,-13.42,-10.50,-8.30,0.06,0.85
5664.00,-3.73,-9.38,-10.93,-10.55,-10.02,-4.15,-0.71,1.25
5668.00,-7.68,-11.75,-11.57,-9.88,-7.29,-1.83,0.64,1.79
5672.00,-8.86,-9.11,-10.10,-8.53,-2.91,0.40,3.42,-0.62
5676.00,-10.43,-8.77,-6.45,-4.81,-3.75,-0.12,0.95,-1.61
5680.00,-7.64,-7.32,-5.15,-5.44,1.46,0.70,2.81,-3.73
5684.00,-9.26,-8.13,-6.46,-1.60,-0.17,2.88,-2.78,-4.30
5688.00,-9.99,-5.92,-0.44,-0.55,2.15,1.84,-4.91,-10.44
5692.00,-5.49,-2.67,1.14,3.95,1.35,1.34,-3.86,-13.34
5696.00,-2.81,-1.80,1.87,2.59,-0.48,-1.78,-7.74,-18.57
5700.00,-3.62,1.39,2.47,2.31,0.17,-7.31,-10.88,-20.74
5704.00,-2.59,1.84,1.80,-1.25,-3.41,-7.22,-16.75,-21.36
5708.00,2.13,2.69,0.68,-1.01,-6.34,-9.93,-16.92,-24.38
5712.00,3.47,2.90,3.27,-4.20,-6.23,-13.21,-23.88,-27.25
5716.00,0.46,1.52,0.07,-3.19,-12.16,-18.95,-21.98,-28.41
5720.00,2.04,0.71,-3.26,-5.84,-13.02,-22.15,-23.60,-25.00
5724.00,0.89,1.22,-4.09,-9.28,-16.38,-23.94,-22.97,-25.31
5728.00,-0.45,-2.53,-9.31,-11.73,-20.90,-22.76,-22.99,-21.84
5732.00,2.22,-5.99,-8.33,-17.86,-22.05,-25.74,-23.08,-17.05
5736.00,-0.53,-5.30,-15.60,-20.30,-23.27,-23.84,-18.30,-9.90
5740.00,-4.29,-7.61,-17.92,-20.58,-23.54,-22.09,-15.51,-5.15
5744.00,-6.56,-12.76,-17.14,-23.36,-24.15,-19.17,-13.00,-2.72
5748.00,-6.89,-15.98,-20.89,-24.21,-22.08,-15.44,-5.90,1.92
5752.00,-9.43,-19.83,-21.46,-21.73,-16.88,-13.73,-1.60,8.82
5756.00,-15.78,-20.24,-20.95,-22.46,-14.68,-8.09,2.85,11.66
5760.00,-16.83,-19.24,-20.78,-18.00,-11.18,-4.10,5.70,17.27
5764.00,-17.02,-22.43,-21.77,-15.48,-5.17,3.68,9.05,20.04
5768.00,-16.54,-19.61,-15.50,-9.13,-3.17,5.82,16.16,17.67
5772.00,-19.09,-16.58,-13.80,-6.04,0.68,9.47,17.30,20.61
5776.00,-16.61,-18.56,-12.25,-2.30,6.36,13.77,17.13,20.29
5780.00,-17.00,-14.28,-7.14,0.06,11.27,14.20,18.21,18.21
5784.00,-17.23,-12.85,-2.01,5.85,10.34,19.66,18.56,13.71
5788.00,-14.56,-6.20,2.76,6.97,12.63,16.47,14.24,9.87
5792.00,-11.85,-3.33,3.00,9.43,17.99,16.43,15.70,8.71
5796.00,-5.02,1.94,10.38,15.15,17.74,14.39,8.42,1.24
5800.00,-3.89,4.79,8.74,13.81,16.91,12.91,6.06,-2.11
5804.00,-0.20,8.37,11.57,15.41,14.53,12.90,4.08,-4.27
5808.00,1.25,8.75,15.35,14.87,12.73,6.61,-0.05,-7.74
5812.00,4.16,10.30,14.27,15.19,10.04,0.98,-4.53,-13.87
5816.00,9.70,13.03,16.69,10.42,8.13,-1.39,-9.14,-15.03
5820.00,9.97,14.35,13.65,9.14,2.92,-4.37,-10.67,-16.08
5824.00,12.91,13.32,12.00,8.76,-2.90,-7.29,-14.88,-14.82
5828.00,10.95,10.41,9.40,2.72,-3.61,-8.97,-12.78,-14.81
5832.00,11.01,11.21,4.27,-2.34,-9.47,-13.46,-17.19,-14.91
5836.00,9.80,6.57,1.23,-5.49,-10.84,-14.02,-17.32,-12.79
5840.00,8.04,3.69,0.02,-4.29,-10.09,-12.94,-12.11,-8.44
5844.00,9.45,2.35,-4.72,-10.36,-13.57,-12.40,-12.82,-5.84
5848.00,4.31,-1.76,-7.30,-8.47,-13.78,-12.65,-7.55,-5.62
5852.00,3.08,-2.10,-7.24,-10.22,-11.62,-12.78,-6.82,-4.84
5856.00,1.58,-2.77,-8.10,-12.90,-10.04,-8.94,-2.80,-0.71
5860.00,-1.85,-7.41,-9.61,-11.28,-7.84,-7.86,-1.70,1.61
5864.00,-6.71,-10.20,-8.68,-8.71,-7.91,-1.63,-0.21,3.41
5868.00,-3.69,-7.19,-11.57,-7.15,-6.31,-3.23,1.92,1.72
5872.00,-8.39,-10.99,-8.09,-6.24,-0.54,2.78,4.47,3.34
5876.00,-7.62,-11.02,-8.35,-6.43,-2.71,3.52,1.71,0.51
5880.00,-8.90,-10.18,-4.03,-3.03,2.06,5.45,1.57,0.55
5884.00,-6.45,-8.69,-4.25,-0.35,0.24,3.92,0.14,-4.09
5888.00,-9.07,-2.50,-1.28,-0.15,0.93,2.49,-1.11,-7.93
5892.00,-4.32,-1.16,2.53,0.72,5.62,0.29,-3.17,-12.35
5896.00,-1.43,0.96,-0.13,1.48,1.87,-1.19,-6.21,-13.24
5900.00,-3.33,0.49,1.50,3.86,2.90,-3.97,-8.46,-19.91
5904.00,2.07,0.33,5.38,5.13,0.79,-6.26,-15.37,-18.05
5908.00,3.12,5.61,2.91,0.66,-1.24,-11.39,-19.21,-21.37
5912.00,4.56,2.31,4.73,-1.52,-4.01,-14.29,-18.73,-24.65
5916.00,2.93,1.99,1.99,-5.17,-11.24,-17.71,-18.87,-21.19
5920.00,3.10,5.52,-1.27,-7.56,-12.37,-20.35,-24.91,-24.05
5924.00,3.10,1.40,-4.79,-8.54,-16.76,-19.00,-23.75,-19.98
5928.00,1.62,2.09,-5.51,-11.30,-15.45,-19.86,-20.79,-15.50
5932.00,3.48,-3.56,-7.51,-13.62,-16.98,-19.88,-17.42,-15.36
5936.00,2.72,-4.07,-8.41,-19.18,-21.99,-18.60,-16.92,-11.02
5940.00,-1.85,-5.03,-11.65,-20.09,-21.79,-18.33,-14.82,-3.08
5944.00,-4.52,-10.71,-18.19,-18.59,-18.26,-16.02,-7.15,3.47
5948.00,-8.62,-13.71,-18.15,-20.92,-17.42,-11.90,-3.56,5.24
5952.00,-9.43,-13.95,-19.70,-19.40,-18.03,-9.21,-0.01,13.21
5956.00,-14.15,-17.65,-18.21,-17.76,-10.86,-4.81,7.83,16.51
5960.00,-14.28,-16.95,-17.79,-15.66,-7.64,2.86,11.96,19.46
5964.00,-16.74,-18.55,-14.21,-9.38,-3.13,5.07,16.50,23.49
5968.00,-15.70,-15.75,-14.71,-8.86,1.08,11.06,18.80,25.67
5972.00,-13.95,-17.92,-13.41,-3.37,2.92,14.19,19.41,26.63
5976.00,-17.34,-14.49,-6.46,-0.16,9.53,16.24,20.61,21.92
5980.00,-15.92,-10.83,-2.59,6.41,13.88,19.49,23.51,20.94
5984.00,-11.49,-6.00,-0.06,9.17,14.64,21.24,25.03,19.23
5988.00,-10.84,-3.03,6.47,14.79,20.89,22.94,22.67,18.07
5992.00,-7.02,-0.59,8.36,17.64,19.55,23.74,16.94,11.94
5996.00,-5.40,3.32,10.15,16.60,23.26,19.87,16.12,9.25
6000.00,-2.32,8.57,14.81,19.86,20.22,17.49,11.38,2.57
6004.00,4.32,11.52,16.10,22.10,16.84,14.24,8.21,-0.35
6008.00,7.35,14.39,20.04,22.02,15.70,12.61,3.38,-3.79
6012.00,9.56,17.94,16.83,19.75,12.89,7.63,-1.49,-6.52
6016.00,13.91,14.97,20.89,18.51,12.54,3.76,-3.23,-8.49
6020.00,14.00,16.44,19.07,13.13,8.85,1.33,-4.55,-12.99
6024.00,13.61,17.90,13.61,11.41,5.15,-5.16,-8.55,-10.83
6028.00,18.79,18.63,11.88,9.51,0.22,-3.12,-11.33,-9.54
6032.00,18.01,14.50,12.40,3.63,-0.22,-9.40,-10.12,-7.60
6036.00,16.00,13.58,7.09,1.60,-2.42,-6.93,-11.05,-9.24
6040.00,13.49,11.39,5.09,-1.23,-6.24,-9.82,-6.54,-3.62
6044.00,12.85,7.15,0.72,-5.21,-6.02,-10.72,-6.54,-2.87
6048.00,7.57,1.81,-1.08,-5.87,-6.86,-7.39,-2.89,2.70
6052.00,5.96,-0.09,-4.52,-6.15,-8.18,-6.36,-0.82,2.75
6056.00,5.19,-1.21,-6.10,-7.10,-3.74,-0.77,1.55,3.65
6060.00,2.92,-3.49,-8.07,-5.27,-6.76,-2.48,4.04,8.19
6064.00,0.66,-4.89,-6.95,-5.37,-0.86,0.37,4.43,5.84
6068.00,-1.73,-7.02,-5.66,-4.41,1.07,3.52,5.46,6.60
6072.00,-5.83,-4.63,-2.17,-3.37,2.56,7.19,10.00,5.68
6076.00,-4.89,-4.84,-0.34,2.16,2.74,6.26,6.11,5.62
6080.00,-3.44,-4.92,-0.66,2.49,8.85,8.38,8.83,3.39
6084.00,-6.04,-2.59,2.22,3.77,9.14,6.18,4.09,3.63
6088.00,-3.90,1.05,3.98,7.90,7.91,7.81,3.06,0.42
6092.00,-3.10,1.24,6.58,8.02,9.03,6.22,2.01,-6.30
6096.00,0.13,4.34,8.31,7.84,5.92,6.27,-2.36,-9.28
6100.00,2.39,7.18,9.49,9.56,8.71,0.61,-3.42,-10.71
6104.00,3.08,7.65,10.29,9.72,6.30,-1.40,-8.07,-12.77
6108.00,6.13,7.98,10.17,5.68,2.85,-4.31,-11.52,-15.15
6112.00,5.71,8.89,7.08,5.15,-1.15,-6.05,-13.58,-19.01
6116.00,10.22,9.28,8.02,0.90,-3.39,-11.11,-14.40,-18.10
6120.00,10.64,8.94,2.67,0.41,-8.60,-14.10,-17.63,-16.64
6124.00,7.24,8.39,1.70,-6.05,-9.24,-14.11,-15.65,-14.41
6128.00,5.53,2.43,-3.10,-8.79,-12.29,-13.57,-14.24,-12.25
6132.00,6.60,3.14,-3.63,-8.12,-14.14,-13.67,-12.72,-5.77
6136.00,3.84,1.84,-5.98,-10.36,-16.09,-16.63,-8.90,-3.11
6140.00,3.52,-1.16,-7.51,-15.46,-16.42,-14.44,-5.38,1.32
6144.00,-1.73,-8.11,-9.46,-15.21,-16.27,-10.03,-5.23,9.38
6148.00,-4.85,-7.88,-15.27,-17.19,-14.03,-5.40,-0.24,14.78
6152.00,-7.90,-8.79,-14.36,-12.80,-12.65,-1.68,5.19,18.20
6156.00,-9.98,-9.70,-11.87,-13.44,-7.95,0.71,10.05,22.75
6160.00,-8.53,-10.84,-13.85,-8.23,-1.46,3.62,16.19,26.71
6164.00,-9.52,-15.19,-12.92,-6.47,-1.41,11.10,18.70,28.15
6168.00,-11.47,-14.41,-11.92,-1.49,3.67,17.61,25.77,31.34
6172.00,-11.89,-13.33,-5.98,0.61,9.53,19.00,26.72,31.67
6176.00,-11.02,-9.85,-4.11,4.47,12.07,22.29,26.27,30.91
6180.00,-12.61,-8.08,-1.40,8.76,19.76,27.39,28.46,27.12
6184.00,-7.84,-5.87,3.03,12.42,19.41,25.48,27.94,24.88
6188.00,-8.09,-0.44,10.59,16.88,25.39,26.36,23.76,19.25
6192.00,-3.71,1.70,11.84,21.53,26.74,28.80,21.58,17.21
6196.00,-0.48,6.68,13.18,22.75,26.17,26.71,20.12,12.16
6200.00,1.65,11.17,20.48,22.37,25.60,25.02,18.27,7.96
6204.00,5.31,15.54,22.44,23.35,23.16,17.89,11.48,3.73
6208.00,10.86,16.73,22.11,22.80,20.82,18.09,10.08,-0.22
6212.00,15.10,19.66,20.45,21.47,17.25,9.88,5.99,-1.59
6216.00,16.40,20.53,20.31,22.31,14.68,9.88,1.15,-6.61
6220.00,19.13,18.99,18.68,15.01,9.16,2.81,-1.65,-8.63
6224.00,20.36,18.67,16.84,13.25,5.64,2.75,-5.18,-7.35
6228.00,20.64,19.70,14.74,13.00,6.48,0.31,-5.26,-8.08
6232.00,18.08,15.25,14.68,10.05,0.01,-1.15,-3.75,-6.43
6236.00,15.68,15.44,9.39,2.26,0.11,-3.13,-6.10,-3.79
6240.00,17.34,14.98,5.78,2.93,-1.80,-6.33,-3.74,-0.27
6244.00,16.61,10.12,2.86,1.41,-6.11,-4.42,-2.13,-0.97
6248.00,11.57,6.41,3.72,-0.82,-3.72,-1.41,-2.43,6.13
6252.00,6.70,2.65,-1.27,-4.65,-4.68,-2.44,1.59,6.43
6256.00,4.43,2.96,-3.85,-3.60,-1.29,-1.75,5.50,7.00
6260.00,5.27,-2.57,-4.30,-1.30,-3.98,0.51,5.06,10.15
6264.00,1.02,-0.41,-3.27,-1.21,1.04,6.37,10.88,9.03
6268.00,-2.14,-2.97,-4.59,-3.44,1.27,4.53,10.41,11.67
6272.00,-3.78,-1.53,-3.66,-1.65,4.75,9.42,12.37,12.65
6276.00,-4.14,-3.07,-2.40,3.73,8.50,11.95,10.74,7.96
6280.00,-1.64,-1.26,-1.00,4.83,8.21,11.20,8.55,4.61
6284.00,-2.06,1.88,4.99,4.59,10.16,9.36,8.87,3.16
6288.00,-2.66,1.20,2.78,6.14,11.63,10.29,5.60,0.68
6292.00,-0.71,1.21,6.49,8.16,11.78,10.24,3.22,-0.63
6296.00,1.91,3.12,9.19,12.35,12.14,7.11,1.55,-5.76
6300.00,1.06,6.13,8.31,9.86,8.11,5.04,-4.45,-11.32
6304.00,2.91,10.06,9.06,10.27,4.73,1.74,-4.29,-13.50
6308.00,4.90,9.23,11.78,8.24,1.85,-3.07,-7.21,-13.86
6312.00,6.93,7.74,9.02,3.99,-2.00,-7.90,-10.33,-17.35
6316.00,8.26,10.62,5.00,2.56,-0.54,-8.84,-16.19,-14.13
6320.00,7.53,8.58,7.84,-1.87,-6.17,-11.17,-15.97,-15.53
6324.00,9.92,6.41,2.69,-4.52,-9.22,-12.85,-14.91,-12.19
6328.00,7.73,6.18,-1.50,-5.64,-9.44,-13.05,-15.05,-9.04
6332.00,6.08,2.11,-3.24,-8.65,-15.90,-15.96,-13.42,-6.12
6336.00,7.20,0.42,-7.28,-12.67,-17.06,-15.96,-10.64,-0.35
6340.00,4.83,-3.16,-9.53,-13.74,-17.12,-11.72,-8.92,0.28
6344.00,-0.73,-3.39,-12.95,-15.38,-12.68,-11.47,-0.96,6.19
6348.00,-4.18,-9.92,-14.33,-15.93,-11.98,-4.90,0.34,10.17
6352.00,-5.63,-10.51,-12.44,-13.63,-12.95,-1.64,8.46,18.55
6356.00,-8.99,-12.69,-13.01,-12.16,-8.74,3.34,12.89,23.82
6360.00,-9.50,-15.01,-12.40,-10.45,-3.78,7.50,14.36,25.02
6364.00,-13.04,-16.20,-13.39,-8.20,2.23,8.11,22.19,30.00
6368.00,-15.05,-14.81,-8.17,-5.03,5.40,17.07,24.41,28.59
6372.00,-14.35,-14.24,-8.11,0.37,11.24,17.57,26.57,31.25
6376.00,-11.58,-9.17,-6.16,3.24,13.47,24.15,26.29,29.40
6380.00,-12.47,-9.18,-2.69,8.45,17.15,22.34,28.89,28.41
6384.00,-8.48,-6.30,2.65,13.60,18.53,23.89,24.48,21.69
6388.00,-5.76,-3.37,8.64,15.75,24.68,24.34,23.22,18.01
6392.00,-4.45,0.33,9.26,20.70,22.01,26.11,21.43,13.60
6396.00,0.99,7.35,13.70,21.27,22.59,25.47,21.11,11.03
6400.00,2.93,11.48,17.04,22.48,20.92,21.60,14.56,4.50
6404.00,5.87,12.74,17.36,20.75,23.26,15.31,12.18,3.49
6408.00,10.32,16.47,22.02,20.05,20.66,13.18,6.32,-0.37
6412.00,11.95,18.03,22.78,21.48,18.70,9.58,1.13,-4.61
6416.00,15.32,16.21,21.85,17.02,14.00,6.66,-3.84,-9.86
6420.00,14.56,20.89,16.96,14.32,8.33,-0.13,-6.86,-8.38
6424.00,19.23,17.82,16.75,13.27,6.46,-0.37,-6.22,-9.84
6428.00,18.41,18.64,16.22,7.11,2.47,-4.60,-6.58,-7.96
6432.00,15.22,14.95,12.02,6.49,-0.61,-4.53,-7.76,-8.56
6436.00,14.41,13.37,7.82,3.10,-3.15,-10.23,-8.24,-8.78
6440.00,13.48,12.45,2.63,-2.69,-6.21,-10.14,-8.19,-6.89
6444.00,10.43,9.57,0.23,-4.17,-7.29,-5.87,-4.61,-2.60
6448.00,8.05,1.90,-1.27,-5.30,-9.96,-7.33,-1.65,-0.25
6452.00,7.30,2.21,-1.72,-8.63,-8.86,-7.61,-3.47,5.49
6456.00,2.82,-0.53,-4.34,-8.60,-8.01,-4.25,0.78,7.07
6460.00,3.11,-0.77,-6.30,-4.87,-3.63,0.50,4.31,6.77
6464.00,-3.09,-4.97,-6.87,-5.62,-3.93,0.18,4.98,6.20
6468.00,-4.09,-7.38,-6.93,-5.00,-2.65,2.71,8.86,9.32
6472.00,-3.05,-3.96,-6.68,-4.74,-0.09,3.43,7.28,6.21
6476.00,-5.70,-5.79,-3.02,0.40,5.56,6.11,6.94,4.06
6480.00,-7.42,-2.43,-2.97,-0.10,4.81,6.62,4.15,2.92
6484.00,-5.03,-2.01,1.47,3.66,5.58,8.82,4.96,-0.55
6488.00,-6.75,-3.59,1.90,5.79,7.49,4.44,0.49,-4.87
6492.00,-2.10,1.97,1.62,3.48,8.11,2.46,-0.83,-5.12
6496.00,-3.35,-0.25,6.69,4.77,4.55,0.90,-2.36,-11.94
6500.00,2.10,3.69,5.75,7.94,1.93,-2.52,-7.68,-12.86
6504.00,-0.81,2.59,7.16,4.21,4.07,-3.63,-9.47,-18.06
6508.00,1.29,4.13,4.95,1.98,-0.46,-8.07,-11.92,-18.09
6512.00,4.86,4.51,6.59,1.07,-1.98,-12.43,-15.02,-23.30
6516.00,5.51,6.09,1.42,-0.87,-9.70,-14.23,-17.59,-21.44
6520.00,5.83,2.17,1.15,-4.63,-10.12,-17.94,-22.27,-21.43
6524.00,3.99,1.87,-3.26,-9.12,-15.44,-19.40,-21.87,-20.89
6528.00,2.70,1.43,-4.57,-8.27,-15.85,-22.02,-19.50,-13.82
6532.00,1.27,-3.40,-9.28,-12.93,-18.10,-19.35,-17.73,-10.13
6536.00,-1.24,-4.84,-9.02,-14.57,-21.76,-18.01,-13.88,-7.99
6540.00,-3.70,-9.14,-11.04,-17.60,-19.89,-20.81,-11.83,-2.99
6544.00,-3.93,-11.22,-16.55,-20.98,-20.81,-15.70,-8.06,0.66
6548.00,-8.50,-12.61,-18.88,-20.79,-15.62,-12.55,-3.44,8.95
6552.00,-8.30,-17.27,-16.89,-16.80,-16.21,-9.19,0.54,10.18
6556.00,-13.31,-14.80,-17.45,-19.64,-11.59,-4.17,6.80,13.45
6560.00,-15.51,-16.10,-16.74,-16.11,-7.99,0.30,9.13,20.82
6564.00,-17.29,-18.49,-16.38,-12.31,-4.12,2.57,14.47,21.20
6568.00,-19.10,-16.48,-14.61,-8.59,-2.71,7.04,15.11,23.88
6572.00,-16.91,-16.50,-11.48,-3.72,5.21,14.60,20.75,22.12
6576.00,-16.50,-12.07,-8.76,-1.48,9.76,15.49,21.56,21.54
6580.00,-14.69,-12.32,-5.54,4.84,10.03,17.54,19.63,22.49
6584.00,-12.16,-11.31,-3.19,9.63,13.18,21.66,20.66,17.11
6588.00,-13.44,-3.88,2.90,10.64,14.66,19.82,19.03,12.49
6592.00,-9.04,-3.78,8.35,11.31,18.46,20.01,16.33,7.20
6596.00,-5.36,2.37,12.03,16.97,18.65,17.12,14.52,3.44
6600.00,-1.66,4.88,9.94,14.52,20.25,17.64,11.18,1.61
6604.00,0.60,9.43,12.02,14.91,16.20,13.66,2.34,-5.55
6608.00,7.10,11.84,14.02,18.32,13.33,10.71,1.27,-6.26
6612.00,8.65,11.23,16.84,16.35,10.65,4.05,-5.34,-12.93
6616.00,10.79,15.28,16.17,10.93,6.85,0.69,-7.93,-11.23
6620.00,13.93,16.49,15.85,8.32,3.41,-3.46,-10.59,-12.79
6624.00,13.51,15.20,12.90,7.34,0.75,-6.15,-12.82,-15.99
6628.00,14.98,14.69,11.40,4.32,-1.45,-9.02,-15.48,-16.61
6632.00,14.16,12.46,4.66,-0.23,-6.27,-14.00,-14.06,-13.37
6636.00,12.47,10.66,2.54,-1.62,-11.18,-11.26,-14.35,-10.62
6640.00,9.34,5.78,-0.98,-5.37,-11.02,-14.09,-12.05,-11.15
6644.00,8.82,1.17,-4.54,-9.92,-14.64,-14.70,-9.86,-6.21
6648.00,3.90,2.11,-4.99,-11.65,-13.89,-10.34,-8.19,-7.40
6652.00,0.35,-1.76,-7.42,-10.35,-10.26,-9.34,-7.77,-2.43
6656.00,1.94,-7.48,-7.08,-14.19,-13.76,-7.66,-4.39,1.19
6660.00,-2.52,-5.09,-10.98,-9.15,-10.25,-4.02,-4.73,0.28
6664.00,-5.78,-8.93,-9.58,-10.82,-6.48,-2.86,-1.27,4.23
6668.00,-8.72,-9.38,-9.47,-7.50,-7.62,-4.03,2.49,2.40
6672.00,-7.07,-12.25,-8.44,-5.11,-2.57,0.50,1.43,0.18
6676.00,-7.58,-9.83,-9.55,-7.39,-3.77,-0.84,1.12,0.65
6680.00,-10.90,-6.36,-5.43,-2.40,-1.18,0.17,-1.01,-1.79
6684.00,-10.12,-5.85,-6.16,-2.78,1.48,3.57,-0.97,-3.61
6688.00,-10.03,-6.85,-1.18,-0.15,1.40,-1.27,-2.82,-11.51
6692.00,-8.93,-3.00,0.95,1.74,1.73,-2.55,-3.75,-14.68
6696.00,-3.23,-1.10,2.22,0.34,2.77,-5.10,-9.30,-14.80
6700.00,-0.85,-1.59,3.65,4.47,-0.39,-5.72,-14.44,-19.93
6704.00,-0.08,-1.42,1.06,2.23,-4.82,-10.62,-18.16,-23.67
6708.00,1.36,3.99,1.31,-0.25,-6.21,-12.01,-19.34,-26.69
6712.00,0.80,4.43,-0.86,-1.85,-9.66,-14.35,-19.33,-26.91
6716.00,2.55,4.12,-2.39,-6.06,-9.16,-20.49,-26.10,-27.71
6720.00,2.51,1.28,-0.97,-6.88,-13.69,-20.04,-25.25,-26.64
6724.00,3.79,1.92,-4.24,-11.62,-16.57,-20.89,-25.75,-24.42
6728.00,1.03,-1.95,-5.03,-15.08,-19.80,-26.07,-23.46,-19.97
6732.00,1.76,-4.61,-8.13,-16.55,-22.60,-22.67,-20.73,-14.71
6736.00,-3.41,-8.65,-12.26,-20.11,-22.38,-22.78,-20.85,-10.29
6740.00,-5.46,-11.36,-16.46,-20.16,-22.66,-21.43,-16.89,-5.83
6744.00,-5.80,-12.51,-19.73,-21.19,-23.08,-21.59,-13.12,-0.91
6748.00,-8.21,-17.39,-19.78,-22.93,-20.90,-14.21,-6.37,3.89
6752.00,-12.07,-17.10,-19.96,-22.80,-18.98,-9.66,-4.61,6.55
6756.00,-12.06,-18.14,-19.07,-22.01,-15.89,-4.93,0.10,14.57
6760.00,-17.62,-21.61,-20.55,-15.81,-14.04,-2.68,7.50,17.71
6764.00,-19.78,-17.93,-21.81,-17.45,-9.41,3.65,12.59,19.61
6768.00,-21.12,-21.97,-16.10,-11.78,-1.54,4.40,12.39,20.19
6772.00,-17.56,-19.59,-13.33,-6.56,1.98,10.54,15.37,20.37
6776.00,-19.62,-15.42,-12.02,-2.23,6.18,15.23,17.30,20.12
6780.00,-15.64,-14.63,-8.27,0.11,8.27,16.28,18.31,16.40
6784.00,-14.72,-8.55,-5.40,3.02,11.75,18.35,19.34,15.85
6788.00,-12.89,-4.73,2.18,6.72,16.28,18.36,17.94,9.30
6792.00,-11.74,-1.68,5.23,11.95,16.91,15.41,13.71,4.83
6796.00,-7.77,0.27,6.69,12.89,15.10,15.66,10.72,0.74
6800.00,-5.79,2.42,8.45,14.37,18.30,14.80,8.11,0.88
6804.00,-1.59,8.80,14.58,17.04,13.03,9.68,2.43,-7.06
6808.00,3.57,9.65,16.11,17.70,14.28,4.90,0.72,-9.96
6812.00,8.61,13.59,16.17,16.01,8.22,4.32,-7.02,-10.46
6816.00,10.08,14.87,14.62,11.43,5.71,-0.21,-7.90,-14.20
6820.00,8.79,15.16,10.75,9.58,5.38,-4.21,-13.24,-16.48
6824.00,10.97,13.22,12.37,4.54,-0.96,-8.77,-15.23,-18.02
6828.00,14.42,13.55,10.16,4.05,-3.92,-12.25,-13.11,-16.14
6832.00,14.82,10.44,7.29,1.41,-7.93,-10.20,-17.52,-16.25
6836.00,9.21,7.64,0.67,-3.42,-7.28,-12.70,-14.92,-15.61
6840.00,12.24,5.66,-0.01,-6.47,-13.10,-15.73,-11.61,-8.92
6844.00,6.37,2.43,-3.79,-8.19,-10.55,-12.69,-12.84,-8.79
6848.00,4.06,-0.83,-6.19,-8.02,-10.43,-13.10,-10.46,-4.41
6852.00,5.34,-1.56,-6.59,-8.82,-12.65,-11.10,-6.47,-4.09
6856.00,-1.12,-4.44,-10.23,-12.79,-10.97,-9.42,-5.59,0.63
6860.00,-4.46,-7.44,-7.76,-12.34,-8.26,-6.64,-4.30,2.03
6864.00,-3.15,-10.64,-11.58,-8.28,-8.93,-5.20,-1.10,0.97
6868.00,-5.37,-7.12,-11.50,-8.47,-6.40,-1.74,2.02,2.56
6872.00,-6.43,-10.88,-7.30,-6.92,-1.92,-1.69,2.83,2.71
6876.00,-8.33,-8.07,-9.35,-5.46,1.59,1.61,2.30,2.70
6880.00,-7.86,-6.68,-7.49,0.24,3.67,4.76,2.02,-0.03
6884.00,-8.03,-8.21,-2.28,-0.71,4.54,0.78,-0.93,-5.87
6888.00,-7.84,-5.08,-0.32,-0.40,2.34,3.71,-2.68,-8.10
6892.00,-6.77,-5.20,1.02,3.11,1.69,0.35,-3.21,-11.29
6896.00,-4.85,-0.90,2.88,5.81,3.54,1.33,-8.40,-13.67
6900.00,0.01,1.29,3.89,3.84,3.34,-5.52,-8.79,-16.64
6904.00,-2.46,4.50,3.06,4.79,-1.53,-5.28,-13.15,-22.71
6908.00,2.12,1.34,4.84,0.81,-1.21,-8.28,-16.19,-21.25
6912.00,1.78,2.54,2.56,1.25,-6.89,-12.97,-19.81,-25.24
6916.00,4.41,2.04,-0.27,-3.90,-8.06,-15.12,-22.32,-21.18
6920.00,2.11,1.79,-2.52,-5.19,-12.30,-20.46,-23.73,-20.49
6924.00,2.03,3.52,-0.45,-8.65,-14.77,-22.69,-22.13,-22.44
6928.00,4.24,2.03,-5.52,-11.00,-16.41,-22.38,-20.88,-18.13
6932.00,2.52,-3.58,-5.63,-12.68,-17.30,-21.47,-18.46,-12.26
6936.00,0.87,-2.24,-9.16,-17.33,-20.72,-20.85,-19.11,-8.46
6940.00,-3.56,-7.07,-11.07,-20.79,-19.54,-20.27,-11.55,-5.18
6944.00,-3.54,-9.63,-14.33,-17.83,-19.02,-17.44,-10.33,-1.03
6948.00,-5.80,-11.77,-15.47,-19.99,-18.31,-12.48,-2.54,6.80
6952.00,-10.71,-14.72,-19.10,-18.19,-13.10,-9.45,0.63,12.73
6956.00,-9.81,-15.26,-18.75,-15.14,-10.56,-6.12,5.18,14.09
6960.00,-16.11,-17.19,-16.46,-16.66,-9.86,1.80,13.20,20.41
6964.00,-14.46,-14.99,-16.25,-12.33,-3.97,7.32,16.93,19.93
6968.00,-17.10,-14.83,-16.46,-6.43,1.75,10.15,21.06,22.92
6972.00,-15.99,-16.45,-13.38,-4.09,7.10,14.28,23.38,26.76
6976.00,-15.13,-15.05,-6.00,-0.31,12.04,17.56,24.25,24.97
6980.00,-12.35,-8.41,-4.46,5.02,15.17,22.62,24.73,21.04
6984.00,-13.39,-9.82,1.54,7.98,14.46,21.84,20.31,19.58
6988.00,-9.57,-2.77,2.83,13.04,17.65,19.79,19.84,16.01
6992.00,-8.81,-1.33,10.67,14.47,21.21,19.95,17.57,11.71
6996.00,-3.29,4.87,13.30,18.01,19.93,20.65,17.84,5.74
7000.00,1.78,5.24,12.98,16.99,20.43,17.86,13.81,4.73
7004.00,5.08,8.58,16.05,19.70,21.10,14.55,9.03,1.89
7008.00,9.47,14.69,16.15,19.93,18.66,11.15,5.76,-6.02
7012.00,7.64,13.67,16.54,16.89,16.65,8.53,-1.11,-9.63
7016.00,13.94,15.40,17.84,16.39,9.09,5.33,-1.95,-11.82
7020.00,16.94,15.18,18.37,14.53,7.70,0.87,-4.20,-8.97
7024.00,17.42,18.31,15.10,12.71,5.93,-2.51,-9.01,-10.98
7028.00,18.80,18.30,12.29,5.08,0.53,-4.88,-9.45,-8.64
7032.00,15.05,12.54,10.01,6.69,-4.49,-9.19,-11.70,-7.96
7036.00,14.11,13.59,5.67,0.70,-4.49,-6.22,-11.00,-8.68
7040.00,15.03,9.37,2.28,-3.13,-4.13,-6.48,-7.80,-4.76
7044.00,12.88,8.77,1.72,-5.13,-7.36,-7.17,-5.43,-0.45
7048.00,8.12,3.21,-3.33,-7.33,-5.60,-9.25,-5.97,1.68
7052.00,9.15,0.97,-1.14,-8.05,-8.10,-5.49,-2.38,4.42
7056.00,2.00,1.42,-5.94,-5.81,-3.78,-1.39,1.47,7.91
7060.00,1.39,-1.21,-5.73,-6.43,-3.22,0.99,6.15,7.04
7064.00,-1.12,-4.31,-6.15,-5.74,-0.58,-0.09,3.46,10.01
7068.00,-1.79,-7.26,-7.44,-2.41,-1.98,6.34,6.84,8.17
7072.00,-4.21,-6.93,-2.90,-1.93,1.65,4.69,8.23,5.95
7076.00,-4.17,-4.90,-0.70,-1.83,4.42,6.46,9.27,6.86
7080.00,-2.05,-1.29,-0.43,0.95,5.04,6.07,6.34,5.76
7084.00,-3.11,-1.31,1.70,3.87,5.90,10.22,7.19,1.79
7088.00,-1.19,-1.14,4.10,8.70,7.35,7.51,5.75,-3.14
7092.00,0.82,2.04,6.63,7.22,10.76,8.19,3.48,-4.50
7096.00,-0.57,5.71,6.99,10.22,6.13,3.41,-0.65,-8.59
7100.00,2.07,7.83,6.88,7.96,7.18,0.85,-3.22,-12.33
7104.00,2.41,8.36,10.32,8.33,5.68,-0.10,-5.71,-13.30
7108.00,3.12,10.07,5.98,5.99,0.67,-6.34,-9.64,-17.39
7112.00,7.84,8.56,9.94,2.10,-2.44,-6.08,-14.51,-18.47
7116.00,8.82,7.24,8.80,3.27,-5.34,-8.92,-16.04,-18.74
7120.00,9.32,7.45,6.38,-0.56,-7.56,-14.12,-15.71,-18.36
7124.00,9.76,8.29,2.64,-4.39,-9.96,-17.02,-16.03,-12.00
7128.00,9.49,2.31,1.23,-7.95,-14.51,-16.26,-15.68,-9.32
7132.00,5.61,3.18,-1.44,-10.30,-12.52,-18.56,-15.98,-6.60
7136.00,3.81,1.26,-7.92,-12.38,-13.69,-13.24,-10.02,-0.46
7140.00,2.88,-4.54,-10.07,-15.91,-13.65,-12.16,-5.37,2.32
7144.00,2.12,-3.70,-9.01,-14.69,-15.71,-9.56,-3.32,9.49
7148.00,-4.79,-7.13,-14.41,-15.58,-12.07,-5.32,-0.01,14.48
7152.00,-3.00,-12.31,-12.06,-13.26,-12.85,-4.58,7.13,17.50
7156.00,-8.62,-13.52,-14.34,-14.34,-8.39,2.72,12.58,23.26
7160.00,-10.36,-14.01,-11.69,-9.06,-2.74,7.80,17.14,26.19
7164.00,-11.00,-10.90,-13.97,-5.96,-0.94,11.74,22.90,28.75
7168.00,-12.77,-13.89,-10.45,-3.40,5.83,17.61,22.05,27.59
7172.00,-12.20,-13.70,-7.78,1.46,7.68,20.53,25.80,29.44
7176.00,-11.91,-7.80,-4.36,6.30,15.71,24.09,30.27,26.92
7180.00,-10.05,-5.30,2.08,6.89,19.58,22.59,29.93,28.92
7184.00,-8.28,-1.32,5.84,13.65,22.47,26.60,28.72,25.54
7188.00,-5.13,-1.81,9.65,15.58,23.17,24.60,28.00,19.05
7192.00,-5.02,2.63,14.27,17.45,27.23,26.68,23.70,18.80
7196.00,-0.07,7.56,16.04,20.02,25.48,23.77,21.95,10.64
7200.00,2.27,8.76,17.17,23.24,26.15,20.58,17.46,6.93
7204.00,4.75,14.53,18.05,23.93,24.25,19.24,14.91,2.23
7208.00,12.55,19.00,21.80,24.28,22.01,17.90,9.20,0.28
7212.00,14.28,18.16,23.51,23.58,20.03,11.97,4.95,-0.34
7216.00,13.37,21.73,21.73,19.85,14.90,7.70,-0.84,-6.23
7220.00,16.58,19.65,19.40,19.47,13.61,2.34,0.17,-6.64
7224.00,18.43,22.19,20.38,12.60,8.39,2.63,-6.34,-4.41
7228.00,19.15,18.36,15.29,10.16,2.52,-2.56,-4.94,-7.93
7232.00,19.68,16.94,13.50,7.69,0.78,-3.01,-8.55,-7.26
7236.00,19.32,17.68,12.20,3.56,-1.14,-7.10,-6.93,-5.88
7240.00,14.51,12.30,9.08,-0.09,-4.06,-4.76,-6.20,-0.51
7244.00,12.21,12.13,4.56,-2.47,-3.78,-5.03,-4.61,-0.30
7248.00,11.95,5.78,0.82,-4.87,-5.96,-6.10,-0.19,5.52
7252.00,9.84,5.51,-0.03,-3.68,-4.64,-2.74,0.86,4.75
7256.00,9.00,1.89,-2.34,-5.86,-5.45,-0.93,6.83,10.07
7260.00,3.57,0.42,-4.20,-1.75,-1.37,2.93,6.05,12.03
7264.00,1.16,-4.25,-3.73,-4.04,-0.41,6.42,10.90,12.44
7268.00,-1.27,-3.36,-4.41,-2.81,1.86,8.75,12.71,12.21
7272.00,-2.05,-1.06,-0.89,2.20,4.59,8.08,9.46,9.32
7276.00,-3.81,-1.67,-1.79,4.06,4.61,9.76,13.49,8.03
7280.00,-0.44,-1.37,3.37,2.47,9.40,10.25,10.75,6.35
7284.00,0.26,1.71,1.99,5.46,10.91,9.64,10.19,4.92
7288.00,-0.28,2.17,7.26,6.15,9.03,11.86,6.14,1.99
7292.00,-0.12,3.64,4.78,11.28,8.89,6.25,1.75,-3.52
7296.00,0.25,3.02,8.81,10.51,10.32,5.80,0.19,-5.00
7300.00,4.44,6.56,7.74,7.99,6.71,1.87,-2.04,-9.75
7304.00,5.97,8.96,11.63,7.28,6.59,2.35,-7.57,-11.84
7308.00,6.04,8.31,7.85,7.84,4.55,-2.20,-8.19,-15.83
7312.00,8.08,11.85,6.87,4.71,-0.63,-8.08,-9.81,-15.08
7316.00,10.60,8.14,9.60,3.42,-3.11,-10.73,-13.06,-14.97
7320.00,7.39,8.62,4.38,-1.49,-7.44,-12.38,-15.50,-16.01
7324.00,8.48,9.17,0.41,-1.34,-10.07,-11.72,-16.02,-14.71
7328.00,9.35,6.21,1.27,-4.99,-10.86,-15.99,-12.82,-9.46
7332.00,6.02,4.89,-2.99,-10.87,-11.53,-13.73,-11.81,-8.43
7336.00,4.04,-1.60,-8.37,-9.25,-12.32,-13.36,-13.04,-0.24
7340.00,3.66,-0.82,-6.53,-12.58,-17.03,-11.42,-7.60,3.25
7344.00,2.37,-7.18,-12.40,-15.81,-13.19,-9.80,-1.53,6.97
7348.00,-4.55,-9.46,-10.53,-12.54,-11.09,-7.36,2.09,13.88
7352.00,-6.54,-11.72,-13.15,-15.64,-11.66,-3.20,6.14,16.16
7356.00,-8.98,-10.72,-16.63,-10.99,-6.38,2.65,9.63,22.35
7360.00,-11.19,-14.37,-14.25,-11.39,-4.69,3.90,15.01,26.61
7364.00,-11.38,-15.27,-11.56,-8.90,-0.89,12.39,18.21,29.60
7368.00,-10.35,-11.21,-11.00,-4.09,4.14,16.13,25.25,27.03
7372.00,-12.48,-10.33,-9.62,2.20,9.14,20.26,26.69,31.62
7376.00,-14.51,-10.56,-3.25,2.06,13.26,21.71,25.37,28.94
7380.00,-13.02,-5.94,-1.11,7.17,15.21,24.01,27.59,28.12
7384.00,-11.26,-4.60,2.30,11.17,19.95,25.75,26.88,23.67
7388.00,-6.04,-1.53,4.94,13.53,23.20,27.58,27.17,18.51
7392.00,-3.59,4.03,13.42,17.86,22.73,25.03,20.19,17.57
7396.00,-1.56,8.04,13.65,20.57,22.94,24.75,17.76,13.41
7400.00,0.96,9.00,14.74,20.85,21.34,21.99,14.94,8.42
7404.00,3.47,11.87,19.02,21.24,20.89,17.25,10.51,3.85
7408.00,8.53,14.38,22.55,23.04,18.88,15.13,7.62,-2.04
7412.00,10.80,18.34,21.93,20.64,15.17,7.55,3.42,-5.92
7416.00,11.78,17.35,18.81,18.04,11.62,5.27,-2.48,-7.74
7420.00,17.07,20.05,19.40,13.97,10.94,2.21,-2.35,-10.13
7424.00,16.33,18.38,16.07,9.65,7.07,1.04,-8.33,-7.63
7428.00,18.76,15.13,15.81,9.59,0.90,-3.79,-9.47,-10.27
7432.00,17.71,15.82,10.38,3.19,-0.65,-4.13,-11.16,-8.39
7436.00,14.07,12.04,8.57,0.91,-4.16,-6.16,-10.14,-4.27
7440.00,15.98,11.05,3.62,0.27,-7.76,-6.63,-5.98,-2.80
7444.00,9.69,6.42,2.24,-1.88,-5.38,-8.23,-4.41,-1.27
7448.00,10.14,6.03,-2.29,-4.52,-6.93,-8.53,-2.20,1.80
7452.00,6.18,-0.54,-2.44,-4.90,-5.90,-6.61,-1.54,3.51
7456.00,5.65,-0.92,-2.80,-9.26,-4.76,-4.72,1.62,2.73
7460.00,-1.13,-1.49,-4.81,-8.75,-4.80,-0.85,4.07,7.47
7464.00,-3.36,-6.22,-5.16,-5.80,-4.51,-0.45,6.46,6.55
7468.00,-3.56,-4.37,-4.59,-2.47,-1.10,4.53,5.67,6.33
7472.00,-3.27,-3.83,-4.86,-1.59,1.13,2.87,5.24,7.96
7476.00,-5.82,-3.74,-2.42,1.77,0.96,4.27,5.91,3.92
7480.00,-6.31,-5.83,-2.12,0.13,3.39,8.15,5.32,0.29
7484.00,-5.80,-4.21,1.72,4.25,7.94,5.41,2.41,-1.14
7488.00,-3.83,0.12,3.82,6.54,7.80,6.58,1.54,-5.56
7492.00,-1.95,1.35,2.22,7.98,4.01,2.92,-0.49,-5.64
7496.00,-2.40,0.67,3.75,7.11,3.92,1.39,-5.10,-10.87
7500.00,0.66,4.91,6.94,5.87,3.55,-1.70,-7.11,-12.93
7504.00,-0.30,5.71,7.27,4.98,0.32,-2.11,-10.53,-15.62
7508.00,1.60,4.53,5.15,1.64,-1.70,-9.21,-16.20,-21.94
7512.00,5.83,5.59,5.65,-0.44,-2.66,-13.35,-18.68,-20.92
7516.00,2.92,3.44,4.86,0.88,-8.47,-11.70,-18.69,-19.41
7520.00,6.83,6.29,-0.52,-5.22,-8.90,-16.13,-20.21,-22.52
7524.00,4.12,3.24,-2.36,-7.44,-13.10,-18.99,-22.95,-19.94
7528.00,4.62,3.34,-3.05,-8.97,-16.05,-17.97,-21.94,-17.32
7532.00,4.80,-0.96,-5.14,-12.79,-20.89,-22.06,-16.40,-10.98
7536.00,1.30,-2.85,-10.00,-15.66,-21.23,-21.92,-16.92,-6.45
7540.00,0.63,-7.93,-13.46,-17.77,-19.91,-16.08,-14.80,-2.78
7544.00,-4.27,-10.97,-15.75,-17.19,-19.38,-16.20,-8.53,0.24
7548.00,-4.54,-10.66,-18.38,-21.17,-15.72,-11.72,-2.66,5.21
7552.00,-9.37,-14.64,-17.04,-20.61,-14.52,-9.96,0.18,11.55
7556.00,-11.65,-17.94,-19.63,-15.63,-13.50,-4.11,7.43,17.44
7560.00,-14.99,-17.27,-16.14,-15.52,-11.22,-1.98,10.65,16.59
7564.00,-16.21,-19.09,-17.33,-9.98,-6.20,3.14,13.95,23.18
7568.00,-17.34,-17.94,-16.46,-11.20,0.73,7.02,19.46,20.54
7572.00,-18.61,-14.82,-13.10,-5.41,2.02,12.42,21.15,25.34
7576.00,-17.74,-15.10,-8.62,1.30,8.00,18.02,23.80,20.42
7580.00,-14.47,-13.69,-3.35,1.93,12.18,20.62,23.55,21.25
7584.00,-15.23,-8.04,-2.09,5.88,15.08,18.30,21.35,17.09
7588.00,-10.25,-3.34,1.93,10.17,18.15,20.48,17.10,13.95
7592.00,-7.90,-1.79,5.50,14.08,15.85,19.59,14.79,8.87
7596.00,-4.40,3.45,7.20,16.82,20.69,17.38,15.28,3.04
7600.00,-1.96,7.65,9.94,15.79,15.94,16.48,9.99,-0.82
7604.00,1.29,7.82,11.78,18.32,18.28,11.25,5.00,-3.32
7608.00,4.90,11.26,13.16,17.28,14.41,6.95,-1.80,-5.65
7612.00,7.87,11.60,14.79,16.68,9.55,2.66,-4.30,-10.32
7616.00,10.61,15.16,17.24,11.55,6.18,-1.74,-5.20,-13.14
7620.00,10.17,12.90,12.04,8.08,3.25,-4.33,-8.29,-17.43
7624.00,14.17,14.98,12.00,5.20,-0.81,-5.97,-10.25,-15.76
7628.00,15.58,13.41,7.49,4.58,-3.12,-7.18,-11.65,-15.26
7632.00,12.53,10.77,7.37,0.06,-8.58,-12.16,-16.23,-12.27
7636.00,9.63,7.57,1.62,-5.04,-7.56,-12.92,-16.40,-11.94
7640.00,8.67,4.08,-1.46,-3.52,-9.18,-12.37,-14.16,-11.71
7644.00,8.46,3.98,-0.90,-10.54,-11.75,-13.25,-11.03,-8.49
7648.00,3.06,0.18,-3.56,-9.15,-10.66,-13.23,-8.04,-6.81
7652.00,2.73,-4.04,-7.32,-13.05,-11.70,-12.86,-7.58,-1.64
7656.00,-0.46,-7.59,-11.66,-13.70,-13.42,-8.22,-5.25,-1.79
7660.00,-3.40,-6.05,-12.64,-10.00,-11.17,-7.45,-3.12,2.48
7664.00,-2.94,-7.63,-13.17,-11.65,-6.23,-2.48,-1.06,0.19
7668.00,-7.62,-9.53,-12.28,-10.83,-5.13,-0.32,0.80,1.10
7672.00,-9.60,-10.49,-9.53,-9.13,-5.99,2.29,-0.52,-0.86
7676.00,-7.02,-10.68,-6.29,-7.33,-3.11,2.38,0.12,1.25
7680.00,-10.54,-9.53,-5.09,-2.68,0.23,3.05,-0.60,-4.72
7684.00,-8.73,-6.63,-5.72,0.39,0.79,2.72,0.88,-7.99
7688.00,-8.89,-4.28,-2.34,0.39,4.46,0.01,-3.77,-11.40
7692.00,-7.14,-2.44,0.06,0.40,3.80,-2.85,-4.89,-15.17
7696.00,-7.40,-2.06,-0.53,3.38,2.67,-0.63,-9.70,-14.28
7700.00,-0.86,0.48,2.73,0.32,-1.63,-7.71,-10.05,-21.25
7704.00,-1.17,0.44,0.15,2.19,-3.10,-9.23,-14.01,-20.21
7708.00,-0.27,4.27,2.92,0.40,-5.55,-13.81,-19.47,-26.61
7712.00,2.74,1.42,-1.13,-3.37,-9.63,-16.76,-19.64,-25.75
7716.00,1.61,3.10,0.79,-5.79,-10.90,-16.86,-21.69,-28.02
7720.00,1.47,-0.09,-3.50,-10.12,-13.77,-23.15,-23.68,-24.70
7724.00,1.65,-0.59,-3.11,-12.67,-18.29,-24.82,-23.94,-21.99
7728.00,3.47,-3.54,-8.70,-16.06,-18.72,-22.06,-23.01,-22.00
7732.00,-0.11,-3.35,-7.99,-17.84,-23.59,-21.99,-24.24,-15.51
7736.00,0.59,-6.29,-12.13,-19.37,-21.35,-24.28,-20.88,-12.01
7740.00,-3.60,-8.24,-16.85,-23.55,-24.95,-22.18,-18.14,-8.81
7744.00,-7.72,-14.94,-18.98,-21.93,-24.90,-18.47,-11.49,-1.92
7748.00,-11.31,-14.94,-20.79,-21.75,-20.43,-13.80,-8.46,3.76
7752.00,-14.18,-17.90,-18.77,-20.04,-17.12,-12.98,-2.91,7.07
7756.00,-14.61,-19.18,-23.06,-18.83,-13.60,-7.27,2.36,12.12
7760.00,-13.91,-21.82,-19.99,-15.78,-13.51,-4.23,7.33,16.54
7764.00,-16.72,-19.53,-20.59,-12.93,-5.08,4.22,9.91,17.10
7768.00,-18.94,-20.29,-15.91,-10.98,-5.20,7.21,12.34,18.80
7772.00,-20.90,-17.91,-15.11,-6.37,1.96,11.58,17.99,18.28
7776.00,-20.94,-18.50,-9.00,-1.71,5.54,13.57,20.53,17.69
7780.00,-15.22,-16.09,-5.10,3.32,9.90,15.24,16.75,15.95
7784.00,-17.25,-11.90,-4.93,7.65,15.15,15.53,16.48,15.91
7788.00,-14.91,-8.73,0.81,9.45,14.11,20.48,15.10,8.90
7792.00,-11.96,-5.00,2.12,11.12,17.87,17.69,13.72,5.29
7796.00,-6.25,-0.03,9.73,16.00,18.54,16.34,11.85,1.53
7800.00,-5.09,5.05,11.17,13.44,18.72,12.22,9.35,-1.49
7804.00,2.09,6.06,13.49,16.53,13.51,8.91,1.43,-6.36
7808.00,3.20,7.64,14.52,13.77,10.35,5.80,-2.73,-7.75
7812.00,6.67,11.37,14.65,15.47,8.99,4.82,-3.15,-12.45
7816.00,10.03,12.23,14.40,13.03,4.76,0.03,-10.90,-12.83
7820.00,9.74,15.59,10.96,10.59,0.64,-6.00,-13.12,-18.62
7824.00,11.36,11.02,11.95,4.73,-0.23,-5.47,-12.99,-18.17
7828.00,13.71,11.76,7.52,2.84,-2.62,-12.94,-16.90,-15.76
7832.00,14.57,8.41,4.45,2.10,-5.11,-14.68,-13.10,-12.73
7836.00,13.37,6.18,3.35,-2.81,-11.95,-14.74,-14.14,-13.59
7840.00,9.81,3.78,1.97,-6.00,-12.25,-13.21,-14.40,-9.32
7844.00,7.88,3.06,-5.36,-9.75,-13.40,-11.34,-13.40,-7.25
7848.00,4.98,-1.83,-4.24,-12.10,-12.51,-10.15,-8.22,-5.61
7852.00,2.44,-1.69,-5.94,-9.85,-10.81,-12.26,-9.16,-3.29
7856.00,2.61,-2.95,-11.60,-13.62,-11.28,-8.48,-3.83,-2.02
7860.00,0.25,-6.63,-11.84,-9.79,-9.18,-6.17,-3.21,1.37
7864.00,-3.30,-7.59,-9.65,-10.68,-8.40,-4.66,2.09,1.08
7868.00,-5.34,-10.15,-12.01,-5.97,-6.29,-0.53,1.17,1.19
7872.00,-8.43,-9.06,-11.33,-8.23,-3.46,-0.16,5.13,3.45
7876.00,-10.57,-6.64,-6.04,-6.50,-2.12,4.64,4.74,0.69
7880.00,-6.13,-8.17,-7.76,0.18,-0.04,1.98,1.03,-3.55
7884.00,-9.61,-8.66,-1.71,0.45,3.99,5.19,-1.10,-2.93
7888.00,-7.06,-5.57,-2.81,2.47,1.11,2.02,-1.19,-7.38
7892.00,-7.79,-1.49,-0.48,1.91,1.63,1.78,-3.16,-10.71
7896.00,-3.09,-0.94,2.80,5.10,4.27,-2.97,-9.26,-15.96
7900.00,-4.07,2.56,0.92,4.55,0.70,-2.65,-11.27,-16.13
7904.00,1.47,1.09,1.86,4.24,-2.37,-6.59,-14.51,-20.49
7908.00,0.79,5.70,3.97,-0.72,-1.64,-11.03,-17.09,-24.67
7912.00,1.19,5.87,5.34,-1.40,-4.02,-12.79,-20.20,-22.86
7916.00,2.67,5.23,-0.50,-5.30,-9.11,-13.74,-21.75,-21.62
7920.00,2.16,2.79,-1.32,-4.32,-13.16,-18.71,-24.79,-21.02
7924.00,3.03,4.34,-1.47,-9.94,-17.68,-18.50,-22.61,-20.79
7928.00,4.45,-0.95,-6.24,-13.74,-18.47,-22.82,-19.80,-17.32
7932.00,1.13,-2.35,-9.60,-16.79,-19.91,-20.21,-22.04,-11.37
7936.00,0.42,-6.83,-10.31,-15.19,-21.51,-18.84,-15.88,-8.42
7940.00,-1.90,-7.81,-14.77,-18.56,-20.61,-17.64,-14.87,-2.41
7944.00,-2.01,-9.25,-16.62,-19.78,-21.79,-16.51,-10.42,2.32
7948.00,-4.48,-12.21,-19.12,-20.34,-17.57,-13.70,-3.23,4.78
7952.00,-10.93,-16.86,-16.64,-19.87,-13.17,-7.09,2.27,13.10
7956.00,-13.30,-16.78,-18.91,-15.87,-10.48,-2.02,5.35,18.01
7960.00,-14.65,-16.88,-17.41,-15.48,-10.27,2.62,10.36,18.91
7964.00,-14.55,-15.44,-16.07,-13.55,-5.97,4.66,13.86,23.68
7968.00,-18.37,-15.38,-13.97,-6.86,2.78,12.26,20.73,24.51
7972.00,-14.30,-16.23,-13.52,-2.63,3.11,15.66,21.59,25.68
7976.00,-18.19,-14.62,-9.18,2.48,11.38,19.44,25.09,25.30
7980.00,-13.71,-10.13,-6.06,3.45,12.59,21.23,21.07,23.32
7984.00,-11.43,-6.27,-1.40,10.55,17.76,23.04,21.75,20.51
7988.00,-10.63,-5.29,4.80,15.00,16.83,23.50,22.66,16.29
7992.00,-6.68,-0.38,8.37,17.10,21.91,19.80,20.86,11.98
7996.00,-5.40,2.63,11.28,18.54,19.27,20.07,14.52,9.68
8000.00,2.22,9.51,15.60,20.97,22.31,15.62,10.50,2.06
8004.00,4.85,8.88,18.61,18.18,17.34,17.27,6.04,-1.79
8008.00,7.90,13.14,17.88,17.75,15.10,11.92,2.02,-3.58
8012.00,11.55,15.97,20.98,19.82,15.58,9.42,0.95,-5.57
8016.00,11.20,17.64,20.78,16.94,10.11,3.21,-5.61,-7.99
8020.00,13.25,16.36,15.13,15.89,5.70,1.29,-5.78,-10.53
8024.00,14.12,17.19,13.16,8.84,5.43,-4.88,-7.19,-12.33
8028.00,15.88,16.63,13.39,5.60,1.71,-3.95,-8.95,-10.12
8032.00,14.06,13.56,9.07,1.96,-2.31,-5.40,-11.77,-8.51
8036.00,13.06,14.36,8.22,0.28,-2.13,-9.23,-9.28,-7.89
8040.00,13.33,7.61,2.90,-0.16,-5.01,-10.39,-6.37,-6.62
8044.00,12.95,7.34,2.23,-2.20,-9.67,-9.10,-8.31,-3.50
8048.00,10.43,5.06,-1.30,-4.52,-9.34,-9.62,-3.71,-2.03
8052.00,8.08,3.78,-3.41,-8.42,-8.61,-5.20,0.89,4.86
8056.00,6.61,1.50,-2.33,-8.37,-8.44,-4.64,0.40,5.77
8060.00,-0.55,-0.76,-5.78,-8.44,-6.04,-1.45,4.44,8.81
8064.00,-0.63,-6.21,-4.68,-5.19,-1.13,2.91,5.18,6.34
8068.00,-2.07,-5.62,-4.42,-2.76,0.46,4.18,9.52,9.63
8072.00,-3.13,-6.90,-3.63,-0.87,0.32,7.62,9.49,5.98
8076.00,-5.79,-4.96,-5.02,-0.22,2.43,8.00,9.31,4.34
8080.00,-3.28,-5.62,-1.42,5.00,7.73,7.78,6.40,4.10
8084.00,-2.08,0.22,3.26,7.01,6.36,7.72,5.12,1.88
8088.00,-3.11,-1.37,2.60,5.48,6.14,7.35,6.61,-0.75
8092.00,-1.78,2.08,5.05,6.68,9.82,4.45,2.85,-4.65
8096.00,-1.11,4.47,5.16,8.95,8.04,5.26,0.33,-7.40
8100.00,3.32,6.17,10.05,7.33,5.39,3.26,-2.38,-12.59
8104.00,5.05,5.10,9.67,6.47,5.73,-1.40,-7.16,-14.94
8108.00,4.76,9.13,10.72,7.05,3.16,-4.45,-9.64,-16.79
8112.00,4.97,7.69,8.58,3.47,0.33,-5.26,-14.51,-18.16
8116.00,10.21,7.90,8.51,2.99,-3.27,-10.57,-16.51,-19.70
8120.00,8.25,7.89,4.43,0.04,-8.52,-12.30,-17.87,-14.14
8124.00,9.68,5.68,3.79,-2.85,-11.40,-14.47,-18.34,-12.61
8128.00,7.69,2.15,0.47,-4.78,-12.61,-13.71,-15.07,-12.07
8132.00,6.15,2.58,-4.07,-7.65,-16.65,-14.88,-14.14,-7.25
8136.00,4.92,-0.52,-4.64,-12.39,-15.23,-17.14,-8.94,-4.05
8140.00,0.57,-3.79,-11.05,-15.32,-17.05,-11.69,-5.86,1.47
8144.00,-2.51,-8.17,-13.21,-16.67,-15.63,-12.37,-3.49,5.97
8148.00,-5.27,-8.98,-13.57,-15.29,-13.89,-6.58,-0.05,14.31
8152.00,-3.42,-11.06,-11.74,-12.02,-10.19,-4.46,8.76,15.36
8156.00,-8.75,-13.53,-12.94,-14.14,-9.11,3.02,12.22,20.48
8160.00,-12.27,-13.63,-14.22,-8.47,-4.46,4.46,14.95,25.76
8164.00,-11.10,-14.06,-11.72,-6.12,-0.30,11.80,21.16,29.55
8168.00,-14.05,-13.98,-9.25,-1.57,5.94,15.56,21.88,28.87
8172.00,-14.76,-10.39,-8.52,1.23,8.34,18.60,25.43,28.03
8176.00,-11.87,-10.11,-5.55,6.48,11.79,20.15,25.77,31.49
8180.00,-12.73,-8.03,1.46,8.98,17.97,25.66,27.35,25.80
8184.00,-11.31,-2.12,6.66,11.38,22.90,27.73,28.73,23.91
8188.00,-4.89,-2.24,7.19,14.37,21.81,28.12,26.81,19.35
8192.00,-3.92,4.44,12.12,20.53,23.75,24.70,25.00,17.16
8196.00,0.17,5.93,13.14,21.80,24.26,23.61,19.30,12.35
8200.00,2.96,12.22,20.04,23.43,24.42,23.02,14.57,9.25
8204.00,6.16,15.86,21.72,24.32,21.73,19.60,14.01,3.86
8208.00,9.74,14.91,21.58,23.97,18.84,15.49,10.09,0.09
8212.00,11.24,20.69,20.23,22.80,20.59,10.92,5.74,-3.73
8216.00,16.11,22.01,20.59,17.97,16.00,10.24,0.97,-3.57
8220.00,16.40,18.43,23.09,18.04,12.54,6.71,-0.94,-5.82
8224.00,21.01,18.60,20.76,14.61,5.58,-0.82,-3.84,-9.07
8228.00,19.33,19.68,17.11,10.55,4.75,-0.23,-4.84,-4.81
8232.00,19.50,18.36,14.16,7.26,-0.61,-2.57,-6.72,-7.40
8236.00,16.62,15.98,8.44,2.96,-0.69,-3.13,-6.63,-2.20
8240.00,16.75,10.48,4.82,2.08,-1.34,-3.63,-3.50,-1.95
8244.00,15.39,9.14,6.49,0.10,-2.07,-7.44,-5.03,1.80
8248.00,13.21,5.03,0.01,-4.37,-2.24,-5.29,0.10,5.29
8252.00,9.35,4.56,-2.00,-5.01,-3.50,-2.89,2.57,6.47
8256.00,8.47,1.71,0.25,-4.98,-3.89,0.06,3.63,11.15
8260.00,2.07,1.63,-0.89,-2.79,-1.68,3.18,4.59,11.64
8264.00,0.50,-1.01,-1.37,-1.72,0.65,4.59,7.19,13.64
8268.00,-1.51,-3.41,-5.29,0.89,3.95,8.29,10.55,11.91
8272.00,0.45,-3.72,-1.63,2.98,5.95,8.73,10.01,11.86
8276.00,0.17,-0.84,-1.50,1.51,4.61,11.90,13.24,6.91
8280.00,-4.72,0.77,0.20,3.71,8.16,8.85,11.20,9.51
8284.00,-0.88,-0.80,2.92,8.75,10.66,12.58,10.44,4.91
8288.00,-1.34,1.89,4.46,9.66,9.44,8.78,7.47,3.06
8292.00,-1.40,2.45,6.93,10.70,8.88,8.57,2.79,-2.71
8296.00,3.03,4.99,5.95,7.96,7.68,4.70,-0.09,-4.49
8300.00,2.22,7.43,7.78,8.60,6.00,1.41,-4.93,-10.73
8304.00,3.30,7.96,9.86,8.22,4.06,1.60,-5.60,-12.88
8308.00,7.05,11.12,9.42,7.42,3.93,-1.68,-11.88,-12.38
8312.00,8.05,11.33,8.95,5.98,0.78,-7.51,-10.03,-18.20
8316.00,7.63,7.81,8.66,3.97,-1.69,-11.56,-16.50,-16.80
8320.00,11.00,8.13,4.83,1.84,-8.48,-11.87,-13.29,-15.57
8324.00,7.77,7.67,5.27,-3.27,-7.65,-13.95,-15.67,-14.91
8328.00,5.57,4.12,-2.33,-3.67,-12.56,-13.03,-12.58,-12.85
8332.00,6.83,2.27,-2.95,-8.35,-14.81,-14.73,-14.25,-5.45
8336.00,6.46,0.39,-5.31,-10.80,-13.10,-12.70,-11.83,-0.79
8340.00,3.13,-1.56,-7.38,-11.74,-17.46,-14.03,-8.95,2.03
8344.00,0.44,-7.99,-10.31,-14.13,-16.69,-8.19,-0.41,10.04
8348.00,-0.38,-7.26,-14.81,-15.73,-14.17,-6.70,0.72,12.75
8352.00,-6.51,-8.66,-15.01,-13.19,-10.12,-4.27,4.31,15.67
8356.00,-6.34,-13.49,-15.84,-11.09,-5.09,-1.23,12.84,21.27
8360.00,-8.95,-12.95,-14.37,-9.91,-4.06,8.17,18.10,27.31
8364.00,-11.91,-11.73,-14.49,-7.66,-0.29,12.72,19.21,29.56
8368.00,-13.40,-12.07,-8.50,-3.14,5.18,16.89,22.72,29.05
8372.00,-12.08,-10.37,-6.81,-0.48,9.48,19.31,23.38,29.47
8376.00,-13.83,-9.09,-5.96,5.14,14.03,21.20,25.77,29.34
8380.00,-14.14,-6.56,-1.46,10.49,15.90,21.78,29.18,24.84
8384.00,-9.09,-5.25,4.62,9.68,18.34,23.04,29.10,25.05
8388.00,-5.53,1.40,4.90,17.78,22.02,26.03,25.52,18.30
8392.00,-3.80,5.17,9.90,20.06,24.85,24.80,20.01,16.19
8396.00,-3.40,7.49,16.71,22.52,24.00,25.57,19.36,11.90
8400.00,2.04,11.40,15.45,24.20,23.13,21.05,14.32,4.56
8404.00,4.67,14.30,20.15,23.14,19.82,18.52,11.55,0.25
8408.00,10.93,14.78,21.14,23.80,21.35,14.68,8.24,-3.89
8412.00,13.08,16.40,18.58,22.27,18.12,11.89,3.22,-2.44
8416.00,12.89,19.16,20.83,20.23,12.19,5.75,-3.05,-8.18
8420.00,14.73,18.51,16.62,15.30,7.62,1.21,-5.86,-7.07
8424.00,16.22,19.25,16.60,11.69,7.98,-3.61,-6.46,-9.44
8428.00,14.97,19.04,15.20,9.09,4.30,-5.93,-9.96,-8.66
8432.00,17.69,14.80,9.35,7.29,-0.92,-7.99,-11.17,-7.14
8436.00,17.24,14.94,8.19,2.65,-3.06,-8.48,-10.74,-7.48
8440.00,16.11,10.48,5.72,-0.39,-4.40,-9.22,-8.16,-2.86
8444.00,12.60,5.10,1.93,-5.18,-5.67,-6.39,-6.56,-4.01
8448.00,9.72,2.12,-1.32,-5.81,-8.72,-5.32,-1.93,1.25
8452.00,4.89,2.70,-5.19,-6.72,-6.44,-5.35,-1.85,5.35
8456.00,6.22,-3.11,-6.26,-7.65,-5.88,-5.34,-1.02,6.78
8460.00,3.56,-1.70,-6.23,-5.34,-3.55,-1.69,2.62,7.63
8464.00,-1.19,-4.27,-5.68,-6.50,-5.46,1.60,6.17,6.98
8468.00,-5.18,-3.69,-6.88,-4.45,0.47,3.27,5.72,8.92
8472.00,-2.69,-8.23,-4.49,-3.34,0.01,4.98,7.39,4.18
8476.00,-3.47,-6.20,-3.24,-0.07,1.43,5.58,8.04,5.53
8480.00,-6.64,-3.50,-3.32,1.82,4.82,5.25,3.86,4.26
8484.00,-4.73,-3.88,-1.01,2.90,4.17,6.01,6.33,0.95
8488.00,-4.56,-3.67,1.91,4.57,4.87,6.07,1.54,-6.07
8492.00,-3.02,0.46,1.38,4.79,5.42,4.33,-1.20,-6.24
8496.00,0.69,-0.45,4.68,8.19,7.84,3.96,-3.22,-10.99
8500.00,2.48,3.15,6.31,4.63,2.62,-0.19,-8.57,-14.45
8504.00,-0.68,6.22,5.60,4.44,3.87,-2.42,-12.61,-18.73
8508.00,4.21,6.35,4.57,1.77,0.54,-9.42,-14.74,-21.22
8512.00,5.78,4.98,3.31,0.24,-3.94,-11.48,-17.30,-19.64
8516.00,3.74,5.34,1.04,-0.46,-6.77,-14.77,-17.52,-20.07
8520.00,7.80,5.43,-0.78,-4.89,-10.23,-18.10,-18.20,-18.99
8524.00,7.05,5.02,-2.97,-8.71,-13.63,-20.99,-21.56,-16.59
8528.00,3.19,1.18,-2.08,-11.71,-18.01,-19.34,-22.56,-16.62
8532.00,2.78,-0.80,-5.69,-14.90,-19.17,-19.65,-21.05,-14.32
8536.00,0.59,-6.02,-9.34,-17.90,-20.61,-21.49,-14.93,-10.27
8540.00,-2.10,-9.47,-12.07,-19.55,-22.30,-19.48,-14.13,-2.87
8544.00,-2.59,-10.94,-13.45,-18.54,-17.71,-14.17,-10.17,2.71
8548.00,-5.30,-12.79,-19.01,-19.53,-18.69,-10.16,-2.08,8.94
8552.00,-7.22,-13.95,-19.57,-20.78,-16.99,-10.31,1.27,10.16
8556.00,-14.09,-18.82,-18.80,-15.71,-10.03,-4.40,3.91,14.24
8560.00,-14.08,-18.69,-16.33,-17.82,-7.69,0.05,9.13,18.84
8564.00,-17.36,-20.43,-14.56,-12.56,-3.36,2.49,12.06,19.47
8568.00,-17.66,-19.31,-16.39,-8.07,1.57,8.61,19.79,21.18
8572.00,-16.98,-18.12,-14.42,-2.93,2.15,13.43,21.39,24.40
8576.00,-16.14,-12.37,-9.68,0.30,8.67,16.15,22.37,19.73
8580.00,-13.58,-13.20,-5.29,1.21,12.80,16.85,20.92,18.50
8584.00,-12.60,-7.06,-3.71,6.26,15.36,21.67,21.86,16.63
8588.00,-10.30,-7.44,1.92,12.42,17.06,20.47,16.52,15.62
8592.00,-9.43,-3.95,4.49,14.33,17.89,21.66,14.21,9.92
8596.00,-4.35,-0.36,9.11,17.41,16.32,15.48,11.35,6.98
8600.00,-0.73,7.15,10.26,16.31,17.05,14.63,7.39,-0.21
8604.00,1.86,10.54,11.86,15.61,17.49,11.32,5.11,-2.96
8608.00,6.67,9.54,16.26,15.20,11.97,8.50,-1.93,-10.04
8612.00,7.40,14.70,16.29,14.69,9.00,6.16,-2.65,-13.09
8616.00,8.81,12.23,15.13,13.06,7.71,-0.11,-8.10,-11.16
8620.00,10.37,16.58,14.09,8.90,1.77,-1.60,-12.05,-14.07
8624.00,13.51,12.35,10.15,6.73,1.38,-5.72,-11.01,-18.03
8628.00,12.83,11.70,8.75,4.15,-5.22,-11.61,-12.73,-16.60
8632.00,12.87,12.28,5.24,-1.08,-5.44,-10.25,-16.08,-16.56
8636.00,10.22,7.75,4.99,-1.43,-11.04,-11.30,-14.59,-14.17
8640.00,11.61,6.37,-1.22,-4.87,-9.35,-14.70,-14.74,-9.85
8644.00,7.93,4.97,-4.90,-8.41,-11.99,-12.76,-11.37,-9.95
8648.00,5.60,2.55,-6.04,-11.98,-13.39,-10.11,-9.76,-3.54
8652.00,1.41,-2.95,-9.65,-13.43,-12.77,-11.05,-9.25,-4.78
8656.00,0.70,-3.91,-9.14,-12.29,-12.94,-8.61,-4.59,-3.08
8660.00,-1.58,-5.38,-9.13,-12.92,-11.16,-5.59,-1.09,0.29
8664.00,-5.77,-7.87,-10.31,-10.06,-9.59,-2.66,1.01,-0.60
8668.00,-4.71,-11.39,-10.72,-9.41,-4.26,-2.52,0.74,2.19
8672.00,-8.78,-8.98,-7.22,-5.19,-1.77,0.16,-0.12,0.64
8676.00,-6.82,-8.94,-6.98,-3.28,-0.06,1.92,2.60,1.43
8680.00,-10.46,-7.75,-4.31,-1.52,0.21,3.73,-0.61,-1.46
8684.00,-10.62,-8.45,-4.62,-2.52,1.52,3.08,1.25,-4.87
8688.00,-7.04,-5.95,-4.30,1.18,4.49,3.19,-3.89,-9.80
8692.00,-4.92,-3.14,0.58,0.88,-0.24,0.59,-7.91,-12.37
8696.00,-7.51,-2.10,1.12,2.74,3.61,-3.67,-9.08,-18.52
8700.00,-3.54,-0.98,3.47,2.11,1.69,-4.31,-14.42,-20.93
8704.00,-0.29,-1.12,0.85,2.61,-0.43,-6.41,-13.87,-20.37
8708.00,-2.34,1.39,4.17,-0.29,-5.69,-13.10,-18.09,-25.73
8712.00,2.35,-0.14,0.22,-2.60,-9.63,-13.53,-24.14,-23.24
8716.00,0.15,2.14,-1.24,-4.65,-11.70,-20.70,-25.77,-24.68
8720.00,2.59,-0.42,0.11,-9.94,-16.34,-21.53,-24.62,-24.07
8724.00,1.59,-0.48,-7.10,-9.43,-17.15,-22.02,-23.64,-20.74
8728.00,2.81,-0.27,-6.48,-12.89,-21.34,-24.73,-23.08,-21.73
8732.00,1.72,-5.33,-10.80,-14.72,-22.35,-22.83,-22.57,-14.12
8736.00,0.28,-5.07,-10.96,-19.48,-24.73,-24.91,-22.00,-12.94
8740.00,-3.21,-10.04,-18.51,-20.55,-21.96,-23.44,-17.88,-9.45
8744.00,-4.53,-10.92,-18.21,-23.06,-22.56,-19.65,-10.54,-1.17
8748.00,-9.83,-14.29,-18.68,-23.60,-20.63,-15.93,-5.79,1.77
8752.00,-11.61,-19.85,-21.34,-19.89,-20.67,-9.89,-2.20,8.37
8756.00,-16.13,-21.37,-23.75,-17.91,-16.24,-7.97,1.24,11.09
8760.00,-15.10,-20.44,-19.74,-16.56,-10.01,-2.55,8.31,13.43
8764.00,-19.76,-20.99,-18.94,-14.01,-9.42,-0.12,9.40,18.20
8768.00,-18.12,-18.28,-18.17,-9.23,-1.96,7.90,15.27,20.48
8772.00,-21.53,-20.58,-12.81,-9.76,3.42,10.00,19.55,18.67
8776.00,-16.85,-14.13,-11.21,-1.98,6.25,12.23,18.42,18.24
8780.00,-16.95,-15.68,-8.50,0.38,8.86,17.42,17.98,19.73
8784.00,-16.38,-10.84,-5.36,7.38,11.90,19.01,18.28,16.13
8788.00,-12.29,-8.55,-1.35,9.18,16.34,16.09,18.62,11.31
8792.00,-7.76,-2.62,6.12,12.76,17.81,15.63,12.62,7.82
8796.00,-5.83,-0.44,10.01,15.07,15.54,18.14,11.42,3.18
8800.00,-4.65,1.89,8.78,12.89,18.76,13.89,5.96,-1.00
8804.00,-0.52,8.94,12.81,16.04,13.83,11.23,0.66,-7.99
8808.00,3.85,8.96,14.19,14.80,15.09,7.88,-1.92,-9.10
8812.00,7.60,9.53,13.90,12.89,10.40,5.44,-4.54,-14.83
8816.00,9.61,11.82,16.86,13.95,8.38,-2.93,-6.62,-13.72
8820.00,12.69,14.65,11.93,8.66,3.44,-5.74,-13.54,-16.01
8824.00,12.56,14.11,13.64,8.69,1.51,-9.32,-15.57,-16.94
8828.00,11.68,13.17,9.70,0.72,-2.88,-12.10,-13.01,-14.38
8832.00,10.80,8.13,7.17,1.00,-5.86,-14.38,-15.14,-13.17
8836.00,11.18,10.80,1.95,-3.20,-7.33,-12.16,-13.03,-14.98
8840.00,8.49,7.76,0.41,-6.22,-8.99,-13.27,-11.63,-10.54
8844.00,7.46,1.19,-2.38,-6.84,-10.02,-14.65,-11.31,-8.49
8848.00,6.83,-2.35,-7.76,-10.41,-11.85,-14.33,-7.66,-4.45
8852.00,1.17,-1.81,-8.15,-12.02,-12.40,-11.51,-8.30,-4.47
8856.00,1.59,-3.58,-11.60,-13.49,-12.14,-10.83,-3.77,1.13
8860.00,-3.83,-7.39,-7.96,-9.27,-9.80,-6.70,-1.37,2.34
8864.00,-6.71,-6.89,-8.42,-9.19,-7.74,-3.18,1.89,3.04
8868.00,-8.42,-8.08,-9.48,-7.02,-4.37,-0.73,4.10,3.03
8872.00,-9.04,-11.67,-7.58,-6.21,-5.31,-0.24,1.89,3.38
8876.00,-9.40,-10.84,-5.61,-2.46,1.09,4.57,1.36,2.84
8880.00,-9.75,-7.01,-6.02,-4.41,0.20,0.71,2.53,-3.51
8884.00,-8.72,-4.90,-5.11,1.05,0.86,3.57,-0.46,-6.89
8888.00,-5.53,-2.74,-3.64,2.24,5.61,2.60,0.51,-7.75
8892.00,-3.62,-4.15,-0.52,0.84,3.51,0.09,-1.84,-9.69
8896.00,-4.84,0.25,0.09,2.13,1.18,0.99,-5.22,-16.24
8900.00,-3.87,3.05,3.52,5.93,3.02,-1.63,-8.10,-16.77
8904.00,-2.61,1.06,2.84,4.46,-2.31,-8.14,-12.24,-19.03
8908.00,2.81,5.72,2.22,2.82,-1.59,-8.20,-15.37,-21.29
8912.00,4.31,6.18,0.62,1.51,-3.99,-11.89,-21.19,-22.21
8916.00,3.03,6.03,4.22,-2.32,-7.76,-15.05,-21.12,-21.48
8920.00,6.68,3.04,0.16,-7.47,-13.09,-18.20,-22.58,-24.51
8924.00,2.73,0.91,-1.13,-8.63,-14.62,-20.55,-21.14,-21.43
8928.00,4.88,0.08,-6.99,-13.20,-18.37,-23.92,-19.68,-17.49
8932.00,0.96,-4.16,-10.37,-13.41,-21.73,-20.01,-19.13,-15.31
8936.00,-0.88,-7.07,-10.73,-14.76,-18.45,-18.60,-18.70,-7.95
8940.00,-1.70,-7.03,-13.11,-16.29,-20.75,-18.31,-10.89,-4.77
8944.00,-6.09,-9.14,-13.97,-20.89,-21.87,-15.74,-8.00,0.94
8948.00,-5.49,-10.15,-16.05,-20.94,-17.22,-10.56,-6.35,7.84
8952.00,-7.14,-14.69,-17.28,-17.36,-15.77,-9.20,3.60,10.87
8956.00,-11.51,-14.18,-20.25,-19.52,-14.20,-1.75,4.43,13.58
8960.00,-12.20,-17.92,-18.79,-15.79,-10.57,1.01,9.71,21.00
8964.00,-15.29,-18.01,-14.09,-12.87,-1.72,7.76,16.83,20.20
8968.00,-16.31,-14.76,-13.31,-6.79,-1.57,9.81,19.58,22.91
8972.00,-16.78,-13.38,-11.73,-3.82,3.66,13.96,19.15,24.06
8976.00,-14.62,-14.34,-6.87,-1.82,8.72,18.31,20.81,22.00
8980.00,-15.66,-8.48,-2.56,3.65,11.49,19.07,21.16,22.29
8984.00,-13.00,-6.50,-1.25,11.35,15.67,21.29,21.84,17.46
8988.00,-7.76,-5.24,3.67,14.63,20.39,24.72,23.05,15.50
8992.00,-5.22,-0.19,7.78,13.89,20.03,24.23,19.60,14.56
8996.00,-3.56,4.22,10.66,18.03,22.55,20.28,14.97,5.69
9000.00,0.50,6.50,13.24,20.27,21.43,20.30,10.45,5.43
9004.00,4.22,8.74,17.77,19.74,20.75,14.62,7.74,0.96
9008.00,6.75,12.82,18.31,21.98,16.79,13.30,6.04,-6.60
9012.00,11.62,16.64,17.12,19.53,16.10,6.34,-2.43,-9.18
9016.00,12.91,16.69,18.32,18.37,10.28,6.20,-3.87,-7.84
9020.00,13.37,17.59,19.14,14.60,8.67,-1.46,-5.08,-13.25
9024.00,17.69,16.86,17.22,9.52,3.47,-0.57,-9.62,-13.74
9028.00,15.81,18.68,11.78,6.57,-1.47,-7.75,-10.84,-8.73
9032.00,14.42,13.81,12.07,5.00,-0.90,-6.07,-9.05,-8.00
9036.00,16.01,14.66,6.89,-0.19,-5.48,-8.35,-11.11,-6.65
9040.00,14.48,11.00,1.85,-2.79,-5.86,-9.37,-6.57,-7.56
9044.00,12.95,6.57,-0.65,-4.88,-6.60,-8.05,-6.34,-2.39
9048.00,10.27,5.66,-3.56,-4.66,-8.12,-5.13,-4.58,-1.59
9052.00,4.83,2.49,-4.66,-7.62,-7.55,-6.78,0.45,4.06
9056.00,2.32,-1.95,-3.53,-4.89,-8.08,-1.71,0.87,3.61
9060.00,0.96,-3.57,-3.47,-4.42,-5.89,-0.82,4.96,8.68
9064.00,-1.16,-3.58,-4.30,-6.25,-0.72,2.63,6.89,8.46
9068.00,-3.07,-2.62,-6.80,-2.50,1.44,6.23,8.69,9.24
9072.00,-1.66,-6.22,-3.14,-3.63,1.78,8.64,10.77,5.81
9076.00,-5.43,-2.74,-2.81,-1.85,5.49,7.57,8.20,8.87
9080.00,-2.36,-2.24,0.05,4.74,6.11,9.30,10.11,4.57
9084.00,-1.96,-0.07,0.54,6.58,9.30,9.87,7.03,1.05
9088.00,-2.68,1.20,5.67,4.25,8.64,8.13,4.56,0.27
9092.00,-0.22,1.23,3.73,5.64,7.12,6.24,0.13,-3.81
9096.00,0.83,2.90,7.33,7.06,7.34,5.79,0.19,-6.90
9100.00,2.16,4.04,6.21,9.73,8.78,1.08,-3.21,-12.06
9104.00,5.86,8.10,11.00,8.26,6.78,0.75,-6.22,-12.71
9108.00,3.34,8.17,8.52,5.58,2.85,-2.12,-13.06,-14.12
9112.00,7.98,9.99,7.50,5.18,0.22,-7.19,-11.82,-15.76
9116.00,5.45,8.48,5.65,3.20,-6.18,-11.91,-13.50,-19.33
9120.00,8.26,9.96,4.42,0.16,-6.38,-11.77,-14.82,-17.45
9124.00,9.36,8.38,4.23,-5.52,-7.77,-13.31,-17.01,-12.85
9128.00,6.58,3.61,-0.09,-4.42,-10.02,-15.19,-18.18,-9.29
9132.00,6.50,4.06,-4.37,-7.24,-12.88,-15.83,-14.40,-6.57
9136.00,3.93,-2.48,-4.96,-10.72,-16.81,-16.91,-10.27,-3.76
9140.00,0.38,-2.91,-7.71,-15.65,-14.83,-11.10,-6.81,3.37
9144.00,0.10,-7.54,-9.81,-15.82,-13.92,-10.85,-3.53,7.03
9148.00,-4.09,-7.08,-10.57,-12.31,-11.78,-8.26,1.16,13.48
9152.00,-4.86,-8.61,-15.64,-16.31,-12.97,-5.02,8.31,18.74
9156.00,-9.22,-9.86,-12.82,-11.93,-9.17,1.43,12.46,23.27
9160.00,-8.40,-14.45,-14.46,-11.59,-1.85,6.21,17.38,24.16
9164.00,-11.03,-14.69,-11.15,-5.10,2.32,11.86,18.70,27.61
9168.00,-13.91,-12.12,-11.47,-3.45,5.97,17.24,24.03,27.98
9172.00,-10.35,-10.02,-8.01,2.78,9.04,20.65,25.29,28.21
9176.00,-13.38,-11.89,-1.66,7.42,12.02,20.46,26.12,27.98
9180.00,-13.09,-8.71,1.16,11.33,20.46,25.04,30.67,29.01
9184.00,-11.38,-2.73,5.74,12.65,21.05,28.89,26.64,24.96
9188.00,-7.63,-0.92,8.69,14.59,23.10,26.92,27.25,23.39
9192.00,-3.04,2.90,14.06,21.29,26.10,24.96,26.07,18.91
9196.00,1.67,6.35,17.80,21.80,24.18,25.52,20.48,11.20
9200.00,5.69,10.76,16.35,23.37,23.88,23.12,15.55,6.25
9204.00,8.68,14.72,21.05,25.56,21.34,19.81,10.12,1.91
9208.00,7.77,19.16,23.31,21.65,19.78,14.38,7.70,-1.63
9212.00,12.34,17.90,21.31,21.21,17.87,10.21,5.24,-1.20
9216.00,16.04,22.06,24.23,21.57,16.72,7.30,2.00,-5.74
9220.00,18.45,21.00,18.82,18.05,11.82,5.88,-2.76,-5.05
9224.00,20.09,21.04,18.26,15.84,9.43,3.04,-6.46,-7.40
9228.00,18.54,18.80,14.05,12.74,5.14,-2.22,-5.12,-7.04
9232.00,19.63,18.49,14.72,10.09,-0.66,-1.51,-8.43,-5.71
9236.00,17.90,14.51,8.46,6.13,-2.18,-7.03,-4.56,-2.54
9240.00,15.40,12.22,8.17,2.02,-0.93,-6.99,-4.80,-1.52
9244.00,13.82,9.34,3.57,-2.47,-6.65,-6.03,-2.47,0.92
9248.00,9.71,5.34,2.21,-1.18,-3.53,-5.42,0.21,4.55
9252.00,9.17,2.34,-0.79,-2.12,-6.18,-1.93,4.21,5.91
9256.00,6.30,3.84,-0.95,-6.11,-4.27,-1.58,5.10,7.29
9260.00,5.00,-0.78,-4.57,-4.34,-1.60,3.49,5.62,9.10
9264.00,1.10,-2.38,-1.19,-1.71,2.35,6.64,6.63,12.67
9268.00,0.41,-0.72,-4.80,1.10,3.10,6.10,11.01,9.99
9272.00,-0.31,-1.28,-0.89,0.78,6.15,10.01,11.60,11.28
9276.00,-2.86,-1.14,-2.59,0.95,5.34,12.05,11.83,8.38
9280.00,-0.66,-1.88,1.76,6.49,9.20,11.08,10.81,5.54
9284.00,-0.20,0.86,3.42,8.91,10.73,10.05,9.56,5.01
9288.00,-0.97,3.86,6.86,10.63,11.67,10.76,5.18,2.99
9292.00,-0.45,3.65,7.73,11.03,8.91,9.78,4.85,-3.94
9296.00,1.35,3.35,10.54,12.42,9.97,8.30,-1.73,-5.89
9300.00,2.35,4.98,8.90,11.19,8.72,4.10,-2.98,-9.61
9304.00,5.29,7.61,9.75,8.97,7.22,0.56,-5.89,-11.93
9308.00,5.67,9.98,7.51,8.04,1.45,-2.07,-8.67,-16.25
9312.00,6.35,7.37,9.19,5.90,1.87,-6.31,-13.26,-13.45
9316.00,10.27,9.43,9.66,2.26,-4.41,-10.30,-16.08,-16.41
9320.00,9.02,7.07,6.92,1.34,-7.34,-14.34,-13.41,-16.78
9324.00,9.15,4.72,3.69,-4.05,-7.33,-13.56,-14.05,-15.57
9328.00,7.40,3.34,-0.16,-7.39,-9.61,-12.70,-13.42,-10.01
9332.00,7.52,1.17,-3.66,-11.38,-13.28,-16.67,-14.17,-8.40
9336.00,4.65,0.23,-7.19,-10.62,-13.75,-16.70,-10.85,-1.91
9340.00,1.61,-2.38,-10.91,-11.58,-16.77,-11.69,-9.17,0.27
9344.00,0.59,-5.35,-11.57,-16.80,-15.38,-10.94,-4.33,8.61
9348.00,-5.13,-9.12,-13.31,-14.26,-10.79,-6.48,0.98,11.62
9352.00,-3.44,-11.38,-15.68,-14.27,-12.47,-2.51,5.76,17.81
9356.00,-5.70,-14.61,-16.41,-14.19,-6.98,-0.33,11.71,23.12
9360.00,-7.78,-11.66,-12.32,-10.31,-3.42,7.13,16.11,23.55
9364.00,-11.71,-11.59,-14.15,-6.29,0.40,11.32,18.82,26.46
9368.00,-13.18,-11.43,-8.17,-3.86,4.94,13.98,24.24,26.84
9372.00,-10.89,-11.76,-8.33,-1.93,8.37,18.38,23.47,27.25
9376.00,-10.53,-10.26,-3.60,5.26,13.30,19.31,26.86,29.59
9380.00,-11.87,-5.20,-0.42,6.43,16.78,25.18,25.00,24.87
9384.00,-7.99,-6.82,1.77,10.70,18.73,24.07,29.12,21.95
9388.00,-8.83,-3.09,5.26,13.86,20.32,23.76,25.83,19.17
9392.00,-4.70,2.58,9.83,19.94,22.69,24.18,22.79,14.87
9396.00,-2.45,6.69,13.32,21.04,24.05,22.23,18.71,11.40
9400.00,2.35,8.56,15.40,23.36,22.16,19.75,14.07,7.79
9404.00,5.82,10.78,18.61,21.87,23.81,19.34,13.04,3.80
9408.00,7.00,14.46,18.44,22.83,19.49,13.18,7.61,-2.14
9412.00,13.77,16.17,20.90,17.84,17.93,11.63,4.16,-6.45
9416.00,14.57,16.24,20.99,17.21,13.93,4.89,-3.72,-9.83
9420.00,16.38,18.91,17.82,13.09,8.93,4.25,-4.94,-8.49
9424.00,19.14,20.82,17.49,12.09,3.39,0.58,-8.96,-11.90
9428.00,18.57,14.83,16.54,6.60,1.14,-2.67,-7.00,-10.86
9432.00,18.42,13.64,12.44,5.34,-3.65,-8.42,-9.04,-9.71
9436.00,17.20,13.89,6.58,1.27,-5.03,-5.24,-11.16,-6.48
9440.00,14.04,10.23,6.80,0.33,-7.14,-9.38,-7.10,-2.35
9444.00,12.31,9.06,1.51,-2.58,-5.84,-10.17,-8.48,-4.26
9448.00,7.55,2.42,0.32,-7.71,-10.13,-8.43,-1.56,-0.67
9452.00,4.75,0.88,-2.50,-6.81,-7.75,-7.43,-0.01,2.09
9456.00,2.51,-2.10,-5.89,-8.57,-6.41,-3.63,-1.14,7.20
9460.00,3.69,-5.23,-4.08,-8.08,-3.00,0.50,2.83,4.37
9464.00,1.28,-2.19,-6.77,-4.83,-1.56,1.23,2.74,9.54
9468.00,-1.43,-7.45,-5.43,-3.04,-1.91,2.68,8.37,9.55
9472.00,-2.44,-4.59,-4.45,-3.35,-0.99,4.59,8.41,8.88
9476.00,-4.43,-6.59,-3.44,-0.37,2.66,4.75,6.39,2.53
9480.00,-5.05,-7.27,-3.84,1.71,3.09,7.32,5.96,1.37
9484.00,-4.64,-3.03,-2.81,3.09,5.55,5.59,5.27,-2.33
9488.00,-2.15,-2.84,3.19,6.70,5.53,8.08,4.35,-4.70
9492.00,-0.95,-1.09,4.79,3.75,6.08,3.67,-0.53,-7.69
9496.00,-3.46,2.12,2.42,6.30,5.48,3.19,-3.13,-9.51
9500.00,-1.95,3.76,4.61,6.74,4.95,-0.87,-5.41,-13.22
9504.00,4.06,6.54,6.19,4.25,3.51,-2.96,-12.80,-18.77
9508.00,4.45,5.44,7.80,1.52,-1.95,-8.98,-16.40,-18.32
9512.00,6.68,7.58,7.20,-0.74,-5.89,-13.14,-17.59,-18.84
9516.00,3.44,4.58,4.63,-3.22,-6.81,-15.43,-21.61,-22.03
9520.00,6.47,5.91,2.13,-6.56,-12.84,-17.12,-19.38,-20.72
9524.00,7.51,3.64,1.02,-5.53,-14.57,-21.15,-22.52,-19.66
9528.00,6.16,0.32,-5.52,-8.67,-15.45,-21.59,-18.93,-18.49
9532.00,2.16,-0.50,-9.68,-15.58,-19.93,-22.76,-17.62,-10.67
9536.00,3.13,-5.46,-8.21,-18.10,-17.21,-19.85,-17.99,-8.96
9540.00,-1.79,-6.52,-11.73,-17.07,-18.71,-19.09,-10.71,-4.52
9544.00,-2.82,-10.96,-17.51,-20.72,-19.77,-17.49,-8.01,1.70
9548.00,-6.97,-12.91,-17.17,-21.92,-17.73,-11.86,-5.78,6.53
9552.00,-11.46,-15.65,-19.67,-18.48,-17.35,-7.91,0.80,13.28
9556.00,-11.61,-15.86,-20.51,-19.45,-10.47,-1.90,8.02,17.60
9560.00,-15.05,-18.24,-20.68,-17.54,-6.40,0.46,11.84,20.81
9564.00,-14.28,-15.93,-19.27,-11.75,-5.54,4.70,12.22,20.91
9568.00,-18.79,-17.28,-13.23,-11.22,-1.64,11.46,18.63,24.83
9572.00,-18.91,-15.62,-12.73,-6.50,4.04,12.39,18.12,25.48
9576.00,-14.42,-16.06,-10.89,-2.43,8.16,18.29,22.09,23.80
9580.00,-17.99,-11.82,-2.93,1.20,9.63,17.41,22.03,20.30
9584.00,-13.54,-6.54,-3.07,7.80,15.20,19.16,21.07,18.57
9588.00,-11.79,-3.51,3.40,13.10,17.76,19.30,17.98,11.90
9592.00,-9.68,-2.39,5.15,15.98,18.76,19.09,15.81,11.45
9596.00,-7.39,1.16,8.80,15.15,18.68,15.99,11.11,2.67
9600.00,-0.93,7.11,14.14,17.97,17.51,14.80,8.70,-0.99
9604.00,2.07,9.51,15.06,15.66,17.54,9.95,3.15,-2.92
9608.00,3.32,12.81,14.59,16.53,13.58,6.18,-0.88,-5.54
9612.00,7.89,13.16,17.77,16.19,11.45,5.85,-4.37,-12.17
9616.00,11.26,14.75,15.67,14.89,5.80,-1.73,-7.86,-11.61
9620.00,11.10,16.87,13.28,10.83,6.02,-5.48,-12.21,-13.17
9624.00,10.65,14.32,10.35,6.63,2.48,-4.88,-10.75,-18.00
9628.00,12.75,14.19,11.29,3.69,-1.18,-7.60,-14.54,-14.00
9632.00,13.52,11.45,5.54,-1.90,-6.17,-12.23,-12.41,-12.28
9636.00,12.62,9.58,4.67,-4.96,-8.09,-12.66,-11.99,-12.20
9640.00,9.96,4.28,-1.21,-8.24,-11.33,-12.69,-14.12,-9.42
9644.00,7.47,1.26,-1.97,-10.11,-11.02,-15.91,-9.41,-6.55
9648.00,5.47,-0.05,-6.75,-7.81,-13.27,-14.92,-11.04,-7.57
9652.00,5.07,-4.93,-10.20,-12.75,-14.59,-10.25,-8.49,-1.30
9656.00,0.93,-7.60,-7.08,-14.00,-9.20,-6.37,-6.36,-1.53
9660.00,-3.59,-5.68,-8.35,-10.27,-10.50,-7.93,-3.93,3.08
9664.00,-2.57,-7.72,-12.13,-11.37,-9.56,-5.06,0.14,3.48
9668.00,-8.51,-10.32,-10.89,-7.93,-5.30,-0.99,-0.95,2.32
9672.00,-9.87,-10.03,-9.06,-7.63,-3.93,2.31,2.87,2.98
9676.00,-9.33,-11.94,-7.43,-7.09,-1.90,1.70,-0.47,0.10
9680.00,-10.64,-10.77,-4.96,-5.20,1.12,1.12,2.40,-2.83
9684.00,-7.27,-7.35,-5.70,-1.27,1.70,-0.24,-1.01,-7.15
9688.00,-6.21,-3.95,-0.90,0.56,0.60,2.18,-1.40,-9.74
9692.00,-4.99,-3.91,0.71,0.21,4.11,0.43,-5.43,-15.04
9696.00,-4.10,-3.34,3.02,1.14,2.83,-3.23,-7.86,-18.25
9700.00,-2.74,-1.79,1.64,0.20,-1.81,-6.95,-11.52,-21.60
9704.00,-2.86,0.77,4.51,1.67,-2.04,-8.67,-16.98,-23.70
9708.00,-1.50,3.74,4.20,0.98,-6.32,-11.11,-16.56,-24.36
9712.00,0.89,1.34,1.36,-2.29,-9.21,-15.89,-21.20,-24.44
9716.00,0.28,2.21,1.18,-6.85,-11.08,-18.86,-24.52,-26.77
9720.00,3.88,-0.80,-3.66,-9.01,-12.48,-21.10,-22.57,-26.75
9724.00,1.76,1.51,-3.24,-8.98,-16.69,-22.40,-23.20,-23.72
9728.00,2.55,-2.29,-7.56,-13.24,-19.25,-24.04,-22.85,-21.41
9732.00,-0.46,-4.86,-11.31,-17.27,-24.15,-25.16,-20.12,-18.24
9736.00,-3.08,-6.75,-15.39,-18.52,-23.73,-21.35,-19.81,-10.09
9740.00,-2.76,-9.39,-15.71,-22.05,-25.82,-23.35,-15.29,-6.44
9744.00,-6.31,-10.57,-18.22,-23.53,-21.70,-19.34,-9.62,-2.25
9748.00,-6.86,-14.75,-21.38,-23.78,-20.73,-13.52,-6.26,4.35
9752.00,-10.03,-15.33,-21.61,-21.66,-20.95,-9.94,-2.73,6.61
9756.00,-12.53,-19.03,-21.27,-17.92,-14.52,-5.95,2.90,10.41
9760.00,-18.24,-21.49,-19.18,-17.84,-10.80,-3.76,8.01,15.08
9764.00,-17.60,-21.48,-20.36,-16.76,-8.72,0.07,10.06,20.52
9768.00,-17.17,-20.49,-15.75,-13.24,-2.62,8.41,16.25,18.34
9772.00,-21.65,-18.52,-13.96,-8.76,0.08,8.36,14.91,21.60
9776.00,-18.89,-16.32,-9.69,-5.21,5.14,13.47,16.67,21.90
9780.00,-19.68,-12.59,-8.10,-0.83,8.39,17.89,17.01,16.63
9784.00,-16.98,-9.20,-4.58,6.33,12.56,18.01,20.45,13.45
9788.00,-13.78,-6.24,-1.46,6.73,16.37,18.90,15.47,11.60
9792.00,-8.20,-2.30,2.44,13.40,15.70,17.58,15.19,6.62
9796.00,-7.27,1.47,8.56,11.54,16.33,16.60,10.97,2.46
9800.00,-3.48,2.51,10.76,15.24,14.35,13.97,7.77,-2.89
9804.00,-1.36,6.48,14.64,17.92,15.68,10.36,4.14,-6.75
9808.00,2.61,10.86,14.81,15.29,12.60,8.50,-1.68,-11.23
9812.00,4.89,11.21,12.26,12.02,9.24,0.63,-4.41,-13.08
9816.00,11.31,13.74,15.66,9.87,7.62,0.97,-6.78,-15.60
9820.00,11.62,13.21,13.23,9.81,1.32,-2.19,-11.87,-17.74
9824.00,12.58,14.53,10.09,5.45,-1.01,-10.02,-12.12,-15.91
9828.00,14.08,11.26,10.51,1.74,-3.68,-11.27,-13.32,-15.78
9832.00,13.39,11.24,4.80,1.74,-6.22,-14.39,-17.69,-14.44
9836.00,9.95,9.77,2.24,-2.91,-8.13,-13.19,-13.96,-12.02
9840.00,11.39,6.89,1.61,-7.77,-10.93,-15.25,-16.12,-11.00
9844.00,10.03,2.65,-5.09,-8.76,-13.73,-14.30,-14.48,-7.25
9848.00,5.41,-2.08,-4.10,-12.07,-10.42,-14.27,-8.39,-6.53
9852.00,4.87,-3.82,-6.47,-9.89,-11.32,-9.07,-5.77,-2.83
9856.00,2.42,-6.57,-9.37,-13.40,-12.47,-10.24,-6.59,0.95
9860.00,-1.33,-5.65,-12.09,-9.87,-11.78,-6.65,-1.48,-0.12
9864.00,-6.87,-9.89,-10.02,-11.19,-5.50,-4.65,-1.42,2.37
9868.00,-4.95,-7.66,-9.45,-9.39,-3.94,-0.44,1.39,1.07
9872.00,-8.87,-10.11,-10.58,-6.37,-2.64,-1.16,4.60,1.58
9876.00,-8.52,-8.67,-5.17,-4.71,1.52,2.94,1.71,-0.82
9880.00,-6.11,-7.80,-6.33,-0.35,-0.19,1.11,3.08,-0.10
9884.00,-7.45,-5.07,-1.72,0.89,0.54,2.13,2.12,-4.44
9888.00,-9.10,-5.01,-2.53,2.98,4.53,3.67,-2.81,-5.35
9892.00,-7.91,-4.37,-1.37,4.90,4.78,-1.31,-3.49,-12.92
9896.00,-5.06,-3.08,4.44,2.90,1.19,-1.23,-6.40,-13.08
9900.00,-1.65,3.20,2.13,1.40,1.84,-5.77,-11.25,-18.64
9904.00,1.54,1.75,3.92,1.73,1.65,-9.07,-14.86,-22.01
9908.00,1.08,2.08,2.04,0.85,-1.70,-8.02,-15.14,-22.23
9912.00,4.00,2.77,3.10,-2.66,-8.42,-14.94,-19.87,-25.83
9916.00,3.82,3.70,-0.71,-0.61,-10.40,-18.22,-21.33,-24.08
9920.00,3.78,3.75,-2.40,-7.37,-10.33,-16.43,-24.22,-23.79
9924.00,6.30,-0.33,-3.80,-10.02,-14.21,-18.24,-24.04,-18.42
9928.00,2.07,-0.96,-3.58,-9.23,-16.95,-21.72,-21.42,-18.75
9932.00,2.96,-1.01,-9.83,-16.80,-21.61,-22.68,-17.34,-14.96
9936.00,-1.64,-6.71,-10.70,-15.04,-21.23,-22.47,-18.57,-9.94
9940.00,-0.29,-8.54,-15.08,-17.27,-18.09,-20.00,-13.57,-5.30
9944.00,-2.00,-8.47,-15.00,-17.31,-22.21,-16.82,-7.10,2.66
9948.00,-4.59,-12.06,-18.27,-21.81,-20.54,-11.37,-5.00,6.12
9952.00,-11.26,-16.95,-20.15,-20.87,-15.81,-9.90,0.75,9.35
9956.00,-11.17,-13.84,-17.90,-16.20,-9.72,-4.27,6.97,16.46
9960.00,-14.68,-18.38,-18.92,-14.61,-9.60,2.77,11.98,20.45
9964.00,-13.01,-15.48,-15.14,-11.92,-2.46,4.16,16.51,20.96
9968.00,-15.19,-17.93,-16.30,-9.22,-0.22,8.32,19.28,24.04
9972.00,-18.70,-17.62,-13.21,-2.54,5.84,14.08,21.63,24.28
9976.00,-13.45,-14.01,-8.97,0.53,9.16,18.02,23.36,23.88
9980.00,-13.08,-12.67,-5.65,5.48,15.42,19.09,21.61,24.59
9984.00,-10.57,-5.68,1.83,7.21,18.35,21.95,24.91,18.62
9988.00,-10.90,-4.29,6.02,11.47,20.23,21.07,18.96,15.99
9992.00,-8.25,0.91,7.93,14.60,19.11,22.36,18.06,12.40
9996.00,-5.24,4.46,14.05,16.91,22.68,22.36,15.87,9.96
10000.00,-0.42,8.09,15.42,18.74,20.89,17.14,13.11,3.50
10004.00,2.08,12.71,15.96,21.38,18.60,16.55,6.75,-0.58
10008.00,8.32,11.68,19.73,18.57,15.78,9.12,5.61,-3.73
10012.00,12.37,13.87,18.94,17.38,15.35,7.42,-0.83,-9.71
10016.00,13.82,15.56,16.15,14.59,10.41,3.76,-4.93,-11.59
10020.00,15.49,18.42,15.35,13.15,9.56,1.11,-5.22,-9.63
10024.00,14.32,15.17,16.36,10.18,6.25,-4.62,-9.86,-9.73
10028.00,17.83,13.92,11.05,6.52,2.73,-3.22,-7.25,-8.70
10032.00,18.31,15.53,12.77,3.45,-3.68,-9.82,-11.27,-11.13
10036.00,17.21,10.63,7.07,2.43,-2.63,-8.76,-8.67,-6.88
10040.00,11.84,12.23,3.56,-1.05,-7.25,-11.31,-10.51,-2.87
10044.00,12.12,7.87,-0.19,-2.28,-6.52,-7.10,-4.60,-2.58
10048.00,10.31,5.55,-1.21,-7.02,-7.53,-6.35,-5.18,0.09
10052.00,7.20,-0.84,-3.55,-5.40,-5.92,-5.51,-2.39,3.21
10056.00,5.83,-0.26,-6.40,-8.92,-6.71,-4.12,2.89,7.79
10060.00,3.19,-2.18,-4.58,-7.59,-4.49,1.28,4.71,8.38
10064.00,-1.14,-2.84,-8.22,-7.19,-3.84,1.96,6.19,8.73
10068.00,-3.29,-3.91,-3.74,-1.55,-2.23,3.21,7.57,9.77
10072.00,-4.49,-6.99,-3.63,-2.92,3.90,6.66,9.83,10.09
10076.00,-2.21,-2.16,-0.94,0.93,6.42,7.72,10.16,5.85
10080.00,-5.72,-3.32,-2.35,2.26,5.93,6.73,8.33,3.11
10084.00,-1.64,-0.67,3.06,6.46,7.68,7.78,6.14,2.65
10088.00,-4.56,0.96,0.88,7.53,7.25,7.00,2.38,-2.03
10092.00,0.37,1.17,4.86,9.66,6.48,4.44,1.36,-3.11
10096.00,-2.16,2.10,5.77,9.91,7.03,6.19,-0.30,-5.98
10100.00,4.29,6.76,9.90,10.20,5.14,-0.11,-4.35,-10.11
10104.00,4.58,5.41,8.48,8.04,2.61,0.35,-8.33,-16.10
10108.00,3.76,5.60,8.18,5.05,0.15,-6.48,-12.01,-17.35
10112.00,6.17,7.30,6.74,2.83,-3.37,-8.28,-15.85,-17.47
10116.00,9.42,6.44,4.89,2.10,-4.45,-10.38,-14.97,-16.60
10120.00,10.50,8.63,2.96,-0.32,-7.46,-14.93,-18.95,-16.81
10124.00,9.43,3.92,0.91,-3.31,-9.21,-16.11,-16.25,-15.70
10128.00,4.95,4.13,0.01,-4.46,-14.93,-13.57,-17.72,-12.50
10132.00,5.53,1.04,-3.48,-8.55,-14.53,-17.32,-11.82,-5.70
10136.00,2.00,-1.85,-7.32,-11.40,-16.43,-14.56,-12.61,-2.88
10140.00,2.79,-0.95,-7.41,-14.78,-15.25,-11.02,-8.32,2.27
10144.00,-2.30,-6.34,-10.53,-12.53,-12.77,-10.16,-5.10,6.92
10148.00,-5.20,-8.16,-13.71,-12.61,-15.51,-6.59,-0.71,14.48
10152.00,-4.24,-10.70,-14.82,-15.66,-10.08,-5.34,9.13,19.52
10156.00,-10.15,-10.31,-13.91,-12.12,-9.58,2.37,10.88,22.76
10160.00,-9.88,-11.89,-12.19,-10.62,-5.39,5.75,17.06,23.09
10164.00,-10.74,-13.67,-13.20,-5.01,1.38,11.31,22.40,29.06
10168.00,-13.92,-13.58,-8.53,-2.99,7.81,14.07,22.18,31.76
10172.00,-13.22,-10.11,-5.39,-0.18,9.18,20.17,26.73,27.80
10176.00,-12.20,-9.37,-4.39,5.76,13.30,22.53,29.15,29.76
10180.00,-9.52,-6.64,1.29,6.77,18.81,26.38,27.71,29.87
10184.00,-7.21,-2.80,4.09,11.13,20.62,28.98,30.12,22.63
10188.00,-7.21,2.52,7.75,16.42,25.24,28.65,25.28,23.07
10192.00,-1.19,6.02,14.53,20.70,27.22,24.33,22.09,16.55
10196.00,0.16,8.83,16.98,19.67,27.76,25.32,21.52,12.60
10200.00,2.93,11.12,17.32,22.26,22.83,23.86,17.59,9.43
10204.00,5.50,13.84,21.30,25.32,22.23,18.97,12.18,3.14
10208.00,9.83,19.33,19.94,22.26,20.94,17.90,6.74,0.14
10212.00,14.93,20.25,23.73,22.29,20.74,11.58,6.73,-0.93
10216.00,14.61,22.78,23.70,21.32,13.44,9.13,-0.97,-2.64
10220.00,15.20,22.82,19.31,16.47,10.82,5.44,-1.82,-7.36
10224.00,19.70,20.69,16.76,14.94,8.67,-0.83,-3.12,-4.75
10228.00,16.73,17.37,17.70,12.07,5.66,0.11,-5.84,-8.28
10232.00,19.65,17.69,14.64,6.96,1.38,-3.09,-6.46,-3.43
10236.00,17.12,14.82,12.83,3.81,-1.80,-3.39,-7.52,-1.09
10240.00,15.43,11.77,5.58,3.25,-2.03,-4.80,-6.46,-3.26
10244.00,14.78,7.47,3.31,-1.04,-4.58,-6.62,-4.44,3.02
10248.00,11.33,5.45,4.03,-1.82,-2.66,-2.05,1.61,3.69
10252.00,10.62,3.48,-1.81,-3.53,-2.47,-1.98,4.14,5.36
10256.00,8.50,2.20,-3.54,-2.58,-0.90,-2.15,6.29,10.30
10260.00,1.76,0.07,-1.91,-5.34,-0.95,0.35,8.27,11.53
10264.00,1.02,-1.33,-4.28,-1.20,-0.16,6.46,6.75,11.88
10268.00,0.99,-2.89,-3.00,-2.16,1.46,6.51,10.87,11.15
10272.00,-1.78,-3.71,0.04,0.71,6.31,9.17,10.35,10.87
10276.00,-1.28,-1.01,0.23,5.21,4.78,11.34,10.35,10.47
10280.00,-3.99,-2.50,3.11,3.08,7.01,10.70,8.17,8.24
10284.00,-1.42,0.41,4.14,7.25,10.51,12.55,7.73,6.41
10288.00,-3.05,0.80,4.52,9.10,9.78,10.00,8.05,0.83
10292.00,1.04,4.69,8.57,11.62,11.80,9.13,2.52,-3.36
10296.00,-0.72,7.11,9.03,8.69,10.47,6.19,0.31,-4.79
10300.00,1.84,7.45,11.48,12.59,6.71,6.05,-2.17,-10.50
10304.00,3.82,6.87,11.89,11.12,3.61,-1.23,-7.23,-14.54
10308.00,5.32,11.49,8.77,9.90,1.74,-0.87,-8.09,-12.45
10312.00,8.44,11.17,9.62,5.78,-0.27,-8.68,-12.71,-18.20
10316.00,6.29,6.99,7.67,3.02,-3.45,-8.75,-12.34,-14.32
10320.00,10.14,7.80,3.58,-0.02,-4.10,-11.81,-15.18,-12.81
10324.00,10.10,7.54,0.69,-5.45,-11.14,-12.83,-16.66,-15.35
10328.00,10.02,3.71,-1.55,-3.70,-14.03,-15.49,-14.95,-11.28
10332.00,4.64,2.69,-3.07,-9.30,-13.99,-14.77,-14.54,-7.11
10336.00,7.16,-0.27,-7.23,-11.64,-16.41,-12.65,-8.66,-0.63
10340.00,4.14,-1.97,-7.73,-14.52,-13.25,-14.33,-7.60,1.47
10344.00,-1.07,-6.79,-8.78,-15.33,-15.50,-10.33,-2.50,8.74
10348.00,-1.29,-6.98,-13.39,-12.39,-13.96,-8.94,3.39,13.16
10352.00,-4.49,-9.71,-16.39,-14.11,-8.63,-5.62,5.49,16.54
10356.00,-6.91,-14.80,-14.38,-11.36,-8.40,1.50,13.13,22.40
10360.00,-7.96,-12.68,-13.53,-11.26,-3.84,7.20,16.54,23.24
10364.00,-9.38,-11.69,-10.53,-7.45,0.46,10.53,19.67,25.95
10368.00,-12.60,-13.30,-9.10,-6.49,5.97,14.27,24.07,28.33
10372.00,-12.73,-13.23,-5.78,1.75,8.95,18.24,27.74,29.77
10376.00,-13.07,-7.71,-5.16,4.42,15.69,20.40,26.20,28.71
10380.00,-11.27,-5.29,-2.85,9.18,15.88,25.91,26.06,28.82
10384.00,-8.11,-4.38,1.59,10.19,18.10,26.23,25.50,24.65
10388.00,-8.06,-2.63,6.69,15.63,24.31,26.91,22.97,20.08
10392.00,-4.52,2.51,11.67,16.53,23.21,23.98,23.16,16.82
10396.00,-3.64,8.11,15.34,20.46,22.98,21.43,19.73,13.49
10400.00,3.33,9.40,18.73,19.48,22.81,20.30,14.36,8.41
10404.00,4.69,12.53,16.96,21.41,19.77,18.76,10.85,0.78
10408.00,8.87,15.30,18.41,21.58,20.29,13.80,3.89,-0.74
10412.00,12.78,19.75,20.08,19.98,18.35,11.93,3.43,-5.82
10416.00,13.88,18.97,20.45,16.27,14.60,5.94,-2.54,-9.59
10420.00,13.93,18.88,17.98,15.96,9.84,1.38,-6.93,-9.41
10424.00,18.25,19.76,14.30,14.32,4.39,-2.33,-7.36,-11.62
10428.00,17.21,14.93,15.57,8.60,0.06,-2.50,-8.60,-7.63
10432.00,17.78,17.85,10.83,5.87,1.12,-7.14,-7.68,-9.23
10436.00,16.79,15.38,8.08,1.24,-1.95,-6.24,-10.32,-6.56
10440.00,11.70,10.31,5.57,0.28,-4.01,-5.81,-6.43,-2.10
10444.00,12.48,6.80,0.31,-3.14,-7.55,-9.22,-8.16,-3.87
10448.00,7.71,5.69,0.37,-6.27,-8.79,-8.09,-2.64,-0.24
10452.00,5.32,0.84,-3.63,-7.46,-9.21,-4.31,-2.46,1.92
10456.00,5.26,-0.89,-3.34,-6.74,-6.45,-2.18,0.65,7.40
10460.00,2.97,-3.55,-7.79,-7.85,-2.59,-0.34,4.92,6.32
10464.00,0.65,-2.76,-4.23,-7.94,-4.79,0.56,4.52,7.99
10468.00,-5.18,-7.53,-5.99,-5.75,-0.52,3.70,8.74,9.71
10472.00,-2.40,-7.00,-5.07,-1.25,1.35,3.22,5.27,5.30
10476.00,-5.53,-5.82,-5.34,-2.16,1.54,7.84,8.10,4.48
10480.00,-4.64,-3.69,-2.32,1.36,7.29,4.94,6.21,3.66
10484.00,-7.13,-2.13,0.12,2.45,7.29,4.27,4.85,-2.70
10488.00,-5.99,-1.27,1.86,4.05,7.54,5.96,3.24,-4.17
10492.00,-5.19,1.47,4.54,4.69,7.39,2.94,0.07,-8.24
10496.00,-3.83,0.27,5.38,3.78,4.82,1.07,-2.74,-13.32
10500.00,0.51,1.50,6.11,7.41,4.79,-2.43,-7.69,-13.09
10504.00,3.56,6.61,7.38,4.99,-0.22,-4.12,-12.71,-19.68
10508.00,4.81,3.71,4.51,2.61,-3.53,-8.04,-12.91,-18.18
10512.00,4.79,6.88,3.64,3.37,-5.88,-9.47,-19.58,-18.89
10516.00,2.98,4.82,5.67,-3.52,-5.85,-16.24,-17.49,-19.64
10520.00,3.54,4.50,1.00,-4.23,-9.69,-19.06,-19.92,-22.43
10524.00,4.38,3.60,0.77,-5.03,-15.89,-18.99,-20.81,-16.91
10528.00,5.45,1.84,-5.43,-9.31,-17.79,-21.21,-18.74,-15.59
10532.00,3.58,-1.72,-7.88,-12.53,-19.57,-18.72,-19.13,-13.93
10536.00,-1.08,-4.15,-9.46,-14.63,-21.48,-20.94,-17.63,-5.71
10540.00,0.17,-8.30,-11.77,-16.87,-17.99,-20.37,-14.06,-5.59
10544.00,-3.95,-8.36,-17.13,-17.26,-21.70,-13.64,-8.55,2.82
10548.00,-4.93,-12.68,-19.00,-21.54,-17.09,-13.53,-2.65,5.47
10552.00,-10.04,-12.65,-16.07,-20.83,-15.26,-10.24,0.08,12.02
10556.00,-10.97,-16.11,-16.83,-18.13,-11.06,-4.56,6.53,16.60
10560.00,-14.22,-16.85,-20.47,-15.24,-9.32,0.32,8.36,20.86
10564.00,-16.91,-15.92,-16.00,-13.23,-6.01,5.86,14.52,22.19
10568.00,-18.13,-16.08,-16.94,-8.77,2.14,11.61,15.40,24.02
10572.00,-16.70,-18.85,-12.32,-5.73,6.41,15.45,21.47,23.22
10576.00,-17.55,-13.64,-7.84,-0.96,7.71,14.19,21.27,20.62
10580.00,-16.76,-13.79,-6.56,2.10,13.72,18.64,19.52,18.75
10584.00,-14.06,-9.34,-1.88,9.19,14.28,21.14,19.51,18.33
10588.00,-13.13,-3.53,0.60,9.66,15.40,18.32,20.76,12.82
10592.00,-9.65,-0.75,8.06,15.15,19.73,20.17,13.97,10.14
10596.00,-3.09,2.26,9.20,17.93,20.95,18.57,14.61,4.12
10600.00,-0.12,7.14,12.75,16.63,17.02,16.58,9.37,-0.45
10604.00,1.85,6.33,13.46,18.87,16.54,11.97,2.27,-2.88
10608.00,2.51,11.83,14.22,17.37,11.91,10.32,-0.86,-9.96
10612.00,6.43,12.44,17.94,13.73,11.88,3.66,-1.95,-11.59
10616.00,9.27,15.76,17.04,14.87,9.17,2.67,-8.57,-11.14
10620.00,13.09,12.65,15.57,9.79,2.47,-2.13,-11.48,-15.05
10624.00,10.85,16.44,11.65,5.13,-2.01,-8.87,-12.74,-17.35
10628.00,11.24,14.18,7.38,4.78,-5.19,-8.96,-12.82,-13.96
10632.00,14.59,12.24,4.35,0.25,-5.52,-10.90,-16.41,-13.07
10636.00,12.92,8.55,5.87,-1.92,-7.15,-13.23,-13.66,-12.55
10640.00,8.02,6.84,2.49,-5.36,-10.07,-14.63,-15.93,-10.72
10644.00,8.76,1.39,-1.77,-10.07,-12.64,-13.24,-12.44,-5.64
10648.00,4.07,0.21,-3.90,-8.24,-13.23,-12.31,-9.34,-3.87
10652.00,2.25,-4.78,-7.01,-12.91,-13.22,-8.89,-6.47,-3.34
10656.00,2.05,-5.88,-7.13,-13.99,-11.39,-9.12,-5.90,-2.77
10660.00,-3.06,-7.37,-12.48,-13.32,-8.04,-6.10,-1.60,0.03
10664.00,-2.58,-8.33,-13.12,-12.01,-6.22,-6.36,-2.52,-0.33
10668.00,-4.46,-10.28,-11.38,-6.60,-7.87,-0.13,-1.37,1.51
10672.00,-7.25,-8.85,-10.24,-5.29,-2.64,0.13,1.74,0.16
10676.00,-6.82,-11.60,-7.83,-3.17,0.32,3.27,0.21,-2.24
10680.00,-6.76,-8.94,-5.39,-2.89,-0.77,-0.02,0.99,-0.62
10684.00,-7.56,-8.86,-5.01,0.95,2.67,0.72,0.50,-3.88
10688.00,-5.39,-4.76,-0.32,0.76,2.33,2.36,-2.09,-9.69
10692.00,-5.37,-4.94,0.15,3.17,2.56,-1.76,-7.04,-13.20
10696.00,-3.90,0.29,-0.31,3.43,2.07,-1.69,-7.22,-17.85
10700.00,-4.15,-0.91,3.68,1.99,0.49,-3.46,-13.84,-21.66
10704.00,-3.65,-0.05,1.14,-0.05,-2.77,-10.02,-16.99,-22.17
10708.00,-1.09,3.98,3.53,-1.63,-7.00,-12.32,-19.81,-24.97
10712.00,-0.09,3.67,2.93,-3.85,-6.61,-13.74,-22.71,-25.20
10716.00,3.97,4.58,-2.35,-5.46,-10.69,-17.44,-23.07,-23.54
10720.00,1.62,0.62,-1.85,-6.29,-13.50,-21.01,-26.70,-26.36
10724.00,-0.20,-1.78,-2.59,-9.38,-17.14,-25.17,-24.42,-23.61
10728.00,1.77,-3.90,-7.12,-14.69,-22.60,-25.28,-24.89,-20.90
10732.00,-0.42,-2.01,-10.98,-17.59,-21.85,-25.15,-23.95,-14.11
10736.00,-2.78,-9.37,-12.68,-17.80,-25.09,-21.82,-18.47,-14.38
10740.00,-4.90,-10.94,-16.02,-21.02,-23.98,-20.09,-15.69,-6.65
10744.00,-5.70,-14.80,-18.17,-23.13,-24.27,-20.76,-13.31,-1.16
10748.00,-11.30,-16.94,-22.04,-21.01,-21.97,-15.90,-9.43,2.86
10752.00,-10.62,-15.43,-20.62,-24.26,-20.02,-14.35,-2.06,7.02
10756.00,-14.42,-19.55,-19.38,-19.91,-15.27,-9.23,2.16,10.51
10760.00,-15.60,-21.83,-20.56,-18.63,-9.25,-3.71,5.10,17.38
10764.00,-18.34,-18.66,-20.01,-16.26,-9.36,0.41,11.60,19.23
10768.00,-19.19,-19.51,-18.44,-10.73,-1.05,8.70,14.72,20.47
10772.00,-19.64,-20.20,-14.62,-6.06,1.13,11.92,18.22,21.90
10776.00,-18.68,-17.65,-13.34,-2.96,5.49,12.12,20.76,20.72
10780.00,-16.05,-11.63,-8.07,2.25,10.38,14.09,18.75,15.54
10784.00,-13.94,-9.04,-1.57,3.70,10.28,15.09,16.66,15.10
10788.00,-15.08,-7.43,0.37,9.81,13.95,18.27,14.33,11.52
10792.00,-12.13,-4.52,3.69,11.78,15.92,17.61,13.85,9.29
10796.00,-8.18,1.82,9.66,11.51,17.79,14.28,12.23,4.07
10800.00,-4.83,4.08,9.12,17.45,18.40,11.37,6.67,-3.22
10804.00,-1.88,7.19,10.98,14.21,13.40,12.92,3.54,-5.98
10808.00,5.41,10.05,16.01,16.92,10.70,8.15,-0.67,-9.26
10812.00,4.14,12.12,15.08,12.88,9.99,1.55,-4.00,-11.49
10816.00,7.98,12.51,16.39,13.67,4.32,0.71,-10.05,-12.60
10820.00,9.66,14.20,12.94,7.22,4.87,-6.64,-10.30,-15.90
10824.00,11.41,14.93,9.86,7.49,0.30,-7.02,-12.19,-17.71
10828.00,10.38,11.39,6.94,2.09,-2.65,-11.19,-15.88,-17.62
10832.00,12.53,12.06,6.65,-1.11,-6.53,-14.04,-14.20,-14.94
10836.00,9.03,7.12,4.13,-3.77,-11.18,-11.90,-15.09,-15.74
10840.00,7.95,5.87,1.65,-8.15,-8.88,-16.05,-13.12,-10.41
10844.00,9.54,3.06,-0.80,-8.16,-13.87,-13.45,-13.81,-8.59
10848.00,3.53,-1.64,-3.64,-11.36,-11.46,-12.27,-9.75,-5.38
10852.00,1.53,-4.59,-9.82,-12.14,-14.70,-9.43,-9.05,-1.34
10856.00,2.50,-6.47,-9.07,-13.25,-12.54,-9.67,-4.20,-2.01
10860.00,-1.80,-5.92,-10.62,-11.46,-9.93,-7.38,-1.69,1.85
10864.00,-6.38,-8.16,-11.01,-7.69,-6.23,-1.43,-0.45,1.04
10868.00,-5.96,-9.30,-10.25,-9.74,-4.38,-3.61,0.88,1.85
10872.00,-7.63,-8.69,-8.08,-5.14,-3.46,1.38,0.79,2.09
10876.00,-8.54,-6.60,-5.77,-3.15,1.57,3.88,4.50,-0.29
10880.00,-9.84,-8.35,-5.77,-0.70,1.06,5.10,4.18,-2.34
10884.00,-5.53,-4.79,-1.56,1.05,2.24,2.09,-0.56,-4.79
10888.00,-4.90,-2.35,0.55,1.87,5.55,4.75,-0.83,-6.59
10892.00,-3.65,-2.01,1.61,0.65,1.72,1.07,-4.43,-10.04
10896.00,-1.48,-0.56,3.25,2.48,3.37,0.62,-9.58,-15.96
10900.00,-3.39,1.21,5.34,3.91,3.67,-6.03,-11.69,-19.35
10904.00,1.64,1.03,1.96,0.59,0.30,-7.14,-13.32,-17.84
10908.00,2.18,4.73,1.57,2.17,-5.19,-7.54,-17.03,-22.08
10912.00,0.99,3.68,2.36,-0.19,-7.54,-15.61,-17.81,-23.81
10916.00,5.29,2.05,1.63,-1.34,-6.87,-17.58,-22.41,-21.54
10920.00,6.54,3.21,-2.51,-7.83,-14.40,-16.98,-22.86,-23.57
10924.00,4.69,2.37,-4.48,-10.04,-17.19,-21.38,-20.67,-22.89
10928.00,2.78,-0.04,-5.35,-11.44,-15.87,-23.38,-21.69,-15.23
10932.00,0.74,-0.18,-8.97,-16.44,-21.04,-23.72,-17.69,-12.84
10936.00,-0.14,-5.13,-9.44,-14.27,-18.16,-20.82,-15.54,-8.71
10940.00,-2.97,-8.59,-14.07,-20.66,-21.35,-18.58,-15.26,-3.05
10944.00,-2.16,-10.54,-15.91,-17.35,-21.95,-18.11,-10.22,1.74
10948.00,-8.93,-10.91,-18.44,-19.67,-15.83,-14.07,-2.57,4.58
10952.00,-10.81,-16.82,-18.00,-16.78,-15.03,-10.51,3.20,13.75
10956.00,-11.91,-18.04,-18.69,-15.57,-11.28,-3.85,5.18,17.20
10960.00,-12.03,-17.49,-16.94,-16.67,-7.20,1.51,12.84,18.84
10964.00,-17.61,-19.19,-15.66,-9.21,-3.52,8.13,13.16,24.64
10968.00,-17.17,-15.73,-12.76,-9.14,0.00,8.29,18.56,24.19
10972.00,-15.30,-17.12,-9.38,-5.90,3.84,16.32,22.26,25.67
10976.00,-16.65,-15.13,-9.58,2.92,9.85,18.05,24.95,22.14
10980.00,-12.71,-9.95,-5.64,7.04,12.92,22.04,22.25,23.41
10984.00,-14.83,-6.82,-1.58,8.36,15.08,23.04,20.62,17.25
10988.00,-9.45,-1.67,2.30,14.74,19.22,23.32,19.24,16.22
10992.00,-5.11,2.13,7.54,17.99,19.63,22.04,16.97,11.40
10996.00,-5.51,2.49,12.34,16.81,22.66,18.42,17.08,9.66
11000.00,0.22,9.27,16.26,17.99,21.29,16.34,11.23,4.30
11004.00,2.94,12.54,18.12,17.93,17.96,14.15,5.50,-1.09
11008.00,5.97,15.44,15.77,21.12,16.09,10.61,3.01,-5.46
11012.00,8.30,16.03,18.58,20.19,14.01,5.57,-1.74,-6.14
11016.00,12.69,14.94,17.30,18.51,9.77,5.97,-5.18,-9.57
11020.00,15.17,19.56,19.26,15.04,5.98,1.25,-8.70,-11.73
11024.00,18.03,18.41,17.25,12.54,4.61,-5.26,-8.25,-10.96
11028.00,18.67,17.20,10.69,5.45,0.56,-6.96,-9.04,-9.20
11032.00,18.14,13.63,11.38,3.84,-2.59,-6.70,-11.89,-11.08
11036.00,15.66,12.76,5.24,1.46,-2.99,-6.12,-8.95,-8.63
11040.00,15.69,11.80,6.15,-2.55,-8.29,-7.36,-8.01,-3.07
11044.00,10.11,8.15,-0.54,-4.19,-5.79,-6.75,-8.28,-3.22
11048.00,9.45,5.90,-1.58,-4.46,-8.28,-9.67,-1.94,-1.72
11052.00,7.41,0.84,-4.06,-8.45,-5.57,-4.59,-2.86,3.91
11056.00,6.40,-1.51,-3.80,-8.03,-6.44,-5.21,-0.49,3.48
11060.00,2.21,-3.42,-4.92,-7.46,-6.42,-2.84,1.62,8.00
11064.00,-1.05,-3.89,-6.06,-6.48,-2.73,3.40,4.00,8.03
11068.00,-4.42,-5.41,-4.71,-4.30,0.72,5.00,7.14,9.27
11072.00,-2.26,-5.46,-2.72,-2.14,4.48,6.41,8.47,6.18
11076.00,-3.62,-6.43,-2.56,0.11,6.08,8.62,9.09,5.98
11080.00,-5.46,-2.90,-2.28,3.84,4.48,7.44,6.10,3.84
11084.00,-5.12,-1.72,0.17,4.45,6.14,8.37,5.30,0.72
11088.00,-4.59,-1.13,2.62,4.82,6.76,7.67,2.31,-1.71
11092.00,-2.06,1.22,7.46,6.71,6.90,7.38,0.13,-3.58
11096.00,0.95,5.01,4.97,7.50,7.42,4.11,-2.38,-6.41
11100.00,0.52,5.69,6.21,8.30,4.40,1.95,-3.24,-12.04
11104.00,4.30,9.07,9.38,5.92,2.77,-1.20,-9.72,-14.05
11108.00,6.56,7.82,9.82,5.59,1.78,-2.99,-10.92,-17.48
11112.00,6.61,7.89,8.13,6.08,-0.45,-7.11,-15.13,-16.12
11116.00,9.76,10.76,4.01,-0.23,-2.93,-8.62,-16.62,-18.39
11120.00,9.92,9.51,5.33,-2.38,-8.98,-15.27,-17.58,-18.48
11124.00,7.21,4.32,2.12,-1.83,-11.03,-16.75,-16.66,-14.27
11128.00,5.53,5.92,-3.00,-6.00,-12.88,-16.16,-15.47,-9.28
11132.00,6.85,3.16,-3.41,-9.92,-14.99,-14.86,-13.33,-6.81
11136.00,3.78,1.33,-7.07,-13.42,-14.91,-15.67,-11.74,-2.57
11140.00,0.57,-2.35,-7.68,-11.23,-14.99,-12.54,-5.43,3.05
11144.00,0.26,-7.48,-13.25,-14.60,-15.90,-8.84,-3.39,7.12
11148.00,-2.53,-8.07,-12.70,-12.33,-11.16,-6.97,2.51,12.54
11152.00,-6.94,-10.36,-14.70,-16.33,-10.69,-1.10,6.48,18.78
11156.00,-7.73,-9.77,-16.32,-10.98,-6.33,-0.71,13.94,24.14
11160.00,-10.44,-13.01,-15.34,-11.95,-5.04,6.95,17.79,25.36
11164.00,-10.64,-14.01,-12.94,-6.28,2.14,12.10,19.25,28.64
11168.00,-12.96,-13.83,-9.93,-4.21,3.02,14.42,24.80,31.00
11172.00,-13.13,-13.99,-8.53,0.03,11.85,21.81,24.86,28.41
11176.00,-14.16,-10.40,-2.81,4.55,14.53,23.51,27.20,27.93
11180.00,-9.54,-7.22,1.23,9.66,16.11,22.64,30.42,29.82
11184.00,-9.73,-4.14,2.30,13.02,21.27,26.45,27.90,23.23
11188.00,-4.28,-1.51,7.61,15.62,21.79,25.77,23.73,20.80
11192.00,-1.25,3.70,9.87,20.57,27.14,26.44,25.48,17.52
11196.00,0.71,9.56,15.31,22.62,24.73,26.31,18.32,13.87
11200.00,3.94,10.31,19.72,23.59,26.74,21.79,18.15,9.15
11204.00,5.64,13.21,18.61,25.56,22.44,19.17,13.17,4.85
11208.00,9.95,14.82,24.20,22.26,22.48,16.00,7.02,0.20
11212.00,10.86,20.29,19.93,20.37,19.89,12.20,4.86,-3.61
11216.00,15.95,19.01,24.15,17.77,14.35,10.20,1.54,-5.43
11220.00,17.75,20.07,20.89,18.20,12.49,4.07,-2.46,-4.59
11224.00,20.27,21.22,18.67,14.42,8.83,1.18,-2.78,-7.76
11228.00,21.21,18.73,15.96,11.56,5.55,0.88,-3.29,-6.92
11232.00,21.15,19.37,13.14,6.56,3.50,-3.40,-4.81,-6.23
11236.00,16.20,16.36,11.73,2.73,-1.35,-4.67,-4.50,-4.89
11240.00,17.99,12.76,6.63,3.28,-3.66,-4.50,-2.75,-2.60
11244.00,12.02,10.34,5.68,-1.34,-1.77,-2.80,-2.84,3.16
11248.00,9.66,4.60,0.27,-4.17,-2.89,-3.13,0.42,2.49
11252.00,6.82,4.66,-1.27,-2.07,-2.41,-0.75,4.27,6.84
11256.00,6.86,3.21,-3.25,-5.62,-1.74,0.34,3.36,11.37
11260.00,5.73,0.59,-1.06,-1.34,-0.72,4.57,6.95,10.81
11264.00,1.07,-2.88,-2.17,-4.55,1.41,3.56,9.55,13.57
11268.00,-0.86,-3.78,-5.40,-0.91,4.75,8.79,12.75,11.86
11272.00,-3.56,-1.97,-2.28,-0.58,3.95,7.66,9.01,8.47
11276.00,-0.62,-5.02,-0.00,1.65,8.45,10.66,12.53,8.62
11280.00,-4.45,-2.35,1.83,5.48,8.72,8.49,9.95,7.05
11284.00,-3.39,-2.35,2.55,7.91,10.01,13.02,7.64,3.30
11288.00,-1.39,1.67,4.09,7.09,12.25,8.65,4.43,1.05
11292.00,1.94,4.56,9.04,9.76,9.15,10.03,3.07,-2.96
11296.00,2.60,4.88,7.31,7.77,8.56,6.65,0.62,-5.64
11300.00,2.09,8.52,7.84,8.18,6.08,5.49,-1.21,-10.85
11304.00,5.91,9.10,11.82,8.73,7.50,1.31,-4.21,-12.73
11308.00,7.47,9.34,8.87,8.01,3.29,-1.98,-11.84,-16.90
11312.00,8.31,11.17,9.33,3.34,0.04,-4.19,-12.59,-13.26
11316.00,6.46,9.72,7.59,5.31,-0.71,-10.72,-12.73,-15.96
11320.00,8.29,9.19,6.92,-2.17,-4.92,-14.40,-15.49,-14.28
11324.00,9.47,5.24,4.58,-4.88,-10.66,-12.08,-17.15,-14.21
11328.00,7.22,7.12,-1.40,-8.01,-9.34,-13.64,-15.36,-12.91
11332.00,4.30,2.20,-1.11,-7.43,-13.94,-16.41,-10.84,-5.11
11336.00,3.91,-2.53,-5.18,-9.26,-17.06,-14.09,-9.05,-4.47
11340.00,3.52,-3.75,-7.25,-13.40,-15.35,-13.50,-5.94,1.65
11344.00,-1.60,-4.78,-8.54,-15.00,-16.28,-9.71,-0.53,7.78
11348.00,-1.47,-7.17,-15.28,-13.76,-14.74,-6.17,-0.17,10.35
11352.00,-7.17,-11.92,-14.75,-15.67,-10.75,-1.22,8.45,15.38
11356.00,-7.71,-10.20,-14.66,-13.36,-8.65,1.83,10.89,22.20
11360.00,-9.85,-11.04,-13.60,-9.71,-5.74,5.51,16.13,25.26
11364.00,-11.08,-11.89,-13.38,-5.63,-0.97,12.14,19.02,25.11
11368.00,-14.33,-14.92,-10.34,-4.71,3.37,16.39,25.29,31.08
11372.00,-10.96,-9.78,-6.73,-0.86,7.50,18.63,24.66,28.10
11376.00,-14.31,-7.78,-3.80,1.70,14.94,21.71,27.64,29.02
11380.00,-9.57,-5.63,0.45,10.27,16.09,25.50,29.63,26.85
11384.00,-9.21,-2.64,2.42,11.50,19.30,27.62,26.67,22.06
11388.00,-5.50,-2.79,8.22,17.09,22.90,26.31,25.37,22.10
11392.00,-3.46,1.84,12.97,19.79,25.27,22.56,20.20,13.89
11396.00,-0.82,6.29,14.63,19.47,23.15,21.74,18.17,10.36
11400.00,1.93,11.34,18.08,19.62,23.89,19.86,12.39,7.87
11404.00,3.80,11.19,20.65,22.63,24.05,16.14,8.97,4.58
11408.00,6.31,17.89,19.29,22.60,18.43,13.28,8.25,-3.48
11412.00,12.93,16.61,18.19,19.05,17.97,9.34,2.79,-7.10
11416.00,12.73,18.01,18.96,16.38,14.87,7.81,-0.47,-6.60
11420.00,16.83,21.32,16.61,13.00,7.18,0.88,-6.21,-9.96
11424.00,15.02,18.09,15.77,12.19,7.46,-3.12,-7.90,-10.99
11428.00,19.42,16.88,11.82,8.50,0.62,-2.32,-10.60,-8.24
11432.00,15.03,16.38,12.41,5.97,-2.60,-8.85,-8.98,-8.64
11436.00,16.54,11.62,9.55,-0.53,-3.36,-5.37,-9.90,-6.55
11440.00,12.35,11.90,3.91,-0.95,-5.14,-7.69,-8.18,-7.00
11444.00,11.95,6.28,2.98,-5.82,-6.50,-9.31,-6.43,-1.98
11448.00,7.01,2.17,-2.28,-6.74,-7.06,-7.28,-4.76,-0.11
11452.00,6.02,3.10,-5.28,-7.27,-6.79,-5.48,-0.01,3.22
11456.00,2.39,-2.37,-6.56,-8.30,-6.71,-5.60,-0.06,6.05
11460.00,2.43,-0.74,-5.29,-8.84,-3.70,-0.68,4.20,7.91
11464.00,-2.15,-6.16,-4.75,-8.05,-2.87,2.10,4.63,7.92
11468.00,-4.42,-6.75,-8.05,-2.70,0.35,4.00,7.76,8.08
11472.00,-4.93,-4.64,-6.07,-2.79,-1.30,3.21,8.31,5.19
11476.00,-7.03,-4.67,-6.06,-2.23,4.75,7.43,6.43,5.03
11480.00,-6.75,-2.45,-0.78,1.02,2.39,6.86,7.72,0.65
11484.00,-5.59,-5.19,1.88,4.57,4.49,7.52,5.77,-2.16
11488.00,-4.86,-0.79,1.45,6.73,8.78,3.99,-0.28,-1.79
11492.00,-1.12,1.22,4.56,8.25,6.12,6.13,0.03,-6.44
11496.00,-3.75,0.38,5.08,4.72,4.32,3.65,-4.50,-11.39
11500.00,0.08,5.59,6.10,8.31,2.78,0.64,-8.17,-13.91
11504.00,3.38,2.47,6.54,2.84,2.79,-1.69,-12.05,-15.82
11508.00,4.73,6.35,3.28,2.27,-1.14,-9.23,-16.14,-20.60
11512.00,5.09,4.95,6.92,3.02,-2.79,-12.00,-18.36,-22.37
11516.00,2.96,2.99,1.31,-1.18,-5.20,-16.60,-21.47,-19.09
11520.00,6.48,3.77,0.50,-3.62,-10.91,-17.86,-22.74,-20.42
11524.00,3.13,2.87,-3.24,-5.62,-14.15,-21.17,-20.84,-17.43
11528.00,4.75,2.84,-2.37,-12.58,-16.09,-18.49,-21.03,-15.11
11532.00,0.54,-0.27,-8.71,-14.52,-19.22,-22.52,-17.99,-11.31
11536.00,-0.59,-2.98,-9.21,-15.48,-21.85,-20.79,-16.48,-7.72
11540.00,0.14,-4.83,-11.94,-16.04,-19.08,-18.99,-13.39,-2.81
11544.00,-5.57,-7.50,-14.42,-17.67,-21.69,-16.95,-10.64,-0.60
11548.00,-6.50,-14.88,-15.95,-21.35,-16.05,-10.81,-2.05,7.27
11552.00,-11.75,-14.31,-17.43,-16.84,-15.35,-9.57,-0.83,11.59
11556.00,-13.42,-18.38,-20.72,-15.75,-10.62,-6.13,7.42,15.74
11560.00,-15.47,-15.39,-18.13,-17.59,-7.01,1.79,11.31,19.39
11564.00,-14.99,-16.77,-19.46,-11.04,-4.17,3.72,13.30,20.72
11568.00,-17.44,-15.57,-13.35,-10.83,0.00,9.30,19.29,22.28
11572.00,-19.28,-18.59,-14.17,-3.30,6.11,11.93,21.90,23.56
11576.00,-16.62,-14.49,-6.93,-2.93,7.55,16.80,21.10,20.44
11580.00,-14.52,-11.53,-4.04,4.71,13.35,18.22,19.25,20.83
11584.00,-16.49,-6.74,-2.09,9.52,16.75,19.03,18.35,17.69
11588.00,-12.87,-3.95,0.53,11.86,14.94,18.43,16.87,15.37
11592.00,-8.44,-3.90,5.94,15.65,19.17,17.13,14.12,10.28
11596.00,-5.70,0.18,8.61,15.88,20.34,20.17,12.93,3.96
11600.00,-1.92,5.33,11.45,17.55,17.00,14.75,7.06,0.45
11604.00,3.56,7.96,16.19,18.58,16.29,13.19,4.55,-1.61
11608.00,3.93,9.68,14.57,14.45,16.02,7.15,0.28,-7.43
11612.00,6.16,13.18,16.45,15.46,10.67,6.09,-4.45,-13.05
11616.00,7.63,13.30,13.83,11.13,5.87,-0.64,-5.67,-12.97
11620.00,11.28,12.43,16.21,12.01,3.88,-3.85,-8.74,-15.36
11624.00,13.39,14.19,11.19,5.78,-1.11,-8.40,-10.22,-17.25
11628.00,13.76,14.70,10.80,5.57,-2.00,-12.10,-14.76,-15.62
11632.00,13.34,8.73,7.38,-0.81,-6.79,-13.71,-12.52,-16.16
11636.00,11.72,8.10,3.30,-2.01,-9.99,-15.54,-14.79,-13.53
11640.00,12.12,4.47,-1.27,-3.97,-13.26,-14.09,-14.51,-11.56
11644.00,6.15,3.64,-4.19,-9.05,-11.24,-13.99,-9.71,-7.89
11648.00,4.51,-1.41,-4.55,-9.31,-12.12,-12.15,-10.74,-4.52
11652.00,1.75,-2.87,-9.24,-11.65,-14.54,-11.28,-5.08,-3.01
11656.00,-1.44,-7.19,-7.51,-9.70,-13.28,-10.23,-4.49,-0.11
11660.00,-0.34,-6.55,-10.18,-13.70,-8.42,-5.30,-3.37,-0.94
11664.00,-3.31,-9.55,-8.83,-12.27,-6.78,-3.74,0.68,1.55
11668.00,-8.21,-8.64,-12.28,-7.86,-6.11,-2.72,1.76,0.40
11672.00,-9.96,-7.62,-9.42,-4.95,-5.44,-1.14,1.00,-0.43
11676.00,-10.66,-10.24,-10.02,-4.32,-0.77,0.07,2.34,1.68
11680.00,-7.25,-10.19,-7.72,-0.90,1.98,1.28,-0.37,-0.39
11684.00,-8.17,-8.82,-4.42,-1.84,3.11,0.15,1.12,-6.18
11688.00,-6.36,-5.47,-2.12,0.79,0.38,-0.08,-3.34,-10.46
11692.00,-7.83,-2.40,0.04,3.76,0.49,-0.28,-7.31,-11.09
11696.00,-3.64,-0.22,-0.13,3.10,0.21,-4.39,-6.69,-15.73
11700.00,-2.69,-0.25,2.99,1.58,-1.97,-5.41,-11.03,-20.05
11704.00,-3.63,0.39,2.68,2.21,-1.59,-6.74,-15.46,-20.98
11708.00,-0.49,2.34,2.63,-1.84,-7.34,-10.53,-18.02,-24.88
11712.00,2.01,4.56,2.03,-1.66,-10.58,-15.11,-19.38,-23.21
11716.00,1.64,-0.04,0.36,-5.46,-12.74,-18.75,-24.57,-25.11
11720.00,2.13,1.41,-4.03,-10.05,-12.56,-21.67,-23.89,-25.50
11724.00,2.74,0.49,-5.34,-10.12,-17.56,-24.96,-23.99,-22.30
11728.00,0.35,-3.75,-8.01,-13.00,-17.86,-25.33,-23.55,-17.96
11732.00,0.75,-3.33,-9.41,-15.67,-20.78,-22.05,-22.18,-15.79
11736.00,-2.04,-9.22,-10.89,-17.06,-21.12,-24.65,-17.60,-10.49
11740.00,-3.70,-7.96,-18.46,-21.40,-21.02,-19.59,-18.62,-7.02
11744.00,-5.52,-10.67,-18.16,-22.92,-24.31,-20.74,-14.28,-4.37
11748.00,-10.14,-15.08,-17.88,-23.81,-20.56,-17.73,-8.97,3.68
11752.00,-13.26,-15.67,-22.92,-20.78,-17.18,-14.27,-2.15,5.51
11756.00,-14.31,-16.91,-22.74,-19.10,-13.74,-9.41,3.83,10.71
11760.00,-18.80,-19.50,-21.66,-17.92,-12.24,-0.22,8.18,16.90
11764.00,-17.01,-19.16,-18.19,-15.65,-9.18,4.35,10.70,19.54
11768.00,-19.19,-17.90,-17.42,-11.90,-0.80,8.33,15.88,21.23
11772.00,-21.47,-17.60,-12.33,-7.29,1.06,12.80,15.15,21.50
11776.00,-20.43,-18.72,-10.07,-2.74,5.69,11.83,16.76,21.30
11780.00,-17.72,-13.87,-9.53,-0.74,11.39,17.47,17.16,18.36
11784.00,-17.97,-9.45,-1.66,3.48,15.05,18.03,17.93,15.24
11788.00,-13.56,-7.71,3.16,9.44,16.21,18.84,16.65,13.62
11792.00,-8.79,-1.88,2.28,9.60,18.19,16.82,15.97,5.20
11796.00,-4.99,-0.15,6.72,15.92,16.28,18.32,13.04,3.99
11800.00,-2.57,4.12,10.04,16.21,14.51,15.95,5.34,-0.82
11804.00,1.20,6.21,13.26,15.49,12.69,12.61,0.67,-5.62
11808.00,1.48,9.17,11.76,16.77,12.85,7.93,-1.22,-7.29
11812.00,8.99,10.17,13.74,12.40,11.38,1.65,-5.54,-13.52
11816.00,9.71,13.24,15.25,12.89,6.99,-0.94,-9.59,-15.49
11820.00,10.67,14.56,15.40,10.56,5.16,-6.95,-10.12,-18.25
11824.00,12.99,12.17,13.21,8.20,1.54,-8.11,-13.10,-17.99
11828.00,11.75,14.70,8.69,4.97,-4.56,-11.31,-13.65,-15.86
11832.00,14.71,8.18,5.51,1.68,-7.77,-11.35,-14.32,-16.39
11836.00,12.91,8.38,3.40,-5.86,-11.30,-13.05,-14.23,-12.55
11840.00,7.78,8.19,2.42,-4.90,-13.78,-13.87,-13.66,-12.45
11844.00,5.37,3.31,-4.20,-10.29,-10.89,-15.87,-11.85,-10.07
11848.00,7.19,-1.40,-3.37,-11.67,-14.79,-12.01,-7.65,-6.17
11852.00,0.71,-1.59,-6.40,-13.45,-12.36,-9.69,-4.98,-0.46
11856.00,0.11,-3.79,-9.99,-9.17,-10.97,-8.66,-4.41,-0.11
11860.00,-1.00,-6.92,-11.52,-10.87,-8.38,-6.61,-3.37,-0.00
11864.00,-5.13,-6.12,-9.31,-12.35,-5.79,-2.41,2.33,0.27
11868.00,-5.64,-7.53,-8.54,-8.70,-3.75,-3.02,2.12,1.82
11872.00,-7.70,-8.80,-8.91,-5.11,-5.21,2.25,2.41,1.30
11876.00,-7.75,-9.30,-9.47,-5.72,-2.99,3.08,3.42,-0.86
11880.00,-9.77,-9.46,-7.09,-3.64,-0.24,3.91,4.19,-2.49
11884.00,-6.54,-5.01,-3.64,-1.10,4.03,4.83,2.02,-2.07
11888.00,-7.44,-7.15,-3.52,3.95,4.85,4.68,0.31,-6.83
11892.00,-4.36,-1.16,2.51,1.04,2.33,2.00,-6.08,-10.04
11896.00,-1.37,-1.86,1.34,6.04,3.62,-1.87,-6.70,-14.13
11900.00,-3.37,2.61,2.49,3.32,-0.61,-5.77,-10.87,-19.93
11904.00,-1.24,4.41,6.07,3.26,-0.91,-7.37,-12.94,-20.67
11908.00,-0.53,5.19,4.99,2.86,-3.01,-8.28,-16.83,-22.78
11912.00,0.39,5.12,0.66,-0.33,-8.34,-11.87,-21.80,-22.26
11916.00,4.96,4.82,2.92,-3.11,-10.28,-16.41,-20.38,-23.94
11920.00,6.63,1.58,-1.50,-4.50,-11.65,-20.88,-20.63,-19.98
11924.00,5.32,3.59,-2.91,-10.64,-14.28,-22.64,-24.45,-20.43
11928.00,1.51,-1.45,-3.25,-10.69,-16.14,-23.81,-21.21,-16.69
11932.00,2.81,0.06,-10.28,-12.18,-17.79,-21.39,-18.78,-15.41
11936.00,0.95,-3.89,-12.56,-18.81,-22.81,-20.70,-17.26,-11.35
11940.00,-4.24,-9.75,-14.68,-18.90,-18.46,-18.50,-15.17,-4.23
11944.00,-5.05,-9.90,-13.65,-19.55,-19.70,-14.88,-8.02,1.21
11948.00,-4.48,-10.70,-17.50,-20.41,-19.18,-13.36,-3.92,6.78
11952.00,-11.50,-16.11,-20.78,-17.18,-17.75,-6.41,3.52,11.32
11956.00,-13.74,-14.94,-19.94,-19.18,-10.73,-4.87,7.63,14.36
11960.00,-11.34,-17.43,-17.75,-12.42,-7.43,-0.28,10.91,19.42
11964.00,-14.89,-15.07,-15.70,-9.27,-4.41,7.54,15.21,23.73
11968.00,-16.73,-15.76,-12.92,-9.88,-0.93,11.53,18.55,25.12
11972.00,-16.55,-17.46,-10.66,-5.68,4.21,15.26,21.16,26.32
11976.00,-16.64,-13.34,-7.92,-0.61,11.78,17.35,24.43,25.51
11980.00,-13.07,-12.35,-2.75,5.64,14.83,19.62,22.35,20.78
11984.00,-10.23,-5.36,1.64,7.60,16.78,22.89,21.29,19.83
11988.00,-8.29,-5.91,5.82,10.61,17.45,21.63,23.18,17.13
11992.00,-9.00,-0.86,7.76,15.48,21.25,23.54,17.13,13.02
11996.00,-4.62,3.04,10.52,17.53,22.88,22.21,15.95,7.06
12000.00,-1.72,6.01,15.05,21.69,20.45,16.01,13.68,1.29
12004.00,1.13,10.87,17.02,19.49,20.09,17.11,9.33,-0.41
12008.00,7.31,14.80,20.15,17.84,19.15,9.94,3.27,-6.53
12012.00,12.29,18.14,18.05,18.06,16.53,5.49,0.98,-6.16
12016.00,13.88,18.51,17.07,17.47,11.04,4.98,-4.48,-10.05
12020.00,16.74,15.20,17.69,13.48,9.68,-1.93,-5.78,-12.04
12024.00,16.67,17.13,15.64,11.98,2.99,-5.18,-10.28,-12.31
12028.00,18.68,14.30,14.24,7.02,-0.14,-3.15,-11.70,-10.74
12032.00,14.03,12.66,9.68,2.83,-0.03,-7.67,-8.19,-10.53
12036.00,16.54,14.30,6.14,1.51,-5.85,-9.86,-10.11,-6.94
12040.00,15.75,9.95,3.91,-0.35,-7.42,-8.33,-8.16,-3.83
12044.00,10.55,8.95,3.72,-1.42,-6.13,-7.48,-6.50,-1.80
12048.00,10.81,6.13,-0.64,-6.11,-6.53,-9.18,-6.28,1.39
12052.00,8.19,3.04,-4.26,-8.95,-8.47,-3.40,-1.10,4.22
12056.00,5.07,1.01,-6.34,-6.35,-5.42,-3.39,0.94,3.96
12060.00,1.40,-3.17,-6.02,-6.97,-2.86,-1.46,4.27,9.00
12064.00,-1.35,-3.67,-6.31,-6.39,-4.69,2.63,4.63,6.71
12068.00,-3.66,-3.13,-4.64,-4.13,-1.81,5.73,5.94,10.98
12072.00,-5.56,-2.83,-4.50,-2.32,4.59,7.65,8.79,6.61
12076.00,-3.93,-4.58,-2.09,-1.72,4.63,7.03,8.14,4.92
12080.00,-4.66,-3.24,-3.05,2.10,6.44,9.90,9.42,2.62
12084.00,-1.68,0.11,-0.74,5.63,8.42,8.80,4.40,-0.53
12088.00,-1.61,-2.58,4.85,6.86,6.79,6.57,3.06,-0.54
12092.00,-3.57,2.02,7.50,6.78,8.51,5.63,3.16,-3.08
12096.00,1.62,4.10,7.10,10.01,8.67,4.17,0.17,-9.15
12100.00,2.63,6.59,8.23,6.34,6.36,1.64,-6.95,-11.80
12104.00,4.89,8.56,10.62,7.50,2.24,-2.43,-8.30,-13.37
12108.00,4.50,6.05,6.24,6.67,3.87,-3.92,-10.45,-14.43
12112.00,9.11,7.25,5.57,3.77,-3.21,-8.37,-15.53,-15.41
12116.00,9.62,10.82,8.39,2.86,-3.76,-9.81,-14.60,-19.13
12120.00,7.88,9.39,6.62,1.05,-5.65,-11.05,-17.19,-16.51
12124.00,5.91,8.01,0.20,-2.67,-10.29,-15.82,-16.88,-15.46
12128.00,8.19,4.21,-1.61,-5.63,-12.91,-15.57,-15.95,-10.37
12132.00,4.35,2.51,-2.19,-11.06,-15.35,-15.81,-12.38,-6.71
12136.00,5.13,-2.03,-4.74,-14.21,-13.16,-14.61,-9.39,-2.10
12140.00,2.32,-4.60,-8.98,-12.09,-15.93,-15.68,-5.90,4.02
12144.00,-2.19,-5.29,-10.89,-15.80,-15.48,-9.31,-2.10,5.53
12148.00,-4.78,-7.63,-14.07,-13.59,-11.21,-6.22,-0.47,10.34
12152.00,-6.19,-9.11,-16.20,-14.53,-9.55,-1.37,4.95,18.41
12156.00,-5.72,-13.80,-11.65,-10.60,-5.86,-1.02,13.26,23.98
12160.00,-8.87,-13.22,-11.57,-11.51,-4.46,4.68,17.73,23.36
12164.00,-9.80,-14.86,-14.42,-5.11,-0.55,8.72,20.18,28.15
12168.00,-14.12,-14.54,-10.00,-1.40,3.92,14.34,23.87,31.73
12172.00,-12.93,-10.50,-9.28,2.10,12.39,18.20,27.07,32.38
12176.00,-11.70,-11.87,-3.86,3.21,12.39,23.05,29.68,29.99
12180.00,-12.55,-8.65,0.14,8.43,18.71,27.56,29.69,27.74
12184.00,-7.64,-5.37,6.00,11.64,21.54,28.80,28.40,22.53
12188.00,-8.17,-0.02,10.73,15.77,21.97,26.43,27.33,23.65
12192.00,-5.42,5.63,11.92,17.47,26.06,28.90,26.06,19.32
12196.00,0.03,6.81,18.01,20.44,27.33,23.82,22.64,13.64
12200.00,4.01,11.06,18.23,23.86,23.41,23.77,15.13,7.95
12204.00,8.64,15.53,22.97,23.16,24.28,20.47,12.99,5.74
12208.00,8.87,17.60,20.63,25.77,19.58,15.73,10.71,-0.79
12212.00,13.91,18.84,23.42,22.17,17.84,10.28,6.07,-4.08
12216.00,13.51,21.17,23.96,20.00,13.96,10.58,0.87,-2.50
12220.00,15.49,21.73,18.89,17.06,10.53,5.38,-2.16,-6.28
12224.00,18.27,22.51,20.82,16.50,8.64,1.01,-2.18,-5.74
12228.00,18.96,20.46,18.24,11.40,6.86,-0.72,-7.83,-5.81
12232.00,18.04,17.54,13.96,8.30,-0.63,-5.70,-5.33,-3.88
12236.00,15.43,17.55,8.20,5.12,-0.09,-5.68,-4.89,-1.60
12240.00,18.39,11.09,7.67,-0.22,-3.00,-5.78,-4.17,-2.28
12244.00,12.05,12.16,5.84,-1.50,-2.77,-4.70,-1.65,1.15
12248.00,11.54,7.83,3.60,-0.13,-6.64,-3.81,-2.86,5.54
12252.00,9.74,5.54,0.33,-2.03,-4.48,0.19,0.10,9.02
12256.00,6.10,-0.48,-4.31,-1.70,-3.19,-1.19,2.10,8.59
12260.00,5.58,-1.77,-4.96,-2.38,-1.03,2.52,7.30,9.28
12264.00,2.37,-1.17,-5.74,-0.63,-1.45,4.39,10.13,13.59
12268.00,-0.86,-4.91,-4.01,1.08,3.38,8.97,9.89,11.05
12272.00,-1.46,-4.42,-0.37,1.77,4.52,9.57,12.47,12.30
12276.00,-1.91,-3.75,-2.27,3.70,7.40,8.54,9.34,10.97
12280.00,-4.55,-3.18,0.02,4.01,9.65,12.30,12.68,6.79
12284.00,-1.13,1.87,2.29,5.95,12.28,12.05,7.46,4.93
12288.00,-0.83,2.57,6.42,10.87,11.88,12.29,6.01,0.07
12292.00,-0.50,3.77,6.18,8.59,11.15,8.80,3.95,-1.10
12296.00,3.94,3.79,9.30,10.96,12.18,4.83,0.44,-8.31
12300.00,4.40,4.52,11.42,11.52,7.74,1.45,-2.04,-11.22
12304.00,3.91,9.09,12.16,8.88,4.20,2.35,-6.95,-13.96
12308.00,5.13,8.81,10.77,7.15,4.29,-3.14,-7.06,-16.46
12312.00,9.24,11.72,10.42,7.77,0.36,-4.11,-11.66,-17.93
12316.00,7.06,10.75,9.72,4.36,-5.06,-10.53,-14.96,-16.23
12320.00,7.62,10.15,7.60,-1.97,-6.07,-12.35,-14.75,-14.45
12324.00,9.87,6.12,3.24,-2.82,-8.90,-13.41,-13.91,-14.02
12328.00,6.46,3.27,-0.30,-7.37,-11.03,-14.71,-16.68,-12.57
12332.00,8.22,0.31,-3.57,-6.76,-12.77,-14.99,-11.17,-7.23
12336.00,7.08,0.50,-5.36,-10.30,-15.49,-14.97,-10.37,-2.29
12340.00,4.04,-2.60,-8.01,-11.15,-15.48,-12.36,-8.18,4.91
12344.00,2.17,-7.32,-9.46,-11.96,-16.51,-9.45,-5.28,9.93
12348.00,-2.71,-9.86,-11.88,-15.23,-10.57,-4.95,0.04,13.04
12352.00,-7.47,-11.84,-15.91,-15.70,-10.12,-5.24,5.26,18.33
12356.00,-7.30,-13.71,-15.64,-10.41,-5.00,-1.17,13.17,21.55
12360.00,-10.89,-13.38,-13.59,-9.31,-3.46,6.29,16.03,26.08
12364.00,-12.28,-11.68,-12.72,-9.85,-0.89,10.10,18.07,29.65
12368.00,-13.78,-14.97,-10.62,-4.10,6.20,16.76,21.57,28.37
12372.00,-14.23,-14.02,-7.61,1.93,10.92,17.46,25.46,26.96
12376.00,-14.50,-12.04,-3.26,2.51,14.96,20.35,25.12,27.93
12380.00,-10.49,-8.06,0.20,7.87,18.74,22.97,25.29,25.45
12384.00,-8.39,-2.70,0.97,11.01,21.14,23.95,25.83,25.92
12388.00,-9.76,-2.93,8.88,14.96,20.05,26.80,22.75,22.32
12392.00,-4.02,3.05,11.15,20.68,23.94,24.51,24.40,15.34
12396.00,-1.59,6.39,16.10,21.65,25.89,24.88,20.37,11.05
12400.00,1.75,9.22,15.17,19.67,21.80,21.69,13.91,8.49
12404.00,4.85,10.57,17.82,20.77,20.19,16.82,9.14,3.45
12408.00,6.37,15.06,18.51,23.32,21.22,12.93,7.89,-0.63
12412.00,12.71,15.87,20.11,18.45,14.80,8.21,1.92,-5.14
12416.00,14.21,18.58,22.51,18.43,11.66,5.87,-0.72,-5.50
12420.00,18.13,17.16,19.23,13.43,10.22,2.50,-3.88,-10.53
12424.00,15.30,18.37,15.81,14.25,3.31,1.09,-9.13,-12.04
12428.00,15.42,16.56,14.32,9.95,1.65,-5.81,-9.24,-9.27
12432.00,14.90,15.37,12.79,3.65,0.96,-7.58,-6.85,-6.80
12436.00,18.19,11.42,8.41,2.20,-3.61,-9.37,-7.39,-5.93
12440.00,13.22,8.20,6.95,-2.42,-5.96,-6.17,-5.93,-5.29
12444.00,12.67,5.19,-0.03,-1.13,-7.10,-7.51,-4.90,-3.27
12448.00,8.19,4.75,1.34,-4.37,-9.47,-8.86,-4.46,2.35
12452.00,5.66,1.32,-2.75,-6.18,-9.74,-6.69,-2.45,1.26
12456.00,3.93,1.21,-4.05,-9.42,-7.53,-1.38,2.71,3.54
12460.00,1.21,-0.83,-7.01,-7.55,-3.10,-1.94,2.13,5.35
12464.00,-1.98,-5.92,-7.64,-7.66,-2.65,1.89,5.27,6.31
12468.00,-2.06,-6.09,-5.23,-4.10,0.65,0.89,7.64,7.75
12472.00,-4.00,-4.29,-5.89,-0.61,1.65,6.00,8.52,6.88
12476.00,-4.23,-7.23,-4.14,-1.19,3.51,5.76,9.41,4.28
12480.00,-7.56,-6.38,-4.55,1.93,4.17,4.66,7.72,5.02
12484.00,-5.89,-3.66,-2.16,1.70,7.11,4.53,3.95,-0.63
12488.00,-5.54,-1.05,0.35,6.15,7.08,3.95,0.62,-5.92
12492.00,-4.73,-0.95,1.51,7.57,6.89,2.31,1.07,-8.95
12496.00,-1.03,-0.37,4.80,5.18,5.80,0.10,-4.09,-9.58
12500.00,0.17,4.12,5.75,7.84,6.28,1.05,-6.56,-13.50
12504.00,2.49,5.89,7.19,3.46,2.82,-4.34,-9.07,-18.76
12508.00,2.34,4.80,5.75,3.71,0.46,-8.63,-15.74,-19.22
12512.00,5.96,7.71,5.08,3.52,-6.20,-9.73,-16.34,-21.57
12516.00,5.75,6.84,2.00,1.08,-9.01,-13.63,-17.33,-22.90
12520.00,4.35,3.42,2.88,-5.20,-12.09,-17.16,-20.14,-21.37
12524.00,5.66,4.70,0.64,-8.98,-13.62,-18.51,-22.06,-20.47
12528.00,5.24,2.08,-1.91,-12.40,-18.86,-19.38,-22.35,-15.09
12532.00,3.34,0.07,-7.76,-15.49,-18.62,-19.00,-18.03,-14.45
12536.00,-0.30,-3.02,-8.79,-16.20,-20.27,-20.48,-13.95,-7.29
12540.00,-0.25,-5.50,-11.59,-17.32,-18.36,-20.04,-10.23,-1.73
12544.00,-3.59,-7.64,-16.20,-17.13,-17.64,-13.82,-6.86,0.95
12548.00,-7.56,-12.80,-18.52,-20.88,-20.14,-11.44,-5.42,8.60
12552.00,-9.94,-13.91,-17.06,-19.66,-16.27,-8.32,3.37,10.07
12556.00,-12.53,-16.40,-16.75,-18.53,-14.96,-3.04,7.80,16.23
12560.00,-13.28,-16.59,-17.48,-17.58,-7.43,1.68,10.64,21.17
12564.00,-15.24,-20.22,-17.49,-12.12,-5.76,3.24,13.11,21.65
12568.00,-18.37,-17.36,-17.35,-10.10,-0.57,8.38,16.62,24.09
12572.00,-16.44,-15.13,-14.66,-5.32,6.44,11.01,20.12,22.19
12576.00,-15.24,-14.85,-7.62,-0.10,8.69,15.66,22.15,19.93
12580.00,-13.92,-13.48,-4.48,2.07,10.34,16.17,20.56,22.63
12584.00,-12.89,-10.85,-0.50,6.96,15.67,20.77,20.01,17.24
12588.00,-13.41,-4.17,1.02,11.71,15.55,19.11,17.61,11.49
12592.00,-6.92,0.57,4.60,11.87,18.14,21.39,14.08,9.14
12596.00,-6.21,0.90,7.20,14.31,17.39,18.04,12.28,3.21
12600.00,-3.85,7.67,13.24,15.41,20.02,14.81,10.79,-0.13
12604.00,-0.94,6.49,14.47,19.29,16.64,10.84,2.58,-4.69
12608.00,4.30,10.23,15.21,16.34,13.36,8.81,-0.64,-8.33
12612.00,7.92,11.09,14.87,14.76,11.39,3.78,-5.27,-9.33
12616.00,7.63,12.96,13.33,13.75,8.77,-1.30,-5.39,-14.74
12620.00,10.08,15.50,13.99,9.67,3.28,-1.13,-12.33,-16.70
12624.00,12.21,15.37,11.50,7.10,0.91,-8.03,-12.16,-17.66
12628.00,12.24,13.28,8.05,5.40,-4.43,-7.97,-11.68,-15.04
12632.00,12.84,10.72,8.46,1.67,-5.33,-10.76,-12.47,-15.29
12636.00,14.28,6.98,2.09,-3.38,-9.99,-12.95,-12.52,-12.66
12640.00,9.48,4.44,1.04,-8.41,-11.17,-12.65,-14.54,-9.16
12644.00,8.89,1.92,-4.43,-6.79,-13.62,-15.52,-9.84,-8.32
12648.00,4.08,1.01,-7.49,-12.69,-11.78,-10.77,-10.70,-5.56
12652.00,0.33,-1.67,-10.02,-9.65,-12.17,-10.75,-7.20,-1.10
12656.00,-1.24,-7.40,-7.15,-10.62,-12.53,-6.44,-2.68,-1.78
12660.00,-3.58,-8.40,-12.69,-12.91,-11.64,-5.13,-2.99,1.13
12664.00,-6.93,-9.63,-10.30,-10.94,-8.00,-2.40,-2.07,4.13
12668.00,-6.21,-10.18,-10.03,-8.47,-3.72,-3.42,-0.73,0.05
12672.00,-5.90,-8.67,-9.41,-6.76,-3.55,-0.82,0.10,2.56
12676.00,-10.81,-7.49,-6.11,-6.20,-0.27,1.16,-0.29,-2.48
12680.00,-7.09,-6.35,-5.86,-0.72,-0.75,0.64,-1.45,-5.21
12684.00,-8.80,-5.78,-6.19,-2.74,1.55,2.61,-1.82,-8.14
12688.00,-8.68,-5.59,-0.72,0.84,4.08,0.23,-2.09,-6.88
12692.00,-5.41,-4.36,-2.75,0.29,4.37,-2.58,-8.16,-13.23
12696.00,-4.07,-3.84,-1.42,0.43,0.11,-4.68,-7.57,-14.45
12700.00,-2.63,-1.63,-0.36,2.24,-0.83,-4.08,-10.60,-18.49
12704.00,-1.67,1.88,4.55,1.45,-1.68,-8.67,-13.82,-20.80
12708.00,2.24,1.47,1.15,-0.06,-3.02,-14.13,-19.06,-25.41
12712.00,-0.13,4.03,2.68,-4.77,-8.92,-16.57,-19.31,-27.11
12716.00,1.85,3.29,-1.58,-6.69,-9.41,-19.33,-23.14,-25.59
12720.00,3.07,1.08,-2.70,-9.00,-12.53,-20.51,-23.34,-23.69
12724.00,0.67,-0.69,-6.52,-11.75,-15.84,-22.84,-22.98,-20.88
12728.00,3.62,-4.30,-6.80,-13.44,-17.70,-26.19,-25.01,-21.36
12732.00,0.25,-3.70,-8.35,-16.13,-23.50,-25.70,-24.14,-14.32
12736.00,-1.96,-5.78,-15.42,-18.42,-21.55,-24.85,-18.51,-12.41
12740.00,-5.38,-10.94,-15.80,-21.93,-23.86,-20.11,-18.53,-5.25
12744.00,-8.75,-14.46,-17.85,-24.38,-22.69,-19.85,-12.82,-0.71
12748.00,-9.09,-15.90,-20.53,-21.63,-23.57,-13.41,-8.41,1.00
12752.00,-12.35,-17.49,-19.65,-22.28,-18.75,-11.83,-1.93,5.62
12756.00,-16.15,-17.54,-21.46,-21.12,-15.80,-6.22,3.64,13.37
12760.00,-15.69,-19.30,-21.67,-15.73,-10.68,-4.68,7.20,13.96
12764.00,-19.04,-18.01,-17.02,-15.07,-5.85,2.65,9.40,18.47
12768.00,-18.35,-17.33,-19.57,-11.65,-4.92,6.23,12.52,21.93
12772.00,-18.15,-16.56,-14.42,-7.91,1.40,12.04,14.98,18.98
12776.00,-20.93,-16.98,-9.51,-0.96,4.99,15.08,20.58,19.83
12780.00,-17.60,-13.98,-5.03,-0.22,11.74,15.22,17.41,17.94
12784.00,-14.09,-9.82,-0.70,3.45,14.41,15.71,17.82,16.87
12788.00,-13.61,-8.64,0.86,10.91,14.79,19.03,16.15,9.10
12792.00,-8.30,-1.77,5.62,10.14,17.45,18.66,13.38,5.13
12796.00,-9.20,1.66,10.31,15.66,18.47,14.57,11.63,2.43
12800.00,-3.02,4.62,8.46,17.00,16.62,15.95,9.21,-0.92
12804.00,0.04,7.66,14.72,15.92,17.32,11.69,1.69,-5.39
12808.00,3.83,9.43,15.74,15.96,13.75,7.05,1.22,-8.49
12812.00,6.42,9.46,13.40,15.36,10.21,0.73,-7.14,-11.49
12816.00,8.80,12.73,16.25,12.95,7.09,-0.44,-9.59,-14.02
12820.00,12.34,13.47,11.49,11.91,3.69,-5.60,-12.75,-15.67
12824.00,14.43,12.73,10.51,4.05,1.38,-6.66,-12.33,-17.83
12828.00,14.26,13.76,9.87,0.65,-2.62,-10.04,-14.14,-17.31
12832.00,13.40,9.67,5.42,1.29,-6.32,-10.05,-16.95,-16.13
12836.00,10.16,7.81,3.85,-2.01,-10.75,-15.42,-15.71,-13.18
12840.00,11.17,7.10,-2.12,-8.51,-12.35,-16.26,-11.35,-11.20
12844.00,5.44,0.54,-2.42,-6.44,-13.47,-13.58,-14.14,-7.50
12848.00,5.02,1.07,-3.78,-9.12,-11.72,-13.05,-11.54,-3.57
12852.00,4.03,-0.50,-9.85,-8.91,-12.96,-8.62,-7.39,-1.73
12856.00,-0.60,-3.32,-7.58,-13.04,-12.39,-10.67,-5.19,-0.22
12860.00,-1.83,-9.10,-10.85,-10.73,-7.89,-7.71,-4.44,2.99
12864.00,-5.85,-6.37,-8.40,-11.38,-9.81,-1.30,0.06,2.84
12868.00,-7.63,-9.54,-7.67,-7.54,-3.17,0.61,0.59,2.38
12872.00,-9.45,-11.14,-10.90,-8.35,-3.72,-1.18,2.54,0.29
12876.00,-9.14,-7.76,-6.27,-3.48,-0.89,1.66,3.65,1.68
12880.00,-6.39,-9.72,-7.32,-3.00,0.17,2.48,1.66,-2.76
12884.00,-7.03,-7.60,-3.28,-0.02,2.42,3.88,2.59,-4.67
12888.00,-5.15,-6.75,-0.78,2.81,3.43,0.97,0.10,-7.51
12892.00,-5.97,-3.02,1.26,4.55,2.16,0.97,-5.25,-10.02
12896.00,-3.34,-2.78,2.96,5.89,2.52,-1.99,-5.77,-16.64
12900.00,-2.68,-0.15,1.30,5.77,1.76,-3.67,-9.51,-15.84
12904.00,-1.14,1.50,1.64,2.76,-1.97,-7.64,-12.38,-20.67
12908.00,3.08,3.92,2.61,-0.90,-4.98,-12.45,-17.65,-20.22
12912.00,1.40,4.83,0.72,1.37,-4.63,-13.26,-21.00,-22.88
12916.00,6.15,5.63,4.07,-2.61,-9.30,-14.03,-19.00,-25.69
12920.00,2.92,4.37,-2.32,-4.43,-14.46,-20.63,-20.29,-24.06
12924.00,3.00,2.54,-1.46,-8.07,-17.36,-19.49,-21.89,-18.74
12928.00,1.12,0.99,-7.69,-10.08,-15.99,-20.36,-21.82,-15.35
12932.00,2.75,-0.78,-7.13,-15.02,-18.87,-21.63,-22.10,-12.87
12936.00,0.63,-6.66,-11.16,-15.24,-21.69,-19.18,-14.49,-7.84
12940.00,-2.90,-5.73,-12.76,-20.64,-20.28,-19.01,-15.21,-5.91
12944.00,-4.90,-11.13,-16.08,-18.78,-18.44,-13.87,-9.97,2.70
12948.00,-4.57,-11.03,-15.13,-21.29,-18.49,-12.64,-5.04,5.72
12952.00,-11.59,-13.04,-20.69,-18.54,-15.95,-8.95,3.55,10.93
12956.00,-10.76,-15.39,-20.97,-18.00,-10.17,-2.69,8.53,16.24
12960.00,-12.96,-17.41,-19.09,-15.58,-7.85,3.08,12.06,20.13
12964.00,-12.89,-17.06,-16.86,-11.54,-1.63,7.76,13.20,21.57
12968.00,-18.05,-15.18,-14.18,-6.27,0.12,9.22,17.93,24.96
12972.00,-14.63,-15.07,-13.16,-1.48,4.48,16.66,21.03,22.84
12976.00,-15.38,-14.26,-9.26,0.47,8.05,18.79,25.26,24.21
12980.00,-13.12,-10.80,-5.21,3.84,11.55,22.57,24.33,23.22
12984.00,-11.32,-8.84,2.51,8.26,16.69,23.69,24.69,17.57
12988.00,-8.47,-3.02,2.43,13.02,21.28,22.99,22.90,14.47
12992.00,-9.46,0.51,7.05,16.75,21.32,21.45,20.85,12.43
12996.00,-1.87,4.21,10.02,18.94,21.47,20.65,16.84,10.32
13000.00,-1.18,5.68,15.14,21.70,21.50,19.32,13.26,2.38
13004.00,2.70,9.16,16.54,18.79,19.48,16.31,6.80,-1.73
13008.00,5.60,12.71,17.18,18.51,15.21,9.57,1.60,-6.02
13012.00,9.55,15.59,18.39,16.42,12.48,9.66,2.04,-6.08
13016.00,10.62,18.96,16.32,18.50,12.12,6.40,-2.83,-7.13
13020.00,13.59,19.83,18.74,12.94,10.06,-1.81,-5.59,-12.83
13024.00,13.46,16.43,13.45,10.34,2.61,-3.97,-9.49,-12.84
13028.00,16.64,17.85,11.26,8.17,2.41,-5.99,-9.42,-9.28
13032.00,16.68,16.65,10.43,5.36,-0.46,-7.47,-10.97,-10.46
13036.00,13.43,14.68,7.44,3.34,-6.53,-10.30,-11.57,-9.79
13040.00,13.56,7.88,5.16,-2.85,-5.32,-6.51,-10.02,-5.75
13044.00,11.84,6.97,1.98,-6.29,-8.84,-7.35,-6.84,-4.19
13048.00,7.55,6.71,1.10,-6.33,-7.20,-4.91,-5.69,0.01
13052.00,8.64,3.49,-2.58,-7.96,-6.15,-7.32,-1.92,4.42
13056.00,3.39,-0.36,-6.68,-6.56,-4.85,-3.84,2.87,6.34
13060.00,3.42,-0.23,-6.85,-7.70,-4.06,-2.76,2.61,9.54
13064.00,-1.60,-3.31,-5.32,-4.61,-1.66,4.27,7.38,7.88
13068.00,-0.72,-6.60,-6.55,-2.76,-1.70,2.06,5.20,7.15
13072.00,-1.44,-3.30,-2.51,0.30,2.47,8.40,9.40,6.73
13076.00,-4.52,-3.94,-0.38,2.29,4.21,9.46,9.47,7.65
13080.00,-5.86,-2.79,-0.39,2.60,4.50,6.63,5.50,6.43
13084.00,-4.86,-2.75,1.97,2.45,6.78,8.22,4.92,1.16
13088.00,-2.07,-0.40,1.17,9.13,7.52,9.44,4.64,0.09
13092.00,-0.96,2.96,3.82,7.03,7.38,7.71,3.37,-4.98
13096.00,-1.29,2.32,7.20,6.29,6.64,6.09,-1.19,-9.74
13100.00,2.35,5.73,10.07,7.99,7.82,0.06,-6.65,-9.62
13104.00,3.59,5.64,6.67,6.15,5.02,0.93,-8.94,-15.71
13108.00,5.32,7.29,6.90,6.75,0.17,-6.69,-11.46,-15.23
13112.00,8.14,7.70,6.20,3.34,-1.04,-5.79,-11.20,-16.75
13116.00,8.94,5.95,5.71,3.47,-2.19,-9.12,-17.94,-18.85
13120.00,5.95,8.69,5.16,-3.28,-7.78,-10.73,-16.65,-17.95
13124.00,6.97,4.90,1.53,-4.45,-10.07,-15.67,-18.49,-12.48
13128.00,6.19,4.96,-2.06,-6.50,-12.07,-18.16,-16.97,-11.46
13132.00,6.31,2.82,-2.91,-9.76,-11.74,-17.79,-15.16,-8.56
13136.00,3.29,-0.87,-6.61,-12.02,-16.64,-14.37,-9.64,-1.70
13140.00,3.45,-2.72,-10.55,-12.37,-13.42,-15.93,-6.46,2.41
13144.00,0.48,-4.02,-12.32,-15.61,-12.83,-12.82,-2.75,5.76
13148.00,-1.60,-8.51,-11.08,-13.77,-14.17,-5.23,0.94,11.97
13152.00,-7.16,-10.58,-13.72,-14.27,-10.70,-1.83,7.09,17.95
13156.00,-9.24,-13.22,-14.73,-13.79,-5.01,2.48,12.96,22.84
13160.00,-11.93,-14.46,-11.37,-12.39,-1.93,4.87,17.85,27.90
13164.00,-11.81,-11.42,-9.97,-8.41,-0.64,9.78,18.84,26.96
13168.00,-12.78,-11.09,-8.34,-5.61,4.09,15.41,24.81,31.84
13172.00,-13.34,-9.85,-8.24,2.96,9.28,17.87,27.51,30.04
13176.00,-13.58,-6.97,-5.15,6.03,16.33,22.11,27.22,29.36
13180.00,-11.15,-8.90,-0.62,8.23,19.73,24.07,30.26,25.09
13184.00,-7.71,-4.55,5.96,12.68,22.42,26.81,28.98,24.30
13188.00,-5.04,-0.67,10.60,19.23,23.47,27.05,28.38,20.52
13192.00,-1.56,1.89,10.59,21.27,24.38,26.14,23.72,14.87
13196.00,-2.37,9.97,17.84,23.11,22.95,23.37,21.05,13.19
13200.00,2.46,10.37,17.12,25.88,26.19,22.34,15.00,8.50
13204.00,5.33,16.21,22.88,24.14,25.17,17.41,13.09,2.42
13208.00,12.43,18.28,20.37,25.09,22.25,17.79,10.15,2.31
13212.00,14.67,19.76,24.32,23.26,20.09,9.96,5.59,-0.78
13216.00,13.59,20.96,21.05,17.91,14.14,5.97,-1.21,-7.35
13220.00,19.34,18.44,21.15,18.29,11.57,5.41,-3.94,-6.95
13224.00,17.28,18.68,16.93,13.48,5.86,3.54,-2.93,-5.96
13228.00,20.17,20.90,17.33,12.00,4.67,0.87,-7.84,-4.49
13232.00,19.93,15.52,13.99,9.33,-0.91,-4.25,-7.49,-7.33
13236.00,16.36,16.50,11.85,5.02,-2.06,-6.18,-5.34,-2.97
13240.00,14.12,14.00,6.13,0.45,-2.37,-3.06,-2.96,-3.32
13244.00,12.81,11.23,3.26,0.20,-3.02,-3.04,-2.92,2.10
13248.00,10.67,5.88,3.77,-2.68,-6.95,-4.11,0.04,2.47
13252.00,10.50,6.37,-2.07,-3.34,-6.10,-2.42,1.88,8.25
13256.00,4.76,-0.48,0.22,-5.92,-5.69,-1.16,4.60,10.96
13260.00,6.05,-0.90,-0.61,-1.91,0.18,1.24,5.55,8.08
13264.00,1.39,-3.25,-2.90,-2.56,2.55,2.62,10.56,9.03
13268.00,-0.16,-0.18,-0.68,-2.86,3.15,4.83,8.89,10.80
13272.00,-2.27,-4.49,-0.57,2.93,6.86,8.51,10.87,10.69
13276.00,0.02,-2.25,-0.13,4.55,8.40,9.52,11.63,10.58
13280.00,-1.59,-2.54,0.61,3.06,7.99,9.60,11.55,5.71
13284.00,-0.68,0.73,4.69,5.49,10.38,9.38,8.36,4.83
13288.00,0.02,1.51,5.86,8.81,11.37,11.37,6.03,-1.31
13292.00,1.04,3.90,6.80,11.15,12.37,10.67,2.16,-3.97
13296.00,0.59,4.34,7.69,12.29,12.04,7.82,-1.21,-4.63
13300.00,4.11,4.73,9.56,11.89,9.44,4.52,-0.47,-8.01
13304.00,6.91,10.20,9.60,11.38,5.38,0.68,-5.03,-14.24
13308.00,8.01,8.00,7.95,7.43,2.66,-4.24,-9.22,-12.34
13312.00,6.43,10.85,10.90,3.69,2.10,-6.31,-12.61,-17.33
13316.00,11.10,9.77,8.21,2.96,-2.39,-11.06,-13.27,-15.53
13320.00,8.16,9.35,4.07,-0.07,-5.27,-12.53,-14.08,-15.34
13324.00,10.68,7.33,4.65,-1.61,-10.05,-14.76,-16.07,-13.62
13328.00,6.77,4.92,-0.54,-7.36,-13.60,-14.51,-15.50,-9.76
13332.00,5.94,2.53,-2.81,-9.68,-11.81,-14.71,-13.90,-5.61
13336.00,2.38,0.37,-4.33,-12.59,-12.34,-14.64,-10.25,-3.17
13340.00,0.36,-5.23,-11.04,-12.19,-13.78,-12.43,-4.72,3.45
13344.00,1.64,-5.13,-9.79,-14.40,-16.37,-11.26,-0.96,6.23
13348.00,-3.57,-7.22,-11.58,-12.53,-11.57,-6.63,1.96,11.63
13352.00,-3.19,-11.83,-12.90,-13.30,-10.31,-4.05,4.43,15.84
13356.00,-10.21,-14.47,-12.09,-15.15,-9.56,0.85,10.33,22.87
13360.00,-11.15,-14.06,-11.69,-9.15,-1.45,5.29,13.99,26.21
13364.00,-11.06,-13.37,-13.96,-5.07,1.43,12.66,19.93,25.39
13368.00,-11.58,-13.83,-8.32,-2.71,3.00,12.70,25.84,29.64
13372.00,-12.57,-14.05,-7.48,-2.08,10.39,17.98,24.50,28.79
13376.00,-11.02,-10.48,-3.88,3.66,11.23,21.73,29.32,29.19
13380.00,-9.35,-5.80,-3.03,6.39,16.85,22.02,27.71,28.68
13384.00,-10.53,-3.54,1.07,9.95,20.38,26.92,28.23,24.72
13388.00,-9.55,-0.02,8.83,13.28,20.60,26.55,24.84,20.34
13392.00,-3.26,4.07,13.05,16.39,21.20,22.49,21.30,17.59
13396.00,-1.64,6.34,13.20,22.51,24.38,22.90,18.30,11.51
13400.00,3.74,11.71,18.29,21.65,24.50,18.30,12.53,5.90
13404.00,5.01,15.40,19.42,23.59,21.19,17.09,11.08,4.77
13408.00,7.72,15.98,20.17,21.22,20.00,15.06,4.30,-2.14
13412.00,9.58,19.31,18.47,20.50,15.85,10.07,4.08,-4.54
13416.00,12.70,19.84,21.19,18.52,12.05,5.05,-2.79,-8.02
13420.00,16.69,18.75,18.43,15.56,10.76,4.38,-4.16,-7.54
13424.00,16.42,20.64,18.66,10.39,7.48,-1.93,-6.20,-7.30
13428.00,14.94,15.05,12.35,6.41,3.36,-2.98,-7.83,-11.19
13432.00,16.89,16.99,12.63,4.75,-3.50,-4.30,-8.16,-8.12
13436.00,17.56,15.09,6.07,1.61,-6.18,-7.47,-6.94,-6.92
13440.00,13.03,8.19,3.64,1.23,-5.85,-7.77,-9.09,-2.93
13444.00,12.28,8.83,-0.06,-4.98,-4.68,-9.22,-5.60,-2.57
13448.00,8.17,5.26,0.40,-5.02,-5.32,-7.91,-5.81,0.94
13452.00,7.82,1.70,-5.47,-8.32,-5.18,-3.36,-0.19,0.85
13456.00,2.87,0.63,-4.72,-8.35,-5.93,-5.27,0.24,5.03
13460.00,1.57,-5.50,-6.18,-5.31,-2.70,-1.15,1.86,7.00
13464.00,-2.61,-2.30,-4.96,-3.97,-1.69,1.47,7.47,9.46
13468.00,-1.01,-7.51,-5.73,-3.71,0.85,3.62,4.98,5.65
13472.00,-3.59,-8.35,-5.66,-4.03,-0.63,4.99,6.09,4.67
13476.00,-3.26,-5.30,-2.76,-2.04,4.26,7.97,5.41,5.28
13480.00,-4.32,-4.73,-2.72,2.74,5.84,5.09,4.47,0.42
13484.00,-6.27,-1.52,0.92,0.80,7.04,7.18,7.02,1.13
13488.00,-6.52,-2.65,3.08,6.07,7.99,3.57,2.50,-4.92
13492.00,-1.78,0.31,5.12,7.31,5.04,4.04,0.79,-7.77
13496.00,-2.39,-0.24,5.13,8.08,7.83,2.72,-4.15,-11.93
13500.00,-0.27,3.00,5.31,4.66,5.55,-0.56,-7.75,-14.87
13504.00,3.16,6.59,3.81,3.92,-0.33,-4.31,-8.84,-16.83
13508.00,4.69,6.68,6.20,1.34,-2.05,-5.65,-13.35,-20.62
13512.00,1.85,4.95,5.23,0.34,-2.60,-12.36,-15.30,-22.40
13516.00,6.48,7.62,3.55,-1.76,-5.70,-13.85,-18.31,-22.13
13520.00,7.92,5.34,0.56,-4.39,-11.91,-18.33,-21.94,-19.18
13524.00,6.57,5.32,-3.62,-5.49,-13.46,-17.53,-19.73,-19.93
13528.00,5.33,2.86,-2.43,-10.29,-14.79,-20.30,-18.47,-15.72
13532.00,5.36,0.98,-5.54,-12.24,-18.23,-19.18,-19.57,-12.45
13536.00,1.31,-3.27,-8.11,-17.82,-18.35,-19.68,-14.53,-8.14
13540.00,-0.36,-5.33,-15.30,-18.62,-19.38,-20.52,-12.61,-3.53
13544.00,-4.34,-8.97,-16.75,-18.93,-21.01,-15.39,-6.89,0.37
13548.00,-5.57,-11.38,-16.16,-21.72,-16.97,-13.98,-1.35,5.50
13552.00,-9.39,-16.73,-20.82,-19.81,-13.81,-8.74,2.02,11.06
13556.00,-14.15,-15.00,-18.16,-18.22,-10.20,-4.20,3.88,13.70
13560.00,-13.79,-16.34,-19.53,-15.52,-10.00,0.88,12.36,16.80
13564.00,-17.15,-15.80,-14.83,-14.87,-2.88,6.20,15.00,21.40
13568.00,-17.17,-19.62,-13.56,-7.76,-1.03,10.85,17.78,23.59
13572.00,-19.06,-16.69,-10.31,-2.97,4.20,12.69,21.23,24.31
13576.00,-16.07,-12.64,-9.91,-3.24,9.57,14.97,22.28,24.39
13580.00,-17.01,-10.14,-3.78,5.12,13.46,20.54,20.28,21.46
13584.00,-12.95,-7.62,-0.11,6.89,15.33,17.87,18.29,16.19
13588.00,-10.60,-5.58,3.79,9.67,18.24,20.24,17.56,11.51
13592.00,-8.54,-2.63,8.47,12.12,17.16,18.43,15.56,10.68
13596.00,-5.21,0.11,9.61,16.91,17.41,16.36,14.51,4.07
13600.00,-2.42,4.60,12.89,15.88,16.10,12.87,11.01,-0.24
13604.00,0.76,8.54,13.10,15.29,16.07,13.50,6.17,-5.17
13608.00,4.56,8.93,13.76,15.66,11.86,7.87,0.45,-8.19
13612.00,8.14,13.02,15.67,15.61,8.91,2.94,-2.18,-9.58
13616.00,8.42,12.47,13.80,13.45,9.11,2.74,-5.72,-13.47
13620.00,10.38,13.49,15.75,8.35,4.00,-1.36,-12.43,-16.97
13624.00,14.11,11.88,12.80,7.49,1.36,-5.90,-10.17,-14.84
13628.00,10.81,12.39,9.09,3.77,-2.89,-11.14,-11.91,-17.55
13632.00,14.67,11.13,7.52,-2.06,-6.44,-9.67,-16.57,-13.77
13636.00,11.24,7.45,5.37,-2.75,-7.54,-13.06,-14.98,-11.95
13640.00,8.81,6.26,-0.34,-7.19,-10.87,-12.99,-12.06,-8.30
13644.00,7.74,3.78,-1.89,-9.38,-14.37,-14.78,-9.52,-10.41
13648.00,7.81,1.54,-5.05,-9.20,-13.41,-10.07,-10.29,-5.51
13652.00,3.93,-3.28,-6.88,-10.04,-14.40,-8.36,-9.57,-2.26
13656.00,2.52,-7.11,-7.02,-9.69,-9.33,-7.39,-2.93,-2.13
13660.00,-0.23,-8.77,-10.46,-9.64,-8.81,-7.52,-2.27,1.52
13664.00,-6.52,-8.48,-12.61,-11.17,-5.92,-3.27,-0.44,3.68
13668.00,-8.42,-12.11,-10.52,-9.88,-7.93,-0.57,0.10,3.64
13672.00,-6.51,-11.54,-10.08,-5.61,-5.27,0.13,3.94,-0.87
13676.00,-9.90,-8.84,-6.98,-4.71,-1.50,-1.17,3.51,-2.84
13680.00,-7.83,-10.06,-8.68,-5.33,-1.95,2.23,0.12,-1.22
13684.00,-6.79,-8.53,-6.20,1.10,2.96,3.43,-2.05,-7.84
13688.00,-9.27,-4.79,-3.71,0.41,1.72,3.48,-3.77,-9.04
13692.00,-6.20,-3.72,-2.93,2.16,4.36,1.37,-7.56,-15.23
13696.00,-3.09,-4.22,-0.76,1.31,-1.12,-1.15,-10.47,-18.39
13700.00,-5.57,0.13,0.23,2.68,-2.16,-5.14,-14.53,-18.48
13704.00,-3.50,1.01,4.25,-0.45,-0.21,-6.55,-17.13,-24.06
13708.00,-2.09,3.27,2.71,1.37,-3.59,-11.93,-16.66,-23.94
13712.00,3.62,1.41,-0.23,-0.30,-10.61,-14.20,-22.97,-27.36
13716.00,3.76,1.56,0.80,-4.71,-10.49,-19.77,-26.22,-25.59
13720.00,4.23,-0.54,-2.74,-8.16,-14.01,-19.29,-24.32,-25.35
13724.00,0.62,-0.59,-2.31,-9.13,-16.57,-21.44,-24.79,-20.80
13728.00,-0.72,-0.09,-7.61,-11.92,-18.81,-25.61,-23.72,-22.49
13732.00,-0.75,-2.01,-11.15,-14.92,-20.47,-25.67,-21.16,-14.28
13736.00,-2.87,-7.77,-15.36,-18.32,-23.00,-25.75,-18.35,-9.69
13740.00,-3.06,-8.28,-18.19,-21.43,-21.21,-19.51,-16.91,-8.73
13744.00,-6.58,-12.78,-19.04,-21.27,-20.71,-20.19,-11.79,-2.69
13748.00,-8.27,-12.81,-18.83,-21.11,-23.09,-14.58,-5.29,0.66
13752.00,-9.44,-17.87,-21.20,-22.32,-17.33,-12.78,-1.95,5.97
13756.00,-13.62,-20.79,-23.66,-20.03,-15.64,-8.45,2.47,9.89
13760.00,-17.58,-20.97,-20.95,-17.67,-13.57,-4.66,7.28,15.01
13764.00,-17.46,-17.87,-18.68,-17.47,-5.57,0.08,11.27,20.17
13768.00,-16.65,-20.10,-15.54,-10.35,-2.89,6.26,13.99,17.53
13772.00,-17.76,-17.06,-15.11,-7.68,2.63,11.35,18.70,22.67
13776.00,-20.55,-14.42,-10.33,-3.75,5.50,14.26,20.10,21.71
13780.00,-15.94,-12.53,-6.23,1.49,11.74,18.15,17.17,16.51
13784.00,-15.45,-11.18,-1.51,6.75,10.28,19.13,18.90,15.52
13788.00,-12.32,-7.83,2.19,9.12,16.87,16.13,14.72,13.75
13792.00,-11.16,-2.54,3.05,10.32,18.17,15.02,14.01,9.11
13796.00,-4.78,-1.64,6.00,14.53,15.80,14.94,9.19,1.91
13800.00,-4.63,6.28,11.11,15.36,14.38,15.80,7.30,-3.12
13804.00,-1.62,8.16,15.05,16.68,16.72,9.65,4.68,-4.66
13808.00,4.72,8.98,12.79,17.60,14.68,5.82,-1.63,-9.30
13812.00,7.97,12.71,14.84,12.15,9.72,4.39,-4.88,-14.30
13816.00,10.18,11.07,12.92,12.02,4.89,-2.49,-8.68,-17.32
13820.00,11.78,13.31,11.75,11.50,1.83,-4.86,-11.35,-16.78
13824.00,11.15,12.76,10.30,4.03,0.07,-7.14,-15.36,-14.64
13828.00,10.86,14.35,10.22,1.75,-4.32,-8.36,-15.34,-16.80
13832.00,14.86,12.17,3.61,-1.67,-8.91,-13.71,-13.27,-14.61
13836.00,10.03,6.24,1.24,-1.09,-9.21,-13.20,-14.47,-12.97
13840.00,10.77,7.19,0.01,-7.16,-12.82,-12.60,-15.09,-12.36
13844.00,5.83,1.12,-3.93,-8.37,-10.72,-14.10,-12.40,-9.41
13848.00,7.41,-1.35,-7.68,-8.64,-10.89,-11.73,-11.24,-7.87
13852.00,3.32,-2.56,-6.25,-11.01,-10.01,-11.93,-8.21,-4.21
13856.00,1.47,-4.30,-7.58,-14.01,-9.55,-7.01,-4.91,-0.16
13860.00,-4.32,-5.99,-10.37,-10.51,-9.53,-7.39,-1.69,-1.19
13864.00,-2.95,-9.11,-12.46,-11.22,-7.23,-1.58,0.01,4.63
13868.00,-5.86,-11.61,-11.18,-6.23,-3.16,-0.23,4.14,0.63
13872.00,-6.83,-6.90,-9.66,-5.26,-2.03,-0.15,0.26,4.33
13876.00,-6.79,-7.03,-9.71,-2.23,-2.23,3.56,0.93,2.37
13880.00,-10.32,-5.52,-4.91,-3.39,2.31,2.56,0.53,-3.17
13884.00,-7.24,-8.03,-1.33,-1.42,2.96,2.57,2.72,-4.17
13888.00,-7.67,-3.27,-3.14,3.45,4.01,1.33,-1.50,-7.90
13892.00,-7.50,-0.49,2.24,4.19,3.65,-1.10,-3.58,-10.53
13896.00,-2.56,-0.08,2.99,4.70,1.72,1.24,-8.80,-14.92
13900.00,-2.72,3.22,1.62,4.08,-0.31,-4.37,-10.73,-18.79
13904.00,-1.75,3.37,2.49,2.12,1.13,-6.27,-13.95,-21.17
13908.00,1.75,5.14,2.80,1.24,-5.55,-10.51,-14.49,-23.07
13912.00,0.94,4.23,1.13,0.89,-4.57,-12.19,-20.73,-22.40
13916.00,3.65,2.54,3.74,-1.21,-10.24,-14.82,-19.93,-23.24
13920.00,5.38,4.04,-0.56,-3.77,-14.29,-19.00,-20.85,-22.40
13924.00,3.41,2.87,-1.34,-8.62,-16.84,-18.99,-20.78,-18.26
13928.00,3.88,1.08,-6.82,-10.70,-18.66,-21.30,-23.64,-16.78
13932.00,2.62,-3.65,-5.96,-14.47,-18.14,-21.48,-19.79,-14.71
13936.00,2.82,-5.91,-12.34,-17.00,-21.19,-22.10,-18.53,-8.93
13940.00,-0.29,-9.92,-14.37,-19.50,-18.47,-18.38,-15.03,-3.08
13944.00,-5.43,-10.91,-13.64,-21.65,-20.23,-14.79,-7.12,0.76
13948.00,-4.74,-13.61,-19.03,-17.24,-17.94,-13.33,-3.65,5.05
13952.00,-7.03,-14.06,-18.64,-18.35,-13.81,-7.05,0.19,9.89
13956.00,-12.08,-16.65,-19.57,-16.32,-10.00,-5.33,8.68,17.54
13960.00,-13.94,-18.36,-18.89,-16.00,-7.67,1.38,8.45,18.78
13964.00,-13.06,-19.50,-15.45,-10.76,-4.80,6.99,14.37,22.90
13968.00,-17.24,-19.29,-12.46,-10.31,1.68,8.63,16.40,24.08
13972.00,-15.25,-15.97,-12.17,-3.73,6.59,16.19,22.38,23.25
13976.00,-15.75,-14.00,-7.62,-0.65,7.44,15.83,20.74,21.42
13980.00,-16.63,-10.74,-3.77,5.92,14.84,22.13,21.84,20.92
13984.00,-14.58,-9.68,-0.66,10.62,15.00,19.74,22.81,19.38
13988.00,-9.15,-5.86,2.82,12.83,21.46,24.48,19.06,15.71
13992.00,-4.52,-0.05,7.32,16.53,19.45,21.52,17.89,14.23
13996.00,-1.62,3.70,10.70,19.23,21.67,18.05,15.24,6.59
14000.00,2.02,8.94,15.93,18.12,19.99,18.92,10.62,4.93
14004.00,1.91,8.65,17.04,17.87,17.56,16.58,6.62,-2.60
14008.00,4.77,14.72,16.72,20.57,18.15,13.72,4.24,-6.03
14012.00,11.55,15.42,20.68,18.91,12.51,8.23,-0.78,-7.42
14016.00,12.45,17.76,17.69,18.41,9.11,4.46,-4.84,-7.69
14020.00,12.78,17.58,18.04,11.62,7.48,-1.73,-3.82,-12.79
14024.00,14.30,17.16,17.49,9.51,5.82,-2.55,-7.03,-11.15
14028.00,15.05,16.30,10.85,5.29,2.64,-7.01,-7.99,-10.17
14032.00,17.95,16.03,9.17,6.46,-1.60,-9.42,-10.15,-8.15
14036.00,15.76,12.32,9.53,0.52,-6.83,-9.15,-9.13,-5.31
14040.00,15.72,11.87,2.49,-1.77,-8.41,-10.32,-9.86,-2.81
14044.00,13.41,9.23,1.82,-2.11,-6.69,-9.30,-8.96,-3.90
14048.00,7.78,4.04,-3.63,-6.75,-9.17,-5.68,-5.97,1.25
14052.00,8.88,1.59,-1.22,-7.66,-5.64,-5.30,0.42,2.25
14056.00,6.68,-0.58,-6.22,-8.31,-5.74,-0.88,0.38,6.78
14060.00,2.31,-3.30,-5.00,-6.78,-6.15,0.38,4.81,9.19
14064.00,-1.28,-2.84,-4.18,-5.17,-1.53,0.02,7.68,9.41
14068.00,-0.61,-4.67,-6.41,-1.71,-0.79,2.00,7.53,10.50
14072.00,-2.70,-3.36,-4.97,-3.98,0.34,7.10,8.90,6.81
14076.00,-2.69,-6.28,-2.35,-0.95,4.55,6.03,10.22,8.38
14080.00,-1.99,-5.14,-0.36,2.72,4.76,7.16,7.64,2.50
14084.00,-5.93,-0.17,0.22,5.21,9.75,7.71,7.82,0.38
14088.00,-3.32,-1.55,3.96,7.66,9.98,6.59,6.15,-2.79
14092.00,-2.36,1.65,4.29,6.96,10.93,6.04,1.20,-6.54
14096.00,-1.15,3.34,5.70,7.46,5.63,4.55,-0.98,-10.35
14100.00,0.66,5.30,8.66,6.72,5.37,1.34,-3.40,-10.30
14104.00,4.24,6.66,7.94,5.79,4.00,1.27,-6.47,-16.59
14108.00,7.91,10.09,7.23,5.75,1.99,-3.01,-12.29,-16.17
14112.00,6.71,8.20,7.61,2.09,-0.77,-7.12,-15.56,-18.76
14116.00,6.63,8.44,4.81,4.24,-6.49,-12.82,-15.74,-16.00
14120.00,8.26,9.84,6.75,-3.28,-8.39,-11.01,-15.50,-15.41
14124.00,8.58,6.57,3.81,-3.59,-10.30,-17.37,-18.97,-12.11
14128.00,8.38,5.65,-0.24,-6.28,-11.13,-18.09,-16.02,-13.65
14132.00,8.08,2.41,-2.26,-9.20,-14.14,-14.65,-15.24,-9.66
14136.00,4.79,1.76,-5.15,-11.65,-13.81,-16.24,-11.31,-2.33
14140.00,2.98,-3.51,-9.90,-15.12,-15.66,-11.52,-9.11,4.29
14144.00,0.29,-7.08,-13.38,-13.02,-14.82,-11.40,-3.93,8.87
14148.00,-1.70,-10.63,-13.59,-17.13,-13.87,-8.44,2.01,12.43
14152.00,-7.06,-10.61,-11.63,-12.40,-10.83,-5.29,4.56,18.00
14156.00,-9.36,-12.36,-15.17,-14.88,-5.55,1.58,12.20,22.65
14160.00,-9.30,-12.23,-15.68,-11.97,-1.03,3.95,15.56,24.99
14164.00,-12.70,-12.46,-10.19,-6.69,2.19,9.32,19.02,27.65
14168.00,-10.68,-13.98,-11.82,-3.02,5.41,15.37,26.52,27.55
14172.00,-10.83,-11.55,-4.81,2.14,10.92,21.49,25.07,31.11
14176.00,-10.88,-9.63,-3.69,3.69,16.36,23.55,29.23,28.00
14180.00,-9.48,-5.28,2.08,11.68,20.36,27.45,29.31,27.17
14184.00,-8.62,-3.33,2.88,12.08,19.42,27.58,28.65,23.62
14188.00,-7.83,2.28,7.34,15.88,25.25,28.65,27.55,23.46
14192.00,-5.65,3.25,11.57,21.76,25.87,25.36,24.42,19.37
14196.00,-2.35,8.67,14.16,23.09,24.53,26.83,20.38,12.71
14200.00,3.23,12.43,19.48,25.81,26.28,23.25,16.16,7.37
14204.00,6.11,14.07,20.65,24.09,23.30,18.63,11.12,2.23
14208.00,7.73,17.07,23.56,21.48,21.14,17.83,7.81,1.65
14212.00,15.16,17.40,21.69,23.69,20.31,11.98,5.07,-2.03
14216.00,14.23,19.64,23.64,19.35,14.49,8.44,0.87,-4.52
14220.00,17.34,20.39,22.21,17.04,10.49,5.46,-3.71,-5.37
14224.00,16.80,18.62,20.77,16.70,8.53,-0.69,-6.51,-7.82
14228.00,17.23,21.69,14.13,12.91,2.05,0.46,-7.31,-7.09
14232.00,20.71,17.85,14.57,8.06,1.60,-5.78,-6.40,-7.49
14236.00,18.31,15.71,8.33,5.89,-0.44,-3.25,-4.73,-5.81
14240.00,17.23,11.59,8.73,1.81,-3.41,-7.75,-2.47,0.77
14244.00,14.84,11.14,2.43,0.70,-4.83,-6.17,-2.67,1.65
14248.00,13.70,7.60,-0.31,-2.09,-4.59,-5.74,1.58,5.41
14252.00,7.54,4.12,0.79,-3.82,-2.24,-3.37,0.27,6.45
14256.00,8.81,2.08,-1.24,-4.12,-4.53,1.38,4.60,10.97
14260.00,3.18,-1.42,-4.44,-1.79,-0.28,4.00,5.77,12.44
14264.00,0.15,-2.23,-5.38,-3.03,-1.53,2.82,11.20,13.24
14268.00,-2.02,-3.01,-1.19,-0.86,3.48,4.43,9.37,11.96
14272.00,-1.25,-2.44,-1.34,1.18,2.71,9.31,8.97,10.72
14276.00,-3.75,-1.76,-3.14,3.32,6.20,11.35,9.36,11.65
14280.00,-1.24,-1.56,1.44,2.72,6.50,10.61,11.66,7.20
14284.00,-2.34,0.48,3.92,7.06,11.76,12.31,7.27,4.89
14288.00,1.25,-0.87,2.72,7.42,10.40,7.76,4.85,1.89
14292.00,-0.62,3.89,7.04,11.24,12.45,10.03,1.95,-4.06
14296.00,3.08,7.41,6.24,10.70,10.44,6.69,-0.80,-4.80
14300.00,1.52,8.62,9.00,10.64,7.92,1.37,-1.85,-10.38
14304.00,2.89,8.42,7.74,11.29,4.89,-1.73,-7.16,-12.14
14308.00,8.25,11.17,12.15,9.45,2.42,-2.04,-10.88,-14.94
14312.00,9.60,7.30,6.91,3.47,-0.06,-4.88,-10.23,-17.26
14316.00,7.76,8.13,6.54,4.37,-2.72,-9.24,-12.13,-16.69
14320.00,10.05,7.61,4.18,1.08,-5.27,-11.70,-16.46,-16.57
14324.00,11.23,7.96,0.78,-1.29,-7.82,-15.00,-18.10,-11.61
14328.00,9.18,3.54,0.50,-5.35,-10.91,-16.95,-16.13,-11.09
14332.00,8.67,2.31,-1.07,-8.84,-11.87,-15.91,-11.45,-5.01
14336.00,3.56,-0.85,-5.13,-13.17,-16.74,-16.31,-9.38,-1.77
14340.00,3.76,-2.02,-10.37,-13.05,-15.49,-11.15,-5.59,0.61
14344.00,-0.89,-5.40,-9.80,-15.53,-13.22,-9.36,-3.94,5.62
14348.00,-4.87,-9.70,-11.36,-15.55,-14.56,-6.87,2.36,11.93
14352.00,-7.18,-9.03,-12.44,-16.30,-11.35,-4.72,6.83,19.15
14356.00,-8.80,-12.95,-16.22,-12.48,-8.43,-1.18,13.72,23.52
14360.00,-12.37,-14.40,-11.61,-9.56,-3.01,7.75,18.36,24.57
14364.00,-12.02,-15.05,-14.91,-5.39,-1.80,12.69,22.49,25.46
14368.00,-13.74,-15.13,-9.81,-3.41,3.73,14.73,21.69,29.56
14372.00,-11.62,-11.25,-8.74,0.93,7.65,18.87,24.04,28.72
14376.00,-11.87,-9.28,-4.62,6.31,12.15,22.50,26.20,27.29
14380.00,-10.77,-6.09,-0.31,6.19,18.23,25.55,27.85,24.96
14384.00,-7.52,-3.62,5.83,11.69,18.76,27.13,28.59,24.77
14388.00,-5.92,1.00,8.35,15.02,24.36,25.37,26.20,18.25
14392.00,-7.02,3.92,12.62,17.01,21.58,23.50,21.04,15.83
14396.00,-1.85,8.63,16.55,21.69,23.22,21.69,18.59,10.26
14400.00,1.06,7.46,19.23,23.43,22.30,18.35,16.65,6.72
14404.00,2.99,13.99,17.63,22.09,20.57,18.01,10.68,2.10
14408.00,9.59,13.71,20.07,20.95,21.90,13.92,6.81,-3.58
14412.00,10.73,15.30,22.87,22.37,15.48,8.21,2.37,-6.90
14416.00,12.63,19.44,20.91,17.47,11.20,4.24,-0.11,-5.33
14420.00,16.79,19.19,18.41,15.59,9.36,3.56,-6.48,-6.82
14424.00,14.58,16.40,14.26,14.14,5.16,-1.43,-5.74,-7.47
14428.00,16.91,19.49,15.68,10.52,-0.10,-5.57,-10.40,-10.24
14432.00,17.22,13.66,9.18,6.29,0.07,-7.89,-8.66,-7.03
14436.00,15.23,13.58,7.53,3.86,-5.26,-6.39,-9.75,-4.38
14440.00,13.19,11.62,2.99,-1.43,-6.24,-8.51,-9.58,-6.84
14444.00,10.51,7.91,2.00,-3.46,-8.56,-6.13,-5.80,-3.43
14448.00,11.82,3.31,-0.81,-7.21,-7.59,-5.88,-2.70,-1.00
14452.00,7.61,2.58,-1.12,-6.75,-7.36,-7.45,-1.24,2.64
14456.00,6.40,-1.52,-6.19,-6.45,-7.66,-5.20,2.46,4.02
14460.00,0.33,-3.37,-5.12,-7.41,-6.36,-2.98,5.35,7.71
14464.00,-1.18,-6.75,-8.18,-4.01,-0.69,3.43,4.03,5.48
14468.00,-1.12,-6.80,-6.84,-3.53,-2.57,2.34,6.00,9.84
14472.00,-6.37,-5.53,-6.61,-1.08,3.04,5.97,5.26,5.02
14476.00,-5.90,-5.66,-4.30,-0.56,2.15,3.95,8.38,5.59
14480.00,-7.40,-5.17,-2.68,1.41,6.90,8.84,6.53,3.17
14484.00,-6.06,-2.40,-1.24,2.59,7.50,8.38,4.49,-0.11
14488.00,-6.02,-1.20,2.31,2.49,8.25,5.20,3.13,-2.19
14492.00,-2.01,-0.28,4.47,6.64,6.16,1.78,-2.91,-6.37
14496.00,0.45,0.40,4.49,8.64,7.07,3.95,-4.26,-8.85
14500.00,-2.34,2.15,5.57,8.23,3.89,0.20,-5.23,-12.63
14504.00,2.16,3.33,4.18,2.70,3.63,-3.74,-11.39,-16.89
14508.00,5.43,7.70,6.73,3.81,1.32,-8.08,-16.20,-20.86
14512.00,2.20,6.74,2.59,-0.22,-4.43,-9.04,-19.50,-18.95
14516.00,6.62,4.71,1.24,-3.59,-9.50,-12.67,-17.23,-21.62
14520.00,3.16,2.47,2.59,-3.20,-10.99,-16.18,-19.88,-22.72
14524.00,7.20,1.13,0.31,-5.53,-13.84,-18.43,-22.12,-17.30
14528.00,6.72,3.15,-3.79,-10.74,-15.73,-19.86,-20.51,-18.29
14532.00,2.87,-1.25,-6.91,-14.08,-19.29,-22.58,-20.10,-11.66
14536.00,-0.34,-3.88,-9.02,-16.34,-21.04,-21.07,-16.09,-6.00
14540.00,-2.46,-5.99,-11.26,-17.36,-21.59,-19.36,-11.91,-2.04
14544.00,-2.96,-11.79,-16.38,-20.11,-17.97,-16.50,-6.67,-0.29
14548.00,-7.90,-14.61,-18.15,-20.00,-17.47,-13.83,-3.63,8.55
14552.00,-8.88,-15.10,-16.64,-16.93,-17.54,-9.60,0.71,11.04
14556.00,-11.94,-18.75,-20.19,-19.27,-10.93,-6.08,5.47,17.20
14560.00,-13.45,-16.46,-17.69,-16.24,-9.22,1.03,10.86,20.75
14564.00,-15.06,-19.22,-19.09,-12.81,-7.08,6.23,13.31,20.41
14568.00,-15.25,-16.08,-12.99,-6.48,-0.52,9.56,15.91,24.41
14572.00,-18.16,-14.01,-14.41,-3.01,2.59,12.40,20.49,21.72
14576.00,-16.21,-14.84,-10.69,1.61,8.22,15.80,23.46,23.55
14580.00,-16.74,-12.66,-5.07,2.83,14.25,17.51,24.04,18.83
14584.00,-16.12,-9.01,-0.47,7.58,16.34,21.44,22.62,15.24
14588.00,-9.96,-7.43,4.26,13.08,18.88,20.09,18.99,14.56
14592.00,-6.46,-0.37,6.87,13.57,20.02,18.09,17.51,7.82
14596.00,-5.45,0.21,8.20,16.16,18.59,19.10,12.63,3.88
14600.00,-1.69,3.43,11.00,14.89,19.91,14.98,7.28,-1.23
14604.00,-0.35,10.16,14.83,17.34,15.21,9.77,4.85,-2.62
14608.00,3.78,13.37,17.92,19.15,11.72,6.80,0.25,-8.19
14612.00,5.83,14.74,14.35,12.90,9.45,2.18,-5.91,-12.03
14616.00,9.04,16.10,16.31,12.55,7.01,1.33,-6.70,-12.29
14620.00,12.99,14.12,11.85,8.79,2.36,-4.38,-8.81,-15.16
14624.00,13.14,12.23,12.76,8.93,0.78,-4.83,-13.98,-17.93
14628.00,14.13,11.55,9.38,5.55,-1.39,-10.69,-13.32,-17.76
14632.00,11.38,13.51,5.85,2.20,-7.59,-11.97,-16.04,-14.60
14636.00,13.27,9.79,2.41,-0.60,-10.84,-14.33,-14.85,-15.00
14640.00,9.47,7.92,-1.07,-5.05,-12.52,-11.67,-12.80,-8.98
14644.00,10.12,4.40,-2.96,-10.69,-11.29,-11.11,-9.42,-9.59
14648.00,6.25,-1.41,-4.75,-9.46,-11.36,-14.69,-7.60,-5.91
14652.00,1.31,-3.68,-10.26,-10.25,-14.01,-11.52,-9.49,-1.97
14656.00,0.62,-5.86,-8.93,-10.84,-13.54,-10.84,-5.13,-3.12
14660.00,-0.43,-5.51,-11.25,-10.34,-11.65,-4.22,-4.73,2.05
14664.00,-4.24,-6.89,-8.92,-9.95,-8.13,-2.33,1.77,0.96
14668.00,-7.73,-11.92,-11.62,-6.85,-3.84,-2.73,1.91,1.94
14672.00,-6.43,-10.19,-8.39,-7.14,-4.80,-1.24,3.51,0.61
14676.00,-7.80,-7.36,-6.93,-2.64,0.26,3.65,3.38,-2.64
14680.00,-11.28,-7.61,-5.70,-2.83,-0.13,4.39,-0.32,-4.37
14684.00,-8.32,-8.45,-2.73,0.30,-0.23,0.15,-2.07,-6.75
14688.00,-8.78,-3.52,-4.53,-1.68,0.28,0.37,-0.74,-8.04
14692.00,-5.05,-2.42,-3.05,-0.00,3.50,0.71,-6.09,-11.23
14696.00,-4.57,-3.97,3.24,0.73,0.07,-4.85,-8.62,-14.01
14700.00,-4.01,0.60,3.37,0.85,0.38,-3.91,-13.63,-21.88
14704.00,-0.06,-0.22,3.56,-0.17,-2.04,-8.41,-16.26,-24.37
14708.00,-0.07,0.05,-0.24,0.32,-6.24,-13.24,-16.93,-26.70
14712.00,0.97,0.59,-0.29,-3.89,-6.45,-15.71,-22.42,-27.79
14716.00,3.10,2.11,-0.30,-5.16,-11.84,-18.21,-21.25,-23.76
14720.00,1.24,-1.12,-2.28,-8.22,-14.93,-22.95,-23.85,-27.39
14724.00,3.24,1.13,-4.61,-10.67,-20.08,-22.47,-25.19,-22.47
14728.00,2.74,0.25,-6.29,-12.30,-22.45,-25.35,-25.34,-21.02
14732.00,-0.53,-2.78,-10.58,-14.74,-24.14,-24.15,-23.19,-15.41
14736.00,-1.08,-4.90,-10.88,-18.67,-25.57,-21.53,-21.74,-12.64
14740.00,-4.28,-11.11,-16.55,-21.39,-22.40,-21.90,-14.14,-7.09
14744.00,-4.21,-11.25,-19.90,-23.49,-20.89,-17.07,-13.14,-0.92
14748.00,-9.26,-16.01,-21.84,-22.33,-23.17,-15.10,-6.28,4.16
14752.00,-13.84,-14.88,-20.91,-20.41,-17.49,-11.14,-0.48,10.01
14756.00,-13.13,-19.45,-23.29,-18.25,-17.44,-9.62,4.29,12.42
14760.00,-17.63,-21.42,-20.68,-19.47,-14.12,-0.85,7.25,14.98
14764.00,-19.80,-22.47,-20.27,-17.30,-4.91,0.53,10.60,17.68
14768.00,-17.09,-18.41,-15.17,-11.24,-4.34,4.02,12.64,21.61
14772.00,-20.56,-19.73,-16.20,-5.76,1.45,12.15,18.87,18.48
14776.00,-21.16,-14.54,-12.74,-3.73,6.47,13.03,19.49,20.15
14780.00,-17.19,-12.05,-4.79,-0.48,8.06,15.39,16.72,15.35
14784.00,-13.26,-12.05,-2.96,3.44,10.86,19.16,20.02,15.92
14788.00,-12.13,-7.76,-1.34,8.19,17.12,17.52,15.13,9.79
14792.00,-8.63,-5.29,2.27,9.49,17.58,15.66,14.25,8.82
14796.00,-8.35,1.19,7.30,16.35,16.40,17.95,8.61,5.07
14800.00,-1.82,1.70,11.34,14.97,18.65,15.71,5.63,-1.85
14804.00,2.21,5.38,15.08,16.59,13.30,9.20,2.90,-5.38
14808.00,1.23,11.28,15.34,16.66,14.08,9.30,-1.47,-7.81
14812.00,8.66,11.97,16.77,13.61,9.33,5.09,-3.73,-11.37
14816.00,8.99,14.77,14.50,11.33,7.92,-1.26,-7.49,-15.51
14820.00,12.71,14.39,12.03,11.06,3.85,-6.38,-13.62,-16.54
14824.00,9.97,13.75,12.11,4.56,-0.96,-7.52,-13.47,-16.12
14828.00,13.61,10.33,10.71,1.91,-2.30,-11.59,-12.78,-17.16
14832.00,12.36,9.11,5.92,-0.86,-6.00,-13.57,-17.60,-15.79
14836.00,13.52,10.02,5.28,-4.97,-10.06,-14.83,-16.34,-15.48
14840.00,12.36,7.97,2.27,-8.22,-11.86,-12.54,-14.69,-10.74
14844.00,8.42,4.35,-1.14,-8.19,-14.00,-12.90,-12.09,-5.89
14848.00,7.23,2.29,-5.97,-7.83,-15.02,-10.38,-11.38,-7.33
14852.00,1.24,-3.18,-9.01,-11.60,-12.34,-11.49,-7.13,-3.36
14856.00,0.89,-3.36,-9.11,-10.38,-9.63,-7.79,-5.91,-0.52
14860.00,-1.80,-7.79,-8.00,-10.89,-11.09,-6.28,-1.28,0.63
14864.00,-5.58,-9.98,-10.37,-10.19,-7.50,-4.56,-2.09,1.53
14868.00,-5.78,-10.30,-11.34,-10.39,-5.04,0.30,0.21,3.92
14872.00,-5.91,-8.84,-9.76,-8.14,-1.11,1.34,4.55,1.96
14876.00,-6.48,-6.49,-9.78,-6.30,0.93,3.27,4.22,-1.67
14880.00,-8.34,-9.91,-6.97,-3.79,3.25,4.86,3.99,-3.82
14884.00,-9.57,-8.67,-1.59,0.23,1.97,3.24,2.39,-6.85
14888.00,-5.72,-2.56,-2.91,0.17,4.71,3.26,0.06,-10.02
14892.00,-6.97,-2.09,2.48,4.37,1.65,-0.97,-2.64,-11.48
14896.00,-1.47,-0.03,1.36,4.39,3.60,-2.36,-8.96,-16.66
14900.00,-1.47,2.72,3.74,4.81,2.73,-5.10,-12.14,-19.91
14904.00,-1.21,0.95,3.55,1.96,1.14,-5.69,-15.56,-21.87
14908.00,1.49,1.70,4.87,2.75,-3.52,-8.93,-17.22,-23.39
14912.00,4.81,3.28,2.27,-0.86,-6.43,-11.24,-19.10,-23.20
14916.00,3.34,5.22,4.17,-1.70,-9.78,-14.30,-23.38,-24.87
14920.00,3.03,3.61,-0.56,-7.81,-10.62,-16.37,-23.00,-20.74
14924.00,6.16,0.91,-3.56,-6.40,-12.86,-20.65,-20.46,-21.21
14928.00,5.37,0.73,-3.33,-9.86,-16.14,-22.88,-23.46,-18.57
14932.00,1.33,-0.39,-8.90,-16.71,-18.78,-22.99,-20.90,-12.41
14936.00,1.26,-3.12,-8.59,-17.01,-20.87,-19.22,-14.96,-10.87
14940.00,-2.73,-8.82,-14.49,-18.86,-22.86,-16.64,-13.06,-1.97
14944.00,-1.88,-12.22,-16.88,-17.80,-21.60,-14.89,-7.15,2.35
14948.00,-8.46,-12.63,-17.29,-21.36,-17.38,-15.06,-2.33,8.18
14952.00,-10.95,-15.52,-19.68,-20.56,-15.82,-9.74,-0.64,12.81
14956.00,-12.03,-17.65,-19.20,-15.17,-13.12,-2.90,6.21,16.52
14960.00,-11.76,-16.06,-20.00,-13.85,-10.10,2.57,12.69,18.85
14964.00,-17.33,-17.88,-15.41,-13.09,-6.18,3.26,15.62,21.15
14968.00,-14.09,-18.26,-11.69,-7.99,2.10,8.67,20.06,26.28
14972.00,-17.61,-17.67,-10.33,-2.97,7.22,12.43,23.53,25.64
14976.00,-15.87,-12.05,-6.17,0.91,7.82,19.29,21.26,26.15
14980.00,-15.25,-9.43,-3.81,4.12,12.64,21.33,22.06,20.41
14984.00,-12.80,-6.46,0.63,10.67,14.54,20.58,24.44,20.91
14988.00,-8.62,-2.05,3.58,13.88,17.71,20.40,21.12,18.38
14992.00,-8.70,-0.56,8.36,15.52,19.90,21.06,17.13,11.91
14996.00,-1.56,2.90,11.02,15.82,21.68,19.45,15.80,9.48
15000.00,1.34,9.45,13.31,20.89,21.48,18.57,11.22,3.61
15004.00,1.95,10.00,14.65,21.54,20.91,16.23,9.77,-1.57
15008.00,5.64,13.85,17.21,21.86,17.62,9.08,2.24,-1.82
15012.00,8.05,15.70,16.68,17.17,11.95,8.01,0.15,-8.25
15016.00,14.36,19.11,19.83,17.51,11.92,1.76,-1.32,-7.76
15020.00,13.86,18.67,18.91,16.14,9.79,-1.19,-7.69,-10.92
15024.00,15.97,19.05,15.66,11.07,5.15,-2.02,-9.38,-11.24
15028.00,14.91,15.46,10.94,7.21,3.05,-4.20,-8.26,-12.76
15032.00,14.88,12.34,8.19,3.37,-0.83,-8.94,-8.69,-9.30
15036.00,16.39,11.77,5.11,0.97,-2.98,-10.28,-10.92,-8.59
15040.00,12.03,12.03,4.54,0.20,-6.10,-8.62,-8.50,-6.97
15044.00,9.55,8.90,1.39,-2.13,-6.04,-8.04,-6.10,-2.03
15048.00,11.34,3.10,-0.51,-3.84,-7.55,-9.28,-5.43,0.92
15052.00,4.77,-0.15,-3.15,-7.76,-4.82,-6.02,-0.17,5.58
15056.00,4.14,-0.96,-2.94,-5.38,-4.31,-2.36,-0.45,5.31
15060.00,1.72,-1.91,-7.74,-8.32,-2.35,-1.29,3.31,9.38
15064.00,-0.08,-5.82,-6.43,-2.91,-4.26,0.27,7.48,8.48
15068.00,-2.02,-3.68,-4.48,-3.13,-1.56,6.65,7.21,9.03
15072.00,-1.67,-2.53,-2.98,-2.21,3.19,4.94,10.20,6.09
15076.00,-1.85,-2.46,-4.49,-0.59,4.14,5.49,10.45,7.05
15080.00,-6.68,-5.34,-1.04,2.92,7.31,8.27,9.46,4.07
15084.00,-6.11,-0.21,-0.68,6.60,7.53,6.59,5.31,0.95
15088.00,-2.23,-0.69,5.35,5.33,8.41,8.07,5.63,-3.33
15092.00,0.45,4.11,3.77,10.13,7.77,6.89,1.51,-4.05
15096.00,-1.18,1.40,5.55,8.54,7.94,6.56,-0.04,-8.57
15100.00,-0.01,3.08,6.05,7.79,8.72,0.57,-4.81,-9.10
15104.00,5.87,8.43,10.67,7.56,2.21,-0.31,-5.95,-14.44
15108.00,5.53,8.89,10.25,8.45,1.04,-3.78,-11.30,-18.30
15112.00,6.02,8.00,9.69,4.02,0.50,-8.31,-14.63,-15.30
15116.00,6.95,9.57,6.31,0.35,-4.23,-9.49,-16.44,-16.17
15120.00,10.30,8.53,6.55,-1.83,-6.90,-14.60,-15.77,-16.25
15124.00,6.73,7.97,1.05,-6.00,-11.22,-12.50,-18.57,-11.96
15128.00,9.23,6.73,1.60,-8.93,-12.90,-17.67,-13.50,-10.67
15132.00,4.11,0.05,-1.82,-11.34,-16.36,-17.53,-14.53,-9.11
15136.00,6.75,-1.19,-6.54,-13.73,-14.39,-16.83,-10.76,-0.50
15140.00,1.25,-4.26,-10.99,-14.91,-16.92,-11.54,-9.35,0.50
15144.00,-0.32,-7.87,-10.84,-15.75,-16.88,-9.83,-2.80,6.32
15148.00,-2.30,-8.77,-14.31,-13.35,-13.32,-7.38,0.52,12.23
15152.00,-5.31,-12.38,-12.09,-15.52,-12.38,-3.32,6.05,18.56
15156.00,-9.19,-14.61,-15.57,-13.90,-6.55,1.59,11.23,21.99
15160.00,-9.42,-12.43,-12.45,-9.42,-2.17,6.12,17.19,24.05
15164.00,-10.25,-15.56,-10.04,-4.70,0.61,10.57,22.19,28.96
15168.00,-13.89,-13.73,-10.52,-5.83,5.88,14.99,23.14,31.61
15172.00,-10.26,-10.30,-5.40,2.64,9.05,17.91,27.53,27.89
15176.00,-12.41,-9.73,-1.92,2.92,14.09,24.58,27.01,28.96
15180.00,-10.12,-8.02,0.43,9.70,18.69,23.33,29.21,29.50
15184.00,-7.78,-4.43,2.15,14.31,19.11,25.54,26.16,23.88
15188.00,-5.09,-0.02,10.88,18.54,24.44,25.14,27.99,21.68
15192.00,-2.39,2.75,12.66,20.08,22.94,28.35,23.93,18.88
15196.00,-2.35,7.53,16.68,19.88,23.26,23.43,22.23,13.32
15200.00,4.69,11.71,19.42,21.12,27.14,24.72,17.91,7.09
15204.00,8.38,15.74,21.06,24.19,24.45,19.78,11.70,3.99
15208.00,12.46,17.82,20.85,24.25,21.77,17.59,6.36,-1.50
15212.00,14.58,20.76,19.88,22.48,16.29,13.61,4.06,-0.94
15216.00,16.28,19.27,24.32,20.40,17.10,5.87,2.01,-6.09
15220.00,16.39,20.39,21.36,15.62,11.26,2.85,-2.11,-8.27
15224.00,19.93,21.69,16.73,16.64,9.26,2.17,-3.52,-5.74
15228.00,19.54,21.75,15.97,12.26,2.86,-2.83,-4.77,-6.42
15232.00,17.44,18.05,12.93,7.33,2.71,-2.89,-8.31,-5.31
15236.00,17.65,14.43,12.24,5.07,-2.74,-4.01,-6.58,-2.43
15240.00,18.31,12.04,5.42,3.85,-3.97,-5.25,-3.89,-3.31
15244.00,15.02,9.94,5.28,-2.41,-3.10,-2.99,-4.18,2.30
15248.00,14.23,5.87,3.54,-3.38,-3.70,-1.62,0.26,6.64
15252.00,11.59,4.52,-0.45,-1.89,-6.62,-2.50,1.13,7.91
15256.00,8.23,1.11,-1.42,-5.49,-4.73,-2.25,3.22,7.22
15260.00,5.50,-1.28,-2.51,-4.81,-1.77,4.38,4.46,11.90
15264.00,-0.54,-2.48,-2.28,-1.53,-1.36,2.88,10.65,10.55
15268.00,-2.14,-0.85,-4.77,-1.82,0.17,7.96,8.52,10.00
15272.00,-0.34,-4.80,0.31,0.77,6.23,7.21,10.74,8.55
15276.00,-4.18,-0.59,1.20,4.33,5.16,12.10,13.66,7.14
15280.00,-0.85,-0.97,3.45,4.06,11.12,9.03,11.29,8.22
15284.00,0.02,0.32,5.22,7.43,11.52,10.97,10.47,4.99
15288.00,0.60,1.42,6.97,8.03,8.83,11.69,7.03,2.03
15292.00,-2.01,3.93,7.50,11.76,9.36,6.32,6.12,-4.52
15296.00,4.07,4.45,6.18,9.04,11.00,5.71,-1.14,-5.37
15300.00,3.42,6.91,9.26,10.25,9.16,5.00,-4.39,-10.36
15304.00,7.27,8.33,9.06,8.52,6.46,0.51,-7.58,-10.11
15308.00,5.15,10.71,7.34,8.31,1.81,-1.28,-8.90,-16.56
15312.00,8.24,9.63,6.38,3.90,1.06,-5.94,-12.02,-16.59
15316.00,7.68,7.07,7.74,4.54,-3.12,-11.54,-16.58,-13.88
15320.00,10.71,10.66,4.29,0.24,-8.51,-12.52,-14.08,-14.90
15324.00,10.10,7.31,3.19,-0.56,-11.06,-11.51,-17.63,-11.29
15328.00,10.24,6.32,2.39,-3.99,-9.73,-13.21,-16.40,-11.69
15332.00,8.75,1.59,-1.08,-10.72,-11.61,-17.02,-11.47,-5.23
15336.00,6.46,-0.09,-8.13,-11.16,-16.57,-17.17,-12.83,-3.38
15340.00,0.46,-3.30,-9.67,-13.64,-16.28,-15.39,-8.92,4.94
15344.00,0.77,-3.97,-11.01,-14.31,-13.29,-12.91,-3.53,7.65
15348.00,-3.26,-9.89,-14.73,-16.50,-15.11,-9.42,-0.38,12.25
15352.00,-3.46,-9.92,-12.00,-16.48,-11.60,-1.78,8.13,16.30
15356.00,-6.13,-10.26,-13.37,-14.54,-7.76,1.71,9.07,20.25
15360.00,-10.41,-15.51,-15.30,-8.53,-1.74,3.77,17.02,27.17
15364.00,-12.81,-12.82,-10.92,-9.86,0.72,11.16,22.05,26.16
15368.00,-13.08,-15.15,-11.64,-2.09,6.62,12.75,21.06,29.81
15372.00,-12.88,-11.64,-9.03,-1.23,7.93,19.86,23.79,31.39
15376.00,-11.27,-9.33,-4.30,3.97,14.23,22.55,28.72,25.95
15380.00,-13.43,-9.11,1.38,7.76,16.36,22.95,25.20,27.94
15384.00,-7.72,-1.98,2.59,11.00,19.47,24.08,25.24,24.47
15388.00,-7.43,-1.19,9.75,14.49,21.25,25.89,22.87,17.79
15392.00,-5.38,3.01,8.69,17.11,24.17,26.46,21.17,17.30
15396.00,-0.31,8.22,16.42,18.65,23.60,22.67,17.10,10.68
15400.00,-0.36,9.73,15.32,22.64,22.66,20.56,16.55,7.89
15404.00,7.50,14.44,18.34,20.03,23.42,17.98,11.55,-0.07
15408.00,8.47,17.16,17.69,21.29,18.55,14.23,5.15,-3.43
15412.00,12.19,18.19,18.74,20.52,18.43,9.27,3.39,-7.23
15416.00,11.50,19.26,20.51,19.09,14.21,6.73,0.68,-6.98
15420.00,16.91,18.21,20.21,13.44,7.30,1.93,-3.71,-10.82
15424.00,15.20,17.04,16.83,13.73,3.80,0.66,-8.08,-11.50
15428.00,19.38,17.71,13.59,9.60,4.48,-3.15,-8.54,-10.77
15432.00,14.51,16.53,10.91,7.63,-1.78,-4.55,-7.90,-7.47
15436.00,17.78,11.01,5.82,0.96,-2.84,-9.76,-7.17,-7.68
15440.00,13.41,10.16,4.88,-2.30,-5.49,-8.95,-7.24,-4.64
15444.00,11.80,6.77,1.15,-1.92,-9.31,-6.77,-6.88,0.12
15448.00,10.39,3.74,-0.78,-5.25,-6.90,-7.03,-5.52,-1.02
15452.00,5.81,1.75,-5.54,-4.26,-6.54,-5.52,-0.16,1.22
15456.00,5.72,-2.28,-5.46,-8.12,-5.11,-4.96,2.60,6.48
15460.00,0.46,-2.21,-6.20,-4.91,-3.47,-1.37,3.78,8.88
15464.00,0.58,-2.84,-5.68,-3.65,-5.15,1.27,7.32,7.98
15468.00,-4.85,-5.12,-8.20,-4.64,0.28,2.26,5.52,9.46
15472.00,-2.19,-5.62,-3.11,-0.37,-0.85,5.66,8.62,4.74
15476.00,-6.67,-7.71,-4.35,-1.41,3.22,4.22,5.03,4.43
15480.00,-3.31,-3.53,-3.42,2.67,3.32,6.01,5.97,1.32
15484.00,-5.06,-2.00,-2.32,1.44,6.77,5.43,2.46,0.31
15488.00,-4.44,-2.86,2.94,6.27,8.87,3.80,2.07,-2.00
15492.00,-5.37,1.97,2.33,4.52,7.68,2.62,1.63,-7.32
15496.00,-1.78,3.18,2.56,7.15,7.04,4.22,-2.77,-9.21
15500.00,0.37,1.86,4.26,4.99,1.68,-0.97,-8.00,-15.28
15504.00,2.79,6.66,5.86,7.21,-0.38,-3.89,-12.12,-19.35
15508.00,4.62,7.75,3.45,1.46,-0.08,-6.73,-16.36,-17.28
15512.00,4.64,6.87,2.65,0.41,-4.03,-9.17,-15.37,-21.34
15516.00,4.26,5.88,5.68,-3.61,-9.69,-13.97,-21.54,-18.90
15520.00,5.90,2.79,3.44,-5.61,-13.22,-17.17,-18.78,-20.38
15524.00,4.24,3.32,-0.41,-7.75,-14.87,-18.84,-19.74,-19.16
15528.00,2.04,2.33,-4.72,-12.77,-17.65,-20.43,-21.61,-14.28
15532.00,1.77,0.17,-8.18,-15.22,-16.13,-18.25,-17.23,-13.48
15536.00,0.94,-4.91,-11.35,-17.79,-18.40,-19.07,-15.85,-7.65
15540.00,-0.20,-8.35,-13.28,-18.20,-20.84,-18.04,-14.05,-3.54
15544.00,-3.65,-10.62,-17.58,-20.12,-18.27,-14.28,-9.98,-0.69
15548.00,-8.51,-11.86,-15.23,-17.77,-16.11,-13.90,-3.55,7.62
15552.00,-7.30,-13.06,-19.99,-16.75,-17.26,-8.26,-0.48,11.46
15556.00,-13.34,-17.72,-21.21,-19.75,-10.62,-3.38,6.81,14.07
15560.00,-12.00,-15.23,-16.93,-13.03,-7.47,-2.03,9.13,19.16
15564.00,-15.78,-19.99,-14.96,-14.50,-5.90,7.09,14.38,22.79
15568.00,-18.81,-18.55,-15.82,-10.25,1.25,8.45,15.93,21.23
15572.00,-14.82,-16.02,-11.13,-4.03,5.05,14.46,19.70,23.72
15576.00,-14.75,-13.71,-10.43,-2.51,7.23,17.05,20.46,22.35
15580.00,-13.95,-9.93,-5.89,2.36,11.12,18.10,21.88,21.85
15584.00,-13.65,-11.20,0.33,5.91,12.70,20.72,18.89,15.46
15588.00,-9.35,-5.83,0.80,10.47,18.72,21.11,19.14,12.29
15592.00,-10.49,-1.97,6.42,15.08,16.85,17.17,15.38,11.77
15596.00,-3.00,1.98,11.63,17.32,16.61,17.15,15.30,4.63
15600.00,-3.89,4.57,12.71,18.96,16.84,13.71,9.63,-0.12
15604.00,-0.94,8.02,14.63,17.51,15.66,13.62,6.33,-5.30
15608.00,2.95,11.00,14.34,16.05,13.72,9.07,1.16,-6.83
15612.00,8.88,10.95,13.85,13.66,10.03,3.05,-3.41,-11.25
15616.00,9.88,14.05,17.42,10.80,7.00,0.31,-8.68,-11.82
15620.00,13.65,15.55,11.80,11.91,1.63,-5.77,-9.33,-16.87
15624.00,13.10,12.70,9.91,6.31,-2.04,-6.22,-10.90,-17.13
15628.00,12.97,13.88,7.90,1.72,-4.23,-7.44,-12.66,-15.00
15632.00,13.22,13.18,8.98,-1.22,-7.55,-13.36,-12.75,-14.08
15636.00,13.34,6.96,1.47,-2.40,-9.84,-14.13,-14.95,-14.39
15640.00,8.01,6.65,0.95,-7.90,-12.84,-14.04,-11.08,-11.13
15644.00,7.97,1.97,-3.01,-8.82,-12.77,-13.05,-11.96,-6.58
15648.00,4.29,-0.27,-5.92,-8.95,-13.92,-11.20,-10.24,-3.44
15652.00,3.25,-2.74,-7.38,-9.78,-13.01,-8.64,-8.07,-1.09
15656.00,1.13,-3.85,-11.32,-9.67,-9.24,-6.95,-3.12,0.81
15660.00,-3.04,-5.04,-8.25,-12.70,-10.12,-7.89,0.06,1.23
15664.00,-3.71,-7.46,-8.67,-8.61,-6.75,-3.04,1.78,1.21
15668.00,-5.70,-11.45,-9.48,-8.22,-7.11,-0.30,0.25,3.96
15672.00,-7.74,-8.64,-11.60,-7.77,-1.67,-2.16,-0.12,3.39
15676.00,-10.73,-11.76,-9.34,-3.74,-2.55,3.23,1.49,-2.89
15680.00,-11.28,-10.98,-5.02,-2.65,-1.65,4.40,1.64,-4.22
15684.00,-9.38,-7.01,-3.70,-1.26,-0.27,3.05,-2.27,-4.56
15688.00,-10.20,-5.13,-1.11,2.46,-0.36,1.97,-0.48,-10.36
15692.00,-9.00,-4.50,-2.99,1.35,2.94,0.17,-3.32,-10.95
15696.00,-4.15,-0.24,-1.66,2.72,3.00,-1.00,-10.86,-18.38
15700.00,-0.86,1.03,4.24,2.59,-2.75,-4.08,-10.28,-19.26
15704.00,-0.95,1.39,3.86,3.57,-3.37,-10.31,-16.41,-19.91
15708.00,-1.51,2.72,0.10,-1.79,-7.20,-10.77,-20.35,-26.39
15712.00,3.65,3.08,3.00,-1.64,-9.28,-13.03,-20.75,-23.74
15716.00,0.80,2.27,1.19,-4.88,-10.68,-18.55,-24.51,-26.34
15720.00,0.81,1.78,-4.50,-7.37,-14.01,-22.58,-23.71,-24.08
15724.00,3.00,-0.78,-4.44,-9.59,-17.40,-21.60,-26.74,-21.41
15728.00,0.19,-1.15,-9.21,-16.32,-19.19,-25.61,-24.13,-19.25
15732.00,-2.24,-3.76,-11.12,-17.60,-21.68,-23.14,-22.64,-17.56
15736.00,-2.21,-9.43,-13.32,-21.19,-25.15,-25.75,-20.40,-10.79
15740.00,-3.99,-10.47,-16.39,-20.48,-24.89,-19.60,-16.51,-7.31
15744.00,-6.27,-10.44,-17.29,-24.32,-21.72,-20.92,-10.83,-3.69
15748.00,-10.70,-15.08,-22.44,-20.06,-23.31,-15.13,-5.10,4.77
15752.00,-10.38,-18.73,-18.65,-20.38,-17.76,-10.91,-1.09,10.35
15756.00,-15.87,-20.62,-19.23,-19.63,-15.72,-5.80,2.02,13.94
15760.00,-14.26,-18.59,-20.36,-18.17,-13.41,-3.78,7.04,15.06
15764.00,-16.71,-19.83,-19.76,-13.43,-8.19,-0.18,13.35,20.28
15768.00,-16.92,-18.35,-16.82,-9.80,-1.05,6.98,14.30,18.93
15772.00,-20.07,-19.82,-15.23,-6.56,2.04,12.50,18.60,19.25
15776.00,-20.36,-18.99,-12.02,-0.62,6.11,11.52,18.87,19.39
15780.00,-19.20,-14.32,-4.88,1.92,8.92,14.21,18.75,19.52
15784.00,-14.92,-10.07,-4.39,6.46,12.04,15.97,19.01,14.73
15788.00,-14.56,-6.92,3.07,8.41,16.35,15.74,18.16,13.45
15792.00,-11.08,-2.85,4.59,10.23,16.57,15.98,11.97,5.46
15796.00,-8.17,2.96,6.00,12.89,14.87,16.65,10.68,1.39
15800.00,-3.45,4.95,8.88,16.45,14.81,13.20,8.51,-0.45
15804.00,-2.23,4.92,11.09,15.83,16.44,8.24,4.64,-7.59
15808.00,3.01,9.65,14.77,17.78,14.68,4.44,1.05,-6.93
15812.00,4.66,11.94,15.53,15.19,8.95,4.73,-4.23,-12.46
15816.00,7.98,10.84,15.20,13.55,6.79,1.70,-7.35,-17.25
15820.00,10.69,13.27,14.26,11.20,2.17,-6.34,-12.86,-15.58
15824.00,10.21,13.33,10.23,6.97,-1.74,-8.06,-15.44,-16.09
15828.00,12.91,11.67,8.72,0.67,-2.80,-10.76,-16.82,-15.77
15832.00,14.52,10.46,7.99,1.39,-7.25,-14.74,-14.85,-14.39
15836.00,13.84,7.22,1.18,-4.66,-9.76,-12.41,-17.08,-11.07
15840.00,8.23,4.30,0.74,-6.92,-13.48,-11.93,-13.86,-12.53
15844.00,9.68,3.96,-2.42,-9.16,-10.27,-13.09,-14.47,-7.89
15848.00,5.86,2.17,-5.35,-8.81,-15.00,-12.27,-7.80,-3.38
15852.00,2.81,-2.76,-9.80,-13.01,-10.85,-9.99,-8.76,-2.98
15856.00,-1.01,-3.99,-10.70,-11.42,-9.46,-7.28,-2.61,1.78
15860.00,-1.77,-5.17,-9.18,-11.97,-11.62,-6.06,-0.99,3.15
15864.00,-5.39,-8.59,-12.32,-11.87,-5.37,-4.10,2.62,2.31
15868.00,-4.26,-9.46,-10.04,-10.81,-5.72,-3.46,1.72,0.44
15872.00,-7.85,-10.03,-10.87,-6.78,-3.68,-0.45,0.30,3.57
15876.00,-7.08,-7.65,-5.18,-3.86,0.29,0.72,0.81,1.81
15880.00,-7.89,-7.07,-7.82,-1.47,0.83,2.54,0.71,0.76
15884.00,-5.78,-8.71,-2.46,-1.30,1.10,2.42,-1.56,-4.76
15888.00,-5.46,-3.86,-1.56,-0.61,2.56,1.21,-1.47,-5.43
15892.00,-5.58,-4.98,0.50,0.71,3.17,0.48,-5.18,-11.74
15896.00,-3.90,1.68,4.44,3.26,0.83,0.66,-8.45,-15.71
15900.00,-1.19,3.37,1.06,4.86,3.70,-3.49,-10.41,-19.99
15904.00,-0.86,4.23,1.80,3.48,-0.30,-5.51,-14.21,-19.29
15908.00,2.41,2.20,1.58,1.23,-2.84,-8.30,-17.74,-20.80
15912.00,0.87,4.00,1.26,1.60,-4.72,-14.91,-20.65,-23.42
15916.00,4.24,3.45,3.42,-4.12,-10.54,-17.06,-23.52,-23.24
15920.00,3.04,5.53,-2.66,-7.92,-10.14,-16.30,-23.83,-24.50
15924.00,2.72,3.93,-2.81,-9.82,-15.69,-21.99,-22.10,-21.21
15928.00,2.27,-2.28,-5.59,-13.87,-16.04,-21.67,-20.79,-19.70
15932.00,2.25,0.17,-7.20,-14.77,-21.52,-21.30,-20.11,-12.49
15936.00,1.75,-3.43,-8.58,-14.54,-22.39,-23.22,-16.54,-8.85
15940.00,-1.72,-6.03,-11.20,-19.30,-19.43,-16.47,-11.49,-2.13
15944.00,-6.65,-12.20,-17.57,-17.41,-18.35,-18.31,-10.49,1.02
15948.00,-6.60,-11.14,-18.14,-18.08,-18.33,-12.18,-1.71,6.98
15952.00,-8.62,-16.31,-17.98,-18.17,-14.99,-7.52,0.41,9.92
15956.00,-11.50,-15.52,-18.89,-18.80,-13.55,-6.41,4.56,17.34
15960.00,-11.87,-15.64,-16.95,-14.35,-8.62,3.14,12.07,17.27
15964.00,-17.12,-17.08,-17.91,-12.45,-2.06,8.02,15.89,21.21
15968.00,-13.62,-17.39,-15.67,-7.24,1.60,8.66,18.84,22.51
15972.00,-13.97,-16.89,-10.77,-3.84,2.87,11.88,18.79,25.22
15976.00,-17.91,-11.04,-6.59,-0.54,7.25,17.28,23.27,24.84
15980.00,-15.90,-11.09,-1.56,7.03,15.68,20.10,22.95,22.45
15984.00,-13.58,-7.60,0.72,7.34,16.28,20.57,21.35,20.43
15988.00,-11.47,-3.38,2.53,13.47,20.48,19.88,21.45,16.46
15992.00,-8.24,-1.76,9.00,15.14,19.43,22.97,17.26,11.13
15996.00,-4.21,2.92,13.70,18.79,19.03,17.98,17.69,7.06
16000.00,0.24,6.07,15.78,21.01,19.58,20.03,10.53,3.60
16004.00,1.70,8.60,15.35,18.50,19.61,17.16,7.45,0.88
16008.00,7.25,11.89,18.61,20.04,18.83,14.06,4.80,-6.37
16012.00,8.51,13.82,20.40,16.76,13.48,9.67,-2.08,-5.90
16016.00,10.61,18.54,19.97,14.43,13.12,4.91,-3.66,-9.21
16020.00,14.28,15.42,18.23,13.61,6.86,-1.49,-5.22,-10.76
16024.00,13.58,16.58,16.69,12.80,6.53,-2.77,-8.35,-12.63
16028.00,18.77,16.70,15.08,5.15,2.49,-3.90,-8.80,-10.63
16032.00,16.73,14.28,11.87,4.75,-3.61,-5.14,-11.01,-9.21
16036.00,13.46,12.58,7.00,1.43,-6.38,-9.50,-9.01,-5.25
16040.00,13.14,9.32,6.54,-0.68,-8.26,-9.73,-7.14,-3.98
16044.00,9.25,7.80,0.94,-1.93,-6.49,-5.92,-7.03,-3.80
16048.00,6.94,4.09,-3.19,-7.65,-9.08,-8.53,-2.47,0.89
16052.00,8.95,-0.44,-4.09,-4.51,-7.58,-7.49,0.55,1.34
16056.00,4.57,-0.11,-6.24,-9.20,-8.04,-2.72,1.66,4.15
16060.00,2.92,-3.03,-5.92,-5.69,-3.03,0.74,2.32,5.22
16064.00,1.15,-1.68,-5.85,-4.85,-4.01,0.41,4.79,6.80
16068.00,-0.50,-6.49,-6.03,-1.56,-1.21,2.88,5.25,8.56
16072.00,-1.67,-3.90,-2.45,-0.26,0.52,5.28,7.65,10.27
16076.00,-6.07,-6.88,-5.17,2.38,3.71,5.31,6.95,7.89
16080.00,-3.99,-4.71,-2.19,1.94,5.51,6.67,10.17,6.62
16084.00,-5.63,-4.14,-1.11,4.14,5.32,8.51,4.16,0.33
16088.00,-0.79,-1.55,1.02,8.00,9.99,7.93,3.79,-0.46
16092.00,-3.68,-0.32,5.26,7.82,10.76,8.56,0.56,-5.66
16096.00,1.22,5.17,4.69,10.19,9.79,3.16,-2.14,-10.82
16100.00,3.72,6.13,8.63,9.24,5.23,3.46,-6.90,-12.10
16104.00,6.19,5.10,8.29,7.21,6.46,-1.56,-8.12,-13.29
16108.00,4.44,8.67,10.24,7.49,4.12,-4.11,-10.44,-14.42
16112.00,5.29,9.06,9.27,5.04,0.60,-10.03,-13.26,-15.98
16116.00,9.54,6.19,4.87,2.06,-5.88,-8.77,-14.60,-16.33
16120.00,9.88,7.42,6.44,-3.00,-4.83,-15.30,-17.28,-17.31
16124.00,7.21,4.58,2.71,-2.52,-9.95,-12.43,-16.47,-12.57
16128.00,5.56,4.83,1.70,-7.39,-13.04,-17.11,-14.52,-12.57
16132.00,4.29,1.31,-4.07,-10.16,-14.35,-15.44,-12.80,-7.71
16136.00,2.60,-1.69,-7.17,-11.40,-13.34,-14.30,-10.90,-1.28
16140.00,1.19,-1.71,-8.81,-15.64,-16.60,-13.82,-8.95,3.04
16144.00,1.67,-6.43,-11.37,-14.65,-15.00,-11.92,-1.05,8.74
16148.00,-0.82,-9.72,-15.20,-13.11,-14.77,-7.67,2.33,13.19
16152.00,-3.19,-11.86,-11.63,-16.38,-9.77,-4.43,7.51,18.46
16156.00,-10.11,-10.88,-13.41,-14.49,-9.20,2.38,12.63,21.05
16160.00,-10.69,-12.95,-15.50,-8.54,-4.67,6.99,17.31,27.31
16164.00,-11.26,-11.94,-13.54,-4.95,1.79,11.22,18.67,30.23
16168.00,-11.90,-15.13,-7.37,-4.64,7.87,16.24,22.46,31.82
16172.00,-10.43,-9.15,-7.68,-0.58,12.18,21.70,28.56,31.72
16176.00,-10.85,-11.76,-4.69,6.68,14.40,23.84,28.53,30.59
16180.00,-13.15,-4.44,1.19,9.04,18.56,22.74,27.52,25.95
16184.00,-11.25,-1.49,6.02,12.77,23.41,24.54,29.28,26.09
16188.00,-4.13,1.61,6.70,16.99,23.69,26.01,25.30,21.81
16192.00,-5.65,2.07,13.57,18.31,25.10,28.09,23.56,18.47
16196.00,2.26,7.97,14.19,20.39,27.39,25.41,18.61,13.66
16200.00,3.25,10.30,16.80,24.07,22.76,23.45,18.52,7.84
16204.00,5.63,13.11,20.36,26.09,25.47,20.17,10.23,2.74
16208.00,11.28,19.26,22.02,25.06,20.61,15.44,7.91,2.39
16212.00,10.97,19.17,21.22,20.35,17.44,13.84,3.49,-3.11
16216.00,14.24,22.10,21.88,18.08,17.22,9.85,3.11,-7.20
16220.00,15.56,18.30,20.93,15.01,13.53,2.75,-2.53,-6.77
16224.00,18.83,22.19,16.44,13.70,8.91,2.92,-4.57,-8.86
16228.00,17.42,19.11,14.60,8.88,5.26,-3.70,-7.17,-6.24
16232.00,21.36,16.78,14.89,6.04,1.42,-4.74,-5.76,-5.12
16236.00,19.10,16.40,12.00,5.97,0.33,-5.69,-4.96,-4.26
16240.00,14.64,11.61,8.94,2.07,-1.03,-4.18,-4.24,-2.97
16244.00,13.33,9.26,6.61,0.58,-5.62,-4.90,-2.65,1.98
16248.00,10.49,8.67,0.22,-1.34,-4.54,-5.08,-1.79,3.76
16252.00,9.40,2.38,0.46,-5.87,-4.02,-2.28,0.76,8.04
16256.00,5.55,2.93,-3.67,-4.25,-4.14,1.27,6.06,8.67
16260.00,4.12,1.77,-2.21,-1.16,-3.77,1.39,5.31,11.85
16264.00,1.15,-1.07,-2.96,-3.93,-1.83,3.23,6.51,13.79
16268.00,-1.62,-2.96,-3.02,-2.61,0.25,8.21,12.61,13.48
16272.00,-1.22,-3.59,-2.26,1.54,5.33,8.96,8.79,9.15
16276.00,-0.12,-1.63,-1.25,1.86,7.85,10.29,12.34,9.20
16280.00,-4.93,-1.54,2.27,4.43,7.62,12.85,10.45,4.53
16284.00,-4.06,-1.53,4.09,6.66,12.28,10.10,6.70,5.51
16288.00,-2.23,1.63,4.98,8.39,10.71,11.70,8.92,1.21
16292.00,-0.58,4.91,8.95,8.28,9.91,6.73,3.13,-1.96
16296.00,3.18,2.81,9.88,9.44,11.26,6.34,-1.20,-7.31
16300.00,1.11,5.53,7.76,9.17,6.04,3.51,-3.32,-9.01
16304.00,5.37,7.76,10.64,8.64,6.37,-0.61,-4.55,-14.22
16308.00,7.94,8.80,11.33,9.21,4.18,-3.17,-8.15,-14.70
16312.00,8.72,7.01,8.35,7.40,0.24,-8.52,-14.13,-13.30
16316.00,9.90,9.51,5.30,0.96,-3.07,-7.71,-14.37,-17.25
16320.00,6.84,7.58,3.08,2.57,-6.86,-9.79,-16.93,-17.56
16324.00,10.85,6.42,2.79,-1.11,-11.46,-13.51,-14.98,-13.53
16328.00,5.66,3.56,2.12,-5.16,-12.31,-15.82,-14.23,-12.40
16332.00,5.18,0.18,-4.60,-9.87,-13.94,-15.10,-14.70,-6.65
16336.00,3.16,-0.17,-6.01,-11.25,-16.28,-14.06,-11.08,-1.75
16340.00,2.38,-4.40,-7.28,-14.61,-15.37,-14.29,-5.92,0.89
16344.00,-1.37,-4.82,-12.55,-12.82,-12.52,-11.41,-2.28,7.33
16348.00,-3.25,-6.72,-15.09,-15.60,-12.66,-5.46,1.83,10.81
16352.00,-6.62,-11.05,-13.06,-11.92,-9.90,-2.33,6.19,16.81
16356.00,-6.01,-11.06,-15.87,-12.02,-5.01,1.92,13.75,20.29
16360.00,-10.48,-14.16,-14.64,-12.16,-3.84,7.74,14.90,26.42
16364.00,-11.38,-15.38,-12.51,-7.69,1.63,12.74,20.94,29.67
16368.00,-11.59,-13.13,-10.55,-1.62,5.10,14.01,25.44,30.72
16372.00,-10.91,-14.08,-8.66,-0.78,9.69,20.05,25.81,29.49
16376.00,-14.23,-8.16,-4.36,1.74,14.16,21.76,25.88,26.43
16380.00,-11.56,-7.44,-1.16,8.20,15.03,23.33,27.49,27.28
16384.00,-11.75,-6.63,5.27,11.26,18.83,26.13,29.02,23.07
16388.00,-5.10,0.95,5.39,13.78,20.44,27.31,22.50,20.42
16392.00,-5.31,1.59,12.36,17.07,25.54,23.11,23.83,17.46
16396.00,0.15,7.62,12.74,19.37,26.08,25.24,17.68,13.44
16400.00,-0.42,7.86,14.76,22.85,22.84,18.34,13.52,8.70
16404.00,3.84,11.57,18.69,23.67,23.55,16.16,10.30,3.71
16408.00,10.21,15.84,19.30,23.72,19.99,11.50,7.38,-0.88
16412.00,11.94,19.25,19.97,19.77,18.19,8.76,3.61,-6.55
16416.00,11.59,20.10,19.61,17.04,13.59,4.35,-1.09,-5.38
16420.00,14.94,18.54,18.81,17.66,10.16,1.12,-6.20,-11.01
16424.00,14.71,17.57,18.43,10.38,7.46,-1.52,-4.48,-10.34
16428.00,16.48,19.42,14.91,10.80,1.41,-6.17,-9.14,-11.70
16432.00,19.32,17.72,10.67,6.74,-0.02,-4.18,-10.61,-9.67
16436.00,17.58,13.38,10.37,0.79,-5.53,-7.03,-7.19,-6.80
16440.00,14.74,10.99,4.09,-0.26,-8.38,-6.45,-10.01,-4.60
16444.00,11.78,8.04,2.40,-3.90,-6.90,-9.13,-5.56,-0.25
16448.00,7.52,4.12,0.40,-3.37,-9.44,-7.97,-2.43,-1.09
16452.00,9.04,-0.27,-1.60,-7.02,-9.71,-4.97,-3.36,0.96
16456.00,1.89,-2.26,-5.74,-6.94,-6.29,-3.16,-0.80,7.01
16460.00,2.38,-0.74,-8.03,-9.01,-2.55,-0.71,2.63,7.08
16464.00,-3.46,-4.27,-7.90,-6.27,-4.46,2.09,4.39,6.56
16468.00,-3.07,-4.43,-4.76,-2.95,-1.98,2.14,4.99,8.51
16472.00,-6.14,-6.77,-3.23,-4.46,2.38,5.06,5.10,5.81
16476.00,-6.24,-3.59,-1.96,-1.61,3.06,8.68,6.14,4.63
16480.00,-7.10,-7.27,-3.71,0.53,3.84,7.86,7.34,2.98
16484.00,-3.08,-4.86,-2.83,1.62,5.87,6.46,5.03,0.36
16488.00,-5.42,-2.54,1.06,3.64,5.64,6.52,-0.22,-2.25
16492.00,-5.15,-0.25,3.53,7.41,8.38,4.96,-1.25,-10.05
16496.00,-1.35,-0.93,4.17,7.42,3.44,3.83,-3.76,-8.96
16500.00,1.72,5.45,6.08,4.82,3.42,0.63,-8.01,-15.11
16504.00,3.12,2.43,4.50,5.02,-0.15,-4.83,-13.60,-18.88
16508.00,1.70,7.41,7.00,1.24,-1.25,-5.74,-16.12,-19.94
16512.00,5.08,7.24,6.85,3.88,-1.99,-13.41,-15.70,-22.06
16516.00,7.26,4.34,1.33,-2.30,-5.96,-12.21,-17.12,-21.22
16520.00,5.55,6.26,0.01,-1.76,-12.07,-16.01,-19.45,-22.07
16524.00,3.42,1.54,-0.57,-5.89,-13.79,-16.82,-18.77,-18.68
16528.00,6.42,0.63,-2.29,-8.32,-15.97,-20.56,-22.07,-13.87
16532.00,4.11,-2.67,-9.29,-13.33,-16.39,-18.92,-20.86,-13.45
16536.00,-1.51,-3.91,-10.50,-16.19,-20.59,-22.26,-17.50,-5.74
16540.00,-3.50,-6.10,-11.16,-17.80,-20.65,-18.51,-13.81,-3.57
16544.00,-5.08,-9.36,-15.44,-20.89,-19.73,-14.08,-6.84,1.67
16548.00,-6.95,-13.51,-15.03,-21.60,-19.77,-11.84,-4.54,8.06
16552.00,-10.61,-14.94,-16.71,-17.84,-14.09,-7.10,2.32,11.91
16556.00,-12.87,-14.75,-19.07,-19.65,-11.28,-6.46,7.44,18.09
16560.00,-12.54,-18.25,-18.52,-16.23,-6.43,-0.18,12.16,21.44
16564.00,-14.24,-19.73,-19.36,-10.13,-5.68,4.69,12.83,19.93
16568.00,-18.98,-17.47,-16.92,-7.56,1.51,7.65,18.76,21.50
16572.00,-15.05,-17.10,-10.05,-2.47,1.97,12.92,19.81,24.31
16576.00,-14.71,-17.02,-11.01,0.08,8.47,17.17,19.33,23.74
16580.00,-13.37,-12.45,-7.24,2.68,9.69,18.86,20.27,18.01
16584.00,-13.58,-8.03,0.03,8.99,17.09,21.40,19.89,18.66
16588.00,-13.09,-7.64,4.94,10.84,16.52,17.73,18.58,13.95
16592.00,-9.45,-0.06,7.16,15.17,17.98,21.36,14.81,10.84
16596.00,-3.11,0.98,8.53,16.83,16.44,17.54,11.00,5.86
16600.00,-1.68,5.74,11.29,15.58,18.40,15.34,10.71,-0.98
16604.00,2.62,10.26,12.13,18.75,18.18,9.82,2.48,-4.72
16608.00,3.35,11.92,15.88,14.46,13.05,8.64,-0.41,-5.65
16612.00,8.15,12.48,18.26,15.06,9.74,6.13,-4.74,-9.66
16616.00,8.50,15.56,14.23,13.11,8.41,-0.81,-5.51,-14.36
16620.00,13.87,14.64,13.25,11.99,2.44,-4.97,-12.08,-16.53
16624.00,15.05,13.74,12.22,8.61,-0.38,-6.23,-10.77,-14.25
16628.00,15.69,11.16,11.31,2.34,-4.55,-7.94,-13.71,-17.95
16632.00,13.34,8.99,4.45,-2.14,-7.19,-12.26,-14.98,-13.11
16636.00,12.70,9.42,4.65,-1.33,-8.13,-15.27,-12.44,-11.29
16640.00,10.63,4.27,-0.63,-6.84,-10.41,-11.78,-14.47,-10.55
16644.00,10.47,2.97,-4.55,-7.10,-12.50,-12.94,-9.29,-7.33
16648.00,5.10,0.81,-3.09,-12.57,-11.92,-10.59,-12.07,-3.84
16652.00,0.59,-0.87,-8.72,-10.03,-13.51,-10.68,-8.41,-3.01
16656.00,0.39,-5.70,-6.96,-13.56,-13.56,-11.28,-2.21,-0.97
16660.00,-1.07,-6.23,-11.72,-10.13,-8.92,-4.22,-4.50,2.81
16664.00,-3.43,-10.10,-12.54,-12.77,-6.93,-2.12,-1.11,2.44
16668.00,-6.80,-9.31,-8.55,-9.80,-5.74,0.33,1.42,0.69
16672.00,-9.36,-10.17,-10.67,-6.63,-5.51,-0.83,1.65,0.22
16676.00,-8.00,-10.89,-6.46,-3.37,-1.55,-0.37,1.06,-1.82
16680.00,-7.86,-7.27,-5.04,-2.08,1.15,-0.16,0.62,-1.92
16684.00,-6.41,-6.60,-3.22,-1.89,1.42,-0.28,0.15,-3.76
16688.00,-9.40,-7.35,-4.27,1.47,-0.01,-0.13,-4.67,-7.18
16692.00,-4.34,-4.65,-2.87,0.44,2.80,-2.11,-4.88,-13.33
16696.00,-5.83,-2.51,-1.14,1.41,1.93,-3.06,-9.41,-15.03
16700.00,-2.51,-2.46,1.50,2.86,-0.97,-4.55,-12.22,-19.74
16704.00,-1.01,2.63,1.95,1.09,-0.39,-6.74,-15.48,-21.44
16708.00,-0.49,-0.49,1.21,2.10,-3.73,-12.35,-16.78,-22.85
16712.00,0.08,0.61,-0.44,-2.84,-9.57,-14.80,-24.17,-24.37
16716.00,3.49,0.40,-0.28,-6.36,-11.70,-16.12,-25.68,-27.11
16720.00,0.98,0.08,-1.91,-8.21,-13.50,-22.81,-26.21,-26.67
16724.00,3.22,0.93,-4.47,-12.54,-15.79,-20.98,-26.94,-21.59
16728.00,-0.45,-0.26,-5.24,-13.81,-19.42,-26.30,-22.31,-22.29
16732.00,1.20,-3.43,-12.64,-15.37,-21.03,-25.92,-20.99,-16.58
16736.00,-0.15,-6.71,-14.32,-19.74,-22.72,-21.25,-19.08,-13.98
16740.00,-2.33,-7.91,-17.68,-19.19,-25.84,-24.09,-14.50,-9.06
16744.00,-6.95,-12.47,-16.16,-22.32,-23.99,-21.02,-12.60,-0.41
16748.00,-7.01,-16.32,-22.22,-22.40,-19.95,-18.01,-5.52,4.28
16752.00,-11.85,-17.17,-19.52,-19.92,-19.74,-11.67,-0.61,5.99
16756.00,-15.03,-17.60,-19.19,-20.10,-15.48,-5.20,3.21,12.69
16760.00,-14.93,-19.58,-19.23,-18.41,-12.13,-1.20,6.36,16.60
16764.00,-19.46,-21.72,-18.81,-15.81,-9.63,2.42,11.65,18.90
16768.00,-19.40,-17.65,-18.15,-10.06,-3.00,6.72,14.71,21.54
16772.00,-21.16,-19.60,-13.62,-7.81,-0.66,10.54,15.68,18.12
16776.00,-18.39,-14.41,-10.57,-1.38,6.09,12.76,20.44,19.42
16780.00,-18.83,-11.84,-7.42,0.16,8.01,17.64,19.47,17.88
16784.00,-16.38,-11.57,-2.25,6.97,13.11,18.79,20.68,16.50
16788.00,-12.89,-8.73,0.90,8.88,13.39,16.55,18.54,9.12
16792.00,-11.65,-1.31,4.37,12.30,17.92,18.80,14.69,5.53
16796.00,-4.54,-0.06,9.28,14.10,18.44,17.24,12.33,1.53
16800.00,-1.07,4.09,9.98,15.80,14.33,15.86,8.80,-0.61
16804.00,2.39,7.92,13.15,16.83,13.72,9.72,1.20,-7.43
16808.00,4.32,9.97,12.62,13.61,11.03,8.25,0.78,-8.38
16812.00,8.16,12.56,16.03,11.90,7.99,3.84,-3.70,-10.08
16816.00,6.83,12.61,14.15,12.09,5.64,0.83,-7.85,-16.91
16820.00,10.49,11.65,11.24,10.15,0.89,-4.46,-13.84,-17.74
16824.00,11.78,11.16,11.26,5.47,-1.13,-9.87,-11.16,-18.52
16828.00,11.59,10.58,7.41,1.10,-5.21,-10.46,-16.81,-18.51
16832.00,10.82,8.87,6.40,-0.87,-5.58,-14.09,-13.83,-14.16
16836.00,13.65,9.37,1.65,-3.03,-11.36,-12.01,-14.99,-14.21
16840.00,12.27,6.57,-2.46,-5.76,-12.79,-15.97,-14.37,-13.00
16844.00,6.91,3.95,-2.98,-8.06,-10.58,-13.77,-13.42,-9.41
16848.00,3.57,0.13,-4.54,-9.08,-13.49,-10.07,-9.17,-3.94
16852.00,2.49,-3.21,-5.41,-13.67,-14.08,-9.27,-6.04,-2.59
16856.00,0.65,-5.92,-10.98,-10.91,-9.40,-9.95,-2.14,0.59
16860.00,0.27,-6.65,-10.97,-12.70,-9.07,-7.61,-2.02,-0.49
16864.00,-4.39,-7.84,-12.34,-8.44,-6.80,-3.76,0.23,3.04
16868.00,-8.67,-10.57,-9.67,-9.88,-2.97,-2.58,3.24,0.18
16872.00,-9.39,-9.75,-11.18,-8.54,-0.62,2.67,1.79,1.22
16876.00,-7.82,-8.91,-9.63,-1.89,0.75,2.82,2.89,1.23
16880.00,-7.84,-6.69,-4.40,-1.85,1.90,2.31,3.34,-2.86
16884.00,-5.50,-8.48,-3.05,1.87,3.73,2.68,2.85,-2.53
16888.00,-8.34,-5.91,-3.24,-0.76,4.83,1.30,-2.70,-8.92
16892.00,-4.94,-0.89,-0.00,2.56,4.68,0.01,-3.57,-12.99
16896.00,-1.98,0.61,2.66,5.86,1.26,-1.81,-7.29,-12.78
16900.00,-1.36,-1.42,2.92,3.86,-0.83,-2.50,-9.21,-19.72
16904.00,0.65,0.66,1.53,4.01,-2.79,-9.13,-13.83,-22.05
16908.00,0.69,5.57,5.45,2.31,-5.69,-8.81,-14.94,-24.40
16912.00,1.09,5.01,0.88,-1.19,-4.06,-13.03,-19.05,-24.33
16916.00,2.02,5.76,0.30,-3.19,-6.90,-14.42,-20.72,-25.37
16920.00,1.89,5.20,-2.10,-7.59,-12.80,-18.21,-20.22,-24.54
16924.00,5.32,1.80,-2.72,-10.64,-16.76,-20.41,-21.68,-19.61
16928.00,5.38,2.51,-6.89,-13.37,-20.12,-23.17,-20.83,-15.45
16932.00,2.24,-2.85,-9.10,-14.09,-19.58,-22.29,-18.44,-15.65
16936.00,2.18,-3.34,-12.06,-16.45,-21.19,-19.49,-14.58,-11.00
16940.00,-2.46,-5.24,-13.87,-19.82,-18.53,-18.99,-11.75,-6.32
16944.00,-1.83,-10.85,-16.09,-17.11,-21.88,-13.92,-9.70,-1.06
16948.00,-7.34,-14.78,-19.32,-19.31,-17.08,-14.45,-1.49,7.38
16952.00,-8.50,-16.11,-17.71,-17.46,-17.04,-9.53,2.01,9.68
16956.00,-9.77,-15.68,-20.91,-16.67,-14.28,-5.90,5.23,16.15
16960.00,-15.42,-19.46,-18.58,-15.54,-9.72,0.81,10.52,17.19
16964.00,-13.91,-18.88,-16.88,-12.68,-6.34,4.99,13.67,22.59
16968.00,-14.10,-18.15,-13.92,-8.21,0.12,8.58,18.54,23.74
16972.00,-15.93,-13.89,-11.83,-2.01,5.77,15.53,23.77,25.60
16976.00,-14.92,-15.73,-9.68,0.95,10.79,18.35,23.36,22.22
16980.00,-16.41,-9.18,-4.70,4.82,12.00,21.03,24.25,20.90
16984.00,-15.05,-9.70,2.04,6.92,17.81,23.02,22.38,21.26
16988.00,-9.35,-3.40,2.69,12.09,20.42,23.02,19.99,16.95
16992.00,-5.66,-0.79,9.25,13.49,18.38,23.59,18.83,10.21
16996.00,-5.18,4.46,12.64,19.04,21.86,18.18,15.09,6.14
17000.00,1.58,7.51,12.88,17.06,18.60,15.75,12.81,5.19
17004.00,2.82,10.77,17.14,20.68,21.18,13.99,8.59,-2.88
17008.00,6.43,12.38,19.30,21.01,14.93,9.87,2.49,-6.21
17012.00,10.00,17.92,21.18,16.20,12.01,6.21,-1.28,-6.49
17016.00,10.43,17.71,19.14,16.26,12.71,1.99,-2.70,-8.33
17020.00,14.31,17.95,18.59,12.87,6.60,-1.46,-6.52,-8.97
17024.00,14.08,15.43,17.42,11.92,6.28,-2.59,-7.91,-13.77
17028.00,15.21,16.00,13.48,5.34,0.20,-4.84,-8.99,-12.03
17032.00,15.12,13.33,10.77,6.56,-0.61,-9.69,-7.75,-10.36
17036.00,16.87,10.00,5.58,2.31,-5.17,-7.79,-11.28,-8.49
17040.00,11.54,11.62,5.27,-3.01,-6.79,-8.07,-9.02,-3.17
17044.00,12.32,6.60,0.81,-3.74,-5.27,-6.87,-7.32,-3.84
17048.00,8.85,4.13,-0.55,-7.01,-8.65,-6.56,-2.99,2.09
17052.00,5.87,1.97,-4.50,-4.67,-8.72,-6.24,-3.13,4.90
17056.00,6.52,1.61,-4.77,-4.73,-8.10,-3.24,-0.51,4.58
17060.00,3.45,-4.93,-7.63,-7.55,-6.91,-1.94,2.99,8.85
17064.00,0.97,-2.19,-6.41,-5.58,-2.68,0.28,4.77,8.99
17068.00,-4.27,-7.18,-6.10,-1.12,-2.46,4.19,5.71,7.54
17072.00,-4.32,-4.14,-3.91,-2.35,3.76,7.97,6.21,9.40
17076.00,-4.81,-3.82,-2.19,0.86,6.08,8.43,7.35,7.10
17080.00,-2.64,-5.79,-1.56,3.56,6.14,10.48,6.38,6.27
17084.00,-3.17,-4.40,0.97,5.65,5.35,7.41,4.59,1.25
17088.00,-2.85,-0.06,4.54,7.11,6.38,7.46,6.69,-3.55
17092.00,-0.51,3.19,3.02,7.71,7.89,8.64,0.80,-4.93
17096.00,1.98,5.38,9.24,6.24,6.90,4.44,-1.99,-10.36
17100.00,1.33,6.55,10.36,9.49,6.58,2.13,-5.05,-13.63
17104.00,1.99,7.47,7.49,8.32,4.90,1.00,-8.87,-14.54
17108.00,7.89,6.45,7.75,5.32,1.85,-2.97,-9.71,-17.82
17112.00,8.67,8.25,10.20,6.30,0.13,-8.46,-12.72,-15.10
17116.00,7.82,10.65,7.10,0.35,-5.93,-12.81,-17.05,-18.29
17120.00,10.54,8.09,3.77,-0.34,-4.87,-13.14,-16.31,-17.95
17124.00,6.33,5.85,2.84,-1.78,-8.99,-16.64,-16.23,-13.87
17128.00,6.13,6.72,0.77,-8.28,-12.10,-14.48,-17.57,-10.26
17132.00,3.84,0.82,-1.86,-11.87,-11.99,-15.36,-15.90,-6.68
17136.00,2.36,1.08,-4.47,-11.95,-14.42,-15.49,-9.25,-4.62
17140.00,4.04,-5.12,-6.67,-12.68,-14.40,-11.93,-5.34,3.79
17144.00,0.92,-7.09,-11.96,-14.14,-14.58,-13.08,-4.57,7.25
17148.00,-3.88,-7.53,-13.93,-16.06,-14.23,-7.24,0.82,10.20
17152.00,-3.41,-13.03,-12.04,-15.38,-10.52,-4.80,4.83,16.87
17156.00,-8.09,-9.96,-16.42,-13.69,-8.89,2.80,13.80,21.68
17160.00,-11.90,-13.57,-12.66,-12.46,-2.64,7.20,14.31,25.67
17164.00,-11.18,-13.22,-10.73,-8.48,2.16,12.55,19.51,28.27
17168.00,-12.83,-13.66,-10.68,-1.93,5.16,15.25,23.88,27.16
17172.00,-12.69,-10.78,-7.97,2.95,10.68,20.73,28.25,31.43
17176.00,-13.21,-7.53,-1.11,5.61,12.45,20.80,26.85,27.29
17180.00,-8.49,-7.82,1.28,10.46,19.96,26.50,29.45,25.05
17184.00,-9.32,-6.00,1.91,12.54,18.84,26.47,27.00,26.22
17188.00,-5.83,-0.18,8.88,19.12,23.07,26.09,26.27,20.42
17192.00,-1.41,6.25,14.53,17.47,24.82,26.86,21.46,18.72
17196.00,1.47,9.24,13.43,20.01,26.43,25.76,19.80,13.73
17200.00,4.07,8.90,17.55,21.29,24.51,22.50,18.49,8.26
17204.00,5.18,14.60,20.23,26.37,23.95,19.05,10.31,6.19
17208.00,9.39,18.76,24.17,21.55,23.17,14.35,6.24,-1.88
17212.00,12.50,18.79,23.82,21.69,17.94,14.12,4.72,-1.57
17216.00,14.77,17.88,24.23,22.48,13.26,10.37,0.97,-4.11
17220.00,16.50,18.32,18.26,16.67,9.93,5.53,-1.34,-7.11
17224.00,18.22,21.59,16.40,16.21,7.02,1.09,-2.60,-5.49
17228.00,20.90,21.60,15.37,12.78,2.15,-3.34,-7.86,-8.68
17232.00,17.62,18.39,15.28,6.70,1.25,-3.59,-6.97,-6.29
17236.00,19.46,15.80,10.81,5.32,1.20,-5.66,-4.25,-1.52
17240.00,13.91,12.98,6.79,1.09,-3.51,-7.49,-5.92,-2.81
17244.00,16.04,8.55,5.08,-0.67,-5.82,-4.33,-4.09,3.30
17248.00,10.61,8.24,3.67,-2.67,-2.77,-4.83,-1.23,5.55
17252.00,9.76,6.59,-1.24,-5.04,-6.38,-0.25,-0.52,6.70
17256.00,4.55,-0.23,-4.10,-4.83,-1.99,-0.45,2.88,10.30
17260.00,2.03,0.64,-0.86,-4.12,-4.06,4.53,5.29,8.70
17264.00,1.16,0.62,-2.74,-3.51,-1.98,4.75,8.70,11.35
17268.00,-0.01,-4.06,-1.37,-1.38,4.86,4.83,10.39,9.40
17272.00,-2.31,-2.54,-1.22,0.24,3.99,9.14,9.07,11.61
17276.00,-2.54,-1.97,-2.22,2.26,4.81,10.44,13.60,8.45
17280.00,-3.91,-2.53,-1.05,2.66,6.44,12.88,12.70,6.25
17284.00,-3.07,-1.90,0.63,8.39,11.12,13.13,8.95,3.36
17288.00,-2.53,-1.07,3.66,8.87,10.51,11.37,8.45,-0.61
17292.00,-1.28,1.40,8.69,11.10,10.98,9.50,5.00,-3.68
17296.00,1.08,7.27,9.09,9.20,7.44,7.84,0.25,-4.68
17300.00,3.15,8.08,10.94,9.01,9.26,3.77,-4.73,-9.75
17304.00,3.76,8.77,11.90,11.67,4.97,1.36,-5.07,-10.03
17308.00,4.47,9.48,8.53,5.54,4.84,-2.38,-8.87,-16.50
17312.00,6.87,11.52,10.34,3.62,-1.17,-7.07,-11.13,-16.38
17316.00,7.41,11.42,8.32,1.62,-4.98,-10.74,-12.14,-17.24
17320.00,8.28,6.84,2.89,0.50,-7.37,-9.89,-16.34,-13.99
17324.00,7.83,9.42,1.51,-5.05,-8.69,-12.13,-15.96,-15.33
17328.00,6.60,6.98,-1.64,-5.87,-11.46,-13.69,-14.80,-11.68
17332.00,6.56,4.46,-4.76,-10.00,-13.57,-16.60,-11.27,-6.88
17336.00,3.45,-2.39,-5.56,-13.71,-14.68,-16.94,-12.68,-4.44
17340.00,4.36,-3.24,-10.06,-14.80,-14.17,-13.34,-4.80,1.08
17344.00,-2.53,-3.38,-11.24,-14.53,-16.47,-12.81,-1.62,6.12
17348.00,-4.45,-9.45,-13.40,-16.47,-14.56,-4.99,2.71,11.15
17352.00,-7.58,-8.78,-15.26,-11.93,-10.68,-2.24,6.99,17.70
17356.00,-6.51,-14.74,-12.74,-11.39,-5.96,1.36,9.58,22.38
17360.00,-8.54,-15.74,-12.32,-9.69,-5.48,7.39,16.27,23.71
17364.00,-9.40,-13.45,-11.35,-5.94,1.74,8.92,20.83,27.33
17368.00,-11.19,-11.96,-8.10,-1.96,4.00,13.01,20.87,27.74
17372.00,-13.29,-10.98,-5.56,0.40,9.95,19.75,24.25,29.77
17376.00,-14.03,-9.73,-4.59,3.12,11.00,23.60,26.84,28.71
17380.00,-9.44,-9.88,-2.66,6.25,15.64,21.60,26.60,28.03
17384.00,-11.33,-4.64,5.86,13.01,20.63,25.14,27.78,21.94
17388.00,-8.00,-1.71,5.69,17.77,23.84,23.96,25.01,18.03
17392.00,-6.59,0.19,9.44,16.36,23.77,25.22,24.62,16.96
17396.00,-1.27,8.26,15.54,21.27,25.75,23.84,18.87,8.94
17400.00,4.55,7.49,18.86,24.15,25.77,18.93,15.94,8.13
17404.00,3.95,12.66,17.89,20.17,23.57,16.69,9.93,3.67
17408.00,8.48,13.34,19.20,20.48,19.33,13.55,6.64,-0.84
17412.00,13.82,15.12,18.92,20.07,16.81,10.42,3.24,-4.12
17416.00,14.67,19.03,18.98,17.99,10.77,4.44,-1.10,-6.21
17420.00,13.96,20.33,20.24,12.92,10.31,2.74,-4.65,-9.98
17424.00,18.70,20.33,15.01,10.23,3.39,-1.98,-6.45,-9.19
17428.00,18.63,19.58,14.20,6.92,3.36,-5.18,-9.78,-10.03
17432.00,17.15,13.86,9.70,7.40,-0.76,-5.09,-9.80,-9.66
17436.00,16.15,15.26,5.88,1.13,-1.79,-6.05,-7.66,-8.36
17440.00,13.53,9.20,2.67,-3.31,-4.36,-5.95,-6.00,-5.40
17444.00,10.68,9.13,2.73,-3.74,-6.15,-8.58,-6.82,-3.69
17448.00,10.11,2.87,0.62,-6.42,-9.77,-7.89,-5.09,-0.76
17452.00,5.56,-0.53,-4.98,-6.11,-8.29,-3.24,-1.71,1.46
17456.00,3.72,0.92,-3.32,-8.09,-4.85,-4.83,0.96,5.57
17460.00,2.02,-0.93,-4.54,-5.57,-3.57,-3.02,2.82,5.17
17464.00,-1.57,-5.02,-4.63,-7.68,-1.01,-1.50,7.15,9.18
17468.00,-1.43,-7.45,-5.13,-6.51,-0.38,2.58,7.51,5.55
17472.00,-2.68,-4.80,-6.77,-1.71,0.18,7.13,6.53,6.71
17476.00,-4.22,-4.88,-5.07,-2.97,5.34,4.17,6.38,4.81
17480.00,-6.83,-5.15,-2.15,3.60,7.19,8.63,5.40,0.85
17484.00,-6.12,-2.79,1.16,1.34,5.39,5.12,5.49,0.46
17488.00,-2.94,-3.06,3.89,2.88,4.61,6.78,4.03,-3.81
17492.00,-3.49,0.15,2.40,6.80,3.92,6.36,1.51,-5.10
17496.00,-1.23,3.40,2.60,4.33,7.12,3.21,-4.44,-12.66
17500.00,-1.21,3.40,3.98,4.29,4.64,-2.94,-9.54,-16.18
17504.00,-0.37,3.76,7.99,3.32,3.94,-2.72,-11.74,-15.43
17508.00,3.43,6.59,6.32,5.66,-0.24,-9.88,-14.93,-19.63
17512.00,4.95,3.95,6.27,0.16,-3.55,-8.67,-19.15,-18.72
17516.00,6.10,6.67,3.12,-0.86,-8.18,-15.69,-18.55,-23.77
17520.00,3.30,6.45,3.61,-6.28,-12.73,-16.07,-21.96,-20.80
17524.00,4.10,2.15,-0.71,-9.47,-11.89,-18.37,-20.14,-20.10
17528.00,3.17,0.71,-3.70,-11.52,-18.73,-21.17,-22.34,-13.58
17532.00,4.42,-0.07,-6.30,-12.33,-20.71,-18.96,-17.98,-13.27
17536.00,-0.48,-2.68,-11.83,-15.69,-21.92,-18.91,-15.77,-6.46
17540.00,-3.17,-8.44,-12.65,-18.31,-18.95,-17.21,-10.20,-4.81
17544.00,-3.32,-12.07,-12.95,-20.33,-19.05,-18.05,-6.66,0.40
17548.00,-9.01,-12.42,-17.81,-17.15,-19.90,-11.74,-3.41,8.96
17552.00,-9.94,-12.96,-19.26,-20.80,-13.62,-7.05,-1.34,13.69
17556.00,-11.85,-18.46,-18.10,-19.94,-12.72,-5.81,4.98,13.59
17560.00,-13.09,-19.01,-17.20,-17.32,-8.49,-0.93,12.20,18.59
17564.00,-17.08,-19.38,-17.72,-13.98,-3.70,7.05,13.97,22.16
17568.00,-14.56,-19.84,-17.29,-7.85,1.74,10.57,15.87,24.57
17572.00,-15.73,-14.26,-10.50,-4.76,1.91,13.73,18.60,21.44
17576.00,-19.29,-14.35,-6.78,-0.90,6.90,14.19,23.30,21.81
17580.00,-14.52,-11.33,-7.35,2.58,11.61,18.99,20.82,20.99
17584.00,-14.92,-7.94,0.30,6.80,12.55,17.41,22.26,16.42
17588.00,-10.38,-7.39,3.55,8.41,17.35,22.13,20.77,14.71
17592.00,-7.21,-2.45,8.05,15.30,19.35,21.46,17.72,10.13
17596.00,-4.76,2.86,8.46,16.23,18.32,18.81,12.03,2.99
17600.00,-0.36,3.08,10.31,15.69,17.60,16.58,6.74,2.83
17604.00,3.78,8.49,14.09,17.47,18.95,11.10,4.24,-2.45
17608.00,6.11,10.22,15.74,17.50,16.01,7.26,0.28,-7.34
17612.00,6.96,13.72,16.81,13.89,9.93,6.48,-4.46,-8.63
17616.00,11.72,14.47,15.03,11.16,5.38,2.35,-6.13,-15.28
17620.00,10.82,15.29,14.09,12.64,5.99,-1.69,-8.52,-16.53
17624.00,14.93,13.57,13.21,8.19,-1.39,-4.77,-13.33,-16.73
17628.00,15.29,13.12,7.51,5.51,-4.87,-9.51,-11.89,-17.00
17632.00,12.59,12.93,7.56,-1.69,-7.32,-14.10,-12.28,-15.86
17636.00,12.75,8.89,5.23,-2.67,-9.23,-12.09,-14.61,-14.95
17640.00,10.94,5.00,2.29,-8.38,-9.43,-15.48,-11.86,-10.52
17644.00,5.51,4.36,-3.69,-9.21,-11.58,-11.44,-11.11,-8.11
17648.00,6.85,0.14,-4.72,-9.61,-15.10,-10.98,-11.33,-7.40
17652.00,2.72,-4.95,-10.08,-13.47,-12.79,-13.27,-5.86,-1.39
17656.00,-2.21,-4.93,-9.81,-12.63,-11.68,-9.25,-5.54,-2.48
17660.00,-2.22,-9.29,-12.72,-11.67,-10.53,-6.07,-1.60,0.58
17664.00,-3.32,-9.41,-9.36,-12.33,-8.72,-4.97,-0.82,0.70
17668.00,-6.73,-11.85,-10.83,-10.09,-7.37,-1.51,-0.85,2.72
17672.00,-9.26,-11.68,-7.16,-8.48,-5.39,-1.46,2.74,0.19
17676.00,-9.35,-10.94,-8.03,-3.49,0.59,2.15,-0.31,-2.61
17680.00,-9.38,-7.14,-4.43,-1.71,-0.63,3.47,0.98,-5.31
17684.00,-9.21,-8.44,-3.52,-0.37,2.05,4.06,-2.61,-4.49
17688.00,-8.92,-7.11,-0.21,-1.49,2.92,0.74,-1.95,-9.23
17692.00,-4.65,-3.09,-2.90,1.28,2.36,0.03,-5.13,-14.15
17696.00,-7.03,0.29,-0.86,2.54,0.38,-3.08,-6.92,-14.47
17700.00,-1.48,-2.88,2.73,3.03,0.22,-4.57,-11.89,-19.79
17704.00,-1.68,2.74,1.73,2.20,-2.98,-7.89,-14.34,-20.22
17708.00,-2.14,4.06,0.96,-2.74,-6.91,-10.12,-17.92,-24.62
17712.00,3.57,3.28,3.45,-2.66,-9.88,-16.91,-19.90,-26.92
17716.00,3.24,3.09,-0.12,-5.25,-11.25,-19.74,-25.56,-23.72
17720.00,0.92,2.60,-1.65,-5.93,-16.83,-20.84,-24.07,-23.52
17724.00,0.01,0.68,-4.36,-11.45,-15.98,-21.44,-27.53,-22.21
17728.00,3.30,-2.11,-9.48,-14.70,-22.54,-23.67,-23.17,-18.26
17732.00,-1.15,-1.96,-10.31,-19.33,-21.17,-26.14,-21.26,-17.27
17736.00,-1.76,-8.94,-12.96,-18.31,-22.38,-24.07,-18.66,-14.63
17740.00,-1.95,-11.41,-15.42,-18.94,-23.15,-21.96,-15.61,-9.57
17744.00,-6.10,-14.64,-17.11,-23.73,-22.53,-16.89,-13.62,-2.17
17748.00,-9.07,-17.34,-18.84,-23.42,-22.69,-18.02,-7.49,3.85
17752.00,-13.44,-18.03,-19.87,-19.56,-16.37,-11.86,-4.14,7.65
17756.00,-12.66,-20.91,-19.13,-17.96,-13.33,-8.91,0.62,9.90
17760.00,-16.94,-20.97,-22.16,-19.40,-13.34,-2.99,4.92,17.78
17764.00,-19.65,-21.05,-19.53,-15.14,-9.26,4.29,11.50,17.76
17768.00,-19.39,-17.47,-18.52,-8.95,-3.39,6.42,12.71,18.53
17772.00,-19.69,-16.83,-13.31,-7.85,3.09,10.73,16.60,21.32
17776.00,-19.96,-14.70,-11.88,-3.69,6.31,14.61,20.43,20.12
17780.00,-15.82,-12.47,-7.90,3.26,7.70,18.10,20.97,18.61
17784.00,-14.43,-11.03,-1.84,5.87,13.99,17.43,18.80,15.78
17788.00,-15.38,-7.95,-0.44,7.01,13.68,16.54,18.64,12.10
17792.00,-7.86,-0.86,2.89,10.76,16.82,17.77,13.43,8.66
17796.00,-5.73,2.07,9.30,14.54,17.61,14.45,11.04,4.10
17800.00,-1.05,3.78,12.18,13.10,14.28,14.26,6.87,-0.78
17804.00,-0.31,7.56,14.42,14.36,15.72,10.06,3.19,-3.78
17808.00,6.03,9.05,12.85,16.02,12.87,5.97,0.51,-8.10
17812.00,5.42,13.89,14.22,12.95,10.05,1.25,-3.15,-10.08
17816.00,10.35,11.53,14.71,12.64,4.51,-2.86,-9.77,-16.16
17820.00,13.30,11.67,11.96,8.57,0.72,-3.71,-11.54,-14.99
17824.00,12.46,14.01,12.90,4.22,-0.87,-8.57,-13.13,-16.51
17828.00,13.88,13.89,10.91,5.53,-1.75,-9.77,-17.20,-16.54
17832.00,13.83,9.10,6.53,0.38,-5.56,-10.62,-13.21,-14.89
17836.00,13.91,6.81,5.37,-3.12,-7.39,-16.15,-15.73,-11.36
17840.00,7.58,3.82,-0.00,-5.74,-11.12,-11.85,-12.12,-9.31
17844.00,6.45,5.11,-4.65,-6.33,-10.31,-14.05,-10.87,-7.63
17848.00,6.63,1.63,-5.20,-9.36,-13.48,-13.63,-11.40,-7.23
17852.00,3.54,-2.17,-7.15,-11.55,-10.54,-9.28,-9.34,-3.14
17856.00,2.74,-3.26,-10.48,-10.02,-9.45,-6.71,-2.90,-0.83
17860.00,-0.07,-4.50,-9.89,-9.85,-9.21,-4.15,-0.31,0.93
17864.00,-2.76,-8.11,-9.62,-11.39,-6.96,-2.47,-0.20,4.52
17868.00,-4.88,-7.72,-9.25,-7.11,-3.51,-1.33,-0.04,3.82
17872.00,-8.99,-8.86,-10.02,-7.23,-2.13,1.45,0.67,2.83
17876.00,-9.91,-10.18,-5.24,-3.64,1.58,1.11,2.12,1.59
17880.00,-8.26,-9.53,-4.36,-4.17,-0.51,3.17,-0.22,-2.42
17884.00,-8.90,-4.20,-2.13,-2.09,4.59,4.18,-1.21,-3.86
17888.00,-5.00,-2.99,0.85,0.22,1.61,1.21,-0.74,-6.69
17892.00,-5.79,-2.71,-0.57,0.46,2.88,2.48,-5.59,-10.46
17896.00,-3.67,-1.24,0.08,5.16,4.50,-3.42,-8.21,-15.68
17900.00,-1.87,3.15,2.95,1.54,1.62,-6.11,-9.04,-15.20
17904.00,0.49,1.38,4.36,4.82,-0.51,-7.19,-13.33,-19.33
17908.00,3.40,2.28,1.33,0.85,-3.85,-10.59,-16.47,-21.57
17912.00,3.32,2.84,1.32,-1.68,-8.74,-11.93,-19.77,-21.30
17916.00,1.80,5.64,2.67,-4.04,-9.92,-18.40,-19.71,-21.74
17920.00,5.57,4.25,0.22,-6.65,-13.00,-18.71,-24.52,-24.78
17924.00,2.96,2.51,-4.15,-6.80,-15.90,-22.21,-21.98,-20.51
17928.00,1.50,0.54,-4.52,-10.29,-17.01,-21.53,-21.66,-15.95
17932.00,0.85,-2.88,-5.93,-14.64,-21.29,-21.59,-20.46,-14.90
17936.00,2.17,-5.51,-8.97,-16.17,-18.90,-19.67,-19.12,-9.75
17940.00,-3.26,-6.75,-11.69,-20.66,-18.87,-20.65,-15.44,-1.55
17944.00,-6.65,-11.40,-16.69,-20.01,-21.00,-15.89,-11.20,0.76
17948.00,-7.70,-13.35,-16.15,-19.65,-18.31,-14.72,-3.88,4.61
17952.00,-9.35,-13.21,-17.41,-19.18,-13.32,-8.32,0.54,9.67
17956.00,-14.12,-17.50,-19.81,-16.94,-12.29,-4.62,4.10,17.19
17960.00,-15.98,-17.79,-15.48,-14.67,-7.06,3.24,9.56,19.54
17964.00,-16.32,-18.29,-17.31,-13.17,-5.09,6.15,12.91,23.41
17968.00,-18.05,-18.27,-13.00,-7.52,1.66,9.84,18.68,22.12
17972.00,-17.77,-13.07,-8.83,-4.79,6.60,15.11,23.66,25.31
17976.00,-15.01,-15.61,-8.87,0.22,9.40,16.01,20.90,26.01
17980.00,-15.24,-8.69,-6.17,4.85,12.76,21.48,24.80,21.21
17984.00,-14.81,-6.69,1.47,6.98,14.97,21.39,22.90,18.81
17988.00,-8.72,-2.09,5.60,11.30,21.44,20.92,20.19,15.41
17992.00,-5.47,-0.40,6.13,15.16,20.73,23.49,18.59,14.56
17996.00,-5.99,4.22,9.37,17.39,19.77,21.11,15.03,10.31
18000.00,1.50,8.43,14.99,19.00,22.85,20.25,12.17,1.20
18004.00,5.64,12.87,15.49,20.77,18.16,14.22,7.08,-0.67
18008.00,4.99,13.24,16.06,17.87,15.56,10.44,3.08,-4.71
18012.00,8.54,17.66,20.51,19.29,15.27,10.08,1.57,-8.33
18016.00,10.59,18.33,17.72,14.83,9.07,1.79,-3.05,-8.81
18020.00,15.14,16.46,16.28,12.02,6.89,0.49,-7.90,-12.92
18024.00,16.70,18.01,16.19,12.12,5.99,-2.46,-8.11,-10.48
18028.00,14.99,16.27,14.25,8.94,-0.31,-3.08,-9.67,-11.75
18032.00,16.18,15.75,10.40,3.91,-1.01,-6.30,-11.01,-9.83
18036.00,15.85,14.03,7.49,2.14,-5.62,-6.94,-10.09,-9.00
18040.00,14.93,11.04,6.62,-3.52,-7.07,-6.39,-8.55,-4.05
18044.00,9.88,5.92,-0.42,-3.42,-9.95,-9.96,-7.93,-4.18
18048.00,11.56,4.36,-1.70,-7.92,-5.49,-9.38,-4.68,-1.30
18052.00,7.83,-0.77,-4.98,-7.56,-9.79,-5.98,-3.02,1.69
18056.00,4.08,0.19,-4.39,-5.90,-4.36,-2.23,2.26,5.33
18060.00,0.35,-3.41,-4.59,-5.63,-5.22,-0.74,1.98,9.14
18064.00,0.24,-4.00,-5.14,-5.72,-3.52,1.95,5.87,6.87
18068.00,-0.51,-3.95,-6.51,-4.09,-1.16,6.48,5.07,7.35
18072.00,-5.51,-6.34,-3.03,-0.38,0.20,5.46,9.41,8.55
18076.00,-3.14,-3.21,-3.77,0.41,5.14,7.75,10.21,4.50
18080.00,-2.43,-1.81,-0.50,1.49,5.93,7.49,9.66,4.20
18084.00,-5.47,-0.94,0.19,5.07,8.55,9.26,5.59,3.61
18088.00,-4.33,2.04,5.47,7.73,10.66,8.45,5.35,-3.23
18092.00,-2.45,3.18,5.40,9.77,7.50,5.15,0.09,-6.12
18096.00,1.00,1.59,8.34,10.70,6.73,6.50,-2.26,-8.82
18100.00,-0.20,5.05,9.29,8.93,7.04,3.22,-5.97,-9.01
18104.00,5.55,7.99,8.66,5.67,6.19,-2.05,-9.50,-16.19
18108.00,6.71,7.91,6.78,8.23,1.36,-2.25,-10.23,-17.54
18112.00,4.77,8.91,6.39,2.64,-0.91,-7.72,-14.35,-15.50
18116.00,7.69,7.44,7.10,1.46,-3.99,-9.87,-17.75,-17.45
18120.00,6.12,9.54,2.45,0.98,-8.44,-12.84,-18.15,-17.53
18124.00,7.12,4.44,1.30,-1.34,-12.08,-17.07,-18.25,-12.54
18128.00,5.52,2.46,1.45,-4.53,-9.99,-14.78,-14.03,-13.17
18132.00,4.36,4.54,-4.25,-11.10,-15.40,-17.20,-16.22,-8.79
18136.00,2.07,0.01,-4.77,-11.12,-14.32,-13.48,-13.41,-2.78
18140.00,1.00,-4.21,-7.30,-13.99,-13.05,-15.14,-6.25,1.87
18144.00,1.38,-6.66,-10.63,-15.10,-13.55,-11.11,-3.52,7.30
18148.00,-5.27,-6.27,-14.63,-14.58,-14.78,-9.21,1.47,11.40
18152.00,-4.14,-8.80,-16.01,-12.95,-10.79,-3.76,5.27,17.30
18156.00,-10.27,-13.74,-14.99,-13.75,-9.54,-0.84,9.72,19.65
18160.00,-9.21,-10.69,-11.90,-9.34,-2.53,4.99,17.49,24.47
18164.00,-8.98,-12.93,-12.99,-8.31,0.80,12.52,21.09,29.02
18168.00,-13.87,-12.86,-11.98,-2.36,3.57,14.15,23.40,30.23
18172.00,-12.38,-10.63,-4.65,0.71,9.46,20.30,26.84,28.56
18176.00,-9.72,-10.83,-5.01,6.50,12.35,23.23,26.16,31.51
18180.00,-11.13,-7.55,-1.77,9.42,19.81,25.89,30.98,29.19
18184.00,-9.51,-4.01,3.05,11.53,23.60,27.63,25.53,23.95
18188.00,-4.14,1.73,6.57,14.87,25.81,27.38,23.75,23.40
18192.00,-2.21,3.15,13.10,20.85,25.01,26.89,25.98,19.58
18196.00,-0.43,8.59,14.50,21.38,27.60,25.19,18.54,10.63
18200.00,3.80,12.91,20.63,24.89,22.89,24.60,18.07,8.01
18204.00,7.13,13.49,19.22,23.73,21.82,19.19,12.73,3.06
18208.00,10.70,16.84,20.77,25.06,21.39,13.53,8.00,-0.89
18212.00,11.51,20.96,23.47,23.20,18.95,14.49,3.98,-2.07
18216.00,13.50,20.48,22.30,18.88,13.38,7.99,-1.46,-6.56
18220.00,19.57,22.19,22.81,15.31,10.97,3.56,-0.06,-5.38
18224.00,19.87,22.25,17.64,16.43,9.20,0.27,-2.15,-7.23
18228.00,20.56,21.58,14.41,12.02,2.57,-2.45,-6.85,-8.94
18232.00,18.24,17.53,12.32,5.50,3.52,-2.01,-7.97,-4.08
18236.00,15.56,14.33,10.03,2.39,-2.92,-7.28,-4.82,-1.92
18240.00,18.62,11.41,7.45,2.95,-4.69,-6.04,-6.34,-0.32
18244.00,16.14,11.55,4.03,-2.48,-2.71,-7.40,-4.62,3.41
18248.00,12.72,7.16,-0.08,-2.54,-4.22,-1.84,-1.82,4.42
18252.00,11.50,5.02,1.76,-1.23,-2.29,0.27,-0.52,7.31
18256.00,7.47,-0.17,-3.14,-5.84,-1.72,1.88,2.54,8.59
18260.00,6.42,-1.84,-5.09,-2.13,-2.56,2.50,6.68,9.42
18264.00,2.46,-0.79,-1.44,-3.97,0.20,6.51,8.42,10.46
18268.00,-0.85,-0.30,-3.36,-3.32,4.19,9.37,8.67,13.01
18272.00,-2.79,-2.43,-3.05,-0.36,3.98,9.48,8.81,12.77
18276.00,-0.26,-1.44,-0.63,4.15,5.39,8.57,11.13,8.57
18280.00,-1.29,-1.55,3.18,2.99,9.37,9.99,11.22,7.77
18284.00,-0.17,1.69,2.10,5.22,9.50,11.82,8.99,4.85
18288.00,-2.67,1.61,6.95,7.76,9.83,12.21,4.41,1.38
18292.00,-0.68,2.96,5.96,9.82,10.72,7.78,1.88,-0.42
18296.00,3.60,4.20,9.69,8.22,9.37,4.48,-0.96,-4.88
18300.00,5.48,5.96,7.25,9.39,7.86,3.81,-2.98,-11.72
18304.00,6.83,10.25,8.84,7.20,5.84,-0.50,-4.08,-11.48
18308.00,5.76,6.97,10.83,8.97,3.82,-3.99,-7.96,-16.93
18312.00,9.69,6.97,9.11,4.23,-0.36,-5.80,-10.75,-17.69
18316.00,7.01,9.10,8.93,4.97,-4.59,-8.42,-13.41,-14.50
18320.00,10.71,7.82,3.44,-1.83,-5.26,-10.19,-14.68,-16.62
18324.00,10.75,9.13,4.21,-4.82,-9.43,-13.72,-17.61,-12.97
18328.00,5.60,5.03,-2.21,-3.65,-10.27,-14.85,-13.06,-12.71
18332.00,8.48,3.12,-0.65,-8.74,-14.41,-17.75,-14.80,-7.86
18336.00,4.04,0.87,-6.08,-10.08,-12.72,-15.03,-8.90,-0.80
18340.00,4.15,-1.45,-9.37,-11.54,-15.97,-12.30,-7.14,3.30
18344.00,2.33,-4.61,-13.22,-15.05,-12.37,-9.57,-5.30,5.63
18348.00,-4.30,-9.01,-13.50,-14.74,-12.58,-9.27,0.71,14.77
18352.00,-5.46,-11.24,-14.29,-15.41,-9.14,-3.92,5.73,19.81
18356.00,-10.26,-14.42,-14.80,-12.21,-6.08,0.18,13.16,19.80
18360.00,-10.53,-11.57,-14.26,-8.30,-3.00,7.40,17.85,25.91
18364.00,-10.90,-11.63,-10.28,-7.62,-1.04,12.01,19.19,26.16
18368.00,-13.86,-11.32,-12.56,-4.72,6.24,14.47,21.36,29.76
18372.00,-12.24,-11.03,-5.31,1.40,9.12,16.25,25.51,27.70
18376.00,-14.13,-10.80,-3.43,3.22,11.14,19.62,26.00,29.53
18380.00,-11.53,-7.39,-1.60,7.97,16.44,26.30,28.92,26.80
18384.00,-11.34,-4.09,3.63,11.23,21.64,27.51,28.62,21.26
18388.00,-6.98,1.00,5.14,13.96,22.39,25.63,23.21,20.91
18392.00,-4.62,3.54,8.62,18.53,22.33,22.53,22.10,15.47
18396.00,0.74,4.35,13.92,20.65,24.49,24.65,21.20,11.17
18400.00,2.41,9.66,19.21,21.37,21.95,23.07,16.56,8.12
18404.00,5.48,11.90,19.42,24.45,23.41,19.58,8.17,3.30
18408.00,7.81,16.67,20.81,21.77,19.78,14.12,5.75,-2.06
18412.00,10.37,16.86,18.11,19.66,15.36,12.22,4.32,-2.58
18416.00,12.47,18.30,17.67,19.00,10.98,5.10,-0.13,-5.24
18420.00,16.66,18.58,19.22,14.52,8.05,3.51,-4.67,-6.78
18424.00,16.93,19.97,16.83,12.95,7.78,0.32,-4.82,-11.96
18428.00,14.92,18.36,14.72,9.05,1.02,-6.19,-7.37,-10.85
18432.00,18.29,16.47,13.63,7.21,-0.49,-8.36,-9.09,-8.79
18436.00,17.76,15.55,8.70,3.00,-2.12,-5.53,-8.53,-8.28
18440.00,13.94,8.00,6.35,-3.09,-4.64,-6.04,-7.61,-2.71
18444.00,12.99,7.14,0.85,-1.35,-7.00,-7.59,-7.52,-0.03
18448.00,11.63,5.73,-0.07,-4.35,-5.39,-7.09,-2.98,2.66
18452.00,6.00,3.38,-4.12,-5.57,-7.99,-4.23,0.01,5.15
18456.00,2.23,-1.52,-3.20,-5.19,-4.49,-2.53,2.70,5.06
18460.00,2.26,-4.20,-5.64,-8.53,-6.81,-2.51,5.17,8.71
18464.00,-0.84,-2.51,-6.48,-4.48,-2.25,0.48,3.86,7.71
18468.00,-1.81,-6.60,-6.78,-6.50,-3.45,2.72,8.60,5.70
18472.00,-4.31,-7.68,-7.71,-0.65,0.63,5.12,5.34,7.76
18476.00,-5.37,-5.18,-2.10,-1.59,3.25,6.57,5.02,5.89
18480.00,-7.11,-5.13,-3.53,1.05,6.09,6.87,3.79,3.35
18484.00,-6.11,-1.39,-2.85,5.38,3.82,4.84,5.99,0.34
18488.00,-6.42,-3.94,-0.19,4.48,6.62,5.94,1.32,-5.43
18492.00,-3.68,1.71,5.38,3.30,7.12,1.90,0.64,-5.57
18496.00,0.16,0.69,4.89,6.15,7.53,-0.29,-5.15,-12.79
18500.00,0.75,3.29,4.44,5.70,5.58,1.22,-7.65,-14.96
18504.00,0.32,5.59,7.06,5.15,3.26,-5.03,-8.86,-15.96
18508.00,5.12,6.25,3.83,5.28,0.48,-5.51,-12.14,-21.00
18512.00,6.49,4.94,3.19,3.93,-3.75,-13.14,-18.26,-21.28
18516.00,4.15,5.97,3.09,-3.26,-8.99,-14.49,-21.47,-23.73
18520.00,6.04,2.59,1.38,-4.23,-10.76,-15.75,-21.40,-20.13
18524.00,7.59,4.09,-1.56,-7.42,-11.75,-21.32,-20.08,-20.43
18528.00,5.49,-0.05,-3.48,-10.75,-15.54,-18.10,-18.33,-14.05
18532.00,2.68,-2.43,-4.73,-14.49,-17.08,-22.47,-19.07,-14.69
18536.00,1.63,-3.03,-8.82,-15.38,-17.87,-18.10,-15.47,-8.97
18540.00,-1.19,-7.09,-11.36,-20.07,-20.86,-17.61,-12.19,-5.76
18544.00,-4.40,-11.92,-17.02,-20.16,-21.77,-15.55,-10.49,-0.46
18548.00,-5.90,-14.74,-15.04,-21.91,-17.23,-14.18,-5.23,4.70
18552.00,-7.20,-17.01,-18.45,-17.49,-17.95,-10.54,1.03,10.20
18556.00,-11.47,-16.70,-21.25,-18.47,-12.97,-6.73,7.11,14.50
18560.00,-13.91,-19.98,-20.80,-17.53,-6.42,-1.56,12.51,21.41
18564.00,-14.38,-18.54,-15.67,-11.74,-7.11,5.25,13.08,23.01
18568.00,-18.88,-16.27,-16.89,-10.08,-0.44,7.40,15.72,25.09
18572.00,-19.53,-14.58,-12.74,-2.81,1.81,12.81,19.49,24.32
18576.00,-15.56,-13.06,-11.25,-1.08,7.47,18.05,19.34,24.46
18580.00,-13.52,-12.41,-6.23,0.96,9.34,17.90,19.33,18.72
18584.00,-16.50,-6.80,-0.75,9.07,13.83,20.50,22.01,18.95
18588.00,-10.68,-6.41,2.28,13.10,17.38,18.25,16.58,13.00
18592.00,-8.50,-3.31,4.17,12.93,16.10,20.11,14.94,9.88
18596.00,-5.45,2.22,11.14,14.19,19.37,19.49,10.36,5.47
18600.00,-0.65,5.11,12.26,14.41,15.55,17.32,9.85,0.14
18604.00,-0.71,10.79,15.88,16.91,18.58,9.62,6.45,-5.74
18608.00,3.40,10.55,13.84,14.89,12.37,8.46,2.50,-8.29
18612.00,7.21,14.10,16.59,13.85,13.06,3.95,-1.79,-9.27
18616.00,12.30,12.99,16.62,12.08,6.42,-1.79,-5.78,-14.40
18620.00,10.08,16.22,13.52,9.08,5.07,-4.38,-9.14,-16.27
18624.00,12.38,14.88,10.90,9.16,-0.49,-4.63,-14.19,-16.20
18628.00,14.01,13.39,9.94,6.10,-4.46,-10.61,-16.02,-14.76
18632.00,12.26,12.35,8.60,0.09,-8.18,-13.04,-13.41,-15.12
18636.00,12.60,10.54,1.33,-4.82,-9.10,-11.61,-12.12,-14.70
18640.00,12.38,7.02,-0.01,-7.99,-10.69,-15.50,-14.78,-11.25
18644.00,8.26,1.34,-3.69,-6.30,-9.79,-14.59,-12.25,-6.16
18648.00,3.11,-0.25,-5.32,-11.82,-10.28,-11.39,-7.67,-3.91
18652.00,3.51,-1.09,-7.35,-10.89,-10.08,-12.18,-9.10,-4.61
18656.00,-0.13,-4.82,-7.44,-13.34,-9.94,-8.17,-2.51,-0.88
18660.00,-0.55,-8.26,-9.82,-13.27,-8.32,-8.25,-2.53,-0.41
18664.00,-6.67,-7.07,-10.51,-9.20,-7.15,-4.27,0.40,0.26
18668.00,-4.49,-8.31,-8.97,-8.12,-4.32,-1.12,-1.37,0.92
18672.00,-10.29,-11.18,-8.91,-8.59,-6.02,-1.58,0.43,-0.53
18676.00,-6.45,-10.32,-10.41,-3.88,-1.45,-0.00,3.16,-2.38
18680.00,-7.46,-7.72,-8.52,-0.78,0.58,3.83,1.31,-3.13
18684.00,-6.71,-5.28,-5.23,-1.56,-0.91,2.74,0.54,-4.37
18688.00,-7.99,-5.11,-2.53,1.81,0.46,-0.31,-2.41,-10.69
18692.00,-4.38,-5.40,-0.88,-0.16,2.38,0.54,-4.41,-14.01
18696.00,-2.55,-4.33,0.07,4.40,3.29,-3.00,-8.21,-15.61
18700.00,-3.69,-1.88,-0.38,-0.14,1.08,-3.35,-14.18,-21.08
18704.00,0.63,2.36,0.67,1.59,-0.83,-9.52,-17.91,-20.87
18708.00,0.15,1.59,3.33,-2.08,-4.91,-9.49,-18.09,-23.14
18712.00,2.74,2.84,3.55,-2.50,-7.11,-14.33,-20.30,-23.99
18716.00,1.96,4.00,1.39,-2.73,-12.87,-17.75,-22.69,-25.28
18720.00,0.51,0.17,0.06,-9.07,-12.31,-21.94,-25.29,-25.40
18724.00,1.11,-0.78,-6.83,-9.71,-17.02,-25.37,-26.77,-23.22
18728.00,2.05,-0.67,-5.84,-15.32,-19.30,-22.26,-24.39,-18.72
18732.00,1.89,-2.02,-10.10,-16.16,-23.96,-23.28,-24.81,-17.99
18736.00,-2.86,-8.64,-12.95,-17.84,-24.51,-25.04,-20.52,-12.11
18740.00,-3.64,-7.37,-15.60,-21.01,-23.60,-21.55,-17.60,-5.93
18744.00,-6.95,-14.30,-20.72,-22.50,-20.28,-20.01,-14.47,-0.97
18748.00,-11.42,-15.73,-18.88,-22.36,-22.47,-14.74,-7.65,1.84
18752.00,-9.87,-16.74,-20.86,-20.18,-17.99,-11.00,-1.35,10.17
18756.00,-12.93,-21.34,-21.77,-22.45,-15.74,-6.55,4.31,13.27
18760.00,-18.21,-22.10,-21.72,-17.52,-11.22,-1.74,6.19,15.01
18764.00,-20.17,-20.32,-18.97,-12.68,-6.07,-0.24,10.91,16.47
18768.00,-18.67,-21.74,-17.84,-11.74,-4.91,6.94,12.94,19.74
18772.00,-17.95,-18.21,-16.13,-7.23,-0.45,12.80,17.87,20.05
18776.00,-20.63,-16.51,-13.36,-2.78,6.76,15.08,19.08,19.54
18780.00,-18.52,-12.96,-5.83,-0.63,11.28,17.41,20.13,18.62
18784.00,-15.82,-9.96,-4.56,6.46,12.05,19.52,17.39,17.05
18788.00,-12.04,-5.64,1.41,6.67,15.47,18.19,16.13,10.99
18792.00,-9.04,-2.92,2.58,9.85,15.24,15.29,13.69,6.79
18796.00,-4.62,-1.53,6.46,15.80,18.73,15.97,9.70,2.52
18800.00,-3.69,5.40,8.52,16.44,15.83,15.55,8.51,-2.65
18804.00,0.88,6.72,14.02,14.78,16.37,12.65,1.90,-3.53
18808.00,1.26,8.54,15.51,14.07,14.88,6.46,0.26,-10.11
18812.00,6.06,14.10,13.37,14.39,7.46,1.60,-6.85,-13.51
18816.00,7.98,11.11,13.62,14.10,6.05,-0.43,-10.84,-17.03
18820.00,13.42,12.54,12.70,10.47,5.31,-2.16,-12.84,-14.02
18824.00,13.89,14.88,9.30,4.57,1.37,-8.58,-15.10,-16.55
18828.00,14.94,11.36,9.18,5.15,-2.29,-10.07,-15.86,-15.74
18832.00,12.29,8.22,5.34,-1.45,-7.22,-10.12,-15.66,-13.57
18836.00,13.21,9.89,1.92,-2.03,-11.88,-12.22,-14.05,-15.21
18840.00,10.88,5.28,-0.92,-8.58,-12.17,-12.42,-13.42,-10.29
18844.00,7.08,0.97,-2.44,-10.97,-13.85,-12.71,-10.04,-9.14
18848.00,3.68,-0.20,-4.05,-9.77,-14.46,-13.28,-7.86,-4.25
18852.00,1.25,-0.73,-9.80,-13.42,-14.42,-10.31,-8.43,-1.71
18856.00,2.59,-3.89,-11.42,-11.90,-13.53,-6.87,-6.20,1.55
18860.00,-1.81,-4.64,-9.21,-11.94,-11.70,-5.32,-1.43,1.09
18864.00,-3.14,-5.84,-10.73,-11.77,-5.19,-5.52,0.31,2.02
18868.00,-8.37,-6.84,-9.03,-6.35,-2.85,0.76,1.93,2.47
18872.00,-6.87,-10.76,-6.64,-8.57,-1.75,1.38,0.76,3.12
18876.00,-9.00,-8.48,-5.87,-2.80,0.02,2.23,4.97,-1.44
18880.00,-6.32,-5.91,-4.07,-0.51,1.63,2.60,1.94,0.20
18884.00,-9.73,-7.27,-3.05,-0.67,4.32,4.95,-1.41,-6.04
18888.00,-7.82,-3.87,-0.16,2.68,2.88,4.43,-0.32,-8.01
18892.00,-7.63,-2.13,0.18,5.07,3.07,3.46,-2.39,-9.20
18896.00,-2.63,0.96,1.71,5.53,0.63,1.34,-6.73,-14.02
18900.00,-3.86,0.40,3.18,1.46,-0.39,-5.49,-11.92,-15.63
18904.00,-0.75,2.33,3.46,4.49,0.17,-7.46,-12.10,-18.45
18908.00,0.06,1.40,1.92,-0.40,-5.21,-10.06,-17.91,-20.13
18912.00,1.39,5.58,4.15,-2.88,-5.85,-13.04,-18.05,-23.65
18916.00,3.24,4.10,2.20,-1.28,-11.54,-16.11,-22.32,-23.32
18920.00,4.99,2.00,-0.92,-6.50,-10.79,-20.42,-23.44,-23.33
18924.00,6.23,2.87,-0.60,-10.31,-14.39,-18.49,-24.71,-22.02
18928.00,2.52,-0.37,-4.55,-12.40,-19.93,-22.06,-20.95,-18.18
18932.00,2.81,-2.62,-9.94,-14.12,-20.05,-23.14,-21.35,-14.43
18936.00,-0.27,-3.47,-8.83,-15.52,-18.41,-22.56,-18.52,-10.02
18940.00,-3.12,-6.49,-15.98,-17.48,-21.28,-18.68,-12.59,-1.83
18944.00,-1.88,-8.07,-17.60,-20.14,-19.94,-17.90,-8.29,3.91
18948.00,-5.43,-14.79,-17.86,-19.34,-19.51,-12.39,-5.57,7.57
18952.00,-9.53,-13.19,-19.84,-17.22,-15.01,-6.97,1.72,12.41
18956.00,-9.79,-17.19,-18.69,-17.60,-13.44,-6.39,4.82,16.21
18960.00,-13.97,-17.27,-15.44,-17.05,-6.46,-0.89,10.04,17.66
18964.00,-14.57,-19.32,-17.13,-11.90,-1.71,7.16,15.83,19.96
18968.00,-14.38,-15.31,-14.99,-6.82,2.80,10.82,18.87,21.87
18972.00,-17.66,-14.39,-10.58,-4.85,6.75,15.42,22.86,23.95
18976.00,-13.89,-13.24,-5.42,1.87,10.14,20.02,22.25,24.21
18980.00,-13.17,-10.63,-1.51,6.76,15.74,21.77,23.37,21.54
18984.00,-12.98,-6.77,-0.41,10.04,17.73,21.35,23.84,20.96
18988.00,-9.24,-1.88,3.42,13.04,20.99,22.93,23.72,17.85
18992.00,-7.86,-0.97,9.80,17.23,20.00,20.49,20.95,10.34
18996.00,-4.03,4.02,14.17,17.48,20.46,21.62,17.17,6.54
19000.00,-1.62,9.74,14.68,19.62,18.26,19.92,13.30,4.99
19004.00,5.92,10.24,15.13,21.58,18.95,13.61,9.74,1.08
19008.00,9.28,12.49,18.27,19.53,14.98,10.25,5.51,-3.97
19012.00,7.83,17.57,16.30,20.73,16.72,9.51,0.99,-5.96
19016.00,14.63,18.06,16.86,14.82,13.34,2.29,-1.63,-7.20
19020.00,16.80,19.14,19.78,11.52,9.20,2.53,-4.19,-12.26
19024.00,15.54,17.52,15.62,9.03,3.99,-4.11,-10.15,-12.63
19028.00,14.75,15.17,14.83,5.31,2.15,-5.66,-9.76,-13.19
19032.00,18.52,12.72,10.36,5.72,-3.73,-8.19,-11.50,-10.68
19036.00,16.25,14.25,6.02,1.77,-4.94,-8.38,-8.91,-5.36
19040.00,15.64,12.04,6.38,-2.97,-4.34,-10.59,-10.77,-6.59
19044.00,13.04,4.85,3.33,-3.50,-7.02,-7.74,-8.86,-3.76
19048.00,8.66,3.97,0.25,-7.16,-6.21,-8.60,-6.33,2.82
19052.00,6.26,-0.58,-2.55,-4.86,-5.21,-3.35,-2.90,1.70
19056.00,2.06,-1.43,-2.41,-7.49,-4.64,-3.47,0.11,7.27
19060.00,1.87,-4.97,-4.50,-6.28,-5.72,1.55,1.25,6.46
19064.00,-2.26,-2.61,-6.95,-4.34,-1.30,2.41,7.31,10.32
19068.00,-1.00,-3.01,-3.79,-4.54,1.29,5.61,5.14,8.96
19072.00,-2.59,-7.31,-4.85,-0.88,4.25,6.84,8.80,7.28
19076.00,-2.16,-4.38,-2.54,-1.84,3.62,5.43,10.13,8.68
19080.00,-2.82,-3.66,-1.95,1.65,7.09,10.76,7.13,5.60
19084.00,-6.03,-1.85,-0.96,2.88,10.05,6.38,6.14,0.80
19088.00,-2.81,0.60,5.70,7.75,8.44,10.39,5.72,-1.82
19092.00,-2.49,0.82,5.73,5.47,11.07,8.36,3.19,-3.41
19096.00,-0.08,4.42,5.25,6.42,6.86,4.40,-3.51,-7.77
19100.00,0.71,7.28,6.39,9.25,7.89,4.13,-4.94,-11.54
19104.00,1.89,7.59,6.32,6.89,3.48,-1.04,-7.49,-11.86
19108.00,6.51,6.54,9.77,4.82,0.49,-5.42,-8.70,-16.91
19112.00,5.83,9.50,10.21,3.09,0.16,-7.86,-15.87,-15.48
19116.00,7.05,8.53,4.74,0.89,-5.15,-10.33,-13.05,-14.90
19120.00,7.14,5.56,4.18,-2.51,-8.89,-15.02,-15.14,-16.18
19124.00,10.54,7.34,2.68,-4.03,-8.99,-15.84,-14.57,-15.52
19128.00,7.04,3.52,0.01,-7.03,-12.93,-13.64,-13.90,-13.62
19132.00,5.86,3.65,-5.57,-8.17,-15.80,-17.25,-13.89,-8.16
19136.00,2.23,1.00,-5.27,-10.35,-15.41,-14.69,-13.49,-1.12
19140.00,4.21,-0.79,-11.26,-12.73,-13.61,-12.80,-8.86,2.12
19144.00,-1.76,-5.62,-10.02,-12.82,-16.15,-11.21,-1.40,9.72
19148.00,-3.68,-6.78,-11.04,-12.76,-12.66,-6.39,1.11,14.03
19152.00,-4.41,-12.23,-13.78,-14.68,-8.26,-3.73,5.53,16.00
19156.00,-7.96,-12.75,-12.94,-12.54,-9.15,0.48,13.70,22.55
19160.00,-10.17,-13.52,-11.01,-11.89,-4.52,8.54,14.90,23.23
19164.00,-12.95,-15.76,-14.10,-5.11,-0.15,10.87,19.46,25.66
19168.00,-11.11,-12.78,-8.81,-3.06,4.41,14.59,23.18,31.89
19172.00,-14.63,-12.08,-4.46,1.98,8.95,20.58,26.71,31.31
19176.00,-10.07,-8.39,-1.59,3.03,12.39,22.45,27.22,27.28
19180.00,-12.93,-6.86,-0.54,7.10,17.53,26.48,30.36,26.56
19184.00,-8.25,-1.68,6.04,13.87,19.02,25.17,25.59,25.29
19188.00,-7.21,-1.38,8.80,15.80,21.41,28.60,27.51,20.25
19192.00,-4.15,1.61,11.50,18.84,23.27,25.41,23.24,17.96
19196.00,-1.87,6.04,14.77,23.25,23.33,25.36,18.07,11.50
19200.00,4.97,9.86,20.47,21.06,23.15,22.90,18.83,6.91
19204.00,4.76,15.57,19.78,23.28,21.79,20.48,11.65,2.52
19208.00,8.11,15.28,19.53,21.34,20.83,14.17,10.39,-0.88
19212.00,14.27,18.40,22.01,24.59,16.76,10.66,2.59,-3.72
19216.00,16.73,22.52,23.84,18.95,17.40,7.76,0.65,-3.62
19220.00,15.23,19.38,23.24,17.79,9.45,6.36,-3.78,-4.78
19224.00,18.58,21.43,18.83,12.88,9.25,-1.04,-6.42,-8.72
19228.00,17.87,18.28,17.92,8.68,5.38,-1.94,-4.46,-6.96
19232.00,20.85,15.65,12.92,7.70,-0.45,-1.46,-5.37,-5.33
19236.00,17.62,17.62,12.12,5.03,-1.52,-2.59,-5.64,-3.74
19240.00,16.05,11.68,7.27,2.17,-4.10,-2.99,-3.74,-3.15
19244.00,14.41,10.67,3.72,-0.15,-1.95,-5.33,-3.76,-0.59
19248.00,10.66,6.97,0.52,-5.04,-2.38,-5.16,1.46,3.65
19252.00,10.93,5.57,1.75,-1.27,-2.98,-0.03,1.72,6.14
19256.00,5.83,3.93,-2.07,-3.18,-1.92,-0.86,5.39,9.61
19260.00,2.75,0.29,-2.00,-4.57,0.14,4.70,5.00,9.83
19264.00,3.91,-0.61,-4.94,-0.96,-1.03,4.45,6.72,10.30
19268.00,0.16,-2.79,-2.04,-0.51,3.78,5.10,8.33,9.79
19272.00,-1.18,-3.60,-3.11,0.07,5.46,7.35,10.54,9.78
19276.00,-0.39,-3.49,0.83,3.82,4.85,9.78,13.58,9.87
19280.00,-4.07,-3.73,3.01,5.16,7.80,9.12,9.50,4.87
19284.00,-3.20,0.21,1.25,4.54,7.44,13.11,10.88,2.04
19288.00,-0.55,0.83,7.21,8.71,12.83,10.68,6.03,1.22
19292.00,-0.69,4.77,7.94,8.65,9.52,6.89,4.76,-2.78
19296.00,-0.41,6.02,7.94,9.16,9.21,4.97,-1.37,-7.60
19300.00,2.86,7.86,9.06,7.79,6.36,2.57,-2.12,-11.01
19304.00,7.08,10.54,10.65,11.23,5.86,-1.15,-6.20,-12.41
19308.00,8.15,7.46,10.06,7.60,2.05,-4.80,-7.12,-16.90
19312.00,6.84,7.75,8.96,4.87,0.49,-6.60,-11.88,-18.22
19316.00,9.73,10.92,8.34,3.14,-2.13,-9.40,-13.32,-14.72
19320.00,10.04,6.32,7.77,0.38,-5.99,-9.62,-16.07,-17.64
19324.00,10.37,6.08,4.33,-3.27,-9.05,-15.66,-17.93,-13.53
19328.00,7.80,3.99,1.24,-5.01,-12.59,-17.59,-13.54,-11.45
19332.00,9.07,2.26,-4.49,-6.75,-13.41,-13.53,-10.83,-8.43
19336.00,4.43,0.94,-6.95,-11.60,-16.80,-14.41,-11.75,-3.31
19340.00,3.71,-1.50,-10.42,-11.78,-13.06,-10.77,-6.64,2.60
19344.00,2.37,-7.23,-10.83,-12.12,-16.12,-9.90,-3.69,8.96
19348.00,-0.53,-8.85,-11.11,-13.34,-10.75,-5.47,-0.27,12.14
19352.00,-7.02,-12.73,-14.75,-16.11,-12.97,-1.91,6.27,15.22
19356.00,-5.65,-14.01,-15.64,-13.75,-4.96,-0.82,13.71,21.66
19360.00,-11.08,-15.85,-15.98,-12.91,-5.14,8.21,17.17,24.33
19364.00,-12.68,-15.91,-14.05,-9.68,1.09,11.27,17.80,29.25
19368.00,-14.46,-13.41,-9.80,-1.78,2.70,12.84,25.60,31.25
19372.00,-15.11,-11.78,-6.64,2.29,9.52,18.99,24.21,29.53
19376.00,-12.74,-10.21,-6.71,1.73,14.60,22.23,26.77,30.77
19380.00,-9.29,-9.18,-2.70,9.53,15.59,26.28,26.55,27.60
19384.00,-10.60,-2.84,5.85,12.21,19.72,25.46,29.02,21.82
19388.00,-5.10,0.52,9.67,15.02,21.87,23.97,24.57,19.79
19392.00,-4.07,4.53,10.90,19.88,24.85,26.13,22.66,17.34
19396.00,1.05,7.18,15.17,19.07,23.09,22.27,19.58,11.81
19400.00,2.68,7.49,15.47,21.02,21.03,21.83,13.64,8.82
19404.00,6.59,13.74,19.54,21.06,24.03,17.35,12.69,3.12
19408.00,10.56,15.25,19.65,21.41,18.34,13.82,6.82,-0.61
19412.00,9.90,16.12,20.21,19.80,17.87,11.69,4.12,-5.57
19416.00,12.38,16.82,19.39,17.85,13.72,6.09,-1.76,-9.48
19420.00,15.31,17.34,16.32,16.57,11.25,1.78,-2.30,-7.78
19424.00,18.13,16.10,18.41,13.18,5.10,0.14,-5.13,-11.29
19428.00,16.97,16.33,13.83,10.58,0.77,-6.15,-9.10,-10.97
19432.00,18.38,15.65,9.63,7.32,-2.73,-5.00,-11.12,-8.86
19436.00,16.58,12.51,5.79,4.18,-1.96,-9.57,-8.94,-7.64
19440.00,14.45,8.55,4.62,0.66,-6.12,-6.70,-7.79,-5.30
19444.00,13.18,5.81,1.57,-2.60,-5.40,-8.62,-3.98,-3.69
19448.00,8.47,6.62,0.64,-7.30,-8.45,-8.09,-4.09,2.73
19452.00,4.65,1.66,-1.56,-7.34,-7.90,-6.28,0.35,2.71
19456.00,5.98,-0.96,-7.46,-6.55,-5.11,-5.94,0.36,6.25
19460.00,2.07,-5.11,-6.90,-6.21,-4.52,-2.54,5.07,5.11
19464.00,1.47,-2.62,-6.38,-5.07,-4.87,1.79,6.76,8.51
19468.00,-1.40,-3.82,-8.36,-4.71,0.12,2.44,6.20,6.91
19472.00,-4.47,-3.83,-3.77,-1.41,0.81,2.94,5.96,4.94
19476.00,-5.30,-5.01,-6.43,-1.81,2.84,7.57,5.70,3.53
19480.00,-3.38,-4.16,-4.33,1.37,6.55,5.14,6.45,0.19
19484.00,-5.28,-4.05,-2.61,3.95,7.83,8.06,7.01,-1.91
19488.00,-5.55,-0.31,-0.89,3.12,7.96,6.43,2.54,-5.00
19492.00,-1.44,1.90,5.18,5.58,4.18,5.75,-0.90,-7.53
19496.00,0.26,1.34,2.43,8.48,7.36,2.18,-5.94,-9.27
19500.00,-1.47,2.17,7.71,7.83,6.38,-0.69,-6.96,-15.29
19504.00,2.72,5.25,8.22,5.03,3.72,-4.59,-9.33,-17.58
19508.00,3.38,3.37,7.37,4.87,-1.78,-8.57,-13.10,-20.84
19512.00,2.80,3.61,5.27,1.41,-4.94,-8.57,-19.25,-23.33
19516.00,7.23,3.66,2.79,-1.03,-8.75,-15.48,-19.78,-20.46
19520.00,3.61,6.68,0.49,-1.80,-8.36,-18.90,-21.71,-20.78
19524.00,7.32,1.80,0.16,-9.72,-11.86,-20.06,-19.15,-20.08
19528.00,5.28,3.32,-3.69,-8.72,-18.97,-20.36,-20.30,-17.94
19532.00,4.92,0.17,-9.44,-13.99,-19.87,-20.34,-19.43,-12.79
19536.00,2.76,-3.69,-10.42,-17.80,-18.32,-22.41,-17.87,-6.38
19540.00,-1.68,-7.55,-13.78,-16.91,-18.49,-20.61,-11.46,-1.63
19544.00,-2.30,-10.33,-14.25,-17.23,-21.28,-16.88,-5.92,3.54
19548.00,-5.78,-13.07,-17.18,-20.57,-18.27,-11.17,-1.69,6.47
19552.00,-8.39,-17.06,-18.22,-17.11,-15.15,-10.92,1.76,12.59
19556.00,-12.11,-14.26,-19.23,-18.20,-14.51,-2.19,5.09,15.09
19560.00,-13.13,-18.87,-19.36,-17.22,-8.14,0.82,9.20,16.71
19564.00,-15.91,-20.13,-14.74,-12.36,-3.15,2.66,13.20,20.57
19568.00,-15.52,-16.32,-14.07,-9.43,-0.36,9.44,18.41,24.58
19572.00,-15.80,-15.74,-13.80,-6.54,2.20,11.59,20.44,24.34
19576.00,-16.14,-14.40,-8.19,-3.05,5.91,17.96,19.80,24.47
19580.00,-16.00,-12.12,-7.29,1.84,13.79,16.57,20.51,21.92
19584.00,-13.19,-8.46,-0.41,9.30,14.05,20.67,21.46,19.36
19588.00,-9.26,-6.38,0.26,9.75,15.37,19.68,17.82,12.23
19592.00,-11.21,-1.37,8.00,13.30,19.21,19.06,15.73,11.68
19596.00,-6.45,2.44,7.13,14.38,16.32,18.56,14.14,5.13
19600.00,0.14,6.38,13.98,15.36,16.91,15.16,6.91,-0.20
19604.00,-0.99,10.67,12.11,19.66,16.40,13.31,5.73,-1.53
19608.00,4.51,11.01,16.78,16.16,14.93,8.41,0.44,-8.59
19612.00,9.03,12.32,15.22,13.29,9.12,6.51,-6.11,-9.11
19616.00,10.79,15.60,17.39,12.99,7.88,-1.60,-6.45,-14.26
19620.00,10.77,12.43,12.58,8.95,4.54,-2.44,-11.54,-14.48
19624.00,11.57,14.81,9.61,9.67,1.18,-7.47,-11.88,-17.60
19628.00,13.63,11.45,8.99,2.15,-0.97,-10.90,-12.67,-17.11
19632.00,14.05,12.37,7.38,2.51,-8.04,-14.25,-14.26,-13.89
19636.00,13.62,10.32,4.38,-0.74,-9.04,-11.06,-16.86,-13.42
19640.00,10.25,6.58,1.61,-3.89,-9.26,-11.86,-13.76,-10.25
19644.00,9.48,4.00,-1.80,-10.18,-10.41,-13.66,-10.59,-6.43
19648.00,4.81,-1.00,-5.56,-10.07,-12.43,-13.00,-7.34,-5.52
19652.00,1.03,-2.49,-9.96,-8.89,-10.11,-10.67,-7.62,-2.71
19656.00,1.06,-2.86,-10.20,-12.23,-9.39,-7.54,-6.48,-1.37
19660.00,-1.48,-8.70,-9.63,-9.41,-11.23,-6.39,-2.55,1.75
19664.00,-6.97,-9.30,-8.38,-8.40,-9.91,-3.48,1.14,0.37
19668.00,-7.58,-9.93,-8.75,-6.61,-6.67,-0.16,3.39,1.62
19672.00,-10.05,-9.51,-7.82,-6.10,-2.75,-2.54,3.38,1.47
19676.00,-9.64,-8.57,-6.36,-5.97,0.40,-0.15,2.05,-2.99
19680.00,-6.94,-7.12,-4.57,-0.67,-1.32,1.09,1.95,-2.48
19684.00,-6.31,-5.12,-6.03,-1.50,1.18,2.05,-1.49,-7.26
19688.00,-8.10,-4.94,-1.50,0.23,2.64,0.82,-4.94,-7.45
19692.00,-6.28,-6.36,-1.21,3.19,1.36,1.00,-7.51,-13.71
19696.00,-4.05,-0.40,0.38,1.83,0.43,-2.52,-9.01,-15.33
19700.00,-5.25,-2.23,2.59,1.15,-1.41,-6.46,-10.95,-21.74
19704.00,-3.03,2.98,2.78,2.78,-1.64,-10.15,-15.52,-22.91
19708.00,2.16,-0.44,0.26,-2.18,-7.09,-10.38,-18.21,-24.29
19712.00,0.20,0.22,-0.72,-4.25,-6.16,-14.00,-23.34,-28.06
19716.00,4.38,1.03,1.54,-4.15,-10.15,-16.67,-24.85,-28.31
19720.00,3.40,1.81,-4.13,-9.59,-15.15,-20.11,-27.41,-26.10
19724.00,0.71,-2.32,-3.39,-11.09,-17.52,-24.73,-23.02,-25.34
19728.00,1.44,-2.09,-7.85,-13.02,-17.64,-25.60,-22.32,-22.22
19732.00,1.25,-4.90,-9.49,-15.69,-22.34,-23.71,-23.21,-17.92
19736.00,-3.66,-8.61,-15.00,-20.27,-22.32,-25.76,-17.98,-13.54
19740.00,-6.20,-9.20,-17.98,-23.02,-23.39,-20.55,-14.29,-6.83
19744.00,-7.14,-11.54,-16.98,-22.31,-24.93,-20.98,-10.71,-3.59
19748.00,-8.39,-13.80,-18.12,-22.13,-20.87,-18.02,-9.55,2.15
19752.00,-13.01,-16.92,-23.13,-23.83,-20.29,-14.26,0.14,5.81
19756.00,-15.68,-18.29,-20.28,-21.67,-13.37,-7.17,0.43,10.34
19760.00,-17.83,-21.53,-22.61,-18.42,-13.11,-2.40,6.71,13.28
19764.00,-15.63,-20.35,-21.69,-16.89,-9.41,3.49,12.02,16.98
19768.00,-17.25,-19.86,-17.67,-9.23,-3.32,8.67,15.32,20.10
19772.00,-20.84,-16.81,-14.97,-5.72,0.43,8.34,19.10,18.49
19776.00,-21.13,-14.26,-11.09,-1.26,4.10,11.29,16.76,20.70
19780.00,-18.65,-14.53,-9.48,2.23,9.46,16.06,18.01,15.46
19784.00,-17.40,-12.66,-3.85,5.40,10.35,18.85,16.93,13.87
19788.00,-13.86,-6.42,1.44,8.75,14.16,16.51,14.98,12.77
19792.00,-9.75,-4.64,2.91,11.69,18.02,19.64,14.47,8.95
19796.00,-8.71,-1.35,8.11,13.53,17.89,14.38,12.87,3.49
19800.00,-3.99,4.98,9.41,14.58,14.58,15.87,7.89,-2.65
19804.00,0.78,6.72,11.34,13.65,14.18,8.03,4.19,-8.08
19808.00,4.58,10.64,12.75,16.55,13.30,4.58,-1.72,-7.42
19812.00,7.43,10.06,13.61,12.42,11.91,2.84,-5.46,-11.54
19816.00,9.61,12.98,13.64,14.47,6.39,0.69,-9.27,-14.47
19820.00,11.53,11.50,11.10,10.86,5.50,-3.69,-13.15,-15.09
19824.00,14.21,12.33,11.14,7.24,1.06,-9.02,-12.30,-17.90
19828.00,13.02,11.91,9.59,1.72,-4.73,-12.70,-16.36,-16.24
19832.00,10.67,9.27,8.57,2.12,-6.15,-11.60,-17.41,-14.68
19836.00,13.47,10.36,3.80,-2.12,-11.18,-15.71,-13.77,-15.06
19840.00,11.90,4.52,-2.06,-6.40,-11.54,-16.22,-14.45,-9.17
19844.00,9.70,2.90,-4.42,-10.41,-11.22,-15.98,-11.06,-10.34
19848.00,5.55,-0.92,-3.49,-11.58,-12.29,-10.01,-10.38,-7.08
19852.00,4.96,-4.04,-5.76,-12.90,-10.06,-12.99,-8.15,-2.53
19856.00,1.93,-2.53,-7.14,-9.82,-11.78,-6.37,-2.21,1.17
19860.00,-2.98,-8.72,-10.65,-11.48,-10.88,-5.21,-2.90,1.49
19864.00,-4.50,-10.78,-12.76,-10.55,-5.77,-3.52,0.63,-0.07
19868.00,-4.30,-8.17,-11.35,-10.52,-6.19,-0.62,0.17,0.14
19872.00,-5.73,-7.80,-10.14,-8.48,-4.51,-1.72,4.31,-0.21
19876.00,-8.26,-9.05,-6.94,-2.52,-0.99,2.02,1.54,-0.43
19880.00,-7.49,-6.82,-6.41,-2.44,-0.78,0.92,3.56,-2.02
19884.00,-9.16,-5.74,-1.36,1.49,3.53,5.21,0.66,-6.85
19888.00,-7.58,-2.88,0.32,2.67,5.23,2.63,-3.73,-6.31
19892.00,-5.44,-0.77,-1.28,4.37,5.64,2.89,-3.12,-13.56
19896.00,-2.11,-2.30,1.71,5.68,4.82,-1.69,-9.10,-13.68
19900.00,-0.08,1.41,4.98,5.74,2.24,-1.48,-10.06,-15.62
19904.00,-0.90,1.50,2.21,1.84,-0.65,-8.77,-13.37,-18.06
19908.00,-0.18,5.23,5.60,-0.52,-5.21,-8.22,-18.33,-21.45
19912.00,3.75,5.48,2.08,1.86,-5.91,-15.49,-19.81,-23.16
19916.00,3.85,4.26,0.70,-2.80,-10.62,-15.39,-19.91,-25.70
19920.00,3.09,5.71,-0.53,-7.77,-10.89,-18.47,-21.49,-24.69
19924.00,1.93,0.04,-3.12,-10.06,-14.72,-18.71,-24.70,-20.71
19928.00,3.48,-0.48,-4.81,-12.05,-19.57,-20.25,-23.05,-15.21
19932.00,0.57,-3.81,-7.13,-12.40,-17.35,-20.39,-20.39,-11.14
19936.00,2.70,-6.97,-9.57,-16.42,-20.50,-18.28,-18.70,-8.03
19940.00,-4.04,-7.72,-14.73,-17.48,-18.54,-17.40,-13.25,-1.95
19944.00,-4.34,-10.54,-17.80,-17.29,-19.12,-18.45,-9.89,3.65
19948.00,-6.59,-14.38,-18.06,-18.98,-20.52,-14.10,-6.22,7.31
19952.00,-8.07,-13.40,-17.57,-16.83,-17.33,-8.43,2.68,9.72
19956.00,-9.49,-14.97,-16.89,-17.28,-12.61,-4.41,7.26,18.43
19960.00,-15.01,-15.50,-18.93,-15.08,-9.71,1.12,10.17,21.00
19964.00,-14.34,-19.22,-18.19,-9.82,-2.73,6.76,15.43,21.11
19968.00,-13.95,-17.07,-12.32,-7.10,-0.29,8.42,19.45,26.15
19972.00,-15.31,-16.15,-9.98,-2.14,5.06,12.07,23.35,26.75
19976.00,-15.77,-11.07,-9.42,0.75,8.01,19.45,20.57,25.38
19980.00,-13.14,-12.10,-3.59,7.07,11.11,21.19,25.03,21.50
19984.00,-13.62,-8.93,-0.96,7.04,15.62,22.91,22.08,20.91
19988.00,-9.88,-1.80,3.93,12.29,19.59,20.28,18.86,13.99
19992.00,-9.26,0.20,8.19,14.17,18.57,21.93,21.25,14.35
19996.00,-5.94,4.19,13.02,15.51,21.94,21.47,13.56,5.68
20000.00,-1.63,8.66,14.87,20.95,23.08,19.96,12.70,5.96
20004.00,3.07,8.60,15.98,19.28,18.05,12.63,10.08,-2.53
20008.00,5.95,12.36,19.73,17.96,19.69,10.19,3.18,-5.19
20012.00,10.21,14.84,20.35,17.13,16.79,7.08,1.38,-7.42
20016.00,13.16,18.73,18.64,14.88,13.22,6.08,-4.98,-8.21
20020.00,13.09,19.24,19.04,16.26,7.52,2.04,-5.08,-10.33
20024.00,13.75,15.06,13.77,8.72,3.17,-0.70,-9.21,-10.79
20028.00,18.00,15.89,14.50,7.17,-0.68,-4.60,-8.17,-10.42
20032.00,16.22,12.41,12.35,6.47,-1.15,-5.97,-11.96,-7.11
20036.00,13.97,14.56,8.55,1.60,-5.70,-11.02,-10.31,-6.61
20040.00,12.60,11.55,2.57,-1.72,-4.44,-10.98,-10.32,-6.40
20044.00,12.02,9.57,3.59,-3.52,-7.30,-8.74,-8.00,0.04
20048.00,7.60,1.85,0.57,-3.37,-6.63,-7.92,-4.19,1.19
20052.00,6.90,-0.62,-2.13,-4.53,-8.32,-6.30,-2.70,5.12
20056.00,3.68,0.21,-2.75,-4.63,-6.49,-1.90,-0.00,3.94
20060.00,2.38,-3.77,-5.61,-5.94,-5.93,1.01,5.66,6.24
20064.00,1.60,-3.36,-4.37,-6.43,-1.44,2.34,8.29,10.11
20068.00,-0.42,-5.90,-4.92,-1.39,0.71,4.85,5.10,10.76
20072.00,-4.28,-5.96,-5.31,-1.10,1.45,5.09,9.45,6.12
20076.00,-2.33,-4.36,-1.76,-0.83,5.37,5.81,8.20,6.06
20080.00,-2.86,-5.18,0.42,4.94,8.76,7.77,6.13,3.89
20084.00,-1.33,-1.30,-0.23,6.11,9.22,7.87,4.84,3.71
20088.00,-0.96,-1.31,3.17,5.90,7.40,6.50,6.93,-3.13
20092.00,0.95,1.11,4.40,10.21,9.16,8.03,1.85,-6.79
20096.00,2.31,5.11,5.35,8.24,7.86,5.70,-2.35,-8.21
20100.00,3.90,4.16,7.80,6.34,8.39,0.46,-2.57,-11.56
20104.00,3.74,8.25,8.27,5.79,2.46,-2.79,-7.04,-16.24
20108.00,3.09,9.20,10.77,5.21,3.77,-5.16,-9.15,-13.79
20112.00,8.82,9.42,6.02,5.09,0.26,-10.04,-14.68,-17.81
20116.00,7.03,9.39,4.62,-0.20,-4.50,-8.68,-14.45,-19.39
20120.00,9.97,9.06,2.18,-1.24,-8.25,-11.34,-14.77,-14.30
20124.00,6.08,5.69,0.61,-4.58,-9.69,-12.59,-15.07,-14.37
20128.00,7.20,2.12,-1.72,-4.52,-10.77,-15.02,-13.90,-11.35
20132.00,3.73,-0.33,-1.91,-10.20,-15.96,-16.27,-12.79,-6.33
20136.00,3.54,1.99,-5.98,-13.36,-13.58,-15.48,-9.66,-1.77
20140.00,0.40,-2.17,-9.59,-13.75,-14.84,-15.44,-8.88,1.97
20144.00,-2.30,-7.85,-10.33,-15.20,-14.06,-10.36,-4.72,5.35
20148.00,-0.48,-6.79,-14.85,-14.04,-14.10,-7.73,2.03,10.99
20152.00,-7.89,-8.80,-15.05,-14.72,-10.09,-5.24,7.48,18.76
20156.00,-9.38,-13.96,-12.74,-10.52,-5.91,-0.25,10.52,19.69
20160.00,-9.98,-10.72,-13.41,-8.15,-5.03,6.01,14.51,26.87
20164.00,-10.87,-13.56,-13.90,-6.61,-0.53,11.89,22.26,29.73
20168.00,-13.20,-13.76,-9.50,-3.45,5.27,16.05,22.81,29.01
20172.00,-11.29,-12.49,-4.49,-1.75,7.66,20.46,25.21,28.96
20176.00,-12.54,-7.92,-1.93,2.97,16.68,23.74,28.60,30.35
20180.00,-8.94,-4.64,1.83,7.37,18.28,27.23,28.14,29.26
20184.00,-9.03,-1.88,3.42,12.97,20.79,28.66,29.45,22.79
20188.00,-8.92,-1.58,9.14,15.79,22.85,27.71,25.02,22.12
20192.00,-2.47,5.27,11.94,20.26,25.57,26.27,26.05,19.54
20196.00,1.31,8.91,15.90,19.89,25.15,25.24,19.07,11.69
20200.00,3.32,13.62,16.41,24.97,25.24,20.60,16.47,9.63
20204.00,6.86,16.08,18.64,25.08,21.51,17.69,13.14,2.32
20208.00,9.70,17.61,19.56,22.85,20.46,17.01,10.19,3.06
20212.00,15.22,17.79,21.61,21.38,18.24,11.92,4.73,-1.12
20216.00,14.52,19.39,21.83,20.11,14.92,10.16,1.04,-5.63
20220.00,15.48,20.10,20.32,17.94,11.25,4.19,-3.46,-4.95
20224.00,16.77,18.76,16.41,16.46,6.90,-0.85,-5.56,-9.39
20228.00,18.77,20.40,14.74,13.49,3.72,-1.81,-7.37,-7.14
20232.00,17.62,15.48,12.30,9.32,2.16,-5.77,-5.15,-2.97
20236.00,17.14,14.08,9.67,6.62,0.69,-6.06,-4.35,-3.11
20240.00,17.03,13.68,6.03,-0.07,-5.36,-5.90,-3.11,-2.86
20244.00,15.65,8.69,6.30,-0.59,-3.49,-3.59,-2.21,3.32
20248.00,13.34,6.04,3.55,-4.27,-3.48,-5.56,1.30,4.28
20252.00,9.40,3.57,-2.10,-4.78,-3.38,-2.07,-0.26,6.72
20256.00,4.86,2.32,-1.88,-4.31,-3.90,0.06,2.02,8.45
20260.00,5.02,-0.27,-2.91,-2.99,0.05,3.13,7.43,12.70
20264.00,2.79,-0.67,-5.54,-0.28,0.70,4.28,9.29,10.59
20268.00,-2.18,-2.80,-0.75,0.56,1.52,7.97,9.26,10.43
20272.00,0.73,-0.81,-3.59,1.64,3.54,7.40,11.36,8.65
20276.00,-1.02,-0.94,1.07,0.47,7.35,10.39,9.08,9.93
20280.00,-3.76,-1.73,3.21,6.42,10.40,11.91,9.20,6.68
20284.00,-0.61,0.36,2.01,5.86,9.27,11.04,7.19,2.59
20288.00,-2.54,0.45,7.31,8.61,11.64,11.52,4.91,0.84
20292.00,-0.93,4.51,5.73,10.84,11.18,9.40,4.62,-0.54
20296.00,1.04,6.80,10.25,8.52,7.79,8.42,2.26,-5.95
20300.00,1.91,6.50,11.84,11.90,8.14,3.68,-0.73,-9.01
20304.00,3.75,9.43,8.11,9.68,5.14,-0.40,-5.35,-14.13
20308.00,7.30,8.68,10.34,8.98,2.35,-3.31,-8.37,-16.27
20312.00,7.61,7.27,6.85,6.52,2.46,-5.84,-10.46,-16.66
20316.00,6.89,10.32,7.16,3.53,-4.74,-7.97,-16.73,-13.57
20320.00,7.75,8.32,5.58,0.90,-6.31,-12.87,-13.36,-14.39
20324.00,9.97,5.61,4.03,-1.93,-9.52,-14.61,-14.12,-12.56
20328.00,6.10,4.30,-1.84,-6.65,-10.38,-12.99,-14.05,-12.79
20332.00,8.28,2.36,-3.82,-6.64,-13.48,-13.88,-15.29,-5.46
20336.00,3.75,-2.01,-3.47,-13.67,-16.82,-14.98,-8.92,-3.11
20340.00,1.05,-3.87,-6.19,-14.24,-13.28,-12.22,-7.64,3.37
20344.00,-0.50,-4.81,-12.34,-16.24,-15.31,-8.79,-1.74,5.39
20348.00,-1.32,-6.45,-14.05,-15.54,-14.02,-5.74,1.50,13.56
20352.00,-5.35,-11.20,-11.57,-12.78,-12.62,-2.40,9.14,19.20
20356.00,-8.15,-11.24,-16.24,-13.92,-7.11,3.13,9.31,22.90
20360.00,-9.89,-13.34,-12.72,-10.12,-2.93,6.71,14.14,23.97
20364.00,-14.18,-13.92,-12.70,-9.09,1.61,9.55,17.57,25.31
20368.00,-10.90,-12.21,-7.92,-2.81,2.59,16.39,24.42,27.01
20372.00,-13.65,-9.71,-7.01,-0.11,9.48,17.95,27.20,31.33
20376.00,-12.38,-8.27,-4.74,4.25,14.31,21.84,26.07,28.80
20380.00,-9.22,-8.30,-1.52,5.77,17.69,24.11,25.55,26.02
20384.00,-8.70,-5.91,4.07,10.65,21.14,27.59,24.99,24.99
20388.00,-9.83,1.11,9.35,16.14,22.82,24.60,23.15,19.52
20392.00,-6.97,4.11,8.64,20.41,25.59,23.52,20.13,17.59
20396.00,-2.86,5.99,16.70,19.71,25.65,22.35,18.18,10.17
20400.00,1.84,12.05,16.93,24.22,22.14,21.59,15.67,7.10
20404.00,3.25,13.63,20.60,22.15,22.35,18.91,8.68,0.85
20408.00,7.40,17.14,21.77,21.68,20.72,16.06,4.94,0.04
20412.00,11.32,16.09,18.68,21.11,17.11,10.22,1.46,-6.62
20416.00,11.55,18.29,20.65,20.41,11.33,4.32,-2.84,-6.31
20420.00,16.14,21.29,16.82,15.81,6.87,2.32,-2.73,-6.80
20424.00,15.21,18.13,14.68,12.52,3.16,0.63,-6.84,-10.87
20428.00,16.66,16.90,15.61,8.51,1.75,-5.39,-10.52,-7.10
20432.00,17.96,15.44,13.52,4.16,-1.82,-6.65,-8.13,-7.00
20436.00,18.13,12.86,9.94,0.70,-1.52,-8.27,-6.58,-8.85
20440.00,12.50,11.25,4.76,-3.19,-4.87,-8.04,-9.85,-3.87
20444.00,9.77,9.84,-0.32,-1.30,-8.81,-8.14,-7.11,-2.29
20448.00,10.95,2.80,-0.35,-3.15,-7.61,-7.41,-6.49,2.89
20452.00,4.89,2.54,-2.95,-5.25,-7.22,-3.25,-1.07,1.71
20456.00,5.01,-2.41,-6.32,-5.76,-7.03,-4.46,2.43,7.39
20460.00,1.57,-3.33,-4.71,-8.70,-5.78,-1.08,2.09,4.96
20464.00,-1.43,-7.03,-7.65,-6.98,-3.64,-0.40,5.79,6.46
20468.00,-1.06,-4.18,-7.02,-2.59,1.43,2.58,7.27,5.35
20472.00,-2.67,-7.73,-7.75,-3.40,-0.43,4.32,6.43,5.94
20476.00,-3.04,-6.50,-2.24,-0.51,1.71,6.09,7.45,2.81
20480.00,-3.79,-3.24,-1.28,0.96,4.73,5.00,7.21,1.75
20484.00,-5.98,-4.35,0.12,4.19,4.00,7.12,2.09,1.44
20488.00,-4.67,0.18,-0.81,3.07,5.24,7.99,3.65,-5.78
20492.00,-1.32,-1.92,5.44,5.83,7.15,5.99,-2.59,-8.52
20496.00,-0.17,0.97,3.26,6.45,6.73,0.16,-2.51,-12.04
20500.00,1.89,3.88,6.64,5.83,4.89,-3.03,-6.61,-14.20
20504.00,1.58,2.42,6.94,5.73,3.70,-3.79,-9.44,-16.26
20508.00,3.05,4.51,3.53,3.96,1.11,-9.51,-16.13,-21.55
20512.00,6.77,7.49,3.32,-0.82,-5.67,-11.09,-19.61,-19.55
20516.00,7.60,3.53,2.33,-1.11,-5.98,-13.83,-19.91,-19.24
20520.00,6.59,3.35,0.52,-5.49,-10.58,-15.88,-19.35,-20.66
20524.00,4.58,1.38,-3.39,-5.38,-12.84,-18.36,-18.80,-20.18
20528.00,5.63,0.13,-4.45,-11.57,-18.39,-17.78,-20.93,-15.61
20532.00,1.92,0.14,-8.77,-12.02,-17.21,-22.28,-16.57,-14.40
20536.00,3.36,-4.61,-8.45,-14.02,-18.88,-17.96,-16.29,-8.72
20540.00,-0.62,-8.39,-11.80,-17.56,-19.41,-17.21,-14.49,-3.42
20544.00,-4.54,-10.28,-17.61,-21.28,-19.10,-13.62,-10.76,1.53
20548.00,-4.95,-14.36,-17.28,-16.98,-18.51,-11.23,-5.02,5.25
20552.00,-11.04,-14.22,-19.61,-17.77,-16.16,-7.75,-0.67,9.45
20556.00,-10.57,-14.64,-17.63,-18.22,-11.45,-2.96,4.13,14.71
20560.00,-14.45,-15.96,-19.69,-14.07,-7.81,-1.22,12.34,20.69
20564.00,-15.11,-16.32,-16.20,-12.17,-5.10,6.11,11.87,23.66
20568.00,-18.34,-17.52,-17.44,-10.64,-1.94,6.79,17.19,24.21
20572.00,-17.92,-17.82,-13.75,-6.37,5.59,13.50,21.82,24.34
20576.00,-17.77,-12.46,-8.14,1.17,9.85,17.67,22.25,20.22
20580.00,-17.33,-14.03,-3.44,2.82,12.86,16.42,19.23,20.72
20584.00,-14.31,-9.91,-0.34,6.88,13.05,18.58,19.21,18.34
20588.00,-9.46,-7.24,3.85,11.98,18.24,17.95,20.53,11.58
20592.00,-7.55,-2.96,8.52,15.16,20.49,19.14,18.23,8.95
20596.00,-3.52,4.37,9.14,16.76,17.85,16.54,13.92,4.22
20600.00,-3.27,4.41,11.57,19.00,15.92,16.92,6.84,1.13
20604.00,-0.68,8.99,12.43,14.98,18.51,11.87,5.80,-5.61
20608.00,3.87,11.88,14.68,18.07,15.58,9.83,-0.42,-8.71
20612.00,9.02,14.33,14.04,12.81,9.83,3.13,-1.79,-12.96
20616.00,10.12,14.09,15.42,15.55,5.59,-1.00,-7.08,-12.41
20620.00,9.55,14.40,11.89,10.60,4.58,-5.62,-8.51,-13.11
20624.00,13.72,11.71,12.97,8.59,-1.34,-8.68,-13.51,-14.90
20628.00,13.18,12.42,9.13,3.12,-1.41,-10.03,-12.43,-14.74
20632.00,12.92,10.88,4.63,-2.16,-8.65,-11.98,-16.84,-12.43
20636.00,11.85,6.65,3.83,-4.33,-10.93,-15.32,-13.45,-13.58
20640.00,8.54,3.93,1.30,-4.50,-9.05,-12.81,-11.09,-9.09
20644.00,7.56,4.97,-4.47,-6.48,-9.92,-13.81,-9.61,-7.60
20648.00,4.49,-1.84,-4.75,-12.21,-14.12,-14.08,-10.09,-5.14
20652.00,0.80,-3.57,-9.41,-12.85,-12.57,-9.42,-5.31,-1.62
20656.00,0.81,-7.54,-7.45,-12.58,-12.25,-7.22,-4.00,0.02
20660.00,-3.44,-9.58,-10.86,-11.51,-8.70,-4.72,-2.82,2.55
20664.00,-5.36,-7.45,-11.52,-10.22,-10.07,-2.84,-2.54,2.59
20668.00,-7.15,-10.69,-10.19,-9.94,-3.65,-2.58,0.87,2.28
20672.00,-5.79,-10.83,-11.18,-5.38,-2.37,1.89,3.27,1.19
20676.00,-10.30,-7.33,-9.87,-4.71,-3.20,0.80,4.31,-1.04
20680.00,-8.63,-11.09,-4.19,-4.08,-2.26,1.28,2.52,-4.85
20684.00,-7.53,-5.18,-4.51,0.90,-0.68,4.10,-2.20,-6.22
20688.00,-9.35,-5.04,-2.50,-0.67,2.40,1.99,-0.49,-8.28
20692.00,-6.25,-6.02,-2.21,-0.50,2.22,-2.70,-3.32,-12.59
20696.00,-2.97,-1.16,-1.66,1.16,-0.44,-3.29,-7.56,-15.62
20700.00,-5.20,-1.77,0.72,1.03,-0.89,-5.03,-14.18,-21.62
20704.00,-3.79,1.07,1.13,3.23,-1.15,-8.50,-15.06,-23.38
20708.00,0.94,2.77,4.10,0.09,-3.29,-14.21,-18.16,-26.61
20712.00,1.19,1.67,-1.06,-2.52,-6.08,-17.01,-20.25,-24.11
20716.00,3.11,3.14,0.25,-5.15,-12.02,-19.35,-21.26,-28.36
20720.00,3.77,2.55,-0.44,-7.36,-15.91,-18.80,-24.04,-27.40
20724.00,-0.23,0.76,-6.18,-11.62,-17.61,-21.21,-26.11,-25.38
20728.00,0.14,-3.39,-5.82,-13.52,-17.90,-25.78,-23.32,-21.55
20732.00,-0.03,-2.10,-11.67,-18.53,-21.03,-23.80,-23.84,-14.69
20736.00,-3.90,-8.07,-12.49,-20.94,-21.60,-22.71,-19.87,-14.25
20740.00,-3.74,-8.05,-13.62,-21.46,-23.47,-22.78,-16.23,-7.70
20744.00,-8.99,-10.51,-16.85,-23.23,-24.50,-19.11,-14.49,-3.63
20748.00,-8.07,-15.46,-22.45,-20.13,-22.73,-15.76,-7.81,5.26
20752.00,-10.46,-14.99,-20.67,-21.81,-16.73,-9.76,-4.85,9.42
20756.00,-12.97,-18.90,-23.37,-18.94,-14.77,-5.95,3.90,10.26
20760.00,-14.49,-17.91,-21.89,-19.73,-13.09,-1.09,5.36,16.06
20764.00,-19.63,-22.10,-17.42,-17.05,-7.21,2.39,13.36,20.69
20768.00,-21.24,-19.65,-17.09,-11.56,-4.27,4.69,14.63,18.20
20772.00,-20.11,-19.32,-15.59,-5.75,2.54,8.68,17.58,19.89
20776.00,-19.86,-14.99,-9.04,-1.21,7.73,13.59,16.51,19.03
20780.00,-19.64,-13.41,-5.39,1.91,7.75,14.59,16.67,15.14
20784.00,-13.50,-11.43,-3.79,4.05,12.10,17.72,20.47,15.31
20788.00,-14.55,-6.23,3.09,9.28,14.10,16.33,14.96,9.35
20792.00,-11.14,-4.67,2.87,10.74,16.33,16.11,16.19,5.57
20796.00,-8.31,2.37,8.49,14.71,15.06,18.03,12.23,0.54
20800.00,-2.30,4.29,10.86,17.14,14.60,14.92,5.13,-1.86
20804.00,0.31,6.02,11.04,16.85,14.45,9.42,0.95,-5.16
20808.00,2.90,8.01,12.85,13.47,10.28,7.05,-2.97,-10.61
20812.00,6.33,11.66,16.20,15.94,7.95,4.73,-2.71,-14.07
20816.00,11.39,10.84,14.05,12.85,6.99,-0.06,-6.47,-16.25
20820.00,11.13,16.12,12.89,10.23,4.15,-6.40,-13.14,-18.45
20824.00,10.53,11.44,9.05,8.08,0.53,-7.81,-13.27,-17.19
20828.00,10.39,12.12,6.58,1.01,-6.33,-8.73,-14.67,-16.51
20832.00,13.85,10.73,6.44,0.36,-7.88,-12.57,-16.12,-14.27
20836.00,9.58,6.91,4.51,-1.62,-10.53,-15.07,-13.39,-12.99
20840.00,8.27,6.90,2.32,-7.05,-10.32,-15.46,-14.00,-8.86
20844.00,7.94,0.71,-4.09,-6.11,-14.57,-14.77,-13.61,-7.06
20848.00,6.77,-1.02,-3.32,-8.48,-11.39,-11.65,-9.94,-3.44
20852.00,3.30,-1.41,-6.02,-13.16,-11.72,-11.47,-9.04,-3.68
20856.00,1.87,-5.02,-10.16,-10.01,-10.45,-7.60,-3.55,-0.13
20860.00,-4.29,-5.61,-9.97,-10.43,-11.97,-4.42,-1.30,1.77
20864.00,-3.28,-7.53,-8.32,-12.54,-9.88,-2.89,2.50,2.19
20868.00,-4.65,-8.82,-9.61,-8.68,-7.08,0.85,1.62,4.44
20872.00,-8.20,-7.40,-11.18,-4.91,-4.75,0.35,2.75,2.73
20876.00,-8.43,-10.02,-8.11,-4.82,1.52,2.75,1.45,2.43
20880.00,-6.64,-8.75,-3.07,-3.81,0.80,2.62,3.22,-2.46
20884.00,-9.59,-8.53,-3.03,2.28,1.52,1.61,1.40,-3.65
20888.00,-6.56,-2.36,-3.80,3.80,5.61,0.90,-0.58,-7.45
20892.00,-3.58,-2.28,-1.87,3.52,5.78,2.14,-2.95,-12.23
20896.00,-3.88,-0.00,-0.02,3.26,2.16,-2.59,-9.03,-14.42
20900.00,-1.52,0.24,3.05,5.70,3.27,-2.64,-11.93,-20.17
20904.00,0.73,2.34,4.68,3.80,-2.54,-7.29,-11.70,-21.28
20908.00,-0.18,5.33,5.45,2.06,-1.18,-12.07,-17.54,-19.88
20912.00,0.28,3.05,4.72,1.39,-7.95,-15.10,-21.03,-22.88
20916.00,4.02,5.06,3.86,-2.00,-9.59,-15.55,-21.04,-21.82
20920.00,3.59,1.59,0.51,-5.63,-14.31,-19.57,-22.28,-24.67
20924.00,3.00,-0.04,-3.62,-9.59,-14.73,-20.02,-21.51,-20.09
20928.00,5.82,1.59,-7.26,-13.05,-15.93,-22.85,-20.45,-15.18
20932.00,3.61,-2.78,-8.10,-15.00,-19.96,-22.10,-17.25,-11.46
20936.00,1.94,-7.14,-12.56,-14.42,-19.95,-21.51,-18.16,-10.89
20940.00,-0.24,-6.68,-12.09,-20.30,-19.81,-21.06,-12.71,-1.95
20944.00,-3.90,-10.46,-16.96,-21.87,-18.14,-17.17,-6.95,3.58
20948.00,-8.65,-10.11,-16.47,-21.62,-19.38,-11.26,-2.48,4.58
20952.00,-11.29,-13.75,-20.07,-16.88,-14.15,-6.76,-0.06,12.75
20956.00,-12.44,-16.07,-17.03,-15.96,-10.08,-5.91,8.22,13.69
20960.00,-14.63,-15.66,-17.42,-16.21,-8.57,3.32,8.94,20.09
20964.00,-15.22,-18.32,-15.10,-11.15,-2.33,4.34,14.50,22.99
20968.00,-15.85,-15.94,-14.55,-8.71,-0.11,10.13,21.06,25.80
20972.00,-14.43,-17.71,-8.92,-3.31,5.75,15.10,19.34,26.82
20976.00,-15.90,-12.39,-6.14,-0.33,7.74,20.04,22.42,24.79
20980.00,-16.39,-12.01,-3.42,6.77,13.90,19.40,25.63,23.25
20984.00,-12.12,-7.47,-0.79,9.29,16.76,19.78,22.21,17.86
20988.00,-8.67,-3.65,5.71,10.19,17.70,22.46,19.30,16.32
20992.00,-4.85,2.21,9.29,17.21,20.95,19.86,18.77,14.39
20996.00,-5.25,2.80,13.86,19.03,19.60,20.05,17.24,7.78
21000.00,-1.43,8.53,12.48,17.96,21.41,18.98,14.02,2.13
21004.00,4.55,9.97,18.45,22.01,21.45,17.02,6.56,-1.34
21008.00,8.58,12.83,19.44,21.71,15.76,13.89,3.64,-2.82
21012.00,7.54,16.63,17.95,20.83,15.20,5.89,2.05,-4.83
21016.00,12.84,18.40,17.84,18.41,10.75,2.10,-5.95,-7.00
21020.00,16.95,18.35,16.08,12.91,8.65,-1.21,-6.77,-13.29
21024.00,18.16,17.82,15.55,10.59,5.32,-1.64,-6.18,-10.40
21028.00,15.68,16.41,14.55,6.31,1.88,-6.01,-7.31,-9.99
21032.00,15.04,13.20,10.88,6.76,-1.45,-5.64,-10.33,-8.97
21036.00,15.56,12.91,5.13,1.12,-2.72,-9.33,-11.75,-6.91
21040.00,15.84,10.60,4.45,-1.10,-4.52,-6.68,-8.40,-3.07
21044.00,13.64,5.81,2.63,-5.42,-7.51,-7.17,-8.21,-3.21
21048.00,9.03,5.99,-2.37,-4.66,-9.63,-5.52,-3.71,2.19
21052.00,7.83,1.56,-4.78,-7.77,-6.58,-4.86,-0.69,0.96
21056.00,3.98,0.13,-6.22,-9.10,-5.34,-3.75,-0.44,7.65
21060.00,3.79,-4.94,-4.98,-5.57,-6.59,0.30,5.56,7.52
21064.00,2.10,-4.90,-7.63,-3.83,-0.72,3.76,4.32,5.99
21068.00,-2.26,-4.97,-6.24,-4.52,-2.37,2.96,7.21,7.54
21072.00,-4.35,-3.97,-2.71,-3.11,1.72,4.37,10.18,8.08
21076.00,-1.81,-6.77,-0.36,3.02,4.05,7.16,9.22,7.17
21080.00,-4.63,-5.18,0.03,0.63,7.18,8.64,8.65,6.22
21084.00,-1.55,-1.43,-0.01,2.55,9.36,10.56,6.09,0.58
21088.00,-3.96,1.85,4.54,7.13,6.86,7.35,4.49,0.28
21092.00,0.98,4.15,5.88,6.87,9.53,8.76,0.78,-4.88
21096.00,-0.47,5.30,4.85,10.70,9.77,3.72,-1.99,-10.36
21100.00,4.43,3.24,9.94,9.81,6.22,3.03,-3.38,-10.35
21104.00,1.42,4.97,9.43,10.20,5.81,0.46,-7.69,-13.40
21108.00,5.14,7.57,10.03,6.79,0.75,-3.11,-8.75,-14.14
21112.00,5.05,9.83,7.74,3.03,0.78,-9.97,-13.57,-16.94
21116.00,6.59,10.63,7.99,0.45,-4.63,-10.71,-16.39,-15.57
21120.00,8.35,5.49,3.01,-0.24,-4.69,-14.59,-16.32,-16.10
21124.00,7.62,5.65,3.52,-2.06,-8.43,-12.82,-17.68,-14.79
21128.00,6.68,6.34,-1.13,-4.73,-12.29,-15.67,-14.33,-8.99
21132.00,3.69,0.73,-3.02,-8.19,-11.77,-16.10,-15.25,-9.07
21136.00,5.33,0.56,-4.16,-9.71,-12.85,-16.86,-8.92,-4.61
21140.00,2.77,-3.42,-7.78,-12.34,-14.53,-15.95,-8.71,2.37
21144.00,-2.72,-7.52,-11.67,-16.96,-14.51,-9.90,-4.34,7.36
21148.00,-1.07,-10.33,-11.89,-12.91,-10.91,-5.74,2.64,10.25
21152.00,-5.24,-9.39,-12.56,-11.90,-10.16,-5.60,5.99,15.77
21156.00,-9.59,-13.10,-12.05,-10.67,-7.15,-0.55,13.93,20.76
21160.00,-9.30,-13.89,-13.87,-10.84,-2.89,6.84,16.92,25.16
21164.00,-11.83,-13.47,-9.57,-9.30,-0.79,9.18,22.78,28.74
21168.00,-11.46,-10.82,-8.60,-4.35,4.23,14.98,25.35,31.76
21172.00,-14.18,-13.69,-8.22,0.24,8.22,20.18,27.60,29.57
21176.00,-11.95,-8.78,-4.42,6.50,12.36,21.79,26.52,29.18
21180.00,-13.14,-8.66,-1.50,11.06,17.92,25.53,27.09,28.02
21184.00,-10.86,-2.92,3.99,11.12,21.62,26.13,30.18,26.58
21188.00,-8.49,-1.33,8.06,14.93,25.56,28.02,27.65,18.91
21192.00,-6.02,3.41,10.92,19.62,24.85,27.28,23.47,15.04
21196.00,-2.10,8.90,17.57,21.38,26.30,26.96,20.92,11.28
21200.00,2.41,9.93,16.34,23.97,25.37,21.99,18.86,7.12
21204.00,4.61,13.57,22.76,25.15,25.83,20.74,14.45,4.34
21208.00,12.27,17.14,24.32,25.72,23.53,14.32,6.25,-0.95
21212.00,13.15,16.64,24.44,24.36,18.03,11.94,2.81,-0.29
21216.00,14.00,20.92,20.01,21.46,16.64,6.93,2.83,-5.85
21220.00,18.27,19.44,22.98,16.31,9.59,3.39,-2.01,-5.09
21224.00,17.86,22.01,20.28,13.10,9.16,0.36,-5.96,-8.93
21228.00,16.71,18.23,15.69,12.48,2.26,-1.35,-3.76,-7.93
21232.00,17.81,20.03,16.02,9.86,-0.19,-4.82,-3.99,-4.60
21236.00,16.31,14.47,11.58,5.65,-3.51,-6.15,-3.41,-4.66
21240.00,14.62,14.43,5.40,2.94,-4.05,-3.40,-2.22,0.96
21244.00,12.78,8.83,4.75,-2.93,-4.80,-6.36,-0.37,1.68
21248.00,10.53,7.04,1.30,-0.75,-2.26,-4.69,1.13,2.99
21252.00,11.42,4.68,-2.12,-5.40,-5.11,-4.09,0.69,7.97
21256.00,5.23,1.93,-0.31,-4.56,-0.89,0.55,2.40,11.21
21260.00,4.76,0.69,-5.20,-3.27,-3.49,1.46,9.04,11.03
21264.00,1.94,-3.67,-5.16,-1.80,1.67,2.70,8.05,12.38
21268.00,1.52,-1.33,-1.85,-1.26,0.19,9.13,8.26,12.02
21272.00,0.61,-0.48,-1.32,-0.12,2.35,8.00,13.00,8.63
21276.00,-0.74,-3.84,-1.96,3.04,7.93,11.95,12.09,7.26
21280.00,-0.27,-0.77,0.14,5.63,7.07,12.79,11.02,8.01
21284.00,-1.91,0.22,1.75,9.33,11.92,11.28,10.04,5.34
21288.00,-2.05,1.00,4.44,8.11,8.88,9.40,5.49,1.82
21292.00,-2.35,4.84,7.33,11.78,11.11,11.04,5.22,-3.33
21296.00,2.85,6.27,10.36,11.63,11.79,7.36,-1.13,-5.62
21300.00,2.26,5.69,10.76,8.17,6.31,3.68,-4.51,-10.24
21304.00,7.40,6.03,10.50,11.26,4.66,1.69,-5.74,-13.56
21308.00,8.86,8.11,11.98,6.43,5.04,-2.39,-7.41,-12.36
21312.00,9.04,8.91,11.35,6.89,1.86,-4.19,-13.05,-13.61
21316.00,10.48,9.91,6.97,1.24,-2.94,-10.19,-15.32,-17.66
21320.00,6.93,9.72,3.63,-0.10,-5.46,-13.16,-13.10,-16.73
21324.00,9.50,5.29,4.38,-5.09,-7.38,-14.11,-13.91,-13.77
21328.00,8.92,2.86,0.14,-6.34,-12.75,-15.61,-15.35,-11.66
21332.00,4.66,1.55,-1.17,-9.80,-12.33,-15.12,-12.14,-6.19
21336.00,5.64,-1.85,-5.30,-11.07,-16.85,-14.74,-9.37,-3.11
21340.00,3.14,-1.06,-9.95,-13.69,-14.15,-12.80,-7.11,2.84
21344.00,-1.99,-7.29,-10.81,-12.71,-16.40,-9.01,-3.56,5.23
21348.00,-0.41,-8.92,-10.60,-17.11,-11.87,-8.22,3.38,13.97
21352.00,-7.38,-8.50,-16.03,-14.09,-10.12,-4.34,6.90,18.19
21356.00,-9.26,-11.73,-15.02,-12.85,-7.95,1.46,13.97,20.30
21360.00,-11.87,-12.29,-15.23,-9.32,-5.06,6.65,17.53,22.92
21364.00,-9.99,-13.22,-10.69,-6.13,-0.87,11.97,20.88,26.50
21368.00,-11.98,-14.36,-8.16,-2.87,4.11,12.55,25.27,29.70
21372.00,-12.82,-10.38,-8.87,-2.26,8.82,18.42,26.52,31.02
21376.00,-11.07,-10.18,-6.53,5.32,11.65,22.73,27.33,28.37
21380.00,-10.67,-6.16,0.58,8.70,18.20,21.63,26.86,27.76
21384.00,-8.83,-4.94,0.98,10.70,19.70,24.06,26.35,22.30
21388.00,-5.16,-2.71,7.78,14.63,24.63,28.11,26.84,22.16
21392.00,-4.81,4.87,9.52,17.28,24.70,25.10,20.78,15.91
21396.00,-0.02,5.38,15.91,23.11,22.05,21.48,21.07,11.86
21400.00,2.81,10.74,14.70,22.72,23.48,22.69,13.86,8.32
21404.00,3.77,13.25,16.54,22.28,21.23,15.77,8.45,2.53
21408.00,8.69,13.56,18.17,20.26,18.35,14.66,6.73,-2.10
21412.00,11.31,16.41,19.27,17.85,17.15,11.63,4.57,-3.59
21416.00,11.73,16.81,19.58,17.84,14.34,6.52,0.04,-7.36
21420.00,15.37,18.40,16.34,17.13,10.62,0.05,-2.95,-8.53
21424.00,16.06,20.16,18.54,10.63,3.34,-0.85,-4.96,-10.21
21428.00,17.74,17.75,12.87,10.73,3.23,-5.70,-7.24,-11.95
21432.00,15.84,14.10,12.90,2.82,1.02,-4.91,-9.67,-9.55
21436.00,14.67,11.71,9.64,1.03,-2.28,-8.08,-8.59,-4.67
21440.00,16.16,10.53,3.92,-2.90,-6.96,-9.18,-9.83,-4.76
21444.00,10.43,9.67,1.82,-4.23,-5.94,-7.16,-5.76,-3.43
21448.00,7.64,3.46,0.18,-5.43,-8.03,-5.36,-3.26,0.25
21452.00,6.20,1.08,-3.16,-4.71,-6.36,-6.24,-2.96,1.78
21456.00,5.13,0.12,-4.51,-6.97,-4.14,-4.44,2.49,6.80
21460.00,3.60,-3.58,-8.27,-6.98,-6.93,-2.01,1.34,6.99
21464.00,-2.68,-4.82,-5.92,-6.72,-3.15,0.74,3.66,7.16
21468.00,-3.99,-6.34,-7.87,-3.59,-0.50,4.58,4.91,6.22
21472.00,-2.32,-7.57,-5.56,-2.75,-0.61,2.45,7.32,5.56
21476.00,-2.97,-6.02,-4.37,-0.36,2.92,4.04,6.92,4.17
21480.00,-7.70,-5.77,-0.89,-0.24,4.11,8.73,7.19,2.79
21484.00,-5.77,-4.32,-0.78,3.27,5.17,7.18,6.18,-2.17
21488.00,-3.10,-3.90,-0.30,5.16,7.11,4.22,2.51,-4.21
21492.00,-3.80,0.49,5.02,3.40,7.24,6.09,0.21,-5.70
21496.00,-2.97,1.45,5.78,3.95,4.68,-0.48,-2.14,-12.73
21500.00,-0.17,2.84,6.63,3.73,2.26,-0.52,-6.66,-15.03
21504.00,0.31,5.34,8.35,4.77,0.58,-2.61,-12.12,-15.78
21508.00,3.80,4.95,8.09,5.65,-0.02,-9.52,-16.90,-18.51
21512.00,5.64,4.38,7.02,1.42,-6.42,-10.34,-16.57,-22.11
21516.00,6.06,3.16,5.13,-2.95,-7.14,-15.84,-17.97,-22.58
21520.00,4.25,2.83,2.53,-4.57,-10.93,-18.04,-18.81,-20.90
21524.00,7.10,0.81,-0.81,-9.20,-13.46,-21.21,-18.75,-20.88
21528.00,3.41,2.95,-4.80,-8.42,-16.35,-18.60,-18.44,-16.20
21532.00,3.47,-0.97,-8.52,-15.93,-20.49,-20.25,-18.85,-13.14
21536.00,3.23,-5.73,-10.76,-16.05,-19.20,-17.94,-16.16,-8.17
21540.00,-3.53,-5.12,-11.92,-16.75,-19.83,-17.40,-14.25,-0.84
21544.00,-4.21,-9.42,-14.79,-18.27,-18.57,-14.24,-7.76,0.47
21548.00,-8.99,-12.94,-17.02,-20.29,-17.83,-11.32,-2.94,9.06
21552.00,-7.85,-14.62,-17.65,-18.73,-17.65,-8.74,1.26,13.35
21556.00,-11.98,-14.31,-19.25,-19.16,-11.44,-2.32,7.20,16.52
21560.00,-14.93,-19.34,-17.03,-14.67,-10.12,0.70,10.53,20.45
21564.00,-13.98,-19.58,-19.21,-13.89,-6.69,5.12,12.51,21.45
21568.00,-15.52,-18.39,-13.25,-7.04,0.35,7.94,19.22,23.79
21572.00,-17.97,-16.44,-12.97,-6.82,4.67,14.25,20.15,21.90
21576.00,-15.75,-15.97,-10.65,-2.34,8.55,17.99,23.12,21.63
21580.00,-14.05,-10.13,-6.33,4.88,12.75,17.33,19.17,20.49
21584.00,-12.03,-6.76,0.34,9.43,16.98,18.17,20.75,15.24
21588.00,-13.98,-4.23,3.19,8.46,18.99,21.72,20.69,14.92
21592.00,-6.60,-1.35,4.63,14.21,16.23,20.06,17.34,11.02
21596.00,-5.82,1.86,7.73,16.18,17.47,19.73,12.55,3.67
21600.00,-1.67,4.37,13.07,18.45,19.68,17.35,8.08,1.05
21604.00,-0.90,7.98,12.33,15.58,15.96,12.05,5.35,-5.14
21608.00,5.57,11.78,15.25,14.35,13.93,7.67,-1.68,-9.03
21612.00,7.02,11.81,13.70,13.03,8.89,6.56,-5.84,-12.22
21616.00,12.08,13.59,17.32,14.65,7.20,2.13,-6.77,-13.58
21620.00,10.87,12.56,14.60,10.79,5.34,-5.28,-9.36,-13.99
21624.00,13.71,11.98,11.05,4.93,1.38,-5.79,-12.55,-16.40
21628.00,14.15,10.44,10.53,2.06,-0.91,-9.92,-12.37,-13.21
21632.00,10.41,10.66,5.56,-0.75,-7.89,-10.30,-13.13,-16.30
21636.00,12.13,10.96,5.38,-5.37,-7.61,-12.71,-16.43,-10.39
21640.00,12.05,7.92,1.82,-5.94,-11.89,-12.90,-12.21,-9.45
21644.00,8.94,4.95,-4.22,-9.97,-11.95,-11.74,-9.56,-9.34
21648.00,7.38,0.13,-6.84,-9.80,-13.25,-14.42,-9.97,-7.13
21652.00,1.96,-0.42,-9.45,-13.12,-10.52,-12.65,-8.57,-2.64
21656.00,1.02,-3.49,-8.19,-12.78,-9.59,-11.24,-4.52,-2.02
21660.00,-2.76,-9.12,-11.10,-13.78,-8.39,-6.84,-2.50,-0.82
21664.00,-7.11,-8.40,-8.90,-9.85,-8.03,-2.11,1.88,1.66
21668.00,-7.64,-8.09,-12.20,-9.88,-4.55,-0.10,-1.01,2.56
21672.00,-6.84,-8.72,-11.83,-5.04,-5.99,0.53,0.51,0.38
21676.00,-6.89,-11.62,-8.81,-7.35,0.18,3.51,-0.37,1.84
21680.00,-7.79,-9.47,-6.36,-0.61,-2.27,4.41,0.46,-4.27
21684.00,-8.26,-8.22,-3.24,-3.33,1.29,4.31,1.25,-4.96
21688.00,-5.84,-6.66,-2.44,1.10,4.19,1.23,-4.01,-7.73
21692.00,-5.41,-2.51,-1.15,2.39,3.36,-1.83,-3.87,-13.11
21696.00,-5.94,-3.79,-1.67,2.03,1.68,-3.02,-8.37,-13.87
21700.00,-2.43,-1.54,0.11,2.62,1.74,-5.20,-10.59,-20.69
21704.00,0.48,-1.38,4.22,0.66,-1.27,-7.26,-16.63,-21.43
21708.00,-0.65,2.26,3.99,-0.11,-6.42,-12.44,-21.25,-23.38
21712.00,0.77,1.58,2.05,-0.85,-7.89,-13.33,-23.32,-26.91
21716.00,3.58,1.56,1.47,-3.72,-13.70,-19.62,-23.23,-26.66
21720.00,1.93,-1.06,-2.57,-9.70,-15.50,-20.29,-27.33,-25.63
21724.00,2.49,0.54,-7.03,-10.78,-19.22,-23.21,-24.83,-24.33
21728.00,0.80,-2.74,-8.70,-13.51,-17.97,-24.94,-24.77,-19.31
21732.00,-0.01,-3.16,-10.64,-15.39,-19.99,-25.18,-23.54,-16.37
21736.00,-3.25,-8.18,-12.14,-17.89,-24.00,-22.50,-19.63,-9.84
21740.00,-2.38,-7.83,-13.76,-20.65,-24.90,-22.95,-15.52,-8.79
21744.00,-6.42,-14.36,-17.22,-23.90,-25.02,-20.75,-12.99,-1.79
21748.00,-9.22,-15.98,-20.93,-24.23,-21.83,-15.30,-8.83,2.17
21752.00,-12.87,-16.16,-19.34,-21.83,-20.80,-11.46,-0.36,6.10
21756.00,-12.38,-20.74,-23.53,-19.38,-13.15,-9.44,1.62,11.92
21760.00,-18.14,-19.60,-18.61,-17.55,-10.43,-3.46,8.18,14.72
21764.00,-16.64,-21.10,-20.78,-12.74,-7.75,3.46,10.74,17.04
21768.00,-20.52,-21.99,-19.47,-11.37,-4.45,8.50,13.04,21.60
21772.00,-16.74,-18.67,-16.43,-5.79,1.56,10.56,15.38,19.77
21776.00,-20.14,-15.02,-11.93,-1.23,5.32,12.42,20.96,21.63
21780.00,-15.66,-13.87,-8.75,2.29,10.98,17.78,19.61,18.01
21784.00,-16.23,-10.95,-0.90,7.60,11.81,18.96,18.58,14.47
21788.00,-13.78,-5.49,1.11,7.38,17.21,18.64,17.86,12.51
21792.00,-8.51,-1.69,2.84,14.24,16.04,17.06,11.76,8.90
21796.00,-8.41,-1.94,8.03,14.61,15.69,18.21,11.53,4.40
21800.00,-1.19,4.91,8.70,17.34,14.59,14.56,8.64,0.35
21804.00,-2.28,9.14,10.93,14.18,13.56,10.50,0.67,-5.50
21808.00,1.13,9.60,12.30,14.68,14.66,7.84,-2.41,-10.53
21812.00,6.16,13.44,14.38,16.58,9.38,3.30,-7.23,-14.73
21816.00,10.69,11.56,14.64,10.15,8.62,-1.66,-8.20,-12.94
21820.00,11.24,14.31,11.98,11.71,3.90,-5.16,-13.07,-17.58
21824.00,10.69,11.18,10.42,8.82,-0.19,-6.68,-14.11,-18.42
21828.00,11.32,13.39,6.60,1.81,-6.36,-10.52,-16.03,-17.91
21832.00,9.93,9.65,7.84,-2.18,-7.84,-13.96,-14.38,-14.11
21836.00,11.37,5.96,0.60,-4.89,-10.06,-15.84,-15.86,-12.44
21840.00,9.22,5.10,-0.77,-7.95,-9.29,-14.75,-16.04,-10.40
21844.00,9.57,2.94,-4.63,-6.56,-10.58,-13.40,-11.09,-8.62
21848.00,3.53,-1.96,-7.09,-10.07,-12.86,-11.18,-8.03,-5.87
21852.00,3.18,-1.37,-9.91,-12.00,-10.52,-12.88,-8.20,-1.49
21856.00,-1.49,-4.28,-7.62,-10.87,-10.83,-8.51,-3.96,-2.35
21860.00,-1.65,-8.98,-9.16,-13.17,-9.34,-3.98,-0.48,1.41
21864.00,-6.37,-9.89,-11.95,-8.91,-6.77,-1.88,-0.16,4.39
21868.00,-6.19,-10.09,-10.75,-6.07,-4.00,-3.12,-0.15,0.54
21872.00,-5.61,-10.36,-7.23,-4.08,-2.26,0.17,0.72,1.23
21876.00,-7.63,-6.53,-7.25,-3.27,-3.15,0.77,4.80,0.59
21880.00,-7.39,-9.49,-6.70,-0.42,2.34,1.53,0.76,-2.94
21884.00,-6.97,-5.98,-3.87,0.05,4.95,2.46,0.12,-3.69
21888.00,-9.09,-6.57,-2.52,0.30,2.57,1.64,0.78,-7.40
21892.00,-4.17,-0.49,0.83,2.85,1.97,0.06,-6.00,-10.70
21896.00,-3.11,-3.11,1.13,2.94,0.97,-2.76,-6.84,-15.47
21900.00,0.06,1.67,2.24,1.18,0.29,-3.91,-11.81,-19.13
21904.00,-2.68,1.11,1.63,4.20,-1.16,-4.71,-12.99,-18.38
21908.00,0.99,2.71,3.93,0.63,-4.10,-12.14,-15.79,-20.87
21912.00,2.21,2.54,1.53,-2.00,-4.08,-13.12,-20.89,-23.99
21916.00,5.59,2.05,-0.21,-0.78,-9.83,-18.13,-20.55,-21.55
21920.00,3.96,1.13,-1.92,-5.86,-12.82,-17.27,-20.68,-22.94
21924.00,2.71,0.13,-0.20,-9.95,-16.79,-18.60,-23.71,-20.99
21928.00,3.04,1.18,-6.62,-10.67,-18.70,-21.51,-21.71,-18.97
21932.00,3.61,-0.02,-8.22,-13.63,-20.69,-20.71,-19.40,-12.37
21936.00,0.05,-3.39,-11.32,-18.07,-22.52,-19.13,-15.21,-6.55
21940.00,-0.74,-5.05,-13.05,-20.33,-19.76,-17.39,-14.45,-2.41
21944.00,-4.66,-9.37,-16.61,-19.99,-20.99,-16.03,-10.07,3.89
21948.00,-5.83,-10.43,-17.63,-17.83,-19.38,-12.53,-3.48,7.44
21952.00,-7.73,-16.30,-17.79,-19.57,-16.16,-6.17,3.01,10.51
21956.00,-9.54,-17.14,-19.11,-19.38,-13.14,-3.99,4.34,14.40
21960.00,-15.15,-17.08,-17.28,-14.52,-6.30,1.48,11.71,17.88
21964.00,-16.94,-16.83,-18.78,-9.34,-3.87,6.01,15.45,22.08
21968.00,-16.10,-18.84,-16.51,-9.15,2.00,9.74,17.46,23.97
21972.00,-18.58,-13.88,-10.42,-1.58,6.46,12.72,23.18,26.58
21976.00,-17.41,-13.65,-6.94,0.09,11.10,15.28,23.37,24.47
21980.00,-13.30,-11.75,-4.37,2.53,12.45,18.20,21.21,24.51
21984.00,-10.82,-8.19,1.68,6.83,16.11,22.10,20.31,21.58
21988.00,-10.33,-1.25,6.48,10.97,19.17,19.78,20.63,18.07
21992.00,-6.27,2.35,6.10,16.99,18.34,19.79,20.52,12.92
21996.00,-4.81,2.16,12.83,17.43,23.27,22.51,14.07,7.59
22000.00,1.57,8.39,15.10,21.37,19.57,16.72,10.52,4.64
22004.00,4.69,9.29,15.26,20.95,19.39,15.45,9.35,-0.08
22008.00,4.72,11.27,17.83,19.99,19.41,11.10,5.78,-6.04
22012.00,8.32,17.31,17.49,20.74,13.41,7.04,1.55,-9.04
22016.00,10.92,15.76,19.38,13.91,9.59,6.53,-3.63,-7.33
22020.00,15.43,18.19,16.90,14.79,9.25,-1.18,-4.33,-12.37
22024.00,17.57,15.70,16.29,11.03,6.47,-1.34,-5.89,-13.29
22028.00,15.98,14.82,13.46,6.05,-1.34,-5.89,-8.83,-12.52
22032.00,14.80,12.15,9.27,5.45,-1.94,-9.78,-10.93,-7.65
22036.00,15.84,14.10,7.90,3.55,-3.31,-10.48,-9.50,-7.46
22040.00,13.86,11.32,4.24,-0.09,-5.84,-7.78,-8.50,-4.88
22044.00,11.77,9.37,0.58,-4.35,-6.38,-8.60,-6.77,-1.28
22048.00,9.32,4.67,-2.33,-5.95,-6.64,-5.47,-1.95,1.63
22052.00,6.44,1.78,-2.52,-5.42,-9.30,-7.69,-1.93,1.46
22056.00,3.47,-0.85,-6.67,-6.17,-7.53,-5.21,0.41,3.23
22060.00,1.50,-3.55,-6.03,-7.10,-2.13,0.30,2.31,5.87
22064.00,-1.61,-2.23,-6.38,-6.37,-2.27,2.12,7.46,7.43
22068.00,-3.14,-5.37,-5.35,-4.85,-0.90,4.36,8.63,6.17
22072.00,-4.25,-5.85,-4.01,-1.98,1.21,6.77,6.91,7.53
22076.00,-1.60,-2.15,-2.06,-1.79,6.65,8.58,7.08,4.29
22080.00,-6.33,-1.31,0.55,5.25,4.26,10.74,5.72,5.94
22084.00,-4.85,-3.00,-0.41,4.94,5.44,9.33,5.58,3.26
22088.00,-3.73,0.35,3.35,6.96,9.87,5.91,2.27,-0.39
22092.00,-2.78,2.78,6.99,6.82,10.34,6.72,1.10,-4.53
22096.00,-0.90,5.06,5.79,7.08,6.61,6.55,-3.45,-9.63
22100.00,1.32,5.78,10.07,9.12,8.10,3.20,-3.93,-12.30
22104.00,4.29,7.93,7.73,7.58,2.20,-2.14,-9.80,-12.20
22108.00,5.69,8.49,10.41,8.25,0.82,-6.43,-10.77,-15.55
22112.00,5.26,10.02,7.25,4.58,-0.52,-6.60,-15.33,-17.59
22116.00,7.49,6.87,5.53,3.83,-6.30,-8.16,-15.84,-17.21
22120.00,10.72,6.66,4.06,1.37,-8.07,-14.54,-15.67,-14.46
22124.00,6.33,5.40,-0.13,-2.58,-8.11,-15.75,-15.40,-11.99
22128.00,7.33,5.12,-0.11,-8.13,-12.54,-16.15,-16.89,-13.62
22132.00,7.26,1.62,-5.92,-7.75,-16.15,-14.17,-12.33,-5.58
22136.00,2.13,-2.59,-6.41,-11.78,-16.87,-16.61,-13.19,-3.45
22140.00,3.84,-4.42,-9.62,-14.25,-13.78,-15.69,-9.34,1.80
22144.00,-0.51,-4.67,-9.75,-14.57,-14.31,-9.50,-3.98,9.02
22148.00,-1.76,-8.60,-12.42,-16.62,-14.04,-8.12,0.29,14.56
22152.00,-3.02,-8.87,-15.39,-13.86,-11.86,-2.75,8.62,15.50
22156.00,-9.02,-13.01,-14.44,-10.57,-4.77,0.68,11.64,21.18
22160.00,-9.67,-12.61,-14.76,-7.95,-5.52,8.06,15.14,24.72
22164.00,-9.33,-13.67,-11.11,-9.18,1.56,10.91,20.67,27.31
22168.00,-13.18,-12.04,-10.52,-5.53,5.21,14.86,23.22,29.79
22172.00,-13.35,-12.75,-9.32,1.72,8.95,17.49,26.04,31.13
22176.00,-11.02,-9.96,-2.64,4.26,13.94,23.53,28.64,28.87
22180.00,-8.96,-5.06,0.62,10.59,17.50,26.30,26.64,27.60
22184.00,-8.17,-5.89,6.44,12.51,23.48,24.12,29.38,25.27
22188.00,-6.16,2.26,6.81,16.85,21.93,26.70,25.45,21.52
22192.00,-1.90,5.42,13.70,21.53,26.84,26.33,21.69,14.80
22196.00,-0.43,6.84,13.43,24.34,25.87,27.27,22.78,15.05
22200.00,3.67,12.59,20.08,25.81,22.76,21.44,17.89,7.74
22204.00,5.73,14.93,19.94,26.23,23.37,20.98,12.45,2.88
22208.00,11.78,18.24,23.28,22.28,23.32,14.78,10.16,1.32
22212.00,10.87,18.36,20.51,21.53,17.30,12.95,5.83,-3.14
22216.00,13.91,21.66,19.82,19.49,14.53,8.98,2.85,-5.25
22220.00,19.84,23.08,20.98,17.13,11.42,4.81,-4.49,-7.27
22224.00,16.45,21.25,20.54,12.69,6.11,0.61,-5.49,-7.97
22228.00,20.95,17.31,15.13,10.21,4.29,0.61,-3.08,-7.28
22232.00,21.21,19.46,15.96,5.31,2.45,-2.97,-5.13,-3.71
22236.00,15.54,16.64,11.82,3.85,-2.09,-2.99,-7.56,-5.58
22240.00,15.65,10.77,7.74,0.61,-0.74,-7.51,-6.07,-1.57
22244.00,12.31,8.95,2.36,-1.88,-6.29,-3.48,-3.62,1.97
22248.00,12.78,4.97,-0.20,-2.20,-3.60,-5.42,-0.95,3.81
22252.00,7.11,6.24,1.94,-1.79,-1.87,-2.51,0.60,6.84
22256.00,8.72,3.73,-2.39,-6.46,-2.77,-1.02,2.34,7.26
22260.00,3.36,0.43,-2.50,-1.56,0.24,0.83,8.96,8.91
22264.00,-0.17,-2.07,-5.68,-4.49,0.82,6.27,9.38,12.92
22268.00,2.27,-3.58,-4.69,-2.96,3.62,7.45,11.15,12.00
22272.00,0.04,-3.20,-2.49,1.19,4.16,10.10,11.83,12.42
22276.00,-2.04,-3.03,-1.91,3.54,8.27,10.55,10.66,9.48
22280.00,-4.88,-0.19,-0.48,6.77,7.66,8.46,8.80,7.65
22284.00,-2.51,0.87,1.52,5.29,8.01,9.06,7.58,4.99
22288.00,-2.62,2.64,6.86,10.55,12.06,10.41,8.37,0.49
22292.00,-1.34,1.14,4.75,7.47,10.59,8.13,5.22,-4.94
22296.00,2.62,4.72,7.04,9.10,7.90,7.57,0.24,-7.56
22300.00,3.67,5.08,11.53,8.06,8.14,4.25,-2.24,-10.90
22304.00,3.48,8.18,8.29,7.39,5.08,1.09,-3.88,-12.68
22308.00,7.36,6.61,8.63,6.73,1.37,-2.71,-7.80,-15.01
22312.00,6.93,11.38,8.74,7.51,-1.42,-5.54,-11.84,-13.78
22316.00,9.02,10.12,6.02,3.67,-2.48,-11.71,-14.98,-16.47
22320.00,7.24,7.73,5.32,-1.25,-4.98,-10.40,-14.49,-15.78
22324.00,10.60,7.72,1.72,-3.05,-6.72,-14.76,-16.17,-12.46
22328.00,5.75,3.08,1.44,-5.88,-10.24,-17.03,-14.26,-8.55
22332.00,8.78,4.56,-3.87,-10.04,-14.90,-17.49,-11.65,-4.88
22336.00,3.27,-0.44,-6.06,-11.26,-14.45,-16.99,-12.98,-3.65
22340.00,3.57,-5.31,-9.52,-11.66,-13.99,-11.24,-8.77,1.84
22344.00,0.94,-4.22,-11.43,-14.42,-16.51,-11.75,-2.71,8.89
22348.00,-4.63,-6.27,-13.68,-15.93,-12.84,-8.56,-0.44,13.32
22352.00,-3.77,-11.39,-14.10,-12.46,-10.94,-2.55,6.98,19.11
22356.00,-6.71,-13.82,-12.90,-14.72,-6.27,3.17,9.09,23.66
22360.00,-10.52,-11.46,-13.68,-9.02,-1.98,3.77,15.27,23.60
22364.00,-13.53,-15.00,-13.60,-8.16,2.69,9.22,18.74,27.81
22368.00,-13.22,-14.83,-10.60,-5.50,4.62,14.17,22.18,27.47
22372.00,-13.39,-11.00,-9.61,-0.12,10.20,17.34,27.95,27.40
22376.00,-14.58,-9.07,-6.32,6.12,15.71,19.69,29.52,30.34
22380.00,-11.55,-9.78,1.57,8.19,16.21,24.15,29.07,25.76
22384.00,-7.96,-4.82,4.36,9.96,21.83,27.05,26.95,24.01
22388.00,-7.32,-3.00,7.27,17.94,22.05,26.67,23.40,18.39
22392.00,-3.05,2.38,8.98,20.90,24.97,23.22,20.19,16.71
22396.00,-0.69,8.36,11.89,18.91,25.45,24.63,19.29,13.01
22400.00,4.20,8.51,19.33,19.71,25.19,22.48,14.38,6.01
22404.00,3.57,14.79,19.68,22.71,23.07,16.98,10.61,3.46
22408.00,9.12,17.29,21.24,23.99,18.39,15.76,4.82,0.18
22412.00,10.24,17.21,22.63,18.49,18.17,8.33,1.15,-4.59
22416.00,15.34,20.91,22.13,19.39,13.47,7.59,-0.19,-7.27
22420.00,17.39,20.01,16.83,13.42,8.58,0.28,-6.92,-10.37
22424.00,17.56,19.73,16.25,11.11,3.99,-3.80,-5.46,-8.92
22428.00,14.83,15.76,12.33,10.55,-0.00,-1.94,-9.61,-10.46
22432.00,19.27,14.08,11.59,3.71,-0.23,-4.43,-6.51,-8.38
22436.00,16.64,11.73,7.45,0.75,-3.65,-9.12,-7.27,-4.64
22440.00,14.58,10.90,6.67,-0.70,-4.55,-7.00,-5.87,-4.51
22444.00,14.26,9.73,1.00,-5.74,-8.13,-5.69,-8.06,-0.52
22448.00,9.92,5.45,-0.94,-6.94,-7.49,-6.72,-5.73,2.51
22452.00,6.20,0.46,-1.08,-7.18,-7.87,-3.86,-2.19,5.12
22456.00,2.63,-1.80,-6.88,-6.40,-8.30,-1.27,2.06,6.21
22460.00,3.58,-4.83,-8.09,-6.56,-5.29,-3.70,3.30,5.61
22464.00,-1.17,-6.61,-6.41,-5.63,-1.04,2.42,5.83,5.21
22468.00,-3.84,-5.68,-4.25,-2.89,-0.72,2.07,6.26,7.86
22472.00,-3.20,-6.62,-5.05,-2.52,-0.99,4.03,8.59,6.26
22476.00,-3.74,-5.56,-3.97,1.16,1.80,7.91,6.13,3.29
22480.00,-3.28,-4.04,-1.16,-0.06,2.70,7.93,5.06,0.61
22484.00,-4.21,-3.09,-0.37,2.51,7.12,6.10,6.11,-1.03
22488.00,-6.33,-1.56,3.46,2.36,7.97,5.14,-0.04,-2.30
22492.00,-3.70,2.23,2.95,4.54,7.74,5.57,-1.72,-7.25
22496.00,-1.48,2.02,5.42,4.00,7.52,2.10,-4.13,-13.49
22500.00,0.66,3.84,8.04,3.73,6.32,-0.54,-7.09,-14.03
22504.00,-0.38,2.26,5.27,5.26,2.92,-1.79,-12.44,-16.65
22508.00,3.82,3.80,4.45,3.38,-2.45,-6.88,-16.47,-17.19
22512.00,3.98,5.60,2.40,1.24,-3.54,-9.13,-17.44,-20.08
22516.00,7.50,6.09,1.46,0.21,-8.45,-15.28,-19.07,-20.41
22520.00,3.81,4.52,3.14,-3.12,-11.86,-14.85,-18.90,-18.18
22524.00,4.92,1.70,-1.30,-5.96,-16.28,-17.03,-21.03,-19.83
22528.00,5.30,2.82,-4.89,-10.79,-15.88,-17.94,-18.13,-15.62
22532.00,1.38,-2.92,-5.51,-11.67,-17.09,-19.11,-16.28,-12.06
22536.00,-0.83,-3.04,-9.34,-14.58,-21.71,-21.37,-17.04,-10.50
22540.00,-0.66,-9.14,-11.53,-17.62,-20.24,-18.36,-14.69,-1.29
22544.00,-4.24,-9.08,-15.38,-16.81,-19.28,-16.25,-7.32,0.57
22548.00,-7.26,-11.52,-18.52,-21.37,-17.94,-14.62,-5.08,5.14
22552.00,-11.73,-12.57,-18.46,-20.09,-17.18,-10.63,1.00,9.93
22556.00,-11.15,-17.32,-16.87,-18.31,-14.63,-2.02,6.29,15.29
22560.00,-14.22,-16.34,-16.71,-13.68,-7.33,-1.56,12.71,19.97
22564.00,-14.38,-18.09,-18.04,-13.72,-5.24,6.30,14.70,22.02
22568.00,-18.56,-17.28,-14.77,-9.96,-1.56,8.98,17.92,24.35
22572.00,-18.63,-16.88,-12.41,-7.32,5.70,10.72,21.77,21.72
22576.00,-17.00,-15.32,-6.84,-2.30,8.61,15.83,20.27,19.98
22580.00,-14.81,-13.59,-2.95,3.97,10.24,18.98,22.43,20.81
22584.00,-15.79,-8.08,1.15,8.39,16.58,22.14,18.39,18.32
22588.00,-13.36,-4.41,3.63,8.19,19.13,18.75,16.53,12.39
22592.00,-7.05,-2.94,7.95,13.42,16.60,19.05,15.62,9.58
22596.00,-3.77,2.25,11.67,16.33,18.23,20.19,15.20,6.00
22600.00,0.15,6.91,11.84,15.91,18.11,16.60,10.23,2.11
22604.00,0.82,10.11,12.51,17.66,18.06,14.44,2.56,-1.47
22608.00,4.61,8.82,17.58,17.97,12.09,6.39,-0.06,-7.43
22612.00,7.53,11.17,15.48,14.99,11.09,2.86,-4.60,-11.17
22616.00,10.66,13.91,14.58,11.57,7.17,0.05,-8.64,-15.97
22620.00,13.94,13.22,14.07,8.73,5.98,-4.73,-11.06,-15.19
22624.00,12.50,12.46,11.63,5.53,1.70,-5.29,-13.98,-13.56
22628.00,13.94,10.63,8.55,1.27,-3.78,-9.00,-12.75,-13.86
22632.00,13.71,13.01,5.57,-0.26,-4.71,-10.78,-14.17,-13.42
22636.00,13.66,11.07,4.70,-2.04,-10.84,-11.90,-14.69,-11.50
22640.00,10.72,4.74,-1.62,-4.36,-13.29,-15.83,-11.11,-9.32
22644.00,8.38,3.83,-1.19,-9.44,-10.29,-11.09,-11.94,-8.20
22648.00,7.06,-0.53,-7.11,-10.93,-10.91,-12.43,-8.03,-4.51
22652.00,2.13,-3.14,-6.44,-10.68,-14.06,-11.67,-4.84,-0.82
22656.00,1.37,-3.39,-11.94,-13.17,-11.67,-7.68,-3.69,-1.24
22660.00,-2.76,-6.53,-9.45,-13.26,-9.98,-6.28,-4.79,0.92
22664.00,-7.23,-6.30,-10.36,-12.45,-7.26,-5.99,-2.29,3.68
22668.00,-6.64,-8.92,-12.21,-8.64,-7.40,-0.82,0.84,3.25
22672.00,-8.81,-12.17,-8.12,-8.94,-1.96,1.51,-0.49,0.32
22676.00,-7.83,-7.75,-8.61,-2.77,-1.13,-1.20,2.05,1.94
22680.00,-6.62,-8.85,-7.93,-2.13,1.08,0.71,-0.63,-0.73
22684.00,-8.14,-5.47,-4.59,-3.21,2.52,0.54,-0.56,-6.01
22688.00,-8.26,-5.57,-2.67,2.55,2.22,0.47,-2.77,-10.46
22692.00,-4.79,-3.72,1.54,0.88,0.55,0.56,-6.70,-14.62
22696.00,-2.86,-0.19,-0.64,0.60,-0.98,-2.99,-9.24,-16.74
22700.00,-3.90,-2.43,4.24,1.70,-1.28,-6.93,-12.39,-18.46
22704.00,-1.77,1.75,1.18,0.88,-2.82,-8.19,-15.62,-23.48
22708.00,0.05,0.78,3.57,-1.66,-4.03,-11.92,-18.66,-23.05
22712.00,-0.55,1.01,0.45,-1.00,-5.85,-17.51,-20.50,-24.04
22716.00,-0.12,0.07,-2.62,-6.40,-12.63,-19.35,-22.23,-27.76
22720.00,3.99,-0.35,-0.21,-8.27,-13.24,-19.88,-25.06,-22.75
22724.00,0.25,-0.91,-3.45,-12.00,-17.22,-22.75,-24.20,-22.80
22728.00,3.29,-4.17,-5.88,-15.44,-21.14,-23.05,-22.60,-20.76
22732.00,-2.03,-2.39,-11.21,-18.23,-22.72,-23.27,-24.47,-18.21
22736.00,-1.39,-4.51,-13.86,-18.12,-25.42,-23.49,-20.85,-12.27
22740.00,-5.81,-9.51,-13.62,-22.53,-21.41,-24.01,-15.85,-9.52
22744.00,-6.19,-10.36,-17.79,-24.05,-22.53,-17.17,-13.62,-0.55
22748.00,-10.55,-16.21,-19.15,-24.63,-19.71,-17.76,-8.73,5.05
22752.00,-11.43,-18.10,-18.75,-23.08,-20.94,-11.17,-0.66,8.69
22756.00,-12.88,-18.75,-21.65,-20.51,-13.75,-6.56,3.62,13.49
22760.00,-16.20,-21.91,-18.62,-17.42,-13.44,-3.85,6.01,17.68
22764.00,-20.36,-21.58,-17.12,-17.26,-5.84,0.08,9.68,19.51
22768.00,-18.00,-21.77,-15.26,-9.67,-3.94,5.55,13.05,17.54
22772.00,-17.11,-19.14,-14.92,-9.06,3.30,12.69,14.97,20.68
22776.00,-18.27,-18.27,-13.24,-3.30,7.88,15.67,18.05,20.88
22780.00,-17.75,-11.45,-8.90,2.11,7.88,13.83,19.42,16.62
22784.00,-14.29,-8.95,-0.87,2.92,10.24,18.23,17.14,12.52
22788.00,-10.89,-9.11,-1.33,8.11,13.52,19.82,15.57,13.77
22792.00,-12.21,-5.28,4.72,13.73,14.14,16.04,16.63,5.14
22796.00,-5.95,1.35,8.59,15.16,14.54,16.57,11.68,2.61
22800.00,-2.02,2.47,12.13,17.56,14.73,11.40,6.26,0.97
22804.00,0.96,5.87,13.72,15.18,14.12,11.18,3.50,-5.81
22808.00,2.63,10.69,12.80,14.22,11.35,6.15,-0.70,-9.14
22812.00,6.86,13.78,15.25,15.06,8.98,5.21,-6.35,-10.31
22816.00,7.17,12.84,12.09,12.19,4.75,0.64,-10.54,-15.91
22820.00,10.08,11.71,15.12,10.81,2.43,-5.57,-12.26,-18.06
22824.00,12.51,14.22,10.26,6.88,0.15,-6.95,-13.80,-14.99
22828.00,12.86,13.02,6.75,5.13,-5.77,-10.79,-14.21,-18.00
22832.00,13.31,11.83,8.10,0.17,-8.32,-13.61,-14.64,-17.60
22836.00,9.57,8.23,3.32,-5.28,-9.63,-11.47,-14.60,-13.87
22840.00,9.70,3.40,1.69,-4.69,-12.02,-13.23,-15.34,-12.32
22844.00,5.52,4.76,-4.20,-8.37,-13.52,-12.68,-11.87,-6.98
22848.00,3.34,-0.44,-6.15,-10.96,-12.31,-11.11,-9.55,-5.08
22852.00,3.44,-3.31,-5.24,-12.81,-13.35,-12.60,-4.87,-2.04
22856.00,-1.36,-6.09,-11.20,-11.94,-11.37,-9.17,-4.52,-0.17
22860.00,-4.67,-7.81,-12.00,-12.57,-7.59,-8.45,-0.24,0.97
22864.00,-4.00,-7.18,-12.56,-10.53,-6.09,-4.69,2.11,1.73
22868.00,-6.78,-11.44,-7.96,-6.26,-3.86,-0.38,3.09,1.03
22872.00,-9.53,-7.74,-8.19,-4.59,-4.82,1.53,4.25,3.94
22876.00,-6.45,-6.72,-6.94,-3.64,-1.02,3.55,2.89,0.68
22880.00,-6.46,-6.20,-5.57,-0.19,1.61,4.46,2.93,-0.07
22884.00,-5.54,-6.15,-1.68,0.61,1.05,4.76,0.41,-4.88
22888.00,-5.60,-2.43,-0.63,-0.48,3.85,1.73,1.03,-6.45
22892.00,-3.44,-3.21,-1.94,5.11,4.31,0.46,-4.06,-8.82
22896.00,-4.70,-0.58,2.13,2.81,4.03,-2.11,-8.10,-15.14
22900.00,-0.29,-0.05,0.91,1.95,2.41,-5.05,-9.98,-19.77
22904.00,-0.80,0.26,2.60,0.46,-0.75,-8.11,-12.05,-19.32
22908.00,3.86,4.59,5.80,2.46,-1.66,-9.97,-17.85,-24.24
22912.00,4.42,2.16,3.48,-2.32,-7.75,-14.93,-18.53,-23.40
22916.00,1.36,4.74,1.41,-3.42,-9.84,-15.15,-21.63,-25.30
22920.00,4.84,3.34,0.27,-5.77,-11.86,-16.62,-23.43,-22.96
22924.00,2.43,3.92,-2.65,-7.46,-17.01,-20.21,-22.81,-22.95
22928.00,3.95,-0.84,-3.37,-13.84,-18.03,-19.06,-24.12,-15.33
22932.00,-0.27,-3.75,-8.74,-16.85,-21.33,-20.13,-20.83,-15.23
22936.00,-1.72,-4.59,-12.66,-18.56,-20.80,-22.80,-15.93,-7.82
22940.00,-4.12,-9.84,-11.37,-18.56,-20.35,-18.69,-10.73,-4.73
22944.00,-4.92,-10.44,-16.56,-20.67,-18.27,-18.03,-6.93,2.21
22948.00,-5.92,-10.93,-17.68,-18.11,-20.07,-13.47,-5.51,7.95
22952.00,-7.07,-15.68,-16.39,-17.52,-14.08,-8.87,-0.96,14.13
22956.00,-13.40,-17.27,-17.30,-15.81,-14.48,-3.49,4.15,18.24
22960.00,-15.87,-16.19,-17.55,-14.14,-8.36,2.87,12.80,18.81
22964.00,-13.73,-18.07,-18.57,-9.64,-2.17,3.79,15.64,21.92
22968.00,-17.93,-17.33,-14.84,-7.23,-0.86,10.44,16.18,24.55
22972.00,-14.18,-14.62,-10.45,-2.14,6.60,16.19,18.90,25.25
22976.00,-14.56,-14.38,-9.72,1.38,7.79,18.99,25.00,26.03
22980.00,-12.26,-8.75,-1.94,3.00,13.19,18.58,24.06,23.54
22984.00,-13.63,-6.34,-1.57,10.84,16.04,21.03,22.55,17.99
22988.00,-11.55,-3.98,3.72,14.64,16.63,24.30,23.68,16.29
22992.00,-8.18,2.02,9.51,16.92,22.39,19.57,19.57,14.10
22996.00,-1.77,4.38,9.88,20.26,18.84,20.18,14.35,7.68
23000.00,-1.46,9.31,14.52,21.64,21.51,16.89,12.64,2.44
23004.00,3.37,9.75,15.05,17.78,18.75,16.32,6.87,0.82
23008.00,7.82,14.46,19.21,18.55,16.32,12.09,3.79,-3.70
23012.00,9.92,16.60,16.39,20.32,16.27,9.19,-2.39,-6.07
23016.00,12.89,15.22,20.78,15.97,10.68,5.44,-2.22,-10.99
23020.00,16.27,16.38,17.44,15.69,9.69,-1.33,-4.54,-12.26
23024.00,14.66,17.34,13.27,12.54,6.63,-4.93,-8.80,-9.74
23028.00,18.28,17.40,14.87,5.29,2.41,-7.57,-10.47,-10.07
23032.00,14.29,15.66,12.68,1.92,0.31,-7.08,-7.64,-8.65
23036.00,17.39,12.27,7.70,1.29,-5.13,-10.66,-8.13,-8.83
23040.00,15.07,7.59,5.97,-0.75,-6.74,-10.00,-6.42,-2.83
23044.00,12.01,7.02,-0.89,-5.68,-6.24,-8.83,-7.00,-2.29
23048.00,11.59,3.68,-1.80,-4.63,-6.34,-7.70,-3.45,-2.01
23052.00,6.55,1.61,-1.35,-7.21,-5.75,-7.42,-0.76,5.55
23056.00,6.29,1.21,-4.21,-6.39,-7.68,-3.21,-0.23,5.99
23060.00,-0.53,-2.78,-3.88,-8.11,-2.00,-0.46,2.00,9.15
23064.00,-1.84,-4.92,-7.71,-3.09,-3.11,-0.52,7.97,7.29
23068.00,-3.45,-3.07,-2.95,-1.77,-0.84,4.97,9.09,9.91
23072.00,-5.15,-2.98,-6.12,0.61,1.73,3.96,6.21,8.34
23076.00,-4.83,-2.66,-1.12,-0.38,6.99,5.79,6.35,8.55
23080.00,-2.24,-2.71,0.32,4.37,7.67,9.88,5.83,2.35
23084.00,-2.47,0.00,1.99,5.08,6.69,10.17,8.21,1.84
23088.00,-3.69,-1.68,4.40,8.73,9.65,8.20,2.74,-3.52
23092.00,-3.30,1.82,3.81,9.25,7.10,6.97,0.63,-7.26
23096.00,1.00,4.33,6.35,9.76,9.62,3.87,-3.62,-7.96
23100.00,4.50,4.87,7.39,9.48,4.36,-0.56,-4.81,-13.28
23104.00,2.44,7.16,10.69,7.14,5.87,0.53,-6.66,-13.77
23108.00,3.70,7.31,6.01,5.40,0.73,-6.01,-13.10,-15.34
23112.00,5.77,8.12,9.46,5.71,-0.16,-8.45,-12.02,-19.19
23116.00,6.99,9.10,7.25,3.02,-4.60,-12.92,-17.71,-17.38
23120.00,7.91,6.86,3.40,-0.11,-7.18,-11.79,-15.58,-16.27
23124.00,6.76,4.20,0.10,-4.49,-12.21,-14.90,-16.95,-14.88
23128.00,5.90,3.76,-1.72,-8.24,-13.13,-14.20,-15.26,-11.33
23132.00,5.02,0.67,-0.99,-9.72,-14.36,-14.46,-15.38,-8.41
23136.00,2.86,1.20,-8.67,-9.93,-14.42,-12.92,-10.80,-4.05
23140.00,3.48,-2.88,-8.87,-15.09,-14.34,-13.56,-9.50,4.48
23144.00,0.20,-6.93,-9.49,-14.88,-16.72,-8.37,-4.78,8.20
23148.00,-0.96,-7.54,-14.95,-13.21,-12.58,-8.25,0.96,11.17
23152.00,-3.00,-10.75,-13.24,-12.11,-11.41,-4.37,4.94,15.51
23156.00,-8.27,-14.25,-14.43,-11.71,-5.00,1.35,11.61,20.46
23160.00,-9.60,-14.29,-15.44,-7.71,-1.32,7.94,17.08,27.56
23164.00,-13.71,-13.46,-10.54,-6.93,-1.17,8.63,21.36,29.34
23168.00,-11.75,-13.31,-8.36,-5.25,5.67,15.80,22.56,30.44
23172.00,-12.39,-9.84,-7.40,-0.87,9.59,21.52,28.09,32.24
23176.00,-11.82,-10.83,-2.52,5.68,12.60,23.51,26.61,27.27
23180.00,-9.54,-7.06,-0.00,8.51,20.56,23.05,28.42,27.60
23184.00,-8.39,-2.58,4.87,14.23,21.56,26.66,28.24,25.74
23188.00,-4.80,-2.23,7.01,18.43,24.46,26.24,26.99,21.67
23192.00,-1.68,4.34,9.87,17.47,25.48,28.33,24.89,17.26
23196.00,1.29,6.55,16.32,23.40,23.12,26.69,22.33,15.18
23200.00,4.62,10.89,18.39,23.00,27.02,21.60,14.15,9.96
23204.00,8.70,14.10,20.48,25.26,25.42,20.61,13.13,3.43
23208.00,11.55,17.34,19.73,25.83,19.45,13.63,10.35,-1.66
23212.00,11.86,18.45,23.82,21.49,19.29,10.61,6.43,-1.68
23216.00,16.47,20.43,21.58,20.93,13.15,7.83,2.79,-4.67
23220.00,19.46,20.79,19.86,15.49,10.37,7.00,-1.50,-6.01
23224.00,20.52,21.02,20.63,13.53,6.07,0.65,-5.39,-5.93
23228.00,20.84,20.61,18.67,10.26,6.22,-3.74,-4.32,-6.57
23232.00,20.10,17.47,14.41,8.56,3.31,-3.49,-6.89,-7.67
23236.00,17.78,17.56,12.00,2.12,-3.14,-6.66,-6.98,-2.03
23240.00,17.94,11.05,9.04,3.26,-5.53,-6.82,-6.00,-2.80
23244.00,14.72,9.54,4.05,-2.59,-1.94,-6.78,-3.12,-0.33
23248.00,11.83,9.15,2.96,-0.10,-4.92,-1.62,0.23,5.77
23252.00,8.51,2.81,-1.24,-2.24,-1.93,-1.20,1.73,4.64
23256.00,7.99,0.39,-0.86,-5.34,-2.87,0.91,3.87,7.88
23260.00,4.26,-1.98,-4.63,-3.73,-0.24,1.18,6.51,12.99
23264.00,2.26,-3.59,-1.83,-4.24,1.97,4.31,11.02,9.04
23268.00,0.36,-2.71,-2.46,-0.81,1.40,8.66,9.89,9.58
23272.00,-2.33,-0.41,-3.09,2.21,7.34,6.35,11.96,9.14
23276.00,-2.21,-4.03,0.13,5.20,6.00,9.24,10.88,7.26
23280.00,-1.50,-4.11,-0.32,5.76,8.49,9.18,12.07,4.79
23284.00,0.24,-1.15,3.25,8.50,9.94,9.78,7.07,3.87
23288.00,-0.08,-0.37,6.00,8.97,11.13,11.26,5.92,1.06
23292.00,-0.11,4.20,8.16,12.05,10.56,7.43,2.63,-4.54
23296.00,-0.44,3.95,6.92,12.37,8.95,6.15,-0.04,-4.63
23300.00,4.01,8.41,11.61,7.73,9.69,2.07,-2.27,-11.70
23304.00,6.71,8.65,11.84,9.26,7.16,-1.63,-8.21,-12.08
23308.00,8.37,8.74,12.03,9.35,1.20,-2.97,-10.56,-14.09
23312.00,5.38,8.14,6.79,7.14,-1.53,-6.24,-13.69,-13.90
23316.00,9.39,11.40,9.22,3.32,-0.93,-10.66,-13.92,-18.11
23320.00,6.85,7.50,7.31,1.60,-8.03,-13.20,-15.32,-16.11
23324.00,10.16,8.08,0.98,-3.64,-7.16,-12.20,-15.65,-10.94
23328.00,9.23,4.45,1.38,-7.32,-12.28,-17.24,-13.04,-12.66
23332.00,7.73,2.26,-5.27,-9.24,-12.58,-16.76,-14.13,-7.29
23336.00,4.94,0.89,-4.50,-12.76,-14.34,-12.52,-12.47,-1.65
23340.00,1.41,-3.63,-9.20,-11.70,-14.48,-15.24,-7.78,1.04
23344.00,1.55,-7.92,-11.51,-14.15,-15.00,-11.75,-2.70,6.44
23348.00,-4.86,-6.91,-13.11,-16.17,-11.95,-4.83,0.63,12.96
23352.00,-4.10,-12.40,-15.93,-13.00,-8.21,-2.77,8.19,18.48
23356.00,-7.47,-11.42,-15.80,-12.50,-7.07,-0.45,11.42,19.34
23360.00,-9.07,-11.43,-15.49,-8.89,-5.43,7.39,14.80,22.75
23364.00,-13.73,-13.86,-13.38,-5.32,1.96,8.83,20.04,25.11
23368.00,-12.03,-11.84,-10.60,-5.46,6.21,13.61,22.35,30.20
23372.00,-11.62,-13.04,-9.08,0.75,6.92,17.31,24.46,27.98
23376.00,-13.44,-9.83,-2.04,3.98,12.98,22.99,24.85,30.71
23380.00,-12.78,-8.02,-1.77,10.65,16.92,25.22,26.27,26.64
23384.00,-7.96,-3.22,4.98,14.51,19.42,23.09,28.96,22.76
23388.00,-6.93,-2.86,6.85,16.69,21.50,26.98,22.93,20.59
23392.00,-5.75,4.19,12.45,18.73,25.53,23.37,20.71,14.35
23396.00,-0.07,4.82,12.88,20.14,25.15,22.52,18.30,9.76
23400.00,0.26,11.93,18.42,22.95,21.91,19.69,12.56,8.84
23404.00,6.21,11.49,16.64,19.92,22.02,19.79,8.18,2.01
23408.00,10.79,16.70,18.42,21.67,17.58,11.76,4.09,-3.12
23412.00,10.53,17.95,19.66,19.66,18.70,9.05,0.48,-3.08
23416.00,13.17,16.95,20.77,16.36,13.06,5.87,-1.80,-8.74
23420.00,14.66,21.15,18.20,12.89,10.50,1.91,-6.99,-6.61
23424.00,15.41,18.57,15.88,12.44,6.93,-1.51,-7.47,-8.55
23428.00,18.39,18.26,15.36,6.47,1.95,-3.94,-7.17,-11.27
23432.00,15.81,13.81,10.38,5.89,1.07,-5.95,-9.69,-8.41
23436.00,13.92,13.51,9.11,2.73,-4.98,-8.02,-10.18,-6.33
23440.00,11.95,12.48,6.58,-2.87,-5.79,-10.79,-7.99,-4.39
23444.00,13.48,5.29,3.66,-3.47,-8.05,-5.66,-6.12,-0.74
23448.00,7.97,6.42,-2.84,-4.63,-8.35,-5.91,-3.45,-0.23
23452.00,8.67,1.70,-1.47,-8.94,-9.29,-6.85,-0.05,1.90
23456.00,1.95,-0.48,-2.59,-6.65,-6.08,-5.54,0.89,5.90
23460.00,1.54,-1.37,-8.16,-7.13,-4.98,-2.44,4.66,6.92
23464.00,-0.76,-4.33,-5.44,-6.73,-4.03,-0.28,7.13,6.99
23468.00,-1.38,-3.91,-5.73,-4.59,-1.93,5.34,5.90,6.67
23472.00,-5.06,-6.71,-4.99,-3.71,1.93,7.04,4.84,5.84
23476.00,-5.75,-5.29,-5.25,-0.86,1.46,7.97,5.26,5.98
23480.00,-2.94,-5.81,-0.22,1.03,7.31,5.34,4.71,4.11
23484.00,-2.70,-1.41,-1.61,0.83,7.02,6.89,3.52,-1.03
23488.00,-5.74,-1.72,1.99,3.18,5.79,4.70,1.27,-4.18
23492.00,-4.39,-0.74,5.22,3.67,5.47,3.28,-0.36,-6.40
23496.00,-0.15,-0.05,3.78,8.18,4.00,2.19,-5.54,-13.11
23500.00,0.13,4.61,4.48,3.86,1.88,0.44,-8.68,-12.97
23504.00,3.55,4.04,5.12,5.58,-0.48,-4.56,-9.62,-19.30
23508.00,2.84,5.02,3.57,1.11,-2.95,-10.04,-16.04,-21.09
23512.00,1.96,7.06,5.08,2.90,-4.20,-11.82,-16.14,-20.82
23516.00,7.29,3.69,3.96,1.16,-9.42,-12.86,-20.58,-22.05
23520.00,7.92,6.07,1.02,-6.43,-9.52,-18.86,-19.28,-21.17
23524.00,4.61,3.64,-1.25,-6.14,-13.78,-21.43,-20.86,-17.83
23528.00,4.81,0.85,-3.58,-9.78,-15.80,-20.45,-21.22,-13.85
23532.00,1.95,-1.46,-7.03,-12.50,-18.14,-22.78,-16.77,-13.76
23536.00,1.01,-5.79,-8.57,-17.47,-19.77,-18.73,-14.16,-8.45
23540.00,0.32,-7.85,-14.27,-17.75,-17.83,-16.68,-14.73,-5.05
23544.00,-4.85,-8.54,-17.41,-17.58,-19.96,-17.17,-7.58,3.78
23548.00,-7.29,-13.37,-19.37,-20.08,-19.04,-10.53,-3.59,4.31
23552.00,-7.38,-16.76,-17.68,-18.80,-16.45,-9.03,1.83,10.29
23556.00,-10.42,-15.21,-19.14,-16.34,-12.67,-4.70,7.11,16.63
23560.00,-12.68,-19.52,-19.73,-13.72,-7.58,1.65,9.60,20.74
23564.00,-17.19,-17.71,-14.68,-13.02,-6.40,4.04,16.81,19.87
23568.00,-18.65,-15.79,-12.97,-8.61,1.12,9.50,15.32,21.08
23572.00,-17.69,-18.81,-11.66,-5.09,5.63,12.68,18.98,22.73
23576.00,-16.12,-16.84,-9.59,-1.42,9.01,17.05,19.60,22.84
23580.00,-17.32,-11.42,-6.61,4.03,13.32,18.43,20.67,18.82
23584.00,-15.16,-9.22,1.00,6.93,14.57,18.11,18.56,17.54
23588.00,-9.99,-4.13,3.69,8.55,15.09,21.77,18.31,14.55
23592.00,-7.05,-1.81,4.27,15.93,17.63,20.39,15.44,7.14
23596.00,-3.25,2.78,8.89,15.79,18.86,17.38,14.86,4.04
23600.00,0.27,3.18,9.87,16.02,16.65,14.62,7.16,-1.50
23604.00,-1.01,8.41,14.81,16.85,16.69,10.86,2.33,-1.87
23608.00,7.00,9.19,16.37,16.95,15.14,7.42,1.71,-5.75
23612.00,9.90,11.62,14.71,14.73,12.06,5.53,-2.68,-12.52
23616.00,8.20,12.89,14.88,10.71,5.99,-1.73,-6.40,-12.70
23620.00,13.15,15.48,12.79,8.94,5.71,-5.54,-12.59,-14.28
23624.00,12.70,13.33,12.79,8.99,1.14,-4.46,-11.93,-15.20
23628.00,13.29,11.87,8.23,1.71,-1.12,-7.28,-13.16,-14.23
23632.00,11.34,12.37,7.92,0.35,-5.08,-10.85,-16.36,-12.68
23636.00,13.56,6.94,3.59,-5.12,-10.73,-13.84,-13.66,-13.99
23640.00,10.49,6.56,1.22,-5.82,-10.02,-14.52,-13.82,-8.95
23644.00,8.56,4.44,-2.05,-7.88,-14.31,-14.75,-13.47,-7.67
23648.00,7.20,-2.13,-3.61,-12.10,-14.50,-14.30,-11.38,-5.57
23652.00,2.97,-2.09,-7.00,-9.61,-14.04,-8.47,-6.95,-4.46
23656.00,-0.70,-6.57,-8.48,-12.18,-12.25,-9.58,-6.12,-1.22
23660.00,-3.76,-5.55,-10.76,-13.73,-7.44,-7.77,-2.41,-0.79
23664.00,-6.39,-9.21,-10.91,-9.67,-9.27,-3.02,-1.13,2.09
23668.00,-7.54,-11.73,-12.53,-10.55,-7.72,-1.48,-0.04,0.34
23672.00,-8.01,-9.02,-8.85,-7.15,-2.31,-0.94,3.57,1.11
23676.00,-8.47,-11.51,-9.76,-4.05,-2.06,-0.55,3.99,0.28
23680.00,-8.60,-10.16,-5.40,-5.08,0.83,0.49,1.36,-0.91
23684.00,-8.47,-6.49,-6.84,-1.11,1.53,4.31,1.31,-5.06
23688.00,-10.04,-4.50,-2.47,0.24,2.53,2.82,-1.87,-8.71
23692.00,-4.33,-4.83,0.89,-0.50,-0.06,0.94,-4.85,-13.79
23696.00,-4.71,-1.57,3.04,1.64,2.02,-2.01,-10.78,-15.45
23700.00,-1.10,1.65,0.41,1.58,-2.85,-5.48,-10.64,-17.68
23704.00,-0.02,1.82,2.09,3.60,-2.28,-10.05,-17.81,-22.81
23708.00,1.31,0.40,0.30,-1.41,-3.39,-13.63,-21.23,-24.19
23712.00,1.74,4.62,-0.86,-2.85,-7.86,-13.24,-23.68,-26.05
23716.00,-0.23,2.77,2.02,-3.02,-12.66,-16.19,-24.34,-23.93
23720.00,4.20,2.96,-3.20,-7.01,-15.17,-19.95,-24.67,-24.50
23724.00,4.31,1.49,-7.09,-13.18,-15.28,-22.93,-24.94,-21.90
23728.00,0.55,-2.26,-5.23,-12.07,-18.42,-21.61,-24.03,-19.13
23732.00,0.39,-3.52,-9.62,-18.32,-21.31,-24.22,-21.93,-15.58
23736.00,-4.10,-8.54,-13.91,-18.26,-22.87,-25.04,-21.00,-12.40
23740.00,-2.58,-9.25,-13.75,-21.65,-23.64,-20.59,-18.55,-7.08
23744.00,-4.38,-11.65,-15.96,-19.94,-21.90,-18.00,-9.71,-2.35
23748.00,-9.41,-15.64,-18.50,-23.47,-20.42,-13.93,-5.35,5.59
23752.00,-9.95,-18.56,-21.00,-22.78,-17.29,-12.32,-4.72,10.33
23756.00,-13.00,-20.22,-18.94,-21.18,-15.60,-5.11,3.63,12.13
23760.00,-14.08,-19.15,-18.69,-16.64,-11.12,-5.10,8.98,13.96
23764.00,-18.25,-19.60,-17.63,-15.47,-5.92,3.05,10.91,17.60
23768.00,-18.45,-19.86,-17.26,-9.81,-3.73,7.09,12.25,19.64
23772.00,-19.35,-19.25,-14.31,-8.38,-0.31,9.94,18.08,18.66
23776.00,-17.88,-17.63,-10.67,-1.81,7.44,12.10,18.59,18.76
23780.00,-17.67,-12.89,-8.27,-0.91,12.03,18.54,19.64,18.24
23784.00,-16.59,-8.70,-5.55,5.67,11.11,18.41,19.34,16.40
23788.00,-13.44,-9.07,0.96,10.15,16.23,17.28,16.38,11.97
23792.00,-8.04,-4.60,5.36,12.23,15.22,15.07,14.95,8.08
23796.00,-6.00,0.80,7.50,15.11,15.64,14.35,12.80,5.05
23800.00,-4.41,4.08,9.66,13.04,17.83,15.09,6.64,-1.80
23804.00,-0.27,5.47,11.35,13.45,14.08,10.38,5.29,-3.71
23808.00,4.39,10.27,14.01,14.05,11.66,7.31,-3.06,-10.70
23812.00,5.76,13.09,15.06,12.96,10.42,2.21,-7.33,-13.59
23816.00,9.75,11.81,12.20,11.28,6.76,0.19,-6.20,-16.30
23820.00,10.11,13.14,11.76,7.67,1.48,-6.23,-9.92,-18.07
23824.00,14.30,11.73,11.86,4.98,-1.99,-7.59,-15.15,-17.03
23828.00,11.11,11.03,8.06,3.21,-6.38,-10.66,-13.06,-15.95
23832.00,14.62,11.50,6.00,-0.66,-8.68,-12.68,-17.85,-16.36
23836.00,10.88,7.09,2.70,-4.15,-9.93,-14.77,-13.64,-14.07
23840.00,10.73,3.89,1.47,-5.25,-9.87,-13.45,-12.50,-8.94
23844.00,9.53,4.87,-3.13,-9.25,-10.90,-12.53,-11.43,-6.51
23848.00,4.04,-0.37,-5.51,-12.45,-15.13,-14.11,-10.42,-5.13
23852.00,2.39,-4.78,-9.80,-13.18,-10.03,-9.88,-8.59,-2.01
23856.00,-1.91,-3.82,-10.60,-13.98,-9.96,-10.67,-3.66,-0.66
23860.00,-0.34,-5.15,-8.13,-8.75,-11.69,-5.74,-0.34,3.03
23864.00,-4.22,-9.34,-8.75,-11.72,-7.67,-4.48,0.96,1.69
23868.00,-4.18,-11.22,-8.33,-7.85,-3.06,-3.67,0.50,1.38
23872.00,-9.25,-11.24,-6.44,-5.76,-1.77,-0.44,1.65,1.95
23876.00,-5.77,-11.26,-9.66,-5.65,0.53,-0.14,0.60,1.00
23880.00,-8.03,-6.45,-6.74,-0.11,2.44,4.27,0.90,-0.79
23884.00,-6.07,-3.94,-2.25,0.57,3.00,1.30,-1.26,-6.00
23888.00,-9.00,-3.39,-1.06,1.23,5.75,0.43,-3.62,-6.72
23892.00,-4.98,-0.98,-1.30,3.04,4.66,1.68,-6.58,-10.10
23896.00,-1.65,-0.89,1.43,2.42,3.40,0.58,-4.91,-14.16
23900.00,-2.60,1.61,3.23,4.58,-0.71,-5.63,-11.47,-15.32
23904.00,1.30,1.55,5.42,3.75,-2.68,-6.02,-15.96,-17.93
23908.00,0.10,5.90,2.44,0.34,-4.95,-10.15,-14.97,-23.60
23912.00,5.05,6.02,5.19,1.70,-7.08,-12.17,-18.27,-21.38
23916.00,3.90,4.47,2.10,-2.02,-7.04,-14.75,-22.87,-22.60
23920.00,2.93,3.30,-0.79,-4.47,-12.94,-18.56,-20.93,-22.88
23924.00,5.07,-0.50,-2.25,-9.91,-13.77,-18.73,-21.04,-18.86
23928.00,5.02,0.31,-2.82,-11.94,-18.57,-21.28,-23.55,-19.46
23932.00,2.53,-2.49,-10.18,-15.80,-18.72,-19.17,-17.32,-14.77
23936.00,0.54,-6.07,-9.83,-16.02,-19.09,-18.64,-18.84,-6.74
23940.00,-0.94,-7.04,-12.00,-16.26,-19.06,-16.51,-13.70,-2.52
23944.00,-2.10,-12.52,-17.37,-20.00,-18.24,-15.35,-7.63,1.96
23948.00,-4.42,-14.44,-16.57,-21.76,-18.45,-13.62,-2.35,6.86
23952.00,-9.49,-14.43,-17.11,-17.56,-15.66,-9.52,1.26,10.58
23956.00,-12.61,-18.00,-18.16,-19.69,-10.40,-2.59,5.90,14.42
23960.00,-15.71,-18.35,-17.30,-14.72,-8.20,-0.98,11.34,20.21
23964.00,-17.34,-19.27,-16.73,-9.62,-6.38,6.45,15.06,21.99
23968.00,-18.57,-17.63,-14.99,-5.95,2.95,11.65,18.91,26.23
23972.00,-15.07,-17.51,-9.87,-3.94,4.11,15.60,19.57,26.17
23976.00,-15.43,-15.00,-9.59,0.74,11.52,19.70,21.31,25.07
23980.00,-13.33,-11.09,-1.74,5.15,14.06,21.49,21.77,20.15
23984.00,-12.92,-5.78,-0.75,9.36,19.15,21.32,20.92,18.30
23988.00,-11.41,-1.96,3.97,13.01,16.89,22.84,20.92,16.02
23992.00,-8.03,2.02,8.76,14.59,22.70,22.21,16.83,13.62
23996.00,-5.88,3.20,10.11,15.44,21.44,22.47,16.80,5.74
24000.00,-0.03,8.26,14.86,18.29,22.80,15.87,13.93,4.73
24004.00,5.96,11.18,17.85,20.10,19.48,16.50,6.55,-0.80
24008.00,9.05,13.03,20.55,21.38,18.10,11.95,2.20,-3.77
24012.00,7.84,14.52,17.47,19.79,16.55,9.71,0.80,-7.15
24016.00,11.58,17.25,19.17,16.90,11.88,4.88,-5.83,-8.43
24020.00,13.75,16.18,18.72,11.48,7.82,-0.28,-4.75,-8.52
24024.00,17.59,15.08,17.99,10.76,1.91,-2.88,-6.56,-10.37
24028.00,15.27,15.66,14.66,7.04,0.95,-5.92,-10.07,-11.69
24032.00,13.64,12.45,8.57,5.15,-4.49,-6.68,-7.97,-10.48
24036.00,16.53,12.02,7.70,0.29,-7.12,-6.69,-9.75,-8.62
24040.00,14.56,7.52,1.94,-0.55,-8.16,-11.01,-8.75,-6.84
24044.00,12.91,7.31,1.35,-6.26,-8.68,-6.81,-8.42,-3.93
24048.00,7.58,6.69,-2.20,-7.54,-8.31,-8.82,-6.19,1.33
24052.00,5.71,1.20,-1.27,-8.17,-8.82,-7.32,-1.86,0.97
24056.00,2.14,-1.30,-3.70,-6.39,-8.11,-1.42,3.44,7.26
24060.00,2.32,-1.13,-4.59,-3.86,-5.61,1.62,3.13,6.18
24064.00,-0.71,-1.67,-6.74,-5.51,-3.69,4.25,5.84,7.92
24068.00,-1.73,-4.99,-3.60,-1.64,1.72,3.80,9.55,6.86
24072.00,-5.52,-4.34,-5.06,-2.73,1.03,6.64,6.35,10.43
24076.00,-3.54,-5.52,-4.77,0.11,5.05,9.04,8.26,5.58
24080.00,-5.87,-4.11,-0.70,1.06,4.41,8.08,6.55,5.89
24084.00,-3.37,-3.77,-0.96,2.55,8.87,8.61,6.48,0.17
24088.00,-5.03,0.60,4.80,8.94,9.50,6.88,6.39,0.58
24092.00,-1.45,1.53,6.07,8.37,7.05,7.01,1.27,-4.80
24096.00,2.38,5.81,9.16,9.01,8.22,6.62,-0.74,-7.50
24100.00,3.01,4.37,10.17,9.11,5.95,2.63,-5.43,-12.70
24104.00,3.35,7.85,6.15,7.58,4.21,-1.54,-6.86,-11.81
24108.00,4.30,8.54,7.05,4.35,4.07,-2.44,-10.64,-13.67
24112.00,4.40,7.38,8.74,4.10,-1.51,-5.09,-15.82,-19.42
24116.00,8.44,9.28,7.44,2.04,-6.28,-10.35,-17.43,-16.92
24120.00,9.96,5.81,4.68,0.07,-8.03,-13.10,-17.70,-14.44
24124.00,10.23,4.14,3.29,-2.87,-7.80,-12.87,-17.14,-14.39
24128.00,7.13,3.75,-1.58,-6.64,-13.48,-14.67,-15.14,-9.84
24132.00,4.38,2.35,-1.82,-9.84,-13.58,-15.31,-15.93,-9.36
24136.00,5.69,0.74,-6.63,-10.31,-14.14,-13.70,-10.32,-1.42
24140.00,3.47,-5.50,-8.58,-13.14,-15.35,-13.52,-7.39,3.29
24144.00,-0.01,-7.39,-12.66,-13.84,-13.85,-8.77,-2.37,8.08
24148.00,-4.45,-9.49,-13.32,-17.10,-15.41,-5.33,2.37,12.56
24152.00,-4.54,-9.58,-14.36,-13.71,-9.78,-2.69,5.28,18.18
24156.00,-9.04,-11.44,-15.57,-12.48,-5.46,2.85,13.63,20.53
24160.00,-10.52,-12.01,-15.05,-10.68,-3.69,5.52,16.40,25.13
24164.00,-11.83,-11.16,-13.83,-9.10,2.18,10.43,18.38,28.37
24168.00,-12.72,-13.88,-11.65,-3.57,6.15,12.88,25.03,30.45
24172.00,-13.15,-12.98,-6.38,1.97,12.43,18.50,26.75,29.04
24176.00,-14.15,-11.42,-2.27,3.27,12.23,21.61,28.46,29.64
24180.00,-11.49,-7.61,1.33,10.55,18.43,27.49,28.38,28.68
24184.00,-9.64,-2.70,3.33,12.48,19.06,27.98,26.33,22.66
24188.00,-7.38,-1.30,5.99,18.75,24.39,25.71,28.53,20.63
24192.00,-3.00,5.99,14.27,19.72,25.76,24.76,22.69,19.41
24196.00,1.83,6.11,17.03,22.68,25.07,23.54,19.39,12.78
24200.00,5.55,8.99,16.03,23.99,23.39,21.66,16.28,6.32
24204.00,6.78,15.70,22.74,22.01,23.50,18.98,13.52,5.65
24208.00,8.30,17.85,24.03,21.08,19.60,16.95,6.81,0.33
24212.00,11.83,16.93,20.27,23.32,19.66,11.36,3.68,-2.21
24216.00,15.29,18.83,23.13,19.42,13.44,9.38,1.87,-4.51
24220.00,16.34,21.25,21.24,17.82,12.45,2.79,-4.27,-6.13
24224.00,19.81,20.38,18.42,14.12,6.56,1.78,-2.05,-7.85
24228.00,20.91,21.79,15.65,8.87,5.02,-1.04,-4.89,-7.78
24232.00,21.04,17.05,12.36,9.94,1.29,-4.59,-6.97,-7.28
24236.00,15.51,14.25,11.77,6.69,-0.25,-6.90,-4.51,-1.36
24240.00,17.63,12.46,5.49,3.51,-3.91,-5.57,-5.05,-0.04
24244.00,12.17,11.60,3.89,0.22,-5.15,-7.22,-4.75,0.88
24248.00,10.35,8.19,2.77,-0.24,-2.36,-4.77,-0.82,3.31
24252.00,11.10,3.17,0.08,-5.04,-2.98,-3.53,1.07,5.52
24256.00,4.89,0.53,-1.25,-5.87,-3.48,0.99,2.49,10.28
24260.00,3.38,-2.00,-4.67,-2.43,-3.38,2.46,9.33,12.57
24264.00,1.24,-3.62,-2.76,-2.71,-0.05,5.16,7.41,12.33
24268.00,-0.64,-2.71,-4.38,-2.44,1.56,6.27,10.64,10.24
24272.00,-2.42,-3.00,-3.99,3.10,5.95,8.93,8.95,13.35
24276.00,-2.95,-4.17,0.62,2.03,6.71,8.78,12.99,6.85
24280.00,-0.50,-0.64,-1.34,2.52,9.08,11.99,9.40,8.64
24284.00,-3.99,1.58,4.82,7.35,9.23,12.91,7.79,3.86
24288.00,-0.32,2.07,4.51,6.67,11.90,10.77,7.61,0.96
24292.00,2.10,2.48,4.42,9.09,11.51,10.35,2.83,-2.99
24296.00,1.54,6.56,6.32,8.56,8.46,7.25,-1.65,-7.03
24300.00,3.48,7.49,10.44,11.12,9.34,3.41,-1.13,-8.18
24304.00,7.43,7.45,9.36,10.05,6.74,-1.03,-5.95,-11.91
24308.00,7.20,7.57,10.28,6.52,2.77,-1.28,-8.52,-12.68
24312.00,7.97,7.25,9.06,4.97,-0.02,-4.68,-11.06,-15.30
24316.00,8.46,8.05,6.94,0.63,-3.80,-10.48,-14.51,-13.98
24320.00,10.12,10.57,6.50,1.30,-6.89,-9.69,-13.33,-15.90
24324.00,7.85,7.99,1.51,-0.72,-11.42,-13.92,-17.66,-11.75
24328.00,9.26,6.54,-1.69,-4.64,-13.01,-15.94,-13.10,-12.37
24332.00,7.67,1.86,-1.64,-8.53,-12.00,-17.02,-15.18,-9.19
24336.00,4.84,1.03,-3.62,-11.05,-16.13,-15.01,-9.47,-0.97
24340.00,1.37,-4.46,-8.22,-14.05,-13.71,-12.06,-8.27,0.02
24344.00,0.59,-6.56,-11.20,-12.97,-16.60,-11.68,-1.74,9.68
24348.00,-4.60,-9.16,-10.98,-13.43,-10.98,-5.20,1.61,12.52
24352.00,-4.56,-12.12,-11.73,-13.20,-11.80,-4.23,4.58,17.99
24356.00,-10.04,-13.74,-11.91,-11.71,-9.84,1.23,11.43,19.61
24360.00,-8.83,-12.89,-15.56,-12.00,-2.84,7.08,16.82,26.94
24364.00,-10.90,-11.40,-13.24,-5.54,-1.12,11.38,18.38,28.56
24368.00,-12.50,-15.70,-10.48,-3.36,7.39,15.22,25.44,28.21
24372.00,-11.43,-14.35,-5.95,-2.39,7.59,19.83,26.35,30.05
24376.00,-12.24,-10.13,-3.37,3.48,11.82,21.65,27.15,26.80
24380.00,-13.22,-8.16,1.84,6.20,15.67,26.12,26.15,26.48
24384.00,-12.36,-3.04,1.07,14.16,18.36,23.49,25.32,23.34
24388.00,-7.09,-1.80,7.76,14.33,20.03,26.03,25.12,20.37
24392.00,-5.77,3.58,10.89,20.33,22.73,27.10,21.80,14.49
24396.00,-0.60,5.28,14.95,18.17,25.35,20.95,20.59,10.46
24400.00,1.84,9.92,18.75,20.44,24.87,19.83,15.44,8.45
24404.00,4.74,15.01,20.37,21.76,20.37,16.31,13.04,0.29
24408.00,8.79,15.73,20.12,23.54,18.45,11.58,6.26,-1.83
24412.00,13.15,19.73,21.40,18.70,18.15,9.94,3.08,-4.73
24416.00,13.19,16.62,22.41,16.80,13.12,6.31,-1.07,-9.32
24420.00,15.93,18.37,19.40,13.47,7.44,2.62,-6.23,-9.51
24424.00,14.86,16.48,15.50,12.02,3.17,0.54,-4.38,-8.34
24428.00,15.64,19.06,14.00,8.90,1.54,-1.72,-8.53,-8.59
24432.00,17.01,14.27,9.72,6.39,-0.10,-5.10,-9.80,-9.07
24436.00,15.00,14.31,6.99,1.11,-1.41,-5.25,-7.83,-6.36
24440.00,16.61,8.06,2.90,0.90,-4.19,-7.25,-6.19,-4.55
24444.00,11.18,8.71,3.41,-2.18,-8.77,-9.46,-3.84,-1.64
24448.00,8.62,3.68,-0.33,-4.39,-10.03,-5.21,-2.11,-0.75
24452.00,7.64,3.25,-1.61,-8.36,-6.84,-3.23,-0.82,3.50
24456.00,1.90,1.35,-4.28,-6.50,-4.64,-3.02,-1.38,7.10
24460.00,0.10,-2.53,-3.94,-4.75,-4.39,-2.55,1.84,6.17
24464.00,0.23,-6.19,-6.33,-5.34,-4.21,-1.44,6.02,8.65
24468.00,-5.11,-4.03,-5.27,-2.07,0.58,2.69,8.81,8.70
24472.00,-3.73,-7.53,-7.42,-2.19,1.72,2.57,7.10,8.58
24476.00,-6.50,-7.02,-2.22,-2.26,3.77,4.71,8.06,3.21
24480.00,-5.73,-6.19,-4.22,-0.37,5.75,8.70,5.66,1.55
24484.00,-7.35,-1.55,-0.43,5.13,6.77,8.23,6.57,-2.16
24488.00,-2.59,-3.34,1.48,4.41,6.02,6.41,-0.01,-1.72
24492.00,-3.94,1.35,4.38,7.61,7.59,4.19,0.07,-9.99
24496.00,-1.48,3.17,2.51,3.76,4.49,0.14,-1.59,-12.36
24500.00,-0.76,1.16,5.59,7.30,3.44,-2.53,-7.97,-14.94
24504.00,0.70,3.17,6.85,7.43,3.25,-4.91,-12.93,-17.35
24508.00,2.37,3.49,5.29,4.35,-2.55,-5.49,-12.29,-21.28
24512.00,5.53,4.76,6.07,1.95,-2.32,-9.32,-16.17,-19.70
24516.00,4.54,4.50,4.92,-0.67,-8.15,-12.24,-17.34,-22.53
24520.00,6.12,2.51,1.89,-6.50,-11.30,-18.20,-22.44,-22.90
24524.00,3.61,3.53,-0.70,-7.71,-15.77,-21.06,-18.96,-19.98
24528.00,2.85,2.61,-3.14,-8.46,-14.39,-17.98,-22.77,-16.24
24532.00,0.42,-0.16,-5.58,-13.82,-16.03,-19.10,-16.75,-13.04
24536.00,2.85,-2.87,-9.88,-18.10,-22.02,-20.66,-18.40,-10.55
24540.00,0.68,-7.03,-15.19,-20.19,-19.90,-19.96,-12.70,-3.73
24544.00,-3.05,-8.17,-14.20,-17.94,-17.54,-16.38,-9.17,-0.28
24548.00,-5.70,-13.44,-16.29,-20.59,-20.14,-11.68,-3.64,6.06
24552.00,-9.45,-12.42,-20.74,-19.40,-16.34,-9.83,0.88,13.05
24556.00,-11.27,-15.43,-17.97,-18.11,-12.61,-6.24,7.39,17.72
24560.00,-12.06,-18.77,-19.51,-16.45,-10.63,0.91,9.83,17.07
24564.00,-15.20,-17.50,-17.39,-14.12,-5.12,2.52,14.60,20.51
24568.00,-15.67,-16.04,-15.68,-6.90,2.10,8.89,20.02,20.90
24572.00,-18.89,-16.70,-9.95,-6.94,6.03,13.19,18.20,22.14
24576.00,-14.70,-15.72,-10.45,-1.58,7.10,17.31,20.36,21.47
24580.00,-18.11,-9.54,-4.60,3.19,12.17,16.23,20.06,17.83
24584.00,-16.24,-8.15,0.92,6.64,16.08,21.64,20.66,19.63
24588.00,-10.20,-5.66,0.93,10.23,19.43,22.58,18.70,14.58
24592.00,-8.22,-1.65,8.00,11.97,20.21,18.83,18.17,9.35
24596.00,-7.89,1.06,10.21,15.39,20.92,17.27,13.77,4.43
24600.00,-0.90,3.20,14.46,16.63,18.16,13.39,9.25,-1.64
24604.00,2.86,9.50,14.28,17.47,18.27,13.82,3.27,-3.99
24608.00,4.36,10.09,14.98,17.40,13.29,6.12,0.27,-9.16
24612.00,9.61,15.35,14.56,13.58,9.83,6.12,-3.66,-10.37
24616.00,7.92,14.19,17.71,14.16,5.66,1.79,-6.36,-15.80
24620.00,9.77,12.04,13.53,9.36,5.19,-2.96,-10.16,-13.99
24624.00,10.91,12.75,14.51,7.15,2.19,-7.68,-13.61,-15.75
24628.00,15.64,13.21,9.81,5.67,-2.30,-7.28,-11.84,-14.46
24632.00,13.70,13.59,6.20,1.78,-7.63,-11.39,-15.56,-16.18
24636.00,10.80,9.92,4.68,-4.42,-11.12,-11.50,-13.84,-13.80
24640.00,11.73,5.67,-2.18,-3.53,-13.09,-15.50,-15.28,-12.05
24644.00,6.64,1.73,-0.55,-7.24,-14.45,-11.82,-14.14,-9.68
24648.00,4.53,1.58,-5.20,-11.25,-14.52,-13.57,-8.98,-4.43
24652.00,2.47,-3.15,-8.32,-11.53,-14.54,-11.99,-9.22,-4.27
24656.00,-0.38,-3.96,-10.13,-9.61,-13.92,-9.67,-2.80,-2.54
24660.00,-4.60,-6.05,-11.88,-9.64,-7.97,-4.04,-0.92,-1.34
24664.00,-3.43,-10.63,-8.47,-10.82,-8.40,-4.88,-0.32,0.87
24668.00,-6.58,-8.71,-11.29,-7.47,-4.72,-4.38,2.81,3.61
24672.00,-8.73,-7.81,-8.18,-6.14,-2.31,-1.16,2.14,3.45
24676.00,-10.23,-7.33,-6.96,-5.67,-1.97,1.75,2.39,-0.28
24680.00,-10.10,-9.20,-4.13,-5.47,2.25,3.42,0.46,-3.08
24684.00,-10.44,-9.62,-4.85,0.81,3.40,-0.42,0.63,-3.60
24688.00,-8.30,-5.21,-0.93,2.00,1.20,3.20,-3.82,-6.91
24692.00,-6.51,-2.20,-1.63,3.82,3.93,-0.39,-4.82,-10.82
24696.00,-6.25,-0.50,1.41,2.23,2.19,-1.33,-9.49,-17.61
24700.00,-5.59,1.56,1.48,4.29,-2.77,-6.56,-10.39,-20.64
24704.00,-0.62,2.49,3.37,2.57,-4.50,-10.22,-14.91,-24.54
24708.00,-2.43,2.90,0.89,1.23,-5.51,-11.91,-17.02,-25.65
24712.00,1.09,-0.04,1.43,-2.69,-7.64,-14.53,-23.36,-26.34
24716.00,1.74,2.43,-1.30,-4.03,-10.90,-17.11,-25.64,-26.98
24720.00,4.87,3.39,-2.19,-8.39,-12.53,-19.60,-25.41,-24.51
24724.00,2.09,-0.21,-5.13,-12.65,-19.81,-22.53,-26.87,-25.23
24728.00,2.39,-3.65,-9.01,-16.21,-20.25,-24.79,-25.44,-21.40
24732.00,-1.35,-5.69,-10.99,-14.67,-21.66,-23.26,-22.43,-15.55
24736.00,-0.12,-4.78,-15.71,-21.64,-24.18,-21.66,-20.90,-13.21
24740.00,-4.10,-7.61,-18.05,-21.26,-22.38,-20.13,-14.26,-9.69
24744.00,-7.82,-12.16,-16.75,-22.85,-24.61,-20.77,-12.97,-0.14
24748.00,-11.06,-16.02,-21.94,-23.23,-22.33,-17.60,-9.66,2.69
24752.00,-14.00,-18.79,-19.04,-23.49,-19.52,-10.83,0.01,9.80
24756.00,-12.37,-17.59,-19.94,-19.87,-16.01,-8.83,2.33,13.42
24760.00,-16.10,-19.83,-22.60,-18.07,-13.57,-4.96,9.23,17.37
24764.00,-20.39,-18.60,-17.16,-17.15,-6.56,2.47,10.46,20.79
24768.00,-17.05,-18.23,-14.88,-13.07,-3.71,4.50,13.96,21.69
24772.00,-19.42,-16.59,-14.77,-7.48,3.11,9.99,16.37,21.85
24776.00,-20.89,-17.50,-11.32,-1.17,5.16,12.76,20.52,18.00
24780.00,-19.80,-16.22,-7.18,2.87,9.66,16.36,16.80,17.56
24784.00,-13.35,-10.74,-1.30,6.15,10.65,15.53,18.32,15.68
24788.00,-14.91,-7.38,-1.64,8.98,14.79,15.49,17.49,11.81
24792.00,-8.10,-4.72,3.66,10.64,15.97,16.93,15.27,8.65
24796.00,-8.51,2.90,10.24,16.02,18.51,18.29,12.89,0.64
24800.00,-4.27,1.79,13.08,15.18,18.74,12.22,7.06,-0.34
24804.00,-1.19,5.04,10.56,16.68,17.31,11.93,2.50,-6.89
24808.00,5.60,8.92,16.74,16.52,11.43,8.67,0.38,-6.90
24812.00,7.93,11.55,13.92,13.48,10.07,5.02,-7.34,-11.49
24816.00,10.78,15.05,13.50,14.54,6.86,0.60,-11.02,-16.05
24820.00,8.60,14.86,12.50,8.03,3.70,-3.84,-10.19,-15.56
24824.00,9.65,15.49,9.21,6.71,-0.81,-9.53,-13.31,-15.53
24828.00,12.16,12.75,8.31,1.54,-5.20,-12.43,-13.25,-15.47
24832.00,14.32,9.76,7.16,1.08,-6.82,-14.57,-13.05,-15.78
24836.00,12.89,7.45,2.99,-5.37,-7.46,-12.29,-16.04,-15.54
24840.00,12.10,4.36,-1.60,-8.70,-9.56,-12.59,-11.42,-9.52
24844.00,9.84,2.08,-2.02,-6.58,-13.19,-11.93,-9.66,-6.74
24848.00,7.34,2.40,-4.01,-11.95,-11.49,-11.44,-8.53,-3.89
24852.00,1.92,-1.35,-8.93,-11.82,-13.56,-10.13,-7.17,-3.78
24856.00,2.63,-5.42,-10.52,-12.00,-9.34,-7.26,-5.01,1.13
24860.00,-2.23,-9.20,-8.06,-11.88,-9.75,-8.25,-2.73,2.12
24864.00,-4.10,-7.91,-12.50,-8.95,-6.84,-1.44,0.48,3.91
24868.00,-7.18,-8.26,-9.42,-9.62,-4.25,0.46,4.00,1.84
24872.00,-6.69,-7.06,-9.41,-4.27,-1.83,1.67,0.68,3.72
24876.00,-10.04,-7.70,-9.91,-4.01,-1.34,0.25,1.40,2.10
24880.00,-6.51,-8.95,-3.47,-3.26,0.71,1.42,0.21,-2.28
24884.00,-9.91,-6.05,-1.90,1.45,4.28,5.10,-0.90,-4.92
24888.00,-4.81,-5.92,-2.93,2.35,5.44,0.66,0.14,-8.88
24892.00,-5.50,-1.96,2.70,3.68,1.64,3.38,-4.27,-10.06
24896.00,-2.52,-2.77,-0.17,2.79,4.97,-3.19,-5.72,-15.36
24900.00,-2.47,-1.33,3.94,3.36,-0.00,-1.45,-10.19,-17.86
24904.00,-0.80,0.19,3.12,2.82,-2.55,-5.52,-13.65,-21.17
24908.00,1.53,1.60,2.59,2.22,-3.02,-10.49,-17.75,-20.44
24912.00,4.07,4.83,3.62,-2.44,-4.71,-14.09,-20.95,-23.58
24916.00,4.10,2.31,2.00,-1.15,-10.45,-14.08,-19.36,-21.16
24920.00,3.04,4.98,-1.95,-6.39,-11.53,-18.63,-21.06,-23.79
24924.00,2.90,-0.49,-2.60,-10.69,-13.45,-18.97,-24.83,-20.26
24928.00,1.75,0.83,-4.29,-9.52,-19.68,-23.40,-22.20,-15.19
24932.00,1.80,-1.84,-8.47,-14.19,-20.69,-23.93,-19.70,-12.00
24936.00,-1.43,-3.51,-12.64,-18.27,-19.80,-19.73,-18.19,-9.23
24940.00,-0.98,-7.93,-12.51,-20.72,-20.27,-20.02,-14.47,-2.01
24944.00,-1.72,-7.79,-15.62,-19.29,-21.30,-16.45,-7.23,1.18
24948.00,-8.59,-11.14,-15.61,-18.78,-18.87,-14.08,-2.44,7.97
24952.00,-8.29,-13.13,-20.56,-18.38,-16.52,-10.31,0.38,11.81
24956.00,-9.84,-17.42,-16.17,-16.06,-12.86,-2.73,8.17,17.00
24960.00,-13.44,-16.92,-16.25,-16.05,-9.39,-0.22,13.16,19.41
24964.00,-14.27,-15.17,-16.87,-13.97,-5.07,7.96,14.72,21.41
24968.00,-14.08,-17.63,-14.74,-7.16,0.87,11.07,16.53,22.19
24972.00,-14.35,-15.42,-12.04,-4.70,4.15,16.76,21.31,24.53
24976.00,-17.05,-15.77,-6.24,1.40,11.28,17.90,21.18,26.03
24980.00,-16.99,-9.29,-1.69,4.30,12.41,22.41,22.05,23.17
24984.00,-12.09,-9.36,1.09,11.29,14.61,20.08,20.68,20.43
24988.00,-10.96,-3.17,5.22,11.88,17.65,23.50,22.39,16.31
24992.00,-8.29,0.05,9.35,13.19,20.35,19.33,18.24,10.93
24996.00,-5.73,3.63,13.17,16.87,21.29,18.97,14.67,5.61
25000.00,-1.62,6.39,14.75,21.25,19.67,19.70,13.80,2.65
25004.00,2.95,10.58,17.95,17.96,19.16,15.11,7.43,-1.78
25008.00,6.60,11.41,17.01,19.94,16.81,12.37,4.26,-3.79
25012.00,8.40,13.30,20.99,19.64,15.22,7.17,2.15,-4.91
25016.00,12.34,14.71,17.20,16.40,13.01,2.40,-1.81,-8.27
25020.00,14.33,17.53,18.95,12.95,6.03,-1.06,-5.94,-9.73
25024.00,18.15,15.92,17.61,10.76,2.41,-5.07,-9.07,-13.10
25028.00,14.53,18.38,12.72,7.75,-1.52,-7.38,-10.94,-12.36
25032.00,14.48,14.79,11.71,2.23,-3.13,-6.46,-11.62,-9.48
25036.00,13.16,14.39,5.20,0.33,-2.85,-8.50,-11.97,-6.61
25040.00,11.27,7.93,2.29,0.55,-6.43,-11.33,-7.44,-7.00
25044.00,11.47,8.92,2.45,-2.43,-8.79,-6.71,-6.22,-0.91
25048.00,9.49,3.49,-2.99,-3.11,-8.88,-8.98,-1.91,0.68
25052.00,9.04,0.35,-5.54,-8.48,-8.72,-7.64,-3.36,0.95
25056.00,2.57,-0.79,-2.65,-8.56,-7.33,-4.89,1.68,7.64
25060.00,0.85,-4.10,-5.87,-7.04,-2.40,1.42,2.80,5.19
25064.00,1.89,-5.34,-7.02,-4.35,-4.52,2.41,3.39,9.77
25068.00,-2.55,-3.42,-4.03,-4.24,-2.13,4.88,9.54,9.57
25072.00,-4.46,-6.01,-2.85,-2.50,1.70,5.98,8.87,6.38
25076.00,-3.96,-4.69,-4.18,0.29,3.41,8.86,7.57,4.37
25080.00,-4.05,-4.29,-2.38,2.29,6.97,8.70,7.78,3.08
25084.00,-1.66,-0.60,1.81,6.73,8.38,11.03,4.93,3.66
25088.00,-2.11,-2.66,3.91,7.57,7.13,8.26,5.38,-0.83
25092.00,-1.90,1.65,7.49,9.69,10.11,6.46,2.73,-6.56
25096.00,1.49,1.33,8.46,8.60,7.96,2.51,-1.28,-6.43
25100.00,2.73,5.24,9.09,10.17,4.78,-0.38,-3.01,-12.94
25104.00,3.32,4.80,10.31,5.52,5.92,0.87,-6.97,-15.71
25108.00,3.97,6.72,6.82,5.08,3.66,-4.65,-11.59,-16.28
25112.00,8.37,9.34,7.18,2.49,-0.21,-6.33,-15.95,-18.98
25116.00,9.00,8.49,6.96,2.37,-5.55,-11.81,-13.77,-18.08
25120.00,8.46,8.72,2.41,0.74,-4.82,-12.32,-14.21,-17.74
25124.00,8.39,3.96,0.45,-4.73,-7.71,-15.49,-15.69,-13.62
25128.00,7.79,5.97,-1.55,-8.73,-14.48,-16.13,-16.19,-13.06
25132.00,5.81,0.67,-1.23,-7.48,-11.91,-13.89,-13.80,-5.34
25136.00,6.48,-2.45,-7.46,-12.90,-16.37,-12.84,-13.09,-4.77
25140.00,3.07,-3.61,-8.68,-15.47,-13.73,-15.20,-7.46,3.31
25144.00,1.71,-4.36,-11.17,-15.09,-13.12,-10.19,-3.71,4.94
25148.00,-3.54,-8.44,-12.55,-13.59,-13.28,-9.53,-0.19,14.50
25152.00,-6.79,-9.37,-12.11,-14.18,-10.82,-1.32,7.44,16.61
25156.00,-9.47,-14.11,-15.34,-12.88,-5.30,3.48,12.03,22.71
25160.00,-10.90,-11.40,-11.56,-8.77,-3.27,4.55,16.99,23.74
25164.00,-12.83,-14.72,-13.66,-9.13,-1.37,8.79,20.77,29.21
25168.00,-11.29,-10.34,-8.59,-1.37,4.70,16.18,22.81,27.95
25172.00,-13.53,-10.75,-6.40,0.70,11.25,21.63,25.39,32.24
25176.00,-11.26,-7.41,-5.06,6.54,13.82,20.23,29.83,30.51
25180.00,-12.79,-6.41,2.03,9.37,19.72,26.36,26.76,29.70
25184.00,-11.46,-1.21,4.73,13.38,21.33,26.65,29.69,25.76
25188.00,-6.33,-2.38,7.47,15.74,25.94,28.40,26.41,22.58
25192.00,-3.97,3.88,13.82,20.72,27.01,27.13,21.39,18.44
25196.00,-0.43,6.43,14.49,20.88,26.16,25.13,19.97,10.55
25200.00,1.22,12.80,20.49,23.14,24.11,22.18,17.13,7.25
25204.00,4.58,12.22,22.67,23.88,21.53,20.36,13.62,6.72
25208.00,12.45,15.71,20.77,22.05,23.37,14.85,9.19,0.38
25212.00,12.58,16.81,20.64,22.19,19.72,9.79,4.63,-4.86
25216.00,13.80,20.75,20.32,21.54,14.73,9.63,0.76,-6.83
25220.00,17.52,22.52,22.23,16.07,11.07,4.44,-2.89,-6.83
25224.00,17.08,18.04,19.06,12.24,5.48,2.13,-4.71,-6.37
25228.00,21.03,20.24,17.18,12.30,3.64,0.04,-7.35,-4.85
25232.00,16.85,17.06,12.74,6.04,2.26,-2.27,-6.74,-4.92
25236.00,16.50,16.44,9.74,4.29,-2.21,-2.72,-7.02,-4.60
25240.00,18.25,11.27,8.45,1.88,-3.69,-3.42,-2.43,0.51
25244.00,11.75,10.34,3.71,-0.27,-4.27,-2.61,-2.78,1.53
25248.00,12.35,6.37,1.42,-1.17,-2.33,-5.73,1.68,1.68
25252.00,11.16,4.24,-1.30,-2.25,-4.76,-1.77,4.04,4.47
25256.00,8.77,3.99,-3.97,-2.24,-2.30,-2.02,5.51,11.23
25260.00,1.82,-1.48,-1.89,-1.34,-0.82,1.73,6.86,9.48
25264.00,0.04,-0.99,-1.34,-3.35,1.38,2.25,10.61,12.36
25268.00,-1.96,-1.06,-4.83,1.36,0.12,6.01,12.11,9.93
25272.00,-3.50,-3.57,-0.59,2.34,4.53,10.88,11.39,11.66
25276.00,-1.79,-3.51,-2.63,5.17,7.75,12.44,10.35,9.56
25280.00,-1.00,-2.41,-0.43,3.23,6.44,11.73,9.72,9.52
25284.00,-3.72,-0.17,2.51,4.61,10.02,11.53,7.91,3.48
25288.00,0.47,2.15,7.26,8.01,12.50,8.79,8.66,1.31
25292.00,-0.31,5.05,5.65,8.10,12.34,7.37,2.52,-4.50
25296.00,3.04,5.44,6.63,8.51,8.47,4.44,2.70,-5.89
25300.00,5.58,4.48,9.72,9.54,8.98,1.60,-3.61,-8.91
25304.00,6.74,9.55,10.18,8.95,4.86,0.07,-4.75,-12.75
25308.00,7.32,11.34,8.01,9.35,1.73,-0.63,-9.36,-15.61
25312.00,8.44,10.90,8.73,6.82,1.45,-7.64,-12.39,-17.10
25316.00,10.81,7.52,9.31,3.26,-5.18,-11.65,-15.97,-18.13
25320.00,8.25,7.45,4.00,0.79,-4.30,-9.49,-16.59,-16.79
25324.00,9.69,8.22,0.89,-4.70,-10.99,-15.75,-14.96,-15.36
25328.00,5.97,7.08,1.38,-7.93,-9.26,-15.04,-13.86,-10.87
25332.00,8.93,1.93,-5.10,-10.84,-12.70,-14.97,-15.68,-5.48
25336.00,6.02,-2.13,-4.72,-12.21,-14.50,-16.55,-12.06,-1.46
25340.00,2.46,-1.31,-8.10,-12.70,-14.32,-12.45,-5.52,2.35
25344.00,-0.61,-4.40,-10.32,-14.17,-16.01,-10.61,-3.62,7.78
25348.00,-3.09,-7.93,-10.66,-15.55,-15.05,-9.29,-0.65,13.14
25352.00,-7.89,-10.70,-13.32,-12.31,-13.07,-2.12,5.87,17.40
25356.00,-8.20,-10.00,-13.04,-13.48,-8.16,2.70,11.84,23.31
25360.00,-10.61,-14.33,-13.74,-10.23,-5.69,4.21,17.71,26.11
25364.00,-13.86,-14.68,-9.97,-9.28,2.49,10.65,22.00,25.40
25368.00,-10.82,-14.83,-9.90,-4.02,2.93,12.29,24.29,30.24
25372.00,-15.40,-13.38,-6.10,1.63,8.08,18.03,23.78,28.53
25376.00,-12.19,-8.75,-3.09,1.93,12.00,19.30,25.36,28.86
25380.00,-10.85,-5.31,-2.91,9.89,19.41,23.13,28.12,24.29
25384.00,-7.50,-4.26,3.35,13.89,20.94,24.17,26.90,24.30
25388.00,-6.96,-0.50,5.37,14.24,23.08,25.73,25.64,22.25
25392.00,-3.49,3.09,11.14,17.90,24.65,26.30,19.67,17.96
25396.00,-0.87,6.48,15.73,18.28,22.27,22.38,19.20,9.48
25400.00,-0.41,9.65,17.94,24.11,22.44,21.22,17.21,6.51
25404.00,4.51,14.83,19.28,22.88,19.88,15.20,9.98,2.21
25408.00,8.27,13.02,22.24,22.99,20.43,12.68,4.45,-0.88
25412.00,10.16,15.62,18.81,20.71,16.38,11.84,0.59,-3.37
25416.00,12.11,17.66,18.78,17.56,14.82,5.47,-1.38,-8.70
25420.00,16.28,18.49,17.39,16.24,10.99,0.30,-4.52,-10.61
25424.00,15.84,19.25,18.27,14.14,4.23,-1.15,-8.76,-11.66
25428.00,18.64,16.54,14.55,8.77,-0.49,-1.99,-9.04,-8.93
25432.00,15.32,16.29,10.68,4.97,-2.46,-4.86,-11.35,-9.30
25436.00,13.40,12.13,9.11,1.89,-1.56,-5.34,-8.09,-9.01
25440.00,15.87,7.86,5.98,-1.93,-5.51,-7.79,-7.57,-5.54
25444.00,11.97,9.70,1.78,-3.64,-8.65,-8.66,-4.50,-3.83
25448.00,11.30,3.80,-0.52,-3.15,-6.76,-5.97,-1.71,-1.89
25452.00,8.49,1.41,-4.52,-4.92,-6.43,-8.03,-0.96,1.70
25456.00,4.49,0.42,-5.01,-7.47,-7.52,-1.74,0.96,5.69
25460.00,2.82,-5.45,-5.48,-7.64,-3.90,-2.71,1.40,6.45
25464.00,-3.30,-6.52,-6.80,-6.25,-3.32,3.43,5.78,7.97
25468.00,-2.73,-4.86,-4.99,-6.68,-3.03,4.07,5.66,8.66
25472.00,-3.50,-5.56,-3.05,-4.10,1.54,3.24,8.29,8.60
25476.00,-7.10,-4.33,-5.07,-3.09,3.77,8.22,8.95,5.16
25480.00,-5.08,-5.62,-0.69,3.42,3.33,6.08,4.06,1.11
25484.00,-4.58,-4.51,0.99,3.69,4.87,7.48,2.16,-2.23
25488.00,-2.85,-0.99,-0.64,4.58,7.25,5.34,1.23,-2.24
25492.00,-3.37,0.54,2.13,4.23,4.94,5.82,-2.78,-6.50
25496.00,-3.51,2.95,6.47,7.71,4.24,1.12,-2.92,-8.85
25500.00,0.51,2.22,4.49,4.96,5.92,0.32,-9.92,-13.44
25504.00,0.48,5.53,5.58,4.09,-0.61,-6.48,-12.30,-18.80
25508.00,1.52,4.44,6.46,1.58,-1.89,-8.94,-13.86,-18.38
25512.00,4.99,6.47,2.93,0.44,-2.86,-10.75,-18.85,-19.15
25516.00,3.81,4.73,3.31,0.33,-5.09,-11.96,-20.40,-20.13
25520.00,7.45,6.39,-0.84,-1.96,-10.00,-17.55,-19.75,-20.94
25524.00,3.92,0.66,-2.61,-8.73,-14.92,-19.81,-20.27,-19.79
25528.00,5.34,2.90,-6.49,-9.15,-16.79,-20.25,-22.53,-16.66
25532.00,4.68,-3.21,-5.25,-11.06,-19.04,-18.39,-16.79,-13.69
25536.00,-0.97,-3.84,-10.31,-15.72,-21.09,-21.69,-18.41,-9.66
25540.00,-0.56,-6.53,-11.97,-17.36,-20.83,-16.86,-13.90,-2.37
25544.00,-4.13,-11.54,-15.75,-20.32,-19.54,-17.17,-8.57,1.74
25548.00,-6.85,-12.15,-19.68,-19.36,-20.28,-12.67,-4.27,6.99
25552.00,-8.25,-15.80,-15.92,-18.49,-17.68,-8.28,1.14,12.69
25556.00,-10.60,-17.52,-20.00,-17.49,-13.99,-4.61,4.66,16.83
25560.00,-14.59,-20.00,-18.93,-17.77,-8.94,-0.08,11.44,18.18
25564.00,-17.33,-18.97,-14.90,-11.86,-6.99,2.78,14.83,19.37
25568.00,-17.01,-19.00,-12.65,-8.87,-1.62,11.17,15.73,21.69
25572.00,-15.17,-17.79,-14.56,-6.40,6.21,11.28,21.47,23.68
25576.00,-17.55,-12.07,-6.40,-2.91,10.28,15.73,20.77,22.52
25580.00,-14.17,-13.23,-6.21,1.04,10.47,18.43,21.70,20.56
25584.00,-12.43,-10.20,-2.28,9.59,12.83,19.39,21.15,19.07
25588.00,-10.05,-4.83,1.08,10.91,15.40,19.67,16.81,12.12
25592.00,-8.07,-2.52,8.02,13.70,19.62,19.34,16.23,11.84
25596.00,-7.25,1.51,11.70,17.16,17.09,15.69,10.92,3.73
25600.00,-3.68,6.72,14.55,14.98,19.39,17.17,10.00,1.76
25604.00,3.49,10.42,14.55,15.47,15.56,10.94,5.13,-6.29
25608.00,5.40,12.98,16.27,17.82,14.40,6.90,2.48,-5.72
25612.00,9.67,13.40,14.35,14.07,13.29,6.41,-1.15,-11.77
25616.00,8.80,13.54,14.52,11.80,9.98,0.19,-5.58,-15.38
25620.00,10.37,16.84,15.35,10.30,2.40,-4.47,-10.04,-17.03
25624.00,13.00,14.90,14.38,6.77,1.11,-4.95,-14.41,-13.42
25628.00,15.67,13.62,10.30,1.88,-1.71,-11.93,-15.37,-14.93
25632.00,10.85,12.21,6.59,1.85,-5.21,-14.21,-16.25,-15.85
25636.00,12.26,11.18,4.30,-3.84,-10.40,-10.79,-13.35,-14.24
25640.00,9.66,6.23,1.04,-8.01,-12.26,-14.78,-10.95,-8.71
25644.00,6.67,3.48,-4.02,-6.95,-14.66,-15.26,-12.48,-6.75
25648.00,5.46,1.28,-5.58,-10.90,-12.65,-10.90,-10.80,-6.43
25652.00,4.60,-4.10,-7.41,-9.57,-12.97,-11.70,-7.52,-1.98
25656.00,0.52,-7.16,-7.49,-10.71,-12.35,-10.14,-6.74,-2.37
25660.00,-3.55,-8.27,-11.91,-11.11,-10.17,-6.24,-1.81,2.20
25664.00,-7.02,-8.94,-12.46,-10.53,-10.04,-1.85,0.43,0.66
25668.00,-6.86,-10.99,-12.91,-9.22,-5.41,-4.19,2.14,2.25
25672.00,-6.55,-9.43,-7.81,-7.71,-1.85,-2.52,2.16,1.19
25676.00,-6.80,-9.55,-8.11,-3.04,-1.65,1.55,0.45,-0.19
25680.00,-6.65,-10.58,-7.99,-2.49,-0.81,2.85,0.03,-2.98
25684.00,-7.41,-6.16,-6.59,-2.87,-0.68,3.88,-1.92,-4.81
25688.00,-6.42,-5.43,-0.47,-1.63,3.27,2.53,-1.81,-6.82
25692.00,-7.34,-5.40,0.81,2.96,-0.06,-1.53,-5.23,-14.55
25696.00,-5.29,-2.63,2.72,-0.01,2.85,-4.91,-9.04,-18.08
25700.00,-4.96,-0.71,2.65,0.47,-0.03,-7.35,-13.54,-19.34
25704.00,-2.18,2.58,0.40,3.69,-4.77,-6.81,-16.88,-22.09
25708.00,1.23,0.67,3.54,-2.27,-7.28,-10.96,-17.80,-24.97
25712.00,-0.72,3.95,-0.02,-0.65,-6.45,-17.00,-20.22,-27.37
25716.00,-0.34,0.39,0.31,-3.23,-11.06,-17.16,-22.78,-27.10
25720.00,2.04,-0.37,-0.09,-6.61,-16.09,-22.30,-24.42,-27.27
25724.00,0.97,-2.03,-6.90,-9.08,-19.51,-20.64,-23.69,-25.14
25728.00,1.04,-2.94,-8.18,-15.42,-19.06,-25.98,-21.90,-19.41
25732.00,-0.50,-2.80,-8.70,-16.08,-22.84,-25.60,-23.06,-15.91
25736.00,-3.11,-7.86,-15.00,-21.41,-24.05,-21.57,-20.55,-12.74
25740.00,-3.54,-10.07,-16.49,-19.03,-24.18,-20.03,-16.62,-6.50
25744.00,-7.00,-12.04,-16.18,-21.29,-23.62,-17.17,-10.20,-1.01
25748.00,-10.16,-14.77,-18.84,-24.31,-20.21,-14.92,-6.11,4.81
25752.00,-12.09,-15.29,-22.07,-19.54,-16.76,-13.94,-4.68,8.47
25756.00,-13.50,-20.47,-22.73,-18.52,-14.68,-9.63,0.17,11.48
25760.00,-14.26,-17.61,-19.14,-15.87,-13.67,-4.07,9.35,16.98
25764.00,-18.04,-20.14,-18.38,-17.05,-4.99,3.48,9.71,17.18
25768.00,-20.81,-18.96,-17.10,-9.16,-2.65,6.24,14.07,17.79
25772.00,-17.36,-18.45,-14.87,-5.02,-0.74,9.08,19.23,20.57
25776.00,-20.79,-18.11,-12.83,-1.91,7.12,11.37,19.45,18.10
25780.00,-19.92,-11.37,-8.69,-0.28,10.16,17.80,18.60,15.33
25784.00,-13.43,-8.89,-3.80,5.37,13.47,19.12,18.07,13.05
25788.00,-13.96,-4.63,-0.95,9.83,17.44,16.67,18.79,11.34
25792.00,-10.82,-4.55,4.91,12.76,17.16,15.32,11.74,6.41
25796.00,-6.35,2.55,6.67,14.22,18.66,18.34,11.47,3.97
25800.00,-2.26,3.47,13.07,17.14,16.14,15.66,8.72,-3.08
25804.00,1.45,6.08,14.29,13.70,12.95,12.16,2.39,-6.09
25808.00,4.19,9.05,14.71,14.66,11.09,4.64,-2.33,-10.89
25812.00,4.10,13.87,17.15,12.73,10.92,3.93,-7.05,-12.69
25816.00,11.30,15.23,14.65,14.42,5.20,-2.35,-9.70,-12.85
25820.00,11.23,14.61,14.22,11.83,4.48,-3.22,-13.60,-17.04
25824.00,13.16,13.64,13.63,5.14,0.88,-8.47,-13.23,-18.60
25828.00,12.67,11.10,6.97,5.37,-5.42,-12.45,-14.74,-14.06
25832.00,10.44,11.45,4.27,-1.37,-4.72,-11.26,-14.11,-13.87
25836.00,13.00,6.33,1.51,-2.10,-11.02,-16.11,-14.64,-13.66
25840.00,8.85,3.83,-1.97,-4.28,-13.59,-16.48,-15.14,-10.81
25844.00,6.90,3.47,-2.53,-9.42,-12.26,-14.91,-11.78,-9.51
25848.00,4.86,-0.29,-3.71,-11.15,-13.78,-14.13,-10.02,-4.86
25852.00,4.29,-4.88,-8.94,-13.70,-10.95,-12.05,-5.78,-1.77
25856.00,0.30,-3.56,-10.62,-11.36,-11.98,-8.36,-5.23,0.59
25860.00,-1.59,-7.09,-11.81,-12.76,-10.55,-4.57,-2.31,3.49
25864.00,-5.41,-9.08,-9.27,-11.02,-6.40,-2.22,0.68,0.95
25868.00,-6.49,-8.16,-12.02,-9.39,-5.60,-3.70,3.44,0.17
25872.00,-9.02,-8.08,-9.14,-6.77,-1.84,-1.23,4.71,-0.16
25876.00,-10.23,-7.17,-7.80,-3.91,-1.03,4.38,2.84,-0.35
25880.00,-6.05,-6.93,-5.44,-3.47,1.93,4.46,0.23,-2.63
25884.00,-6.81,-4.17,-5.40,0.14,4.33,0.67,2.08,-3.29
25888.00,-8.08,-5.25,-1.18,0.33,3.97,3.35,0.48,-9.81
25892.00,-7.56,-2.57,-1.71,4.82,1.60,2.15,-5.17,-11.55
25896.00,-6.27,0.52,3.06,5.39,1.56,-3.49,-6.63,-15.57
25900.00,-4.11,-0.93,1.29,4.76,0.66,-4.56,-11.32,-17.45
25904.00,-2.02,0.35,3.33,2.72,1.20,-5.39,-13.34,-19.02
25908.00,2.15,2.06,3.24,-0.61,-4.41,-11.32,-15.21,-22.77
25912.00,3.20,4.99,4.17,1.33,-8.19,-14.79,-17.03,-21.20
25916.00,4.42,1.60,2.23,-1.04,-11.05,-15.22,-22.65,-23.67
25920.00,3.46,2.29,-1.44,-4.33,-13.62,-17.66,-19.94,-21.90
25924.00,4.55,1.20,-2.78,-8.34,-13.10,-19.16,-23.84,-18.97
25928.00,1.99,0.44,-6.58,-13.02,-17.94,-23.44,-21.75,-17.62
25932.00,4.47,-3.83,-9.27,-16.56,-17.73,-20.27,-20.61,-12.32
25936.00,2.51,-2.80,-11.88,-15.37,-18.61,-20.08,-14.96,-10.72
25940.00,-0.75,-6.13,-12.87,-20.38,-21.42,-17.31,-15.35,-6.12
25944.00,-2.98,-9.56,-13.26,-17.68,-22.14,-16.66,-8.51,-0.43
25948.00,-6.34,-14.98,-17.30,-19.68,-15.93,-11.59,-3.49,4.32
25952.00,-10.05,-15.81,-18.58,-17.55,-13.54,-7.23,2.73,9.69
25956.00,-13.40,-16.51,-17.65,-18.50,-13.77,-4.58,6.59,14.82
25960.00,-15.11,-17.51,-18.80,-14.82,-10.07,-0.96,10.62,20.87
25964.00,-14.84,-18.56,-17.84,-10.39,-2.23,8.19,13.28,21.42
25968.00,-13.64,-18.80,-16.23,-9.82,-0.60,12.57,16.24,23.30
25972.00,-18.07,-14.89,-13.51,-3.51,3.45,13.39,18.93,23.56
25976.00,-16.64,-12.68,-8.00,-1.75,7.14,16.64,20.58,22.38
25980.00,-15.23,-10.17,-2.02,3.87,11.23,21.81,24.98,21.27
25984.00,-14.96,-5.24,1.49,6.94,15.98,20.22,24.23,17.92
25988.00,-9.85,-2.73,3.80,11.99,18.20,20.32,22.37,16.97
25992.00,-8.88,1.15,9.36,15.43,18.83,19.67,20.37,14.10
25996.00,-1.17,5.41,12.34,16.41,23.43,19.67,13.37,9.29
26000.00,-1.46,7.03,15.75,19.40,19.48,19.68,13.74,5.06
26004.00,3.63,11.67,16.01,21.22,19.84,16.62,9.01,0.95
26008.00,6.03,14.08,20.62,21.36,16.64,12.19,2.96,-4.01
26012.00,11.42,16.16,20.71,18.29,13.08,6.70,2.25,-6.29
26016.00,11.46,16.34,19.07,15.42,11.19,6.43,-5.57,-7.99
26020.00,13.33,18.75,15.88,12.49,9.84,-1.07,-7.23,-10.18
26024.00,17.93,17.20,15.05,9.64,3.84,-1.37,-5.98,-13.56
26028.00,15.81,18.23,15.55,7.63,3.16,-7.67,-10.97,-8.87
26032.00,16.23,14.58,12.57,4.95,-4.34,-7.04,-8.23,-9.70
26036.00,14.62,12.12,8.93,1.57,-4.01,-8.02,-9.60,-7.96
26040.00,15.64,8.69,4.09,-2.41,-6.93,-9.74,-7.60,-5.91
26044.00,9.75,8.29,1.55,-2.72,-8.01,-6.60,-8.62,-3.31
26048.00,8.33,5.89,-3.06,-4.46,-6.67,-6.96,-6.38,-1.65
26052.00,8.79,0.18,-1.09,-6.17,-7.54,-6.92,-3.53,4.90
26056.00,3.70,0.12,-6.47,-5.58,-5.88,-5.63,2.11,4.43
26060.00,1.82,-4.17,-5.37,-5.00,-3.52,-0.50,2.21,6.10
26064.00,-0.41,-4.08,-4.13,-6.68,-3.21,3.13,6.56,6.63
26068.00,-2.20,-5.00,-5.07,-2.18,1.67,4.31,6.70,10.59
26072.00,-1.85,-5.28,-6.47,0.51,2.71,5.22,6.92,6.34
26076.00,-3.89,-4.46,-1.77,-0.50,5.39,6.60,7.66,5.19
26080.00,-3.73,-5.96,1.20,2.70,8.12,6.68,9.74,1.98
26084.00,-2.11,-0.82,3.34,3.36,5.49,7.02,7.14,0.39
26088.00,-2.51,-0.69,1.84,4.55,10.76,10.01,3.27,-1.02
26092.00,-2.83,-0.47,4.81,5.53,8.81,4.07,2.73,-4.27
26096.00,0.22,1.51,8.74,10.51,7.45,4.32,0.21,-8.89
26100.00,0.98,6.23,9.90,8.98,4.72,1.24,-3.68,-10.09
26104.00,2.40,6.64,8.21,8.92,6.13,-1.20,-9.09,-13.86
26108.00,5.14,8.79,6.60,6.57,1.66,-4.07,-12.01,-18.35
26112.00,8.33,6.70,8.41,4.03,-0.10,-7.71,-14.44,-16.25
26116.00,8.94,6.93,4.38,2.50,-2.16,-11.29,-16.88,-17.69
26120.00,7.32,7.31,6.63,-1.23,-6.40,-13.05,-16.66,-14.76
26124.00,5.73,5.41,0.72,-4.16,-9.54,-12.61,-16.04,-12.73
26128.00,6.93,5.55,-0.54,-8.94,-10.16,-15.55,-16.24,-9.04
26132.00,6.23,0.11,-3.05,-9.23,-13.64,-16.61,-12.38,-7.68
26136.00,2.46,-1.04,-7.30,-9.74,-16.31,-17.61,-9.45,-2.08
26140.00,1.43,-1.08,-8.98,-12.21,-17.72,-13.84,-5.95,4.53
26144.00,0.01,-8.13,-11.04,-14.02,-13.66,-13.20,-3.24,8.51
26148.00,-4.58,-8.13,-11.50,-16.24,-14.82,-9.52,2.20,11.69
26152.00,-5.98,-13.02,-12.35,-14.92,-8.28,-3.92,4.54,15.97
26156.00,-7.93,-14.19,-13.93,-13.71,-6.33,0.37,13.95,19.99
26160.00,-11.90,-14.63,-14.34,-11.85,-5.44,4.48,15.98,27.70
26164.00,-12.78,-14.14,-11.40,-7.91,0.12,11.81,22.79,30.00
26168.00,-11.60,-13.54,-8.75,-5.10,5.85,13.27,23.29,28.42
26172.00,-14.87,-11.65,-8.80,-1.70,10.14,18.64,25.44,27.89
26176.00,-10.02,-8.69,-3.52,6.61,12.36,23.96,26.36,29.79
26180.00,-11.31,-7.82,2.30,7.70,17.04,22.69,28.23,28.49
26184.00,-11.24,-4.41,6.19,13.46,23.41,26.41,26.98,26.67
26188.00,-7.00,1.37,10.71,15.39,23.52,26.68,24.37,19.26
26192.00,-3.91,3.70,10.63,17.60,25.07,26.87,25.72,17.86
26196.00,-0.99,5.20,13.39,21.70,26.20,26.17,20.81,12.20
26200.00,4.41,9.21,18.96,22.91,25.53,24.41,16.09,8.08
26204.00,6.43,14.86,18.59,26.36,21.39,19.25,11.10,4.48
26208.00,11.85,15.11,23.71,22.34,23.07,17.69,6.74,2.32
26212.00,12.10,17.72,22.03,22.18,17.72,12.59,2.06,-1.78
26216.00,14.21,19.36,19.50,20.74,13.58,8.23,0.76,-4.56
26220.00,18.51,21.72,20.34,16.59,11.52,5.56,-1.60,-5.58
26224.00,18.25,21.18,18.80,16.71,9.48,0.64,-3.65,-6.61
26228.00,20.04,20.91,15.02,13.48,4.95,-3.73,-6.84,-4.54
26232.00,20.79,17.10,13.04,7.11,2.37,-5.95,-7.54,-7.76
26236.00,19.74,16.02,12.22,4.26,-3.31,-5.58,-3.99,-5.16
26240.00,16.69,11.74,6.78,-0.56,-3.94,-6.08,-3.27,0.95
26244.00,11.74,9.15,4.59,-1.09,-6.48,-6.14,-0.36,2.20
26248.00,13.62,5.73,-0.82,-1.89,-2.67,-3.15,-1.56,4.55
26252.00,9.17,2.35,0.96,-1.52,-4.40,-1.10,2.74,7.21
26256.00,4.10,1.97,-2.66,-2.90,-1.95,0.99,6.80,9.76
26260.00,1.95,-0.27,-5.20,-5.78,0.65,4.59,8.04,8.94
26264.00,3.46,-4.15,-4.83,-3.29,0.67,7.16,6.81,11.16
26268.00,0.04,-4.43,-5.49,-3.39,3.27,7.15,10.06,10.52
26272.00,0.97,-4.72,-0.94,0.05,4.54,7.76,12.04,9.63
26276.00,-2.68,-2.05,-0.00,4.44,6.18,12.32,11.90,8.84
26280.00,-2.64,-2.94,2.78,6.46,8.46,11.93,9.74,8.88
26284.00,-0.71,-1.87,2.91,6.05,11.08,10.60,9.15,5.87
26288.00,-2.13,1.68,5.69,7.56,9.65,9.90,5.64,-0.08
26292.00,-0.19,2.79,5.52,11.06,8.06,6.32,1.94,-1.78
26296.00,0.11,6.54,9.94,9.39,8.18,5.21,-1.85,-8.54
26300.00,5.07,5.31,7.48,8.31,8.48,5.60,-4.26,-9.64
26304.00,4.60,10.43,8.11,11.44,3.81,2.39,-6.65,-10.32
26308.00,6.40,10.04,11.76,9.22,2.05,-4.65,-11.55,-15.88
26312.00,6.98,11.34,7.97,7.37,2.09,-5.44,-12.05,-17.56
26316.00,9.18,8.58,9.49,1.45,-4.75,-10.16,-14.82,-16.17
26320.00,9.12,8.02,4.87,2.40,-4.87,-11.23,-15.91,-14.14
26324.00,10.37,6.62,0.67,-4.24,-11.55,-13.79,-13.38,-12.99
26328.00,10.24,3.81,-0.73,-5.40,-10.16,-17.61,-16.22,-12.62
26332.00,5.05,0.30,-2.11,-8.83,-14.54,-16.76,-13.23,-5.89
26336.00,4.10,-0.81,-3.95,-10.78,-16.77,-12.54,-9.53,-3.04
26340.00,2.01,-0.72,-9.47,-14.81,-12.65,-14.73,-7.90,2.07
26344.00,-2.17,-5.70,-8.67,-11.93,-15.65,-9.85,-1.59,8.11
26348.00,-1.65,-6.31,-12.78,-15.09,-13.99,-6.66,2.93,10.47
26352.00,-4.17,-9.49,-14.22,-15.95,-11.70,-4.16,5.29,17.76
26356.00,-7.61,-13.71,-13.30,-13.78,-6.79,-0.84,10.45,21.29
26360.00,-10.17,-12.49,-13.49,-8.96,-2.69,6.32,16.48,24.39
26364.00,-11.40,-14.56,-12.11,-5.52,-0.38,12.45,21.70,29.00
26368.00,-13.99,-13.99,-10.37,-2.08,5.83,14.96,23.00,29.93
26372.00,-12.80,-11.11,-6.47,1.44,10.82,19.22,27.41,30.38
26376.00,-12.56,-9.37,-5.05,5.51,14.63,23.72,29.46,26.49
26380.00,-12.14,-9.21,0.30,7.84,17.67,23.47,25.78,23.96
26384.00,-12.37,-4.03,3.17,10.63,19.41,25.12,27.56,25.31
26388.00,-7.61,-0.68,9.15,15.04,20.61,25.07,24.83,18.34
26392.00,-5.36,3.36,11.20,16.39,23.24,22.48,23.92,13.88
26396.00,-1.27,7.25,14.60,22.17,25.15,25.54,18.56,12.74
26400.00,1.48,10.81,17.48,20.96,24.73,19.96,17.13,8.76
26404.00,3.11,12.29,17.95,24.04,23.33,16.72,8.64,4.16
26408.00,7.57,16.29,21.44,19.51,18.62,13.78,4.67,0.09
26412.00,13.31,17.94,22.30,18.40,17.55,9.58,4.36,-3.11
26416.00,13.58,16.99,19.27,16.23,11.53,5.38,-1.87,-8.25
26420.00,17.43,20.74,16.40,13.13,10.68,2.54,-2.88,-8.48
26424.00,19.15,16.37,16.20,14.36,7.37,0.32,-7.49,-7.28
26428.00,19.03,15.15,16.38,9.81,-0.37,-1.75,-10.15,-11.39
26432.00,17.66,14.72,12.06,4.76,-3.43,-4.01,-10.72,-9.87
26436.00,14.17,13.01,8.65,2.28,-2.68,-8.33,-10.10,-5.65
26440.00,15.45,11.44,6.60,0.17,-4.50,-9.85,-7.27,-6.23
26444.00,13.63,5.41,3.54,-1.61,-8.74,-7.94,-7.27,-2.89
26448.00,11.39,6.62,0.37,-5.74,-6.42,-6.69,-3.00,-1.30
26452.00,9.05,0.77,-1.46,-6.29,-9.38,-7.90,-1.20,2.07
26456.00,5.78,-0.79,-4.26,-8.22,-5.15,-4.22,0.58,4.91
26460.00,0.33,-1.02,-7.30,-5.11,-6.76,-0.73,2.46,7.41
26464.00,0.07,-6.96,-5.11,-3.85,-2.64,-0.60,3.37,7.26
26468.00,-2.94,-5.38,-8.15,-6.32,-1.54,1.92,4.45,6.44
26472.00,-4.49,-6.44,-7.51,-5.16,-0.55,3.91,8.79,7.37
26476.00,-6.53,-7.21,-6.41,0.90,3.51,6.11,8.57,4.59
26480.00,-6.53,-2.51,-2.12,-1.03,3.33,7.08,8.04,2.72
26484.00,-4.21,-2.35,-2.11,5.19,3.86,5.51,6.00,-2.51
26488.00,-5.09,0.16,-0.25,2.87,5.86,7.59,2.12,-2.45
26492.00,-2.33,0.69,3.18,5.68,5.57,5.03,0.64,-6.21
26496.00,-1.56,2.78,3.59,7.27,7.14,4.34,-4.79,-10.20
26500.00,1.76,1.70,5.86,7.05,6.04,0.12,-5.16,-16.61
26504.00,-0.17,5.22,5.54,7.62,2.52,-3.43,-9.14,-16.09
26508.00,3.29,3.15,7.52,2.32,-0.49,-5.63,-14.04,-18.91
26512.00,5.07,5.25,6.67,2.90,-6.18,-9.15,-17.44,-20.16
26516.00,6.70,3.57,2.97,-0.46,-7.33,-12.14,-21.28,-23.68
26520.00,6.11,5.12,1.97,-5.69,-9.27,-18.77,-22.89,-19.35
26524.00,5.75,0.71,-0.01,-9.27,-15.75,-20.40,-18.79,-19.71
26528.00,6.16,3.19,-3.96,-10.22,-14.17,-18.49,-20.17,-16.74
26532.00,3.19,-0.94,-6.39,-11.41,-19.42,-21.27,-16.33,-10.76
26536.00,0.73,-3.83,-8.37,-16.85,-18.90,-18.92,-16.05,-8.60
26540.00,0.43,-7.93,-11.12,-18.14,-21.53,-17.58,-14.41,-2.44
26544.00,-1.94,-8.88,-14.09,-17.02,-19.78,-17.09,-7.13,-0.37
26548.00,-8.42,-11.14,-15.78,-21.19,-19.78,-10.91,-1.75,7.33
26552.00,-11.93,-13.01,-17.05,-19.24,-15.72,-7.26,1.49,13.00
26556.00,-12.26,-16.52,-18.08,-19.59,-14.77,-2.59,6.36,16.22
26560.00,-13.83,-16.74,-18.99,-15.41,-9.48,-1.82,12.43,19.57
26564.00,-16.14,-16.24,-17.84,-10.36,-3.97,3.55,16.42,20.82
26568.00,-15.43,-17.15,-16.69,-9.71,0.34,8.19,15.62,23.21
26572.00,-15.61,-17.63,-11.85,-3.02,2.07,11.63,17.64,25.25
26576.00,-17.91,-12.07,-8.70,1.20,5.80,16.37,20.06,22.94
26580.00,-14.21,-12.36,-4.92,3.33,12.03,18.35,19.85,21.68
26584.00,-16.03,-8.42,-3.51,5.92,12.56,20.66,19.60,16.71
26588.00,-9.25,-5.69,5.09,12.98,18.22,18.35,20.62,11.60
26592.00,-8.38,-2.87,8.00,11.76,17.47,17.52,17.91,10.27
26596.00,-6.95,1.86,8.42,15.85,19.52,18.04,12.71,7.02
26600.00,-0.51,6.30,10.40,15.22,18.12,13.01,9.95,0.94
26604.00,-1.08,9.59,13.67,19.31,16.22,13.78,5.62,-6.11
26608.00,5.67,12.53,17.18,17.70,13.07,9.29,-1.35,-5.45
26612.00,9.21,11.90,16.14,15.26,13.31,5.69,-1.59,-10.51
26616.00,8.92,14.20,16.93,11.15,9.05,-0.83,-6.06,-15.22
26620.00,11.97,13.87,12.71,10.03,1.70,-5.27,-9.96,-16.90
26624.00,11.37,12.65,13.94,6.61,2.40,-4.33,-11.74,-16.45
26628.00,13.06,11.26,11.27,2.80,-2.30,-11.64,-12.70,-15.55
26632.00,10.39,10.23,7.80,-0.86,-7.99,-11.85,-12.66,-15.03
26636.00,10.81,8.21,1.15,-4.18,-10.97,-14.52,-15.92,-14.50
26640.00,12.12,5.71,-1.45,-6.43,-13.06,-13.70,-14.29,-12.23
26644.00,6.53,5.34,-2.20,-6.66,-11.18,-11.58,-11.26,-6.42
26648.00,5.04,-1.05,-3.10,-10.23,-13.15,-10.38,-8.44,-4.80
26652.00,1.31,-3.07,-9.22,-11.90,-10.47,-10.15,-5.13,-1.91
26656.00,2.39,-3.53,-9.79,-12.34,-9.48,-11.07,-5.33,-2.60
26660.00,-3.63,-6.87,-8.93,-12.01,-11.54,-6.20,-1.78,0.40
26664.00,-3.15,-7.25,-9.26,-11.51,-6.40,-5.50,0.39,3.21
26668.00,-7.94,-9.31,-12.36,-7.90,-5.88,-1.18,1.80,0.87
26672.00,-8.16,-7.65,-9.58,-7.91,-4.97,-2.59,4.18,-1.06
26676.00,-10.96,-9.96,-8.29,-7.33,-0.00,3.10,1.92,-0.59
26680.00,-9.97,-7.47,-5.86,-0.86,-2.07,0.16,-1.10,-5.25
26684.00,-6.97,-6.88,-4.35,-3.26,1.62,3.49,0.22,-5.40
26688.00,-5.76,-4.25,-1.80,0.95,0.03,0.18,-4.97,-7.61
26692.00,-7.77,-6.19,-2.87,3.69,1.73,-2.89,-7.75,-11.49
26696.00,-4.79,-4.11,-0.00,-0.12,1.97,-3.12,-10.27,-15.41
26700.00,-2.07,-1.81,2.58,0.27,-2.50,-7.33,-11.89,-19.15
26704.00,-0.78,1.07,3.02,3.14,-2.72,-10.42,-17.56,-24.87
26708.00,-0.60,1.44,2.29,0.95,-5.36,-13.99,-18.48,-24.91
26712.00,2.73,2.55,3.55,-2.27,-9.80,-13.78,-21.18,-28.06
26716.00,3.64,3.58,-0.25,-4.99,-11.85,-18.83,-23.10,-27.78
26720.00,4.41,0.48,-3.10,-9.79,-17.05,-20.26,-25.56,-27.00
26724.00,3.23,2.35,-6.62,-12.81,-16.97,-22.83,-24.48,-23.39
26728.00,0.13,-3.38,-5.37,-16.31,-20.81,-26.15,-22.82,-19.83
26732.00,0.62,-4.49,-11.92,-19.22,-24.30,-21.97,-21.48,-16.49
26736.00,0.19,-8.29,-13.79,-18.54,-24.48,-25.06,-18.25,-9.79
26740.00,-6.15,-10.52,-17.36,-20.13,-25.40,-23.02,-14.50,-6.02
26744.00,-6.97,-14.56,-20.66,-20.16,-23.43,-18.25,-9.71,-1.67
26748.00,-11.06,-17.20,-22.31,-21.39,-22.05,-14.60,-8.33,4.47
26752.00,-11.08,-18.88,-22.87,-22.47,-19.05,-13.82,-2.42,10.17
26756.00,-12.95,-20.11,-22.37,-21.38,-13.25,-6.04,1.65,11.79
26760.00,-14.39,-17.85,-22.12,-16.32,-9.50,-0.31,8.98,16.31
26764.00,-15.82,-22.52,-20.00,-13.75,-9.21,1.99,11.82,17.00
26768.00,-18.20,-20.43,-15.82,-11.50,-2.79,7.49,12.27,20.26
26772.00,-19.12,-16.84,-14.46,-8.43,-0.61,9.97,15.32,20.14
26776.00,-19.27,-17.42,-11.59,-5.43,6.76,13.38,18.47,19.71
26780.00,-19.25,-11.98,-7.82,-0.73,7.39,18.05,20.73,18.07
26784.00,-13.84,-10.74,-3.42,6.91,12.86,19.44,17.40,13.77
26788.00,-12.05,-7.14,0.30,9.09,14.53,15.76,17.03,13.61
26792.00,-9.79,-1.53,2.49,10.68,15.92,15.73,13.93,6.56
26796.00,-5.71,0.45,8.74,16.39,18.35,14.58,8.94,0.59
26800.00,-5.69,2.64,9.35,15.91,18.13,13.51,6.45,-2.10
26804.00,-1.74,5.82,14.89,17.25,15.78,12.32,3.85,-6.10
26808.00,1.06,10.38,16.13,17.27,14.73,4.51,-2.63,-11.09
26812.00,8.74,10.47,14.95,13.61,9.78,3.35,-6.49,-14.45
26816.00,10.92,12.38,16.45,14.01,8.68,-2.94,-10.17,-15.28
26820.00,12.32,15.98,13.35,8.90,3.16,-2.65,-11.17,-15.74
26824.00,12.20,14.33,8.97,6.08,1.53,-8.42,-11.64,-15.16
26828.00,12.62,11.03,6.81,5.57,-2.68,-9.43,-13.10,-18.12
26832.00,13.89,8.54,3.73,1.54,-9.19,-12.86,-14.59,-14.12
26836.00,9.43,8.83,1.80,-3.96,-11.16,-14.12,-15.89,-13.78
26840.00,12.25,3.64,2.33,-8.55,-10.99,-15.72,-11.67,-9.34
26844.00,8.42,4.11,-3.84,-7.78,-11.15,-12.88,-11.26,-7.47
26848.00,7.18,-0.38,-3.20,-10.71,-11.88,-11.54,-9.41,-6.87
26852.00,3.88,-2.18,-9.76,-9.92,-10.10,-11.61,-8.05,-1.53
26856.00,2.28,-4.16,-8.90,-9.06,-13.69,-8.29,-3.66,-1.64
26860.00,0.00,-9.40,-8.14,-8.97,-7.94,-6.68,-3.86,1.51
26864.00,-6.76,-10.11,-10.96,-11.27,-5.26,-1.86,-2.02,3.35
26868.00,-8.48,-11.38,-9.75,-7.40,-3.14,-2.14,2.96,1.85
26872.00,-5.33,-8.36,-11.22,-7.76,-1.99,1.06,2.31,1.12
26876.00,-8.82,-11.21,-6.70,-2.33,-2.18,3.77,2.36,2.77
26880.00,-6.59,-9.61,-6.75,-2.85,2.35,3.08,3.75,-0.21
26884.00,-9.00,-4.24,-3.48,-1.66,0.25,2.78,-0.46,-5.95
26888.00,-8.06,-4.33,-3.15,2.43,1.28,3.70,-0.20,-9.54
26892.00,-3.77,-4.98,2.25,4.67,5.02,-0.50,-2.55,-12.20
26896.00,-2.73,-0.18,3.56,1.32,1.74,-3.14,-9.07,-14.78
26900.00,-0.33,-1.37,2.10,5.14,2.73,-4.27,-9.91,-19.76
26904.00,-1.43,0.35,2.48,4.32,-3.14,-5.00,-14.65,-20.09
26908.00,-0.73,1.79,4.89,2.26,-3.32,-11.06,-16.15,-23.27
26912.00,0.36,5.49,4.36,-1.12,-4.44,-14.68,-21.33,-22.69
26916.00,4.26,4.75,2.38,-4.11,-7.09,-15.72,-20.68,-22.30
26920.00,4.40,1.33,1.53,-5.81,-13.61,-16.43,-20.15,-20.29
26924.00,3.45,4.37,-0.23,-7.88,-16.61,-21.13,-23.88,-19.89
26928.00,4.78,-0.35,-6.87,-12.28,-17.06,-20.59,-21.97,-16.85
26932.00,0.28,-2.23,-9.13,-13.17,-19.56,-22.64,-18.07,-12.76
26936.00,-0.53,-3.81,-12.62,-18.27,-18.90,-21.70,-17.36,-8.21
26940.00,-1.97,-8.27,-15.30,-20.70,-19.40,-16.94,-15.56,-2.60
26944.00,-3.13,-9.72,-15.61,-18.48,-20.23,-16.21,-8.46,-0.75
26948.00,-6.32,-14.57,-15.90,-17.52,-19.25,-13.04,-3.91,6.38
26952.00,-11.70,-15.68,-19.61,-16.88,-13.87,-7.22,0.51,10.52
26956.00,-12.86,-18.59,-20.82,-19.12,-11.48,-3.52,4.46,16.93
26960.00,-15.74,-19.08,-17.57,-13.73,-10.71,0.24,11.40,20.20
26964.00,-13.60,-18.07,-18.08,-11.21,-1.40,7.37,14.62,21.88
26968.00,-17.50,-18.98,-14.20,-7.26,1.83,10.48,16.69,24.32
26972.00,-18.42,-15.16,-11.93,-4.77,3.59,13.80,20.80,23.97
26976.00,-18.22,-14.95,-8.44,-1.29,11.21,16.58,21.60,21.71
26980.00,-15.13,-12.63,-5.93,6.29,13.32,22.53,23.51,21.90
26984.00,-11.89,-5.27,0.39,6.51,18.31,19.30,23.69,19.54
26988.00,-8.38,-3.10,5.17,13.49,19.61,23.48,19.25,17.87
26992.00,-4.69,-0.34,6.15,16.68,18.30,19.68,19.17,13.99
26996.00,-4.79,2.38,11.78,20.29,21.30,19.39,18.06,6.87
27000.00,0.99,8.23,15.37,20.10,19.89,19.41,14.25,3.22
27004.00,3.88,11.38,17.94,18.54,17.47,15.52,7.85,-0.75
27008.00,7.04,11.74,18.55,18.32,17.04,11.92,5.70,-4.26
27012.00,10.72,16.07,20.10,19.22,15.91,10.11,0.46,-5.44
27016.00,11.01,14.83,20.17,16.23,8.79,1.84,-5.33,-9.32
27020.00,14.07,19.65,15.47,12.91,6.48,0.05,-6.78,-13.09
27024.00,14.23,17.72,16.42,11.10,4.66,-3.29,-10.62,-13.11
27028.00,14.07,16.43,14.77,9.55,1.72,-3.88,-9.83,-10.20
27032.00,16.05,14.00,8.99,3.08,-1.04,-7.61,-11.41,-7.34
27036.00,15.74,11.16,9.55,1.74,-5.99,-8.08,-7.65,-9.36
27040.00,11.69,11.38,5.52,-3.67,-6.61,-7.30,-6.99,-4.59
27044.00,9.92,5.49,2.99,-5.31,-7.78,-7.85,-6.30,-0.78
27048.00,10.44,4.15,1.33,-5.39,-5.89,-5.56,-3.30,-0.26
27052.00,6.34,0.60,-4.16,-4.18,-6.19,-6.35,-1.10,3.02
27056.00,4.67,0.10,-5.59,-4.29,-4.29,-2.50,0.15,4.01
27060.00,2.79,-3.56,-7.87,-6.66,-5.48,-3.11,4.65,4.85
27064.00,0.74,-3.47,-3.44,-2.81,-3.17,2.00,4.74,6.00
27068.00,-0.73,-3.74,-4.87,-3.48,-0.21,4.72,7.09,10.86
27072.00,-2.35,-4.71,-1.82,-2.12,4.33,6.90,9.60,5.95
27076.00,-2.53,-5.48,-4.00,-0.74,4.65,5.49,6.14,7.50
27080.00,-3.88,-3.15,-0.46,3.95,7.20,6.37,8.71,4.69
27084.00,-5.61,0.37,-1.08,7.04,7.16,6.56,7.04,0.30
27088.00,-0.96,-0.78,1.73,5.90,6.07,9.29,4.01,0.41
27092.00,-3.83,2.89,3.13,8.71,9.40,8.46,3.53,-5.70
27096.00,0.87,4.77,5.43,10.80,5.86,4.65,0.11,-9.81
27100.00,1.97,6.94,6.92,6.29,7.55,3.00,-3.45,-9.11
27104.00,3.71,5.48,7.27,9.99,6.82,0.46,-7.02,-12.90
27108.00,3.27,10.35,10.54,8.35,-0.01,-6.61,-10.05,-17.52
27112.00,7.37,6.11,7.25,3.67,-2.49,-6.10,-12.50,-15.74
27116.00,5.85,8.34,7.26,2.64,-5.09,-9.02,-17.41,-18.38
27120.00,6.98,7.29,5.48,-1.44,-7.39,-12.16,-15.63,-14.47
27124.00,7.03,6.18,4.47,-5.34,-11.37,-14.90,-15.23,-16.44
27128.00,8.19,5.14,-2.84,-8.71,-13.30,-16.71,-15.03,-9.19
27132.00,4.36,2.43,-3.02,-8.32,-14.15,-15.34,-15.68,-5.11
27136.00,6.29,-1.35,-6.92,-12.05,-16.77,-16.15,-11.30,-1.58
27140.00,1.50,-5.52,-7.12,-11.52,-14.94,-11.87,-8.86,3.63
27144.00,1.64,-4.44,-10.80,-14.89,-13.51,-12.90,-5.34,8.93
27148.00,-3.29,-8.20,-11.26,-15.09,-11.56,-7.72,-0.07,11.78
27152.00,-4.12,-12.90,-15.71,-12.33,-11.10,-1.89,6.49,18.39
27156.00,-9.92,-11.40,-14.53,-13.24,-8.39,3.77,10.59,20.14
27160.00,-7.50,-12.78,-15.74,-8.76,-1.49,6.16,14.81,24.65
27164.00,-9.24,-15.50,-12.44,-9.27,1.72,12.77,20.83,30.29
27168.00,-13.66,-11.15,-10.94,-2.23,4.96,13.00,23.88,29.27
27172.00,-10.64,-12.22,-6.94,-0.44,11.77,20.04,28.42,30.08
27176.00,-12.46,-9.39,-1.91,6.73,13.47,22.83,29.68,31.13
27180.00,-12.44,-8.77,1.00,9.62,16.27,25.00,26.61,26.73
27184.00,-9.43,-5.03,6.28,14.03,19.67,27.41,25.77,26.84
27188.00,-6.71,2.18,8.32,16.33,23.80,26.72,26.18,20.33
27192.00,-1.12,1.98,11.91,21.07,26.82,26.79,22.48,16.83
27196.00,-0.47,10.01,17.39,24.10,26.59,24.26,22.47,13.59
27200.00,2.37,11.15,20.13,25.68,26.87,22.98,15.43,9.87
27204.00,7.82,11.90,20.16,22.61,24.59,21.58,14.19,2.08
27208.00,10.32,17.09,21.26,23.50,19.77,16.00,10.56,2.00
27212.00,11.68,20.30,19.94,21.14,17.95,11.46,2.16,-0.60
27216.00,14.77,21.31,23.53,18.33,17.59,8.32,0.31,-6.23
27220.00,17.48,22.35,21.07,15.41,11.86,4.94,-2.73,-7.29
27224.00,20.00,20.71,19.91,13.10,6.74,-1.25,-6.49,-7.68
27228.00,20.60,18.73,16.80,12.72,4.81,0.68,-6.13,-4.49
27232.00,19.27,19.32,12.55,9.93,0.48,-5.76,-6.02,-7.71
27236.00,18.05,15.59,8.93,5.06,1.32,-5.63,-3.67,-2.11
27240.00,15.42,12.03,5.99,-0.93,-0.97,-5.26,-3.00,1.23
27244.00,12.95,10.32,2.46,0.80,-4.46,-3.26,-3.30,1.14
27248.00,12.51,8.12,1.91,-2.83,-4.49,-3.64,0.03,2.76
27252.00,9.93,2.80,0.93,-2.92,-4.79,-2.28,0.76,6.92
27256.00,6.12,-0.77,-2.00,-4.25,-2.93,-2.51,2.50,10.88
27260.00,4.78,-1.27,-4.52,-3.09,-3.04,4.11,5.94,10.80
27264.00,3.68,-1.25,-1.05,-1.79,1.98,4.84,7.11,13.10
27268.00,-0.23,-3.40,-0.56,-1.24,3.04,8.50,12.35,10.83
27272.00,-2.06,-4.07,-0.24,-0.39,3.63,10.50,9.25,8.76
27276.00,-1.67,-0.37,0.12,2.33,6.84,7.86,12.35,6.82
27280.00,-0.89,-3.86,0.30,6.79,6.87,9.94,12.19,6.13
27284.00,-4.55,-0.08,4.77,7.44,9.40,12.25,9.29,3.37
27288.00,-0.53,1.63,5.35,6.95,11.23,12.28,6.04,0.19
27292.00,1.22,4.02,8.31,9.69,8.85,8.46,3.69,-3.44
27296.00,3.59,5.08,6.75,11.92,10.03,4.53,0.19,-4.43
27300.00,5.66,7.96,7.02,8.32,7.20,3.07,-4.12,-8.73
27304.00,6.02,7.20,7.50,11.64,6.47,0.96,-4.90,-14.71
27308.00,6.91,6.67,8.33,7.55,2.26,-1.82,-8.82,-16.72
27312.00,9.92,8.61,8.59,6.54,0.64,-4.40,-11.40,-13.34
27316.00,10.53,8.86,8.03,1.86,-3.99,-8.52,-11.96,-14.99
27320.00,6.78,9.41,5.99,-1.88,-4.64,-9.71,-17.34,-15.09
27324.00,8.93,6.29,2.40,-3.78,-7.75,-12.80,-16.23,-11.32
27328.00,9.46,3.96,-0.82,-5.85,-10.17,-16.50,-13.78,-10.82
27332.00,7.99,2.32,-3.62,-9.99,-12.98,-13.46,-14.80,-7.46
27336.00,7.23,-2.06,-3.90,-11.10,-12.75,-16.84,-12.99,-1.49
27340.00,2.46,-3.52,-11.06,-10.78,-15.32,-12.39,-6.35,2.39
27344.00,-2.26,-7.65,-12.92,-13.08,-13.71,-12.39,-0.63,9.05
27348.00,-2.29,-9.54,-12.72,-14.58,-11.09,-7.80,2.36,14.21
27352.00,-7.99,-11.26,-13.29,-14.32,-12.91,-2.31,8.28,16.39
27356.00,-8.10,-14.06,-16.26,-11.17,-9.23,-0.31,9.26,20.13
27360.00,-9.74,-11.06,-15.34,-9.57,-2.00,6.50,16.45,23.06
27364.00,-10.47,-15.47,-13.80,-7.51,1.49,8.89,19.67,26.03
27368.00,-15.28,-11.97,-10.32,-3.12,2.78,15.99,24.15,28.83
27372.00,-12.73,-13.39,-5.35,-0.73,9.32,20.58,26.18,27.71
27376.00,-11.82,-12.00,-5.62,4.03,11.19,21.35,29.50,28.04
27380.00,-13.41,-6.82,-1.61,9.69,18.34,22.68,29.38,26.89
27384.00,-11.99,-3.86,2.77,10.55,19.87,24.79,24.30,23.39
27388.00,-5.69,-2.84,8.31,17.36,21.12,24.43,25.30,21.34
27392.00,-3.54,4.07,9.67,16.86,25.59,23.78,21.67,16.77
27396.00,-3.85,4.50,15.52,21.05,26.15,24.67,19.42,10.45
27400.00,-0.30,10.21,15.82,22.77,22.61,19.04,13.52,5.34
27404.00,3.93,12.39,19.25,19.81,23.53,17.09,12.81,3.43
27408.00,10.38,16.90,17.79,21.55,21.50,11.82,7.82,-1.90
27412.00,11.71,19.68,19.09,21.02,14.02,12.30,4.50,-3.31
27416.00,11.77,17.41,22.07,18.83,13.38,3.72,0.04,-6.28
27420.00,17.09,17.31,17.52,16.10,7.52,1.27,-3.29,-7.14
27424.00,17.39,18.85,17.33,11.25,3.54,-2.75,-7.84,-11.17
27428.00,15.12,17.83,15.59,8.48,2.55,-4.01,-5.98,-8.48
27432.00,16.84,17.32,12.97,7.51,-0.38,-7.24,-7.26,-6.10
27436.00,16.14,13.58,6.57,2.67,-4.51,-5.84,-9.69,-8.12
27440.00,14.23,7.95,7.06,-2.34,-5.92,-9.36,-10.11,-2.10
27444.00,10.83,7.97,3.78,-2.31,-7.05,-9.59,-5.39,-0.62
27448.00,8.04,6.15,-2.47,-4.26,-6.46,-5.14,-4.00,-1.53
27452.00,4.29,2.64,-2.17,-8.45,-9.19,-3.64,-1.81,2.81
27456.00,4.66,-1.03,-7.34,-4.58,-7.17,-4.60,2.52,6.80
27460.00,0.67,-2.58,-7.21,-9.12,-3.05,-2.00,4.55,7.16
27464.00,-0.56,-6.47,-7.92,-7.27,-4.28,-1.39,6.48,7.18
27468.00,-1.22,-7.97,-3.80,-2.96,-1.34,4.67,4.33,9.75
27472.00,-6.80,-3.65,-7.47,-3.59,-0.49,5.67,9.28,8.15
27476.00,-5.76,-8.12,-3.43,-1.58,1.95,7.78,5.43,6.67
27480.00,-5.37,-7.33,-1.36,1.78,3.18,6.52,4.50,2.17
27484.00,-4.03,-5.63,-1.80,4.62,8.04,7.97,5.26,-1.93
27488.00,-4.64,-4.46,1.90,4.19,6.20,5.25,2.55,-4.30
27492.00,-3.58,-1.70,3.86,5.35,5.65,3.86,-2.78,-9.87
27496.00,0.80,1.06,5.58,4.20,6.14,3.54,-2.61,-12.70
27500.00,-0.94,0.70,6.17,7.40,3.16,-3.18,-6.93,-14.51
27504.00,2.41,6.30,5.32,3.11,0.06,-5.73,-12.72,-19.76
27508.00,3.83,2.99,3.31,3.22,-0.07,-5.13,-14.72,-17.31
27512.00,4.28,7.35,4.91,3.66,-2.24,-10.12,-17.10,-21.22
27516.00,5.34,4.44,3.56,-3.49,-9.35,-13.83,-18.56,-22.74
27520.00,7.13,6.26,1.37,-4.25,-12.40,-15.89,-21.97,-19.82
27524.00,4.67,3.23,0.05,-5.96,-15.55,-16.50,-23.13,-18.67
27528.00,4.19,3.28,-4.35,-11.61,-16.17,-21.42,-22.65,-13.73
27532.00,0.90,-1.44,-7.87,-15.96,-19.71,-19.12,-20.62,-13.50
27536.00,1.46,-6.50,-12.17,-13.85,-21.85,-18.13,-17.59,-9.42
27540.00,-1.25,-8.23,-11.35,-18.10,-21.13,-16.62,-13.87,-4.62
27544.00,-5.26,-8.89,-14.51,-20.21,-19.12,-17.24,-6.35,-0.32
27548.00,-6.88,-13.59,-18.83,-17.31,-17.10,-14.16,-2.90,7.79
27552.00,-10.14,-15.50,-19.17,-20.48,-15.71,-9.83,-0.18,13.07
27556.00,-9.59,-14.69,-20.19,-15.36,-13.17,-6.55,5.68,14.69
27560.00,-13.86,-16.55,-19.89,-14.67,-10.58,0.80,10.41,18.67
27564.00,-15.65,-19.83,-16.53,-14.25,-3.14,2.45,12.68,20.51
27568.00,-14.47,-16.80,-13.29,-9.59,0.25,7.66,18.77,23.77
27572.00,-15.83,-16.82,-12.75,-7.29,3.72,12.94,22.46,24.88
27576.00,-15.23,-15.65,-7.77,-3.12,9.51,14.64,20.57,20.94
27580.00,-16.14,-10.53,-4.42,1.17,10.84,17.28,23.24,18.84
27584.00,-13.30,-8.16,0.63,8.33,14.15,19.00,20.09,17.82
27588.00,-13.20,-4.62,0.77,8.57,18.58,20.77,18.38,14.98
27592.00,-9.40,-1.43,5.77,13.18,15.83,21.23,16.74,10.43
27596.00,-7.76,-0.47,7.49,14.63,20.78,15.37,11.47,3.75
27600.00,-0.57,3.87,11.15,16.99,16.42,14.91,8.53,1.43
27604.00,-0.22,8.90,13.48,18.19,18.11,11.49,3.73,-3.43
27608.00,3.08,11.46,17.07,18.69,12.01,8.60,1.67,-7.48
27612.00,8.54,13.73,17.07,13.94,9.28,3.38,-3.99,-12.87
27616.00,10.87,16.07,16.47,14.58,8.83,1.52,-8.89,-12.70
27620.00,11.70,15.52,16.38,12.12,1.71,-1.10,-10.61,-14.06
27624.00,11.78,14.83,12.37,9.49,-0.94,-5.92,-15.06,-16.98
27628.00,11.94,14.96,10.84,5.47,-3.14,-10.84,-12.68,-15.39
27632.00,13.45,8.81,8.57,-1.45,-4.49,-14.14,-14.47,-16.67
27636.00,10.33,7.45,2.47,-5.19,-11.12,-13.90,-16.42,-11.48
27640.00,12.28,6.39,0.07,-5.60,-11.78,-16.15,-11.16,-10.55
27644.00,8.95,1.02,-3.41,-6.60,-10.48,-11.09,-13.30,-10.31
27648.00,4.95,-0.28,-5.25,-8.42,-12.59,-11.80,-7.81,-3.42
27652.00,3.27,-0.63,-10.14,-10.07,-10.18,-10.81,-7.47,-1.22
27656.00,0.49,-3.74,-8.75,-10.55,-10.52,-10.30,-5.71,-3.01
27660.00,-0.45,-6.07,-9.07,-11.57,-8.47,-8.40,-4.69,-0.09
27664.00,-4.34,-8.25,-9.68,-9.66,-8.41,-5.48,0.08,2.56
27668.00,-5.23,-9.38,-8.79,-9.15,-6.53,-0.89,-1.29,1.87
27672.00,-9.52,-11.55,-11.80,-8.91,-4.95,1.62,3.65,-1.25
27676.00,-8.94,-11.71,-10.44,-6.79,-2.89,0.60,4.10,0.28
27680.00,-10.61,-7.81,-5.38,-4.60,0.72,2.79,3.39,-5.20
27684.00,-7.88,-6.43,-4.56,0.40,2.30,0.33,-2.47,-8.03
27688.00,-5.52,-4.29,-3.29,1.93,0.88,0.64,-5.12,-9.35
27692.00,-4.97,-3.81,0.68,2.79,3.42,-2.26,-5.03,-11.49
27696.00,-5.64,0.37,-0.98,1.84,-0.09,-3.23,-10.78,-16.17
27700.00,-4.26,1.46,3.87,-0.14,1.79,-4.10,-11.46,-20.73
27704.00,-1.49,-1.30,2.10,2.09,-2.31,-10.06,-16.24,-21.37
27708.00,-1.73,2.32,1.81,0.28,-7.26,-10.71,-17.01,-26.37
27712.00,-1.12,1.91,2.06,-2.11,-7.74,-17.33,-20.85,-23.62
27716.00,0.56,0.92,-0.84,-3.61,-13.64,-20.44,-23.73,-25.05
27720.00,2.26,0.98,-3.19,-9.53,-13.81,-23.45,-22.52,-27.23
27724.00,1.19,0.86,-6.80,-8.71,-17.56,-25.06,-27.38,-24.29
27728.00,-0.14,-3.61,-6.66,-14.28,-18.79,-26.27,-23.77,-21.81
27732.00,-0.28,-5.24,-12.48,-19.23,-21.15,-24.72,-20.84,-15.98
27736.00,-3.06,-7.87,-14.92,-20.91,-24.25,-24.63,-21.66,-11.55
27740.00,-4.31,-8.94,-14.73,-18.84,-21.20,-23.44,-16.74,-7.88
27744.00,-5.18,-10.55,-19.32,-22.36,-23.53,-17.59,-12.96,0.10
27748.00,-8.17,-14.90,-22.40,-20.60,-21.85,-13.62,-8.70,1.36
27752.00,-9.49,-19.00,-20.39,-24.11,-19.26,-12.85,-3.60,8.89
27756.00,-15.13,-17.50,-23.66,-21.66,-13.06,-9.85,4.65,10.51
27760.00,-14.83,-18.84,-21.21,-15.63,-11.81,-2.27,5.75,18.01
27764.00,-16.81,-22.14,-21.52,-17.45,-7.74,1.56,10.32,18.84
27768.00,-17.16,-18.20,-18.56,-10.07,-0.70,5.22,16.86,22.23
27772.00,-17.68,-16.62,-12.11,-9.63,2.99,11.85,18.81,21.34
27776.00,-17.60,-14.50,-10.89,-2.61,5.94,14.87,18.61,17.39
27780.00,-17.30,-15.36,-6.08,1.54,7.52,18.25,17.92,17.73
27784.00,-15.84,-10.45,-5.19,5.32,11.10,18.42,15.99,12.86
27788.00,-14.65,-7.87,-1.20,6.57,13.36,18.85,14.94,11.83
27792.00,-9.32,-0.81,5.09,10.77,16.50,19.37,14.50,8.06
27796.00,-5.81,2.63,9.53,15.78,17.96,13.94,8.66,4.60
27800.00,-5.44,5.67,9.67,16.68,18.21,11.87,6.91,-3.66
27804.00,0.95,9.73,14.57,13.40,12.85,10.16,3.64,-7.30
27808.00,5.89,11.23,14.75,13.96,12.78,5.20,-2.14,-11.29
27812.00,6.74,11.98,15.15,16.03,8.42,0.80,-7.25,-13.58
27816.00,8.85,14.33,14.52,13.03,6.80,-0.38,-6.72,-16.37
27820.00,12.68,13.16,10.94,9.79,2.84,-3.06,-11.82,-16.96
27824.00,11.24,13.77,12.08,8.35,-2.99,-6.95,-13.74,-16.89
27828.00,12.07,13.82,9.39,2.03,-6.08,-11.36,-15.86,-14.24
27832.00,11.37,9.60,5.24,1.60,-8.14,-12.86,-13.01,-12.92
27836.00,10.46,10.59,2.69,-1.79,-10.72,-15.33,-15.98,-11.92
27840.00,10.41,7.18,-1.09,-4.27,-9.04,-12.01,-12.52,-9.97
27844.00,5.96,1.42,-0.83,-8.54,-12.59,-15.59,-12.77,-10.11
27848.00,3.91,-2.29,-5.40,-7.85,-12.66,-10.27,-12.10,-3.69
27852.00,1.64,-4.45,-9.03,-13.24,-12.28,-12.08,-4.95,-0.58
27856.00,-1.42,-3.37,-9.57,-11.46,-13.35,-10.97,-2.62,-0.51
27860.00,-4.45,-7.24,-9.39,-9.25,-8.89,-6.54,-1.48,1.74
27864.00,-6.66,-9.19,-9.03,-8.10,-5.85,-3.35,1.38,1.10
27868.00,-4.20,-9.86,-10.43,-7.44,-6.41,-0.06,1.32,0.14
27872.00,-6.37,-11.71,-6.86,-4.46,-4.49,2.22,2.60,3.57
27876.00,-6.37,-9.68,-5.32,-6.49,-3.00,1.64,4.45,1.15
27880.00,-8.13,-6.09,-3.24,-0.60,0.87,2.28,1.09,-2.91
27884.00,-5.62,-6.35,-4.19,-2.04,3.61,3.43,-1.38,-2.51
27888.00,-6.36,-4.47,-0.83,-0.77,2.53,4.48,-1.87,-9.78
27892.00,-5.10,-3.37,-0.56,3.82,2.42,1.81,-2.58,-10.46
27896.00,-1.42,-0.73,1.90,3.77,3.46,-2.19,-5.52,-14.16
27900.00,-1.90,0.52,2.80,1.53,-0.59,-3.75,-10.09,-18.59
27904.00,-2.00,3.25,3.86,4.90,-1.92,-9.02,-16.23,-22.41
27908.00,0.29,2.58,2.33,2.39,-3.80,-8.30,-15.18,-23.51
27912.00,3.42,3.27,3.07,-0.59,-3.86,-11.72,-20.80,-21.82
27916.00,5.12,2.17,2.71,-3.69,-9.12,-15.42,-22.24,-21.99
27920.00,2.84,3.37,-0.53,-3.34,-11.82,-18.42,-20.02,-21.69
27924.00,2.47,1.77,-1.36,-6.59,-13.47,-18.34,-22.18,-19.48
27928.00,2.04,1.51,-3.60,-13.81,-16.51,-22.35,-22.14,-19.45
27932.00,3.36,-4.52,-8.71,-15.04,-21.77,-20.79,-21.40,-11.66
27936.00,1.35,-2.48,-13.13,-14.49,-18.97,-20.89,-18.69,-9.26
27940.00,0.01,-5.76,-13.98,-19.90,-20.46,-18.15,-13.24,-6.35
27944.00,-4.63,-10.41,-17.49,-19.65,-19.16,-16.33,-7.47,1.32
27948.00,-5.83,-10.83,-19.39,-21.84,-19.22,-14.57,-4.61,7.09
27952.00,-11.77,-12.48,-19.72,-19.60,-16.69,-7.53,3.18,11.44
27956.00,-9.80,-14.78,-19.79,-15.76,-12.02,-5.51,4.33,15.55
27960.00,-16.19,-17.66,-15.86,-12.99,-10.16,2.58,8.85,18.53
27964.00,-15.42,-19.87,-17.29,-11.89,-4.43,6.42,14.77,22.75
27968.00,-18.05,-17.39,-14.87,-5.72,-0.42,11.68,18.25,26.16
27972.00,-15.29,-17.21,-12.15,-1.81,3.31,14.89,19.54,23.92
27976.00,-17.19,-11.12,-7.59,0.25,8.47,15.87,23.07,22.66
27980.00,-15.64,-9.33,-6.16,4.95,13.86,19.26,22.33,20.33
27984.00,-10.36,-7.07,-1.83,7.44,15.96,22.22,21.82,18.68
27988.00,-7.91,-2.76,6.26,11.77,18.71,22.47,19.84,15.26
27992.00,-5.05,2.12,7.49,15.14,19.28,19.37,19.17,10.59
27996.00,-2.46,4.61,12.08,18.75,23.01,18.35,14.11,8.73
28000.00,-0.92,8.86,15.30,20.54,19.72,17.63,11.24,4.68
28004.00,4.10,11.51,16.34,19.47,17.47,13.73,7.86,0.76
28008.00,9.07,12.82,16.11,19.92,17.70,14.00,5.90,-6.70
28012.00,10.35,17.28,16.90,18.29,15.63,9.48,-1.54,-6.85
28016.00,12.79,16.18,16.55,14.65,12.69,4.04,-2.25,-9.86
28020.00,13.03,16.20,17.97,11.84,9.57,2.78,-6.60,-9.41
28024.00,13.83,15.05,17.72,12.77,6.46,-4.45,-6.84,-11.90
28028.00,15.31,17.91,11.77,8.46,0.37,-7.64,-9.19,-10.25
28032.00,13.67,12.95,9.04,2.80,-0.10,-6.64,-9.58,-11.97
28036.00,15.89,10.23,7.95,-0.48,-5.61,-7.71,-7.40,-10.10
28040.00,14.86,7.52,5.31,-0.94,-7.11,-10.10,-8.70,-3.08
28044.00,10.34,7.83,1.00,-5.81,-5.36,-8.60,-8.86,-2.06
28048.00,7.08,6.00,-1.72,-5.40,-5.64,-8.49,-5.35,0.08
28052.00,8.76,1.20,-4.27,-6.81,-6.68,-5.35,-0.81,0.84
28056.00,5.60,0.37,-5.32,-6.36,-3.67,-4.43,0.52,4.68
28060.00,2.71,-3.61,-5.34,-6.56,-6.37,-3.02,2.35,8.90
28064.00,1.30,-2.09,-3.65,-4.15,-3.69,3.88,7.48,8.96
28068.00,-1.01,-6.88,-3.55,-2.93,2.17,4.47,7.66,7.56
28072.00,-1.69,-4.88,-3.92,-1.46,2.48,5.30,7.15,9.24
28076.00,-1.63,-5.04,-2.81,-0.66,3.31,7.83,6.82,7.57
28080.00,-3.77,-4.18,-3.06,2.52,7.68,9.02,8.21,3.84
28084.00,-3.92,-1.93,-0.36,5.48,7.02,11.10,8.02,4.12
28088.00,-1.46,-1.50,1.90,4.55,8.21,7.96,6.65,0.40
28092.00,-3.63,2.36,3.61,7.18,10.46,7.50,3.52,-6.12
28096.00,-1.51,3.56,5.30,7.10,6.66,3.90,-0.48,-7.78
28100.00,1.84,6.51,7.79,9.30,6.95,1.13,-3.83,-9.53
28104.00,4.47,7.69,9.18,7.99,4.34,-0.61,-9.89,-13.90
28108.00,3.07,6.17,7.63,8.80,0.68,-6.08,-10.29,-15.04
28112.00,8.06,7.69,5.56,6.75,-3.42,-7.80,-11.93,-16.38
28116.00,8.29,10.12,5.30,0.57,-5.01,-11.71,-15.58,-18.87
28120.00,9.27,6.09,5.13,-3.13,-7.32,-11.00,-18.12,-16.14
28124.00,9.37,8.07,2.23,-3.43,-11.78,-16.27,-15.28,-14.88
28128.00,9.37,3.85,-3.04,-6.10,-12.64,-13.45,-17.07,-12.03
28132.00,6.74,4.29,-5.57,-8.57,-13.42,-17.68,-12.60,-6.00
28136.00,4.30,0.01,-4.98,-10.85,-16.59,-15.20,-11.02,-3.62
28140.00,4.67,-2.78,-9.57,-14.62,-16.84,-13.96,-5.79,3.98
28144.00,1.90,-4.45,-9.30,-15.50,-16.76,-9.01,-1.51,5.63
28148.00,-1.57,-8.36,-14.45,-14.49,-14.39,-5.01,-0.58,13.25
28152.00,-7.25,-11.94,-16.14,-14.76,-11.13,-5.62,9.10,17.57
28156.00,-8.92,-13.03,-11.83,-13.51,-7.09,1.50,14.06,24.16
28160.00,-8.95,-15.37,-13.52,-9.87,-5.24,5.11,16.13,26.30
28164.00,-12.10,-13.17,-14.28,-9.21,-0.21,11.52,20.07,25.64
28168.00,-10.05,-12.27,-7.73,-1.74,4.01,16.14,23.06,27.52
28172.00,-12.03,-11.08,-4.47,3.11,11.50,19.03,26.97,30.57
28176.00,-14.51,-11.86,-3.22,3.21,13.95,21.33,26.36,30.53
28180.00,-11.26,-4.27,1.60,9.73,17.51,24.92,26.29,26.34
28184.00,-11.40,-5.47,3.34,11.60,18.92,24.85,26.97,27.07
28188.00,-7.38,1.30,9.13,15.33,24.04,25.97,27.19,21.32
28192.00,-4.70,6.08,11.78,19.96,25.76,28.09,21.21,14.89
28196.00,2.21,9.03,15.97,21.03,24.09,25.67,22.80,12.28
28200.00,4.91,13.58,17.85,22.77,23.83,22.70,16.61,9.15
28204.00,7.32,14.93,21.35,21.87,24.64,17.85,10.14,2.88
28208.00,9.49,15.74,20.35,24.50,19.89,18.01,7.67,0.78
28212.00,15.44,21.43,22.57,23.93,17.99,13.44,6.63,-4.75
28216.00,16.88,21.67,20.57,22.32,15.38,9.78,3.25,-3.52
28220.00,16.82,21.52,20.60,17.27,13.39,5.25,-2.83,-4.97
28224.00,18.26,18.62,16.50,13.61,7.84,1.69,-3.89,-5.64
28228.00,18.19,21.35,17.60,12.32,4.12,-0.94,-5.74,-5.29
28232.00,19.69,16.48,14.39,8.97,2.73,-2.50,-8.34,-5.82
28236.00,16.74,17.07,10.81,4.95,-0.59,-2.39,-8.22,-1.06
28240.00,15.13,13.03,7.88,1.90,-1.23,-6.41,-3.66,-2.98
28244.00,13.05,11.24,5.49,1.35,-6.34,-6.96,-2.03,0.47
28248.00,12.14,7.34,-0.65,-1.23,-6.60,-5.13,-0.05,3.77
28252.00,10.61,5.66,-1.67,-2.07,-3.56,-1.75,0.74,7.84
28256.00,4.68,3.39,-0.32,-4.98,-4.38,1.32,2.60,10.37
28260.00,4.09,0.48,-4.98,-3.20,0.39,2.76,6.78,10.30
28264.00,2.15,-0.46,-4.14,-4.78,-1.54,5.80,11.34,11.15
28268.00,-1.45,-1.87,-2.42,0.79,3.88,6.31,9.57,13.76
28272.00,0.28,-2.87,-2.71,1.21,3.88,8.88,9.97,10.25
28276.00,-2.37,-4.90,-1.17,0.79,7.66,8.04,12.10,8.00
28280.00,-1.53,-3.49,0.22,3.01,9.24,12.00,10.77,6.85
28284.00,-2.97,0.53,3.85,7.73,11.50,9.13,10.20,1.64
28288.00,0.73,2.88,5.33,8.53,8.16,9.91,4.97,1.30
28292.00,1.12,2.97,8.01,10.29,11.90,9.71,4.23,-2.47
28296.00,-0.12,5.47,5.95,12.54,11.46,5.30,2.59,-8.56
28300.00,3.48,4.76,7.49,11.28,6.34,3.54,-3.89,-8.82
28304.00,6.21,6.81,9.48,8.56,6.78,2.53,-4.02,-14.10
28308.00,8.79,9.94,10.23,8.64,1.81,-0.79,-8.32,-15.70
28312.00,10.21,11.28,7.92,4.61,-2.18,-7.28,-13.07,-15.62
28316.00,6.66,7.36,8.77,3.82,-1.94,-11.51,-14.28,-15.39
28320.00,6.65,7.04,6.77,0.14,-6.21,-13.23,-14.62,-14.01
28324.00,8.64,8.22,1.65,-3.70,-7.79,-11.50,-17.32,-11.57
28328.00,9.93,5.73,-1.76,-6.88,-11.68,-13.67,-15.12,-12.68
28332.00,5.46,0.44,-3.67,-9.61,-15.59,-15.59,-14.61,-9.14
28336.00,6.47,0.97,-6.35,-9.21,-16.72,-12.35,-12.63,-0.02
28340.00,3.12,-0.79,-8.95,-15.66,-15.03,-11.20,-8.33,1.11
28344.00,1.50,-4.18,-11.92,-14.04,-15.16,-11.54,-4.88,6.55
28348.00,-3.17,-8.23,-13.59,-16.66,-13.10,-6.47,0.89,11.41
28352.00,-5.26,-8.38,-13.38,-12.81,-9.46,-3.26,8.99,18.00
28356.00,-10.24,-11.76,-12.89,-12.40,-7.51,0.01,11.38,20.94
28360.00,-9.02,-13.25,-15.77,-9.45,-4.76,6.24,16.53,26.94
28364.00,-14.17,-12.44,-13.88,-6.05,2.49,8.65,20.27,26.03
28368.00,-11.34,-11.46,-8.96,-2.89,3.61,13.60,22.19,28.07
28372.00,-13.64,-12.27,-9.16,-0.50,8.97,20.24,26.69,30.55
28376.00,-13.92,-11.63,-3.95,5.21,12.84,23.29,25.75,26.08
28380.00,-13.91,-8.77,-0.62,6.44,16.23,22.26,28.09,26.58
28384.00,-10.68,-4.92,3.00,14.38,18.66,25.20,24.89,24.71
28388.00,-6.55,-2.57,7.38,15.92,22.86,26.65,23.01,22.25
28392.00,-6.92,1.97,12.46,18.94,21.68,22.65,23.56,17.93
28396.00,0.99,7.02,13.78,19.82,22.98,24.16,16.65,10.07
28400.00,2.25,9.95,16.82,21.83,24.99,21.23,15.73,5.65
28404.00,7.37,13.20,19.21,23.76,23.02,16.56,9.71,4.76
28408.00,7.14,17.85,21.79,22.01,18.69,15.15,5.60,-1.65
28412.00,11.14,17.35,18.55,22.18,18.47,9.02,-0.25,-2.67
28416.00,11.81,17.45,22.49,16.41,14.90,4.72,-1.00,-9.42
28420.00,14.95,19.16,16.80,13.79,11.61,0.69,-6.11,-10.86
28424.00,18.70,17.97,15.73,14.42,6.81,-3.80,-4.61,-10.77
28428.00,17.62,15.62,16.49,7.03,0.51,-3.71,-7.42,-9.34
28432.00,18.40,16.15,9.68,4.90,-0.83,-8.24,-9.71,-10.05
28436.00,15.69,11.90,9.99,1.53,-2.73,-6.12,-11.01,-7.99
28440.00,15.74,11.77,4.76,-1.19,-8.24,-7.52,-7.24,-2.90
28444.00,13.69,4.95,0.71,-2.19,-7.93,-6.89,-7.44,-1.64
28448.00,11.90,6.34,0.01,-7.58,-8.16,-8.91,-2.69,-0.46
28452.00,7.17,-0.37,-1.78,-7.13,-5.45,-7.85,-1.30,5.07
28456.00,3.31,-0.45,-4.83,-7.55,-6.36,-2.68,0.79,7.56
28460.00,-0.88,-4.33,-4.66,-7.03,-6.95,-2.58,1.30,4.47
28464.00,-3.25,-2.18,-8.46,-6.48,-5.09,0.05,2.53,7.94
28468.00,-0.87,-4.95,-3.88,-2.02,-1.05,2.08,4.72,6.65
28472.00,-4.95,-5.77,-4.63,-2.79,-0.82,2.96,5.23,7.70
28476.00,-6.54,-3.63,-1.75,-0.47,3.98,6.65,5.15,6.41
28480.00,-3.63,-2.94,-0.09,1.60,6.53,5.35,8.63,4.08
28484.00,-2.75,-3.46,-2.07,5.54,3.63,7.20,6.79,-1.99
28488.00,-6.51,-2.78,1.41,3.46,4.32,7.44,0.76,-5.21
28492.00,-5.55,-1.55,1.85,6.60,7.68,5.08,-0.47,-7.46
28496.00,-0.31,0.49,3.74,4.65,4.65,2.98,-1.75,-10.83
28500.00,-1.39,3.20,5.74,5.29,1.94,-0.61,-8.27,-13.45
28504.00,2.65,2.42,8.25,5.26,-0.09,-6.21,-10.84,-17.99
28508.00,5.63,4.24,4.83,5.78,0.36,-5.20,-15.15,-17.53
28512.00,2.28,4.99,5.93,0.79,-6.54,-11.49,-15.76,-18.82
28516.00,6.37,3.66,5.84,-3.73,-9.98,-11.85,-21.55,-22.73
28520.00,7.78,2.64,3.54,-2.47,-13.09,-18.54,-18.89,-22.29
28524.00,3.14,5.43,1.15,-6.89,-14.60,-18.84,-23.09,-18.17
28528.00,3.94,2.68,-2.46,-9.42,-16.37,-21.84,-18.58,-16.07
28532.00,3.89,0.83,-7.28,-15.37,-18.50,-20.14,-19.19,-10.04
28536.00,2.59,-2.72,-11.91,-15.11,-17.99,-17.54,-13.80,-9.56
28540.00,-3.04,-9.33,-11.38,-19.26,-18.04,-19.45,-13.08,-3.81
28544.00,-4.66,-10.16,-13.43,-20.38,-19.38,-15.71,-7.82,2.89
28548.00,-5.74,-14.55,-17.72,-19.23,-16.54,-12.88,-4.90,6.30
28552.00,-9.58,-14.52,-19.08,-19.91,-16.44,-7.29,-0.86,9.49
28556.00,-14.04,-18.01,-20.68,-15.79,-12.28,-4.42,3.82,14.85
28560.00,-13.31,-18.43,-20.03,-16.95,-7.63,0.25,7.95,18.88
28564.00,-17.81,-16.10,-16.38,-12.17,-2.83,3.08,16.07,23.83
28568.00,-15.53,-16.12,-15.86,-9.70,-1.81,10.08,18.28,24.74
28572.00,-19.39,-16.37,-11.14,-5.26,3.94,12.12,19.55,25.55
28576.00,-18.05,-12.68,-7.50,-2.22,7.50,16.21,20.85,22.55
28580.00,-13.41,-10.94,-7.48,2.23,13.12,17.85,22.81,20.04
28584.00,-16.12,-9.13,0.30,7.54,13.61,18.64,21.64,17.91
28588.00,-12.16,-3.74,4.01,11.40,15.78,17.71,19.46,12.36
28592.00,-10.92,-0.37,8.13,11.22,16.66,19.53,18.46,10.42
28596.00,-4.00,3.64,10.85,14.80,19.26,19.27,14.91,5.71
28600.00,0.31,5.35,14.47,16.56,16.69,17.11,9.61,-0.14
28604.00,0.79,9.58,12.07,15.05,15.01,13.64,4.61,-3.58
28608.00,2.88,10.49,13.34,18.87,13.87,8.34,1.36,-9.71
28612.00,8.42,12.77,14.61,17.70,12.41,5.87,-4.25,-10.48
28616.00,8.43,13.58,15.72,13.56,8.36,-1.32,-8.61,-15.73
28620.00,12.72,13.12,13.35,8.11,3.74,-2.28,-12.58,-17.20
28624.00,10.58,15.08,12.64,7.22,1.81,-5.59,-11.43,-16.58
28628.00,12.98,12.09,10.34,4.18,-3.17,-10.14,-15.26,-17.56
28632.00,10.40,9.52,4.13,0.24,-7.87,-11.19,-15.45,-15.62
28636.00,10.68,8.93,2.82,-4.84,-11.17,-14.97,-16.95,-14.04
28640.00,7.66,6.78,1.96,-6.57,-9.65,-15.18,-11.36,-10.08
28644.00,8.31,5.43,-1.99,-6.81,-10.82,-13.16,-13.29,-5.92
28648.00,7.35,-2.16,-7.73,-9.49,-13.90,-10.52,-9.53,-7.00
28652.00,0.82,-3.45,-10.13,-10.67,-11.58,-10.29,-6.09,-2.69
28656.00,-2.06,-3.78,-11.15,-13.61,-12.80,-8.99,-2.74,-0.53
28660.00,0.02,-5.35,-8.31,-11.82,-9.19,-5.22,-3.46,2.60
28664.00,-3.40,-11.07,-11.11,-9.13,-9.59,-1.93,0.55,2.76
28668.00,-7.20,-9.83,-8.71,-10.94,-5.13,-3.06,-0.57,-0.52
28672.00,-9.62,-12.21,-7.62,-8.05,-3.18,-1.52,3.43,1.57
28676.00,-9.33,-11.57,-7.76,-2.82,-2.56,1.56,0.43,1.36
28680.00,-7.23,-8.95,-8.90,-1.31,-0.56,3.74,0.86,-3.71
28684.00,-8.78,-5.59,-5.42,-3.23,2.35,1.60,0.81,-7.96
28688.00,-6.21,-6.31,-4.05,1.08,-0.09,2.00,-1.70,-10.81
28692.00,-5.56,-1.92,-2.19,2.77,1.00,1.67,-5.45,-11.85
28696.00,-4.44,-4.13,-0.32,3.46,-0.95,-0.33,-9.30,-15.39
28700.00,-2.49,-1.27,-0.16,0.57,-0.38,-6.69,-12.21,-18.28
28704.00,-0.85,0.70,4.59,0.55,-3.12,-8.60,-13.60,-23.62
28708.00,1.88,1.52,0.60,-0.56,-4.22,-11.27,-20.10,-23.45
28712.00,-0.51,0.57,3.51,-2.64,-5.97,-12.84,-22.73,-26.42
28716.00,2.21,3.89,-2.22,-4.77,-13.88,-18.33,-25.20,-24.42
28720.00,4.57,-0.06,-1.18,-8.61,-16.20,-20.93,-22.76,-27.38
28724.00,3.31,0.62,-2.59,-11.74,-17.50,-21.78,-26.25,-25.52
28728.00,0.77,-2.94,-9.43,-12.01,-19.98,-22.33,-23.33,-19.21
28732.00,1.11,-2.43,-10.40,-15.02,-23.90,-23.15,-21.83,-15.48
28736.00,-1.65,-5.62,-13.28,-18.06,-24.64,-21.77,-17.37,-11.41
28740.00,-6.44,-8.58,-18.14,-22.66,-24.17,-24.01,-17.63,-8.92
28744.00,-6.20,-11.89,-20.09,-23.79,-22.10,-19.39,-11.38,0.22
28748.00,-7.04,-15.20,-18.89,-20.24,-19.22,-16.37,-5.61,2.19
28752.00,-9.48,-18.58,-20.87,-22.43,-19.36,-13.55,-3.30,8.12
28756.00,-16.62,-20.56,-21.78,-19.31,-14.94,-9.38,2.42,14.31
28760.00,-15.40,-18.12,-23.30,-15.57,-12.84,-0.30,5.69,16.87
28764.00,-18.28,-19.68,-19.61,-12.69,-7.72,0.07,12.19,19.82
28768.00,-19.68,-20.89,-18.61,-12.57,-0.93,6.32,12.68,20.20
28772.00,-19.71,-17.13,-14.29,-5.86,1.17,9.29,18.74,22.10
28776.00,-19.93,-15.14,-8.58,-3.89,4.85,15.19,20.50,20.44
28780.00,-15.97,-12.79,-5.41,1.85,11.33,17.47,18.37,17.79
28784.00,-13.64,-9.10,-4.98,3.14,11.79,17.69,16.20,15.74
28788.00,-11.26,-4.59,-0.12,8.78,17.32,20.05,15.33,9.98
28792.00,-7.78,-1.61,4.59,11.29,17.86,15.29,13.32,5.54
28796.00,-8.48,0.16,5.51,11.50,15.27,14.45,11.36,4.56
28800.00,-4.65,3.83,9.98,16.49,14.13,14.02,6.43,0.06
28804.00,-1.29,5.57,14.55,15.23,13.86,8.08,3.78,-3.29
28808.00,5.60,11.91,15.00,14.51,14.44,8.60,-2.12,-9.40
28812.00,5.95,11.76,15.04,14.77,11.59,3.86,-7.38,-14.87
28816.00,10.17,15.50,16.12,12.18,7.18,-1.74,-9.83,-12.68
28820.00,12.32,14.39,12.38,10.76,1.40,-5.02,-13.54,-16.95
28824.00,10.42,10.98,9.39,7.44,-0.23,-5.24,-14.00,-14.94
28828.00,14.32,11.55,10.55,4.40,-5.68,-8.09,-17.37,-16.98
28832.00,12.51,8.51,7.48,1.46,-9.27,-11.30,-13.38,-13.78
28836.00,13.76,5.97,2.66,-2.06,-10.10,-13.80,-15.09,-12.90
28840.00,9.40,6.82,1.61,-3.84,-9.37,-13.70,-12.96,-12.37
28844.00,9.71,2.11,-4.14,-9.56,-14.80,-14.74,-14.47,-8.22
28848.00,3.53,0.30,-4.05,-12.36,-10.85,-14.40,-8.72,-6.15
28852.00,2.45,-2.54,-8.92,-9.53,-14.40,-10.75,-5.78,-0.31
28856.00,-0.75,-7.15,-7.18,-10.21,-10.61,-6.22,-3.63,0.54
28860.00,-2.63,-7.25,-11.64,-13.07,-11.32,-7.57,-1.21,-0.94
28864.00,-4.92,-10.26,-10.13,-11.70,-7.30,-1.84,-0.03,0.18
28868.00,-7.48,-10.04,-9.36,-10.76,-6.55,-1.66,0.10,2.26
28872.00,-7.96,-9.30,-6.63,-4.96,-1.89,-1.09,3.79,2.74
28876.00,-8.67,-7.82,-8.15,-5.45,-0.64,1.86,4.71,0.34
28880.00,-9.57,-9.36,-5.83,-0.38,2.11,1.72,3.12,-0.81
28884.00,-6.28,-6.13,-3.23,2.14,2.06,4.96,-1.29,-2.13
28888.00,-7.29,-6.54,-1.00,1.95,4.54,4.57,-2.02,-6.03
28892.00,-6.19,-5.25,2.36,4.14,2.64,-1.49,-3.14,-9.98
28896.00,-3.60,-2.32,1.27,5.76,1.97,0.35,-6.70,-13.85
28900.00,-3.54,-0.26,5.31,2.96,0.33,-4.00,-10.59,-16.36
28904.00,-1.76,4.38,5.21,0.95,-1.39,-9.01,-15.11,-18.33
28908.00,0.61,4.73,2.30,0.15,-2.59,-9.96,-15.48,-23.04
28912.00,2.66,5.06,2.77,-2.02,-7.29,-12.75,-20.82,-22.27
28916.00,5.69,1.54,3.09,-0.85,-9.64,-15.14,-22.78,-24.01
28920.00,5.40,1.24,0.55,-5.59,-10.39,-18.11,-21.98,-22.58
28924.00,5.93,0.87,-0.31,-11.03,-16.30,-21.95,-21.62,-18.47
28928.00,5.31,0.70,-3.16,-12.08,-19.09,-23.37,-21.29,-18.96
28932.00,0.71,-3.14,-8.69,-15.82,-18.80,-19.22,-18.70,-11.13
28936.00,-1.57,-4.64,-11.28,-15.77,-18.67,-21.20,-15.47,-9.22
28940.00,-3.21,-6.54,-13.49,-18.91,-21.37,-20.71,-13.20,-6.36
28944.00,-2.13,-9.75,-14.94,-19.44,-21.15,-18.62,-9.51,0.05
28948.00,-4.88,-13.42,-18.88,-17.95,-16.07,-15.11,-3.32,6.48
28952.00,-7.71,-15.74,-16.06,-18.69,-14.98,-8.05,2.78,13.05
28956.00,-11.50,-17.58,-16.06,-17.44,-14.26,-1.47,8.62,18.07
28960.00,-13.04,-15.78,-16.58,-13.54,-5.77,2.19,8.53,20.77
28964.00,-15.50,-17.31,-17.52,-9.79,-4.27,6.95,16.60,24.03
28968.00,-13.63,-17.73,-14.22,-8.53,0.97,9.89,17.99,22.34
28972.00,-17.22,-16.86,-11.83,-5.09,6.95,12.98,22.36,26.88
28976.00,-13.34,-13.97,-5.46,1.59,9.73,19.89,25.09,26.04
28980.00,-14.14,-10.25,-2.35,6.77,12.32,18.49,25.51,22.79
28984.00,-14.69,-8.48,-1.38,7.57,14.84,24.15,24.15,17.44
28988.00,-11.17,-6.08,5.53,11.66,18.61,20.11,23.44,15.97
28992.00,-8.23,-0.27,8.77,14.98,20.95,20.35,19.25,11.36
28996.00,-5.08,4.38,9.23,20.13,21.51,17.99,15.69,6.98
29000.00,-0.88,8.31,12.48,17.48,21.64,19.83,9.36,5.25
29004.00,5.02,10.81,15.45,17.84,18.45,16.19,5.39,1.59
29008.00,7.85,15.42,18.11,18.57,17.02,13.03,5.83,-6.16
29012.00,10.89,13.97,17.03,20.54,15.18,9.10,2.38,-7.93
29016.00,10.56,15.90,17.60,18.04,13.49,4.07,-2.57,-7.48
29020.00,16.04,16.25,18.02,14.22,8.80,0.77,-7.91,-10.01
29024.00,16.34,19.72,16.18,10.30,6.16,-3.87,-8.81,-10.16
29028.00,17.25,13.81,13.70,6.30,1.61,-3.91,-11.19,-11.08
29032.00,14.64,15.76,10.96,4.60,-0.85,-9.85,-12.08,-8.84
29036.00,15.32,14.46,8.39,0.17,-7.12,-10.71,-8.82,-6.39
29040.00,12.62,8.36,6.06,-0.03,-4.38,-11.34,-10.49,-5.28
29044.00,11.84,6.25,0.92,-1.74,-7.20,-7.13,-7.10,-2.91
29048.00,10.10,5.22,-1.28,-6.72,-7.30,-8.42,-2.62,1.38
29052.00,8.76,0.99,-4.39,-8.52,-5.71,-6.45,-1.78,2.52
29056.00,3.17,-2.78,-3.46,-6.34,-3.68,-1.28,1.68,3.66
29060.00,0.01,-0.46,-3.33,-4.49,-3.23,-1.20,1.55,4.91
29064.00,-2.31,-5.95,-8.04,-6.89,-1.59,0.81,6.27,5.97
29068.00,-3.02,-5.76,-3.32,-2.77,0.62,3.48,9.06,8.30
29072.00,-5.42,-6.77,-4.12,-1.65,1.26,4.68,10.74,10.25
29076.00,-5.02,-4.48,-1.33,-0.64,2.69,8.64,8.44,5.11
29080.00,-5.32,-2.52,1.27,4.83,4.85,10.69,7.12,6.42
29084.00,-4.49,-1.66,-0.85,5.56,6.11,9.00,4.94,1.96
29088.00,-1.18,-1.39,3.02,4.77,7.99,6.12,3.91,-3.91
29092.00,0.18,-0.58,7.60,5.99,8.12,6.43,2.22,-4.65
29096.00,1.72,3.67,8.24,8.25,7.02,6.55,-2.75,-5.88
29100.00,1.03,6.31,9.47,9.59,8.79,2.12,-2.20,-11.59
29104.00,6.03,8.37,10.73,5.40,6.12,-2.25,-6.85,-13.54
29108.00,6.90,5.82,6.54,7.77,2.79,-5.02,-13.32,-15.24
29112.00,7.04,8.07,7.54,3.14,-3.33,-7.61,-14.30,-18.90
29116.00,7.54,7.02,5.49,3.44,-5.65,-9.24,-17.46,-17.65
29120.00,6.67,5.94,5.32,1.56,-8.10,-10.71,-18.66,-18.48
29124.00,6.04,7.92,2.61,-1.75,-9.72,-17.33,-16.59,-15.92
29128.00,8.08,4.28,-0.56,-6.20,-10.77,-16.06,-14.46,-12.64
29132.00,7.28,3.86,-3.27,-8.32,-14.74,-16.42,-14.28,-6.00
29136.00,2.54,-2.44,-5.95,-9.34,-14.83,-14.33,-11.79,-4.26
29140.00,2.68,-1.65,-9.03,-15.03,-15.85,-11.49,-5.07,2.84
29144.00,-1.53,-5.80,-10.14,-12.57,-17.16,-12.68,-5.23,9.30
29148.00,-3.06,-10.66,-15.05,-14.23,-13.07,-5.85,0.01,14.08
29152.00,-4.84,-10.91,-13.97,-16.00,-11.52,-4.50,6.24,16.05
29156.00,-5.41,-14.27,-13.19,-14.61,-4.94,-1.15,13.89,24.17
29160.00,-7.92,-12.19,-13.92,-10.72,-5.11,7.80,17.82,26.41
29164.00,-11.77,-14.87,-11.47,-8.84,-0.28,9.70,21.95,26.34
29168.00,-12.81,-13.86,-7.51,-1.69,4.83,13.92,21.80,30.29
29172.00,-13.50,-11.09,-6.32,0.17,11.33,21.22,24.41,28.42
29176.00,-14.30,-9.87,-4.58,6.87,13.23,21.83,26.66,29.42
29180.00,-8.74,-8.92,1.02,11.06,16.40,23.21,30.13,26.68
29184.00,-9.38,-3.06,3.43,14.08,21.92,25.61,28.89,22.31
29188.00,-4.29,-2.06,8.35,17.65,23.09,25.99,24.41,23.36
29192.00,-1.17,3.17,10.58,18.49,25.79,26.78,23.52,17.24
29196.00,-2.00,5.94,15.27,20.06,25.04,24.07,21.73,14.75
29200.00,3.74,9.03,20.65,21.92,24.51,23.77,17.45,6.52
29204.00,5.01,15.01,22.16,26.03,23.75,18.97,12.82,2.02
29208.00,11.62,18.30,21.32,23.88,22.97,17.29,8.66,1.45
29212.00,14.57,20.86,21.03,23.20,18.59,10.06,2.70,-0.15
29216.00,17.07,20.96,23.89,20.53,16.52,8.40,2.31,-7.06
29220.00,15.83,23.07,21.93,19.69,11.18,4.62,0.39,-6.18
29224.00,17.75,19.10,18.54,13.95,9.26,3.44,-2.95,-9.34
29228.00,18.42,20.94,15.48,12.18,6.15,-0.48,-6.19,-4.23
29232.00,17.97,18.19,15.01,8.13,1.69,-5.36,-4.39,-3.58
29236.00,19.60,13.20,11.30,3.87,0.18,-4.61,-6.67,-2.03
29240.00,17.11,10.29,8.06,0.60,-4.32,-6.38,-3.87,-2.52
29244.00,11.88,7.89,4.31,0.92,-3.74,-4.03,-2.61,-0.84
29248.00,12.90,6.38,0.87,-3.85,-4.05,-4.76,0.01,2.82
29252.00,8.38,3.29,0.40,-5.36,-5.41,-0.34,3.45,4.28
29256.00,8.88,-0.56,-2.83,-4.91,-4.80,-0.98,4.67,7.30
29260.00,5.52,-0.58,-1.11,-3.63,0.76,4.25,8.35,9.85
29264.00,2.98,-2.00,-0.97,-3.60,0.90,4.90,6.57,12.49
29268.00,1.28,-3.28,-3.21,-2.31,3.30,8.14,8.55,12.52
29272.00,-1.22,-2.59,-2.96,-1.49,3.76,8.16,12.16,9.47
29276.00,-3.51,-1.40,-1.19,3.29,7.99,7.87,12.41,8.39
29280.00,-1.86,-2.06,1.52,3.14,9.82,11.56,11.08,5.90
29284.00,-2.65,-1.80,0.93,9.15,8.24,12.36,11.04,6.01
29288.00,-0.22,-0.60,6.57,8.75,10.25,9.75,8.18,-0.20
29292.00,0.76,1.15,5.62,8.38,10.88,10.68,4.80,-5.24
29296.00,-0.08,4.58,6.11,12.17,10.96,5.79,-1.32,-8.65
29300.00,3.44,6.93,7.90,7.99,10.23,1.48,-0.63,-10.04
29304.00,6.28,7.44,9.74,10.88,8.31,0.54,-4.14,-10.12
29308.00,7.49,7.72,11.97,9.85,1.68,-3.62,-11.01,-14.14
29312.00,9.51,8.46,7.03,4.52,1.13,-8.16,-11.00,-15.73
29316.00,9.66,10.78,6.83,0.66,-1.64,-7.77,-15.06,-16.49
29320.00,9.91,7.43,7.63,-2.35,-3.90,-10.33,-16.18,-13.61
29324.00,10.58,6.26,0.62,-1.72,-9.21,-15.16,-17.48,-15.39
29328.00,7.38,6.33,-1.42,-4.14,-9.31,-14.10,-17.04,-8.39
29332.00,4.96,4.08,-1.63,-10.00,-13.01,-14.69,-11.52,-4.89
29336.00,2.33,-2.00,-4.18,-11.71,-16.52,-16.55,-10.81,-0.81
29340.00,3.25,-1.42,-9.40,-13.57,-17.13,-10.85,-8.92,2.67
29344.00,0.13,-5.19,-11.73,-13.38,-12.66,-12.69,-2.02,8.18
29348.00,-0.43,-10.42,-12.15,-13.33,-14.74,-9.27,-0.09,12.20
29352.00,-5.66,-8.12,-14.37,-13.44,-8.51,-3.03,8.07,18.12
29356.00,-7.67,-12.98,-12.06,-10.40,-9.10,1.80,10.53,20.22
29360.00,-9.55,-10.97,-14.19,-11.95,-4.72,3.47,15.73,25.48
29364.00,-10.82,-12.87,-12.09,-7.43,0.19,8.83,21.52,26.79
29368.00,-14.73,-15.49,-11.93,-2.31,2.96,15.66,25.25,26.59
29372.00,-12.84,-13.63,-6.20,0.92,8.44,19.13,28.23,29.90
29376.00,-13.17,-11.63,-5.83,5.52,13.73,21.70,27.60,27.52
29380.00,-9.50,-5.09,1.46,6.60,18.37,23.85,28.44,26.66
29384.00,-7.53,-2.74,3.79,12.95,18.59,26.78,25.24,21.51
29388.00,-10.00,-1.08,8.87,15.76,22.75,27.98,23.01,20.12
29392.00,-2.62,3.67,8.49,20.88,25.62,23.30,23.08,16.14
29396.00,0.96,3.94,16.27,18.87,23.13,21.89,20.71,10.47
29400.00,2.73,8.88,16.25,23.19,21.07,20.80,14.00,6.40
29404.00,7.19,11.08,18.09,19.78,19.68,18.25,10.27,3.52
29408.00,6.84,14.40,18.18,21.99,16.99,15.01,7.10,-1.63
29412.00,12.93,19.22,20.22,17.83,15.76,11.71,3.09,-3.41
29416.00,14.34,16.33,18.47,17.40,14.15,7.40,-2.37,-6.67
29420.00,13.92,16.62,18.73,15.91,8.72,1.99,-6.81,-6.91
29424.00,19.23,20.73,17.06,13.18,4.31,-3.61,-6.25,-10.55
29428.00,19.25,16.58,15.33,8.79,-0.15,-2.80,-6.06,-7.21
29432.00,16.37,16.45,10.86,6.65,1.02,-5.39,-7.40,-7.89
29436.00,17.85,11.79,10.36,2.43,-1.46,-5.70,-7.81,-5.11
29440.00,14.42,7.84,4.37,-3.32,-8.17,-6.81,-7.77,-6.03
29444.00,12.03,6.56,2.12,-5.06,-5.10,-6.25,-7.90,-3.39
29448.00,7.42,5.43,-1.63,-5.21,-8.98,-5.70,-4.51,0.65
29452.00,7.60,1.23,-4.07,-5.83,-8.51,-3.84,-0.50,5.02
29456.00,4.06,-3.43,-3.54,-8.33,-4.05,-5.84,-1.00,4.29
29460.00,-0.80,-0.64,-5.13,-6.05,-2.65,-0.71,0.69,8.24
29464.00,1.28,-5.38,-6.94,-7.71,-0.83,0.89,7.19,7.13
29468.00,-4.31,-6.03,-8.39,-2.05,-0.08,5.18,5.94,7.55
29472.00,-6.46,-5.44,-3.47,-0.96,2.94,3.93,6.76,8.35
29476.00,-4.13,-4.84,-4.50,-2.74,1.22,4.13,7.11,2.56
29480.00,-7.28,-5.42,-2.13,1.17,4.05,4.47,8.62,0.63
29484.00,-6.44,-2.34,-1.63,5.26,6.56,4.73,5.09,-2.57
29488.00,-6.58,-0.72,3.73,5.96,7.90,6.41,1.70,-5.37
29492.00,-2.99,0.13,3.20,3.84,5.33,3.63,-1.99,-7.67
29496.00,-1.43,1.65,5.10,5.94,3.47,0.54,-1.90,-9.68
29500.00,-1.86,2.27,4.22,4.14,2.57,0.81,-8.48,-12.12
29504.00,0.29,2.44,7.99,4.69,4.04,-5.20,-11.10,-19.80
29508.00,1.95,3.95,3.92,3.53,-0.26,-7.18,-15.64,-19.45
29512.00,4.12,6.91,5.98,0.44,-5.90,-11.86,-16.11,-20.92
29516.00,2.84,4.96,5.18,-3.56,-6.43,-14.71,-19.26,-19.31
29520.00,3.68,6.37,1.06,-5.93,-11.12,-16.15,-21.61,-20.88
29524.00,3.41,4.09,-2.84,-8.76,-13.03,-18.92,-18.75,-19.86
29528.00,2.28,-0.88,-3.23,-11.25,-14.89,-18.78,-21.68,-13.99
29532.00,3.20,0.31,-7.99,-15.31,-19.48,-19.08,-20.89,-14.29
29536.00,1.99,-2.37,-10.07,-17.21,-20.04,-18.10,-17.23,-7.50
29540.00,-1.58,-6.88,-13.72,-17.20,-18.68,-17.14,-11.17,-4.14
29544.00,-1.89,-9.33,-17.80,-17.97,-18.53,-15.78,-8.63,0.02
29548.00,-5.55,-14.75,-16.67,-19.10,-15.96,-11.26,-3.79,4.36
29552.00,-7.41,-13.44,-20.71,-17.63,-15.41,-7.27,-1.18,13.90
29556.00,-13.89,-19.06,-17.94,-17.78,-12.64,-4.85,4.88,16.82
29560.00,-12.58,-18.80,-15.93,-15.25,-9.43,2.75,8.96,19.60
29564.00,-16.56,-19.19,-17.91,-11.54,-4.98,4.16,13.36,22.76
29568.00,-14.70,-18.93,-14.67,-9.37,2.03,7.62,16.15,23.91
29572.00,-16.14,-15.68,-11.81,-6.61,3.94,14.16,20.96,25.46
29576.00,-17.41,-15.86,-10.16,-1.01,8.06,13.84,19.58,21.04
29580.00,-15.53,-10.50,-3.57,5.41,10.28,20.62,22.86,18.03
29584.00,-14.87,-8.52,0.16,6.47,16.45,19.07,20.43,18.15
29588.00,-12.56,-3.28,3.18,8.49,15.04,21.78,17.88,15.78
29592.00,-6.52,-0.38,4.99,15.16,17.58,19.99,18.57,8.85
29596.00,-6.36,3.91,10.22,17.36,18.27,18.00,14.96,7.09
29600.00,-2.98,3.10,12.73,15.55,19.71,15.03,10.11,2.50
29604.00,0.41,7.12,14.91,18.90,18.55,9.53,4.58,-5.98
29608.00,4.14,10.01,13.99,15.74,13.94,10.58,-0.06,-10.06
29612.00,6.18,15.31,16.26,15.20,12.86,5.42,-4.13,-8.97
29616.00,8.19,12.18,16.96,15.07,8.93,1.49,-5.88,-11.42
29620.00,11.53,16.87,14.52,9.75,5.55,-1.63,-8.86,-14.41
29624.00,13.64,14.40,12.62,8.19,-1.21,-6.59,-14.56,-14.53
29628.00,11.63,14.62,11.10,5.18,-1.30,-11.75,-12.45,-15.16
29632.00,14.63,11.07,6.83,-2.01,-8.25,-9.73,-13.50,-12.80
29636.00,11.46,8.14,3.69,-2.65,-9.42,-15.27,-13.12,-11.78
29640.00,11.74,8.31,1.07,-5.71,-11.59,-11.25,-10.95,-12.63
29644.00,9.07,5.62,-1.07,-10.46,-11.97,-11.61,-13.69,-5.58
29648.00,7.10,-2.29,-3.61,-9.78,-12.69,-10.75,-10.37,-6.43
29652.00,5.16,-2.92,-6.49,-9.75,-13.41,-11.80,-7.99,-2.80
29656.00,1.80,-2.94,-9.77,-12.52,-13.16,-9.29,-4.63,1.59
29660.00,-1.30,-6.75,-11.44,-10.97,-9.89,-4.47,-0.34,1.44
29664.00,-2.38,-10.57,-12.01,-12.42,-9.75,-2.12,-2.53,0.33
29668.00,-6.45,-8.29,-11.10,-8.05,-3.47,-0.34,1.90,0.63
29672.00,-7.92,-8.94,-7.35,-9.14,-2.04,0.71,4.12,-1.12
29676.00,-10.35,-10.82,-7.05,-2.99,-3.41,3.33,1.42,-1.15
29680.00,-10.75,-8.12,-4.59,-5.51,-1.73,3.88,2.36,-2.27
29684.00,-10.50,-9.42,-6.18,0.10,-0.57,0.13,-1.03,-6.37
29688.00,-6.30,-5.51,-1.98,-1.34,-0.11,2.80,-4.35,-9.94
29692.00,-5.92,-2.74,-2.84,0.82,1.32,-0.28,-3.43,-14.53
29696.00,-5.94,0.31,2.24,3.01,2.43,-4.78,-11.06,-16.18
29700.00,-4.57,-0.01,1.52,3.97,-1.05,-5.92,-9.99,-21.83
29704.00,-1.34,2.33,1.05,-1.10,-0.36,-6.53,-17.95,-23.70
29708.00,0.06,3.50,3.81,-1.23,-7.12,-10.06,-20.81,-24.55
29712.00,-0.77,2.38,0.50,-0.72,-9.78,-16.21,-23.39,-24.32
29716.00,-0.38,2.06,0.13,-6.24,-9.86,-17.83,-23.90,-26.27
29720.00,4.22,0.78,-0.27,-8.82,-15.53,-22.32,-23.33,-23.10
29724.00,4.46,0.24,-2.92,-11.26,-19.80,-24.85,-24.84,-24.41
29728.00,2.69,-4.05,-9.33,-14.04,-21.67,-24.38,-25.33,-21.43
29732.00,1.40,-3.08,-12.69,-15.62,-21.97,-22.32,-22.13,-15.91
29736.00,-1.33,-5.51,-11.41,-19.15,-23.48,-22.64,-22.16,-14.34
29740.00,-1.87,-11.66,-14.06,-19.23,-25.90,-22.09,-14.47,-7.47
29744.00,-7.38,-10.99,-16.95,-22.19,-23.94,-17.76,-10.68,-1.52
29748.00,-7.89,-14.47,-20.53,-22.56,-18.70,-13.73,-5.09,3.13
29752.00,-11.27,-18.05,-20.27,-19.63,-20.65,-12.15,-2.10,8.43
29756.00,-13.99,-17.25,-21.22,-18.47,-15.49,-7.20,3.56,12.56
29760.00,-16.33,-19.30,-19.75,-19.16,-10.03,-0.39,8.06,17.60
29764.00,-17.97,-21.13,-21.62,-17.09,-5.58,1.48,9.70,16.66
29768.00,-19.45,-19.20,-19.75,-11.41,-3.51,4.93,14.43,18.17
29772.00,-19.60,-20.25,-16.89,-5.83,3.36,10.54,16.75,21.19
29776.00,-17.29,-16.28,-13.21,-3.03,4.98,13.80,17.93,21.14
29780.00,-18.39,-13.23,-8.83,3.44,9.98,17.03,20.76,19.98
29784.00,-15.49,-8.17,-3.23,5.06,11.27,19.03,19.63,14.48
29788.00,-11.76,-8.72,2.42,8.53,14.22,16.37,17.25,8.95
29792.00,-12.47,-2.10,2.34,13.23,18.45,17.36,14.75,7.12
29796.00,-8.68,-1.54,7.87,13.17,16.78,14.81,9.63,4.11
29800.00,-3.60,5.20,11.25,16.80,16.51,15.89,8.21,0.34
29804.00,-2.20,5.60,10.43,16.06,12.80,9.16,0.99,-4.25
29808.00,4.46,9.16,13.73,17.87,12.50,8.54,0.26,-11.85
29812.00,4.97,13.47,16.81,11.81,9.90,1.66,-4.61,-14.16
29816.00,7.53,13.97,12.32,13.63,8.77,0.69,-8.30,-16.19
29820.00,12.80,14.73,12.99,10.26,4.55,-5.92,-11.82,-16.37
29824.00,10.11,15.62,10.37,8.65,-1.85,-7.79,-11.41,-19.20
29828.00,14.95,13.42,6.60,5.02,-2.45,-9.14,-17.22,-18.12
29832.00,13.27,8.65,4.91,0.95,-5.38,-13.74,-16.35,-16.75
29836.00,11.81,6.38,3.32,-1.40,-11.51,-11.47,-16.29,-11.18
29840.00,8.77,5.74,1.15,-5.55,-9.12,-12.35,-13.68,-12.47
29844.00,7.51,4.63,-4.67,-10.76,-14.60,-11.33,-13.19,-8.95
29848.00,3.70,0.56,-4.16,-10.14,-11.34,-13.69,-8.75,-4.48
29852.00,1.12,-3.25,-7.58,-10.42,-12.15,-10.68,-5.41,-2.86
29856.00,2.61,-6.98,-8.88,-10.33,-10.97,-10.16,-3.19,2.00
29860.00,-3.73,-5.05,-9.78,-10.71,-9.88,-7.83,-0.06,3.15
29864.00,-6.49,-8.20,-8.00,-10.41,-9.63,-2.46,2.09,3.94
29868.00,-8.05,-10.37,-7.47,-9.98,-4.15,-1.45,0.74,4.35
29872.00,-6.32,-10.39,-10.79,-8.35,-2.84,-0.40,3.96,1.37
29876.00,-6.62,-7.54,-7.77,-6.75,-1.09,2.28,4.86,-0.12
29880.00,-7.41,-6.92,-3.73,-1.13,3.59,3.01,1.13,-2.54
29884.00,-5.62,-6.87,-4.94,2.19,0.42,3.26,2.63,-2.62
29888.00,-5.26,-3.18,-2.84,2.56,4.03,4.48,-3.07,-7.71
29892.00,-6.98,-2.20,-1.93,4.84,3.86,3.40,-6.02,-11.51
29896.00,-6.24,-1.33,3.54,4.48,2.63,-3.55,-7.77,-13.90
29900.00,-0.43,-1.21,4.21,4.98,1.36,-3.01,-12.46,-19.77
29904.00,-1.09,0.17,3.91,3.58,1.12,-9.12,-14.65,-22.34
29908.00,1.03,5.62,1.32,3.18,-3.65,-7.54,-18.18,-24.32
29912.00,1.39,4.31,3.02,1.83,-4.41,-13.56,-17.45,-24.20
29916.00,1.70,2.91,3.20,-1.61,-9.17,-16.71,-20.46,-22.84
29920.00,2.24,1.37,1.92,-5.28,-10.69,-17.06,-21.29,-20.80
29924.00,4.96,1.31,-0.10,-7.92,-17.68,-20.75,-23.42,-21.76
29928.00,2.70,-1.94,-4.45,-9.90,-19.32,-22.54,-19.88,-15.68
29932.00,1.70,-2.69,-9.26,-13.44,-19.97,-22.37,-20.55,-12.86
29936.00,2.76,-5.71,-11.69,-15.21,-22.60,-20.76,-18.66,-8.03
29940.00,-2.59,-9.65,-13.03,-19.80,-19.41,-17.93,-13.87,-4.69
29944.00,-6.24,-12.53,-17.06,-20.72,-21.28,-14.72,-7.20,2.24
29948.00,-7.55,-10.69,-19.49,-19.86,-17.03,-11.41,-1.81,5.88
29952.00,-8.06,-15.47,-16.67,-19.66,-16.26,-8.38,0.24,9.34
29956.00,-12.32,-18.09,-20.10,-18.98,-12.73,-3.97,6.03,17.00
29960.00,-11.25,-19.30,-20.28,-16.93,-9.64,0.84,12.52,18.12
29964.00,-14.64,-17.43,-14.40,-10.70,-2.76,7.56,12.74,22.55
29968.00,-18.09,-15.59,-14.03,-6.29,2.04,10.03,16.50,24.19
29972.00,-18.51,-14.91,-11.26,-3.64,2.79,15.34,22.83,23.23
29976.00,-13.67,-15.30,-6.91,-0.74,7.83,17.67,20.96,23.31
29980.00,-14.35,-12.64,-1.61,5.15,15.14,17.84,25.41,22.58
29984.00,-11.76,-5.28,1.79,10.26,14.84,20.57,20.66,19.05
29988.00,-8.98,-2.01,3.14,10.58,17.40,20.64,22.10,14.59
29992.00,-7.11,0.08,9.21,16.65,22.08,21.06,20.86,10.02
29996.00,-5.81,4.20,12.34,18.64,18.92,17.98,16.74,7.97
