Time,C3,C4,P3,P4,PO3,PO4,O1,O2
0.00,-0.57,6.38,16.18,20.30,20.46,19.40,11.87,5.88
4.00,5.08,11.66,15.03,21.76,20.49,15.30,5.67,-0.54
8.00,5.96,14.06,16.36,17.36,16.76,9.55,2.83,-2.13
12.00,7.66,14.98,19.71,19.29,12.98,7.90,0.41,-5.84
16.00,14.27,17.17,19.88,16.40,9.20,6.17,-5.92,-9.36
20.00,15.46,15.53,17.54,15.59,6.99,2.34,-5.56,-11.48
24.00,14.34,16.50,17.02,10.80,2.30,-5.05,-6.74,-9.98
28.00,16.71,14.32,11.86,8.89,-1.31,-3.82,-7.88,-9.17
32.00,14.10,15.89,12.41,6.37,-3.66,-8.76,-12.38,-7.75
36.00,15.44,14.49,7.21,-0.06,-5.22,-8.31,-10.05,-5.43
40.00,11.88,10.54,6.21,-0.82,-5.80,-7.25,-6.91,-6.64
44.00,13.08,9.18,-1.02,-6.19,-7.37,-7.67,-7.69,-0.37
48.00,11.73,5.82,-2.40,-6.39,-9.88,-6.02,-6.42,-1.64
52.00,9.20,3.74,-1.63,-4.55,-7.21,-4.15,-1.97,0.99
56.00,2.83,1.65,-2.99,-8.48,-8.57,-4.94,3.26,5.60
60.00,0.70,-2.65,-7.70,-3.93,-3.22,-2.16,1.66,8.32
64.00,1.44,-1.57,-3.45,-7.36,-1.51,2.80,6.26,7.35
68.00,-3.40,-6.03,-5.40,-3.77,1.29,4.15,5.60,8.38
72.00,-1.99,-3.31,-2.83,-3.68,0.66,6.82,6.91,7.16
76.00,-3.13,-5.90,-5.10,-1.55,4.51,6.15,7.73,5.37
80.00,-4.51,-1.85,-2.55,3.61,4.06,6.99,9.40,6.88
84.00,-2.37,-1.48,0.20,5.26,8.39,9.07,7.06,2.47
88.00,-3.21,0.93,1.99,6.71,7.15,9.00,6.19,0.07
92.00,-0.69,-0.73,7.51,7.97,10.35,7.22,0.68,-4.54
96.00,1.88,4.87,7.72,7.97,8.37,4.45,-1.05,-8.51
100.00,0.31,4.84,9.82,8.00,8.58,3.37,-6.42,-11.32
104.00,3.95,9.27,6.36,7.37,4.16,1.07,-7.01,-14.91
108.00,5.07,8.20,10.67,8.58,3.63,-4.93,-12.13,-16.55
112.00,4.96,7.25,9.03,2.23,-1.68,-8.90,-15.72,-17.60
116.00,9.07,9.08,4.61,0.10,-6.03,-9.22,-13.78,-17.04
120.00,6.16,8.85,2.57,0.77,-8.73,-11.27,-17.10,-14.79
124.00,7.95,4.36,3.25,-4.78,-10.25,-15.78,-15.85,-16.66
128.00,7.49,2.08,0.16,-5.66,-12.39,-15.91,-13.72,-12.03
132.00,6.03,2.27,-3.40,-10.13,-12.65,-15.41,-13.89,-9.19
136.00,2.79,-2.04,-7.48,-12.76,-16.41,-14.09,-8.89,-3.25
140.00,0.83,-3.75,-6.99,-11.91,-16.19,-14.21,-6.98,0.90
144.00,-2.24,-3.79,-11.07,-15.74,-15.51,-9.60,-2.23,7.40
148.00,-1.33,-8.79,-12.17,-16.34,-13.56,-6.76,2.16,12.73
152.00,-3.20,-8.15,-14.31,-14.57,-10.08,-1.33,7.93,16.89
156.00,-8.75,-11.91,-12.64,-10.13,-4.91,2.01,10.45,24.28
160.00,-7.90,-12.15,-14.32,-11.59,-2.11,5.74,14.50,22.93
164.00,-9.99,-11.12,-13.43,-6.94,0.13,10.38,22.01,29.50
168.00,-13.39,-12.71,-10.32,-2.82,5.96,14.03,25.11,27.37
172.00,-13.31,-11.54,-6.67,1.01,8.01,19.73,26.55,29.54
176.00,-10.33,-11.53,-4.94,3.47,11.98,24.37,30.43,27.25
180.00,-13.34,-6.64,-1.47,9.28,20.46,26.36,27.08,27.49
184.00,-7.80,-4.14,5.07,12.20,20.88,24.26,26.13,22.67
188.00,-8.84,1.32,9.06,17.67,24.64,27.93,27.49,19.64
192.00,-3.07,5.49,13.86,19.10,23.62,24.15,25.17,16.29
196.00,1.15,7.41,14.76,22.24,24.84,24.77,22.11,14.89
200.00,4.53,12.10,17.68,25.32,25.80,24.20,16.46,7.42
204.00,5.94,13.12,22.04,24.52,21.86,18.18,14.18,3.82
208.00,8.99,16.34,22.18,22.42,22.01,14.86,7.56,-0.97
212.00,11.21,20.14,21.02,23.09,20.58,11.07,4.47,-0.50
216.00,14.22,19.34,21.27,22.36,15.08,9.15,3.09,-4.12
220.00,16.06,19.79,21.15,16.03,11.07,2.47,-3.96,-7.43
224.00,20.96,18.79,18.56,16.54,8.65,1.70,-5.65,-8.68
228.00,18.43,20.50,14.70,10.99,5.96,-2.32,-6.31,-8.87
232.00,19.08,16.01,13.29,8.13,1.18,-1.74,-7.05,-5.01
236.00,16.03,16.90,8.47,2.79,0.25,-5.36,-5.16,-4.44
240.00,17.46,15.08,7.45,1.68,-2.80,-6.73,-4.11,-2.47
244.00,11.93,10.46,5.76,-0.77,-2.73,-2.87,-1.98,-0.92
248.00,10.03,9.12,0.86,-0.21,-4.18,-6.25,-1.99,1.98
252.00,8.32,6.07,-1.41,-4.50,-4.53,-3.13,2.41,5.77
256.00,6.24,3.46,-2.34,-2.90,-4.77,0.11,5.10,8.34
260.00,1.52,0.57,-5.28,-4.28,-2.20,2.55,4.88,10.85
264.00,-0.25,-3.40,-1.46,-4.28,-1.85,6.33,9.84,11.02
268.00,0.96,-0.28,-1.08,-1.50,0.54,9.33,11.41,10.65
272.00,-3.09,-3.06,0.12,0.84,4.42,7.34,13.65,10.39
276.00,-0.85,-4.12,1.54,2.25,5.25,8.38,8.99,10.69
280.00,-3.75,0.80,2.28,6.91,8.32,13.13,8.00,7.92
284.00,-2.63,-0.80,2.55,5.27,9.07,12.11,8.98,5.19
288.00,-0.83,0.32,5.79,9.65,10.00,7.59,6.32,-0.52
292.00,-1.10,2.10,4.54,8.75,8.07,7.38,1.91,-0.42
296.00,2.91,4.05,6.61,10.27,9.97,7.95,1.70,-3.96
300.00,2.03,6.01,7.53,7.71,8.18,5.80,-4.53,-10.44
304.00,5.00,6.86,12.05,9.33,7.96,2.67,-4.38,-11.93
308.00,6.71,11.16,7.70,8.12,1.31,-3.28,-10.39,-12.02
312.00,10.34,6.98,6.92,7.32,-1.48,-7.88,-13.47,-14.28
316.00,11.10,9.01,8.86,3.64,-4.82,-8.11,-14.27,-15.50
320.00,8.74,9.64,6.67,-1.89,-4.06,-14.07,-14.81,-14.98
324.00,7.16,8.72,1.37,-1.73,-10.63,-13.22,-18.16,-15.62
328.00,10.45,6.38,1.04,-3.92,-9.25,-16.43,-13.68,-8.24
332.00,8.07,1.30,-1.12,-9.61,-13.42,-15.47,-12.95,-5.24
336.00,5.00,-0.94,-6.06,-13.29,-13.26,-15.47,-9.05,-2.45
340.00,1.83,-2.96,-6.19,-12.91,-13.11,-11.48,-5.57,3.21
344.00,0.86,-5.59,-9.82,-12.59,-15.19,-9.55,-2.83,8.06
348.00,-3.23,-6.50,-10.43,-15.78,-12.11,-7.01,-0.23,13.87
352.00,-3.36,-9.28,-11.60,-14.71,-12.64,-2.21,8.00,19.51
356.00,-8.65,-12.63,-15.49,-13.17,-9.35,2.17,10.04,20.35
360.00,-8.20,-15.29,-14.51,-9.09,-5.57,4.47,14.89,24.41
364.00,-9.87,-13.92,-12.15,-6.09,0.31,12.04,20.92,29.50
368.00,-10.38,-13.78,-8.27,-3.58,6.41,12.62,21.84,27.19
372.00,-12.48,-13.16,-9.98,1.01,9.62,16.60,27.02,29.85
376.00,-12.08,-10.28,-6.47,3.58,12.40,21.05,26.74,29.82
380.00,-9.88,-6.67,-1.74,8.20,19.30,25.75,26.36,26.54
384.00,-8.64,-5.64,1.88,10.95,18.62,27.40,26.69,23.39
388.00,-7.73,-3.39,8.56,16.49,24.49,24.71,24.10,19.15
392.00,-6.95,4.67,12.64,19.37,24.30,24.03,20.31,16.51
396.00,-3.44,6.06,15.65,20.15,24.04,23.37,17.87,12.09
400.00,0.77,12.29,15.35,20.46,21.47,20.27,13.04,6.08
404.00,4.76,12.21,17.53,23.39,20.58,17.55,10.64,1.46
408.00,9.16,15.47,19.99,22.26,20.89,12.08,4.59,-1.30
412.00,10.62,16.88,18.74,19.50,17.86,10.93,4.06,-6.45
416.00,14.53,17.99,20.51,19.55,14.71,6.36,0.57,-8.73
420.00,16.08,17.83,20.17,14.71,8.25,3.03,-4.67,-8.93
424.00,14.81,17.50,15.92,10.22,4.25,-2.80,-7.88,-12.18
428.00,17.42,16.31,12.56,9.78,1.68,-5.22,-5.97,-9.60
432.00,16.54,12.99,9.47,6.98,-2.10,-5.51,-6.71,-8.55
436.00,15.34,11.35,9.82,0.76,-5.07,-5.32,-7.67,-7.19
440.00,11.85,8.81,5.24,0.38,-5.53,-10.06,-9.14,-4.65
444.00,10.68,7.80,2.71,-2.65,-9.39,-9.46,-4.70,-3.06
448.00,9.59,3.96,-2.61,-3.81,-8.62,-6.83,-5.28,-0.22
452.00,6.13,0.28,-2.55,-4.89,-7.47,-4.65,-3.60,2.56
456.00,4.06,0.20,-3.15,-9.03,-6.64,-5.31,2.80,2.83
460.00,1.83,-4.24,-5.28,-5.83,-5.34,-3.24,2.65,6.22
464.00,-2.80,-6.51,-5.29,-8.18,-3.72,0.37,3.38,7.36
468.00,-2.89,-3.47,-7.88,-6.84,-2.50,0.75,7.78,5.63
472.00,-3.10,-6.39,-6.97,-4.02,0.82,6.53,8.60,4.87
476.00,-4.34,-5.43,-4.10,-1.51,5.63,7.97,6.14,6.12
480.00,-3.86,-2.58,-1.27,0.46,3.98,6.34,7.20,4.47
484.00,-5.04,-3.53,1.35,3.07,3.67,8.80,6.68,-1.98
488.00,-2.15,-0.03,-0.27,7.10,5.17,4.75,4.57,-4.00
492.00,-2.88,0.50,1.53,5.70,5.45,5.84,-2.78,-5.44
496.00,-0.47,1.49,6.29,7.01,4.91,0.43,-4.89,-13.33
500.00,1.77,5.11,5.18,7.45,4.74,0.13,-8.66,-14.17
504.00,3.01,2.35,4.94,4.61,3.05,-4.89,-11.43,-19.81
508.00,4.73,6.91,6.14,5.58,-1.90,-7.85,-14.39,-21.32
512.00,4.36,4.03,4.31,1.95,-5.41,-11.86,-15.85,-21.46
516.00,5.23,4.31,4.94,-0.95,-9.13,-16.62,-21.35,-20.64
520.00,4.35,5.81,2.05,-2.65,-11.70,-14.59,-19.66,-21.29
524.00,4.16,2.32,-1.29,-6.17,-11.55,-20.45,-21.49,-21.02
528.00,4.90,-0.49,-5.43,-8.96,-17.65,-18.31,-18.52,-15.02
532.00,2.95,-3.23,-7.33,-11.89,-19.58,-22.07,-18.08,-12.89
536.00,2.88,-5.86,-8.06,-16.54,-21.29,-18.91,-14.45,-8.32
540.00,1.00,-8.25,-11.84,-17.08,-21.69,-16.11,-11.52,-2.03
544.00,-5.44,-12.25,-15.81,-18.38,-18.69,-13.61,-8.69,2.86
548.00,-4.76,-12.14,-19.46,-19.21,-19.16,-12.77,-2.40,7.49
552.00,-11.26,-15.28,-16.70,-20.71,-17.05,-8.36,-0.30,11.29
556.00,-11.20,-15.72,-21.00,-17.93,-12.72,-2.89,3.80,13.40
560.00,-13.59,-16.61,-18.48,-16.94,-8.34,-0.19,8.10,17.14
564.00,-14.58,-16.01,-16.01,-10.69,-6.00,4.55,16.74,21.80
568.00,-18.79,-18.22,-14.04,-8.41,0.29,8.40,17.05,23.62
572.00,-16.83,-17.75,-12.52,-2.98,3.08,14.32,22.42,24.42
576.00,-19.00,-12.78,-7.51,-1.62,7.54,15.71,19.42,19.88
580.00,-14.62,-13.87,-6.41,1.60,13.84,18.85,20.47,20.34
584.00,-14.14,-10.42,-2.72,7.61,13.12,20.35,20.85,18.85
588.00,-11.08,-5.57,2.71,9.74,19.25,21.59,19.76,15.16
592.00,-6.44,0.66,7.87,14.89,16.13,18.72,14.62,11.94
596.00,-4.16,2.63,7.96,14.18,18.32,20.01,11.28,4.82
600.00,-0.03,5.25,14.66,14.55,16.77,13.29,7.99,-1.12
604.00,2.45,10.93,15.06,15.32,14.57,13.00,5.68,-2.75
608.00,4.00,13.32,17.26,16.73,15.72,10.36,1.99,-7.59
612.00,5.11,11.94,14.46,13.86,8.76,2.56,-2.66,-12.94
616.00,7.90,16.08,12.98,11.35,8.28,0.18,-6.82,-15.72
620.00,9.77,16.32,13.99,10.85,3.90,-3.59,-12.32,-13.37
624.00,14.37,11.63,14.48,8.71,1.26,-6.11,-12.80,-15.50
628.00,10.81,13.49,10.23,3.47,-5.29,-8.80,-16.57,-15.44
632.00,14.03,11.03,9.09,1.09,-4.11,-12.56,-16.05,-16.15
636.00,10.28,7.17,2.93,-0.53,-10.59,-14.93,-14.11,-13.83
640.00,8.70,8.08,-1.52,-6.77,-13.09,-15.99,-15.63,-8.50
644.00,9.02,2.48,-3.37,-10.62,-13.13,-13.04,-11.49,-9.73
648.00,4.52,0.93,-6.58,-12.46,-10.36,-13.50,-11.28,-2.94
652.00,3.55,-2.69,-9.55,-12.04,-11.65,-11.44,-9.67,-1.83
656.00,1.32,-6.60,-7.14,-11.24,-9.68,-11.15,-2.56,1.75
660.00,-4.74,-7.92,-11.00,-11.70,-8.19,-8.35,-0.20,2.07
664.00,-4.37,-10.13,-11.97,-9.70,-7.70,-3.92,0.86,3.04
668.00,-7.15,-11.05,-9.57,-8.15,-4.75,0.49,3.33,2.41
672.00,-6.61,-8.71,-7.31,-5.01,-5.03,0.62,2.17,2.65
676.00,-8.94,-10.78,-5.89,-6.03,-2.44,1.65,1.70,-0.02
680.00,-10.81,-6.58,-8.13,-4.39,2.11,2.69,-1.16,-2.07
684.00,-10.02,-5.04,-6.28,-1.77,3.61,0.18,-2.10,-6.57
688.00,-10.16,-6.36,-0.34,2.03,3.10,3.07,-1.55,-8.26
692.00,-5.18,-3.14,1.56,-0.04,-0.48,-1.81,-4.59,-14.94
696.00,-6.85,0.28,0.32,1.51,0.77,-4.03,-11.12,-13.98
700.00,-3.74,-1.47,2.43,0.13,-2.50,-7.74,-10.91,-20.67
704.00,-2.52,-1.38,1.77,3.31,-3.27,-9.96,-14.81,-23.99
708.00,1.10,3.28,2.17,-2.45,-6.32,-12.37,-21.34,-24.36
712.00,2.25,4.06,-0.37,-0.01,-7.22,-16.50,-20.46,-23.29
716.00,4.39,0.66,1.30,-5.02,-13.93,-19.59,-23.78,-27.34
720.00,0.18,3.19,0.04,-8.92,-15.55,-21.19,-23.40,-27.36
724.00,1.02,-0.92,-5.47,-13.04,-17.39,-23.10,-23.22,-22.08
728.00,-0.13,-4.33,-5.40,-14.45,-20.25,-26.44,-22.26,-22.30
732.00,-0.17,-6.64,-11.25,-18.51,-22.90,-26.34,-23.26,-14.77
736.00,-0.00,-5.47,-13.06,-20.24,-24.78,-25.08,-18.94,-10.97
740.00,-2.91,-11.93,-14.10,-22.88,-24.75,-23.84,-15.29,-9.32
744.00,-5.36,-12.01,-17.44,-23.68,-24.07,-17.04,-12.64,0.39
748.00,-8.31,-16.71,-19.82,-21.44,-22.81,-18.04,-8.62,3.92
752.00,-10.16,-16.55,-19.99,-22.82,-17.02,-11.83,-3.64,6.09
756.00,-16.28,-18.47,-23.51,-18.81,-14.56,-7.27,2.07,10.37
760.00,-17.61,-18.33,-23.00,-17.12,-13.38,-2.79,6.95,15.98
764.00,-19.59,-22.46,-21.64,-15.92,-7.86,2.79,9.26,18.80
768.00,-18.87,-18.80,-19.09,-11.54,-3.26,6.67,13.06,17.63
772.00,-16.76,-19.72,-13.39,-7.76,1.52,9.54,15.39,19.99
776.00,-17.29,-15.92,-13.13,-5.35,3.52,13.72,21.07,19.96
780.00,-15.76,-15.97,-6.38,3.67,7.52,17.17,21.13,16.09
784.00,-18.09,-11.46,-4.35,7.22,10.38,19.38,16.64,12.88
788.00,-14.30,-6.92,2.54,7.74,13.88,20.34,15.89,13.41
792.00,-11.72,-4.81,5.23,9.60,16.28,19.31,16.53,8.88
796.00,-8.01,0.81,7.49,12.26,14.48,17.14,12.44,0.52
800.00,-2.82,3.56,10.24,14.09,16.75,13.38,4.80,-3.71
804.00,-0.53,6.59,13.72,15.96,14.26,10.02,3.42,-7.17
808.00,3.61,11.26,14.41,15.05,14.45,8.37,0.20,-9.56
812.00,8.95,10.83,15.43,15.73,11.31,4.50,-3.27,-14.78
816.00,10.81,11.50,14.40,12.30,7.45,0.55,-7.68,-14.88
820.00,10.95,12.68,12.54,7.07,2.25,-6.89,-10.12,-15.33
824.00,12.90,11.41,12.17,7.95,1.22,-5.93,-12.18,-18.43
828.00,11.35,11.92,8.79,1.80,-3.01,-11.55,-17.17,-18.42
832.00,12.26,11.22,5.94,-0.07,-5.78,-13.11,-14.10,-14.85
836.00,13.67,6.52,2.24,-1.13,-11.47,-11.18,-16.87,-15.77
840.00,10.77,5.85,1.01,-3.97,-11.47,-13.49,-14.78,-10.78
844.00,9.93,0.62,-1.21,-9.15,-14.32,-14.59,-12.95,-7.92
848.00,7.27,0.17,-6.03,-10.95,-11.96,-14.79,-11.40,-4.28
852.00,2.31,-3.22,-10.20,-10.94,-11.11,-9.89,-7.61,-4.89
856.00,-2.05,-6.76,-10.43,-9.20,-12.06,-9.91,-3.31,-1.28
860.00,-2.34,-5.08,-9.91,-9.14,-10.19,-6.71,-0.43,-1.18
864.00,-2.77,-8.31,-11.67,-12.52,-8.17,-2.61,0.62,4.50
868.00,-7.01,-9.40,-12.32,-7.05,-5.03,-3.40,4.03,1.99
872.00,-8.66,-7.03,-11.10,-8.76,-1.10,2.28,4.10,0.96
876.00,-8.97,-8.68,-8.41,-2.61,-1.70,1.97,4.67,-0.96
880.00,-7.43,-7.50,-5.57,-2.68,-0.04,5.41,4.27,-3.68
884.00,-7.03,-6.76,-2.33,0.43,1.53,3.74,1.63,-4.16
888.00,-7.38,-2.33,-2.08,-0.27,4.35,0.04,-2.07,-6.82
892.00,-4.65,-0.73,1.68,0.78,3.90,2.89,-3.89,-12.00
896.00,-2.61,0.79,1.57,5.81,4.30,-2.63,-7.08,-14.36
900.00,0.33,2.70,5.41,4.36,2.75,-4.43,-9.15,-16.65
904.00,0.57,1.79,3.57,0.93,0.84,-6.56,-14.75,-20.26
908.00,-0.79,2.94,5.58,1.19,-2.09,-8.94,-17.92,-23.65
912.00,0.41,5.51,3.14,0.62,-5.81,-14.38,-17.31,-22.78
916.00,6.16,4.47,-0.17,-3.94,-11.33,-14.81,-23.23,-22.59
920.00,4.61,3.74,0.26,-5.25,-13.22,-16.86,-23.28,-20.63
924.00,1.86,-0.26,-4.77,-8.49,-17.58,-22.04,-20.09,-22.26
928.00,4.21,-2.34,-5.94,-12.67,-18.74,-23.93,-23.40,-17.83
932.00,1.95,-1.09,-5.82,-11.98,-17.75,-23.59,-17.64,-12.12
936.00,1.49,-4.64,-9.20,-16.52,-21.74,-22.88,-14.60,-10.04
940.00,-2.78,-5.53,-15.42,-19.91,-21.96,-18.04,-12.83,-2.24
944.00,-2.48,-8.72,-16.47,-20.17,-18.26,-16.85,-7.47,-0.43
948.00,-8.15,-11.34,-17.66,-21.28,-16.52,-11.78,-2.25,7.32
952.00,-8.73,-13.29,-17.77,-20.77,-16.80,-7.30,0.25,11.62
956.00,-13.47,-14.84,-18.74,-19.73,-11.52,-3.88,7.49,14.84
960.00,-11.35,-19.69,-15.48,-13.30,-6.23,-0.14,10.28,20.92
964.00,-15.87,-19.34,-18.23,-11.97,-3.62,4.54,17.06,20.86
968.00,-16.23,-17.68,-13.52,-9.16,2.39,7.81,16.32,25.37
972.00,-18.75,-13.03,-11.12,-5.49,3.63,14.02,20.40,22.51
976.00,-17.62,-14.86,-10.16,-0.01,8.91,18.62,22.62,25.24
980.00,-14.01,-8.44,-4.00,6.14,15.11,20.73,25.54,23.42
984.00,-10.77,-6.69,-2.18,9.60,19.08,23.22,22.71,21.71
988.00,-10.64,-2.27,2.29,14.49,20.40,24.14,19.34,18.51
992.00,-6.09,-2.06,9.10,14.63,19.71,21.10,20.22,13.95
996.00,-1.55,1.79,11.07,20.33,20.71,21.43,13.23,8.17
1000.00,-1.72,9.61,13.05,18.96,21.60,19.56,13.19,5.41
1004.00,2.83,10.92,18.41,19.67,18.72,15.23,10.22,-3.02
1008.00,7.58,14.59,20.24,18.96,16.27,12.88,3.77,-3.03
1012.00,7.67,14.74,17.12,19.58,15.96,7.98,-1.63,-8.98
1016.00,10.88,17.32,16.67,14.73,11.78,4.99,-5.66,-9.01
1020.00,15.64,16.36,17.99,14.51,9.37,-0.59,-3.98,-9.80
1024.00,17.95,18.71,13.21,9.52,1.82,-4.41,-7.75,-12.42
1028.00,15.48,17.65,12.18,7.02,-0.35,-5.43,-11.35,-11.70
1032.00,14.01,13.47,11.93,3.91,0.00,-6.05,-9.43,-7.64
1036.00,14.63,11.47,8.09,0.57,-2.66,-10.24,-7.61,-8.77
1040.00,15.88,7.55,5.42,-2.09,-6.63,-6.79,-8.74,-3.52
1044.00,9.93,7.94,3.19,-5.37,-9.09,-6.56,-5.31,-2.55
1048.00,8.48,6.22,-3.00,-5.79,-9.48,-6.25,-2.32,-0.66
1052.00,6.53,0.27,-0.96,-8.93,-6.70,-6.14,-0.87,3.19
1056.00,5.11,1.55,-2.56,-8.48,-5.19,-4.71,-1.03,7.32
1060.00,1.70,-2.00,-3.97,-7.38,-5.69,-3.11,1.58,9.28
1064.00,-0.10,-5.92,-6.46,-4.10,-0.71,-0.30,5.45,8.85
1068.00,-1.27,-5.21,-7.06,-5.24,1.71,3.53,6.16,10.60
1072.00,-4.16,-7.31,-3.61,-1.67,1.73,5.37,6.77,10.36
1076.00,-5.50,-2.44,-1.80,3.05,4.44,9.92,10.06,6.04
1080.00,-4.94,-2.84,0.38,3.53,4.13,9.67,7.64,4.67
1084.00,-3.71,-0.20,-0.95,3.97,7.69,8.67,8.14,3.05
1088.00,-5.14,-2.37,2.05,4.92,6.62,7.21,4.73,-3.32
1092.00,-0.21,0.22,4.24,8.85,6.24,6.31,1.23,-6.74
1096.00,0.19,6.09,8.23,10.65,6.13,3.08,-2.64,-9.24
1100.00,-0.34,3.90,9.91,10.10,6.78,1.74,-2.31,-10.29
1104.00,2.31,5.20,6.96,5.48,5.19,0.49,-5.78,-14.06
1108.00,6.09,5.95,7.74,5.84,0.20,-3.05,-9.74,-15.29
1112.00,7.53,7.06,7.83,6.83,-0.19,-7.83,-15.37,-19.40
1116.00,9.49,10.32,5.87,3.82,-1.68,-12.90,-17.95,-19.15
1120.00,5.91,8.85,3.34,0.86,-5.00,-13.77,-18.23,-16.33
1124.00,8.89,5.06,1.19,-5.98,-10.58,-13.68,-14.57,-13.70
1128.00,5.20,3.56,0.90,-5.23,-11.49,-18.03,-16.52,-9.66
1132.00,6.44,4.63,-1.74,-8.86,-13.93,-15.27,-16.09,-9.76
1136.00,6.78,-1.62,-7.85,-12.02,-13.16,-15.01,-10.52,-0.81
1140.00,3.97,-5.62,-9.75,-14.41,-17.73,-14.34,-6.99,3.75
1144.00,1.05,-6.53,-12.00,-14.03,-12.27,-10.37,-4.17,9.09
1148.00,-3.63,-10.63,-12.15,-15.87,-13.69,-5.17,3.98,10.51
1152.00,-3.77,-10.42,-15.20,-16.16,-9.51,-4.05,7.12,15.96
1156.00,-6.06,-14.00,-15.88,-14.45,-7.48,2.37,11.99,19.64
1160.00,-9.79,-10.89,-11.50,-10.01,-3.27,3.98,14.88,27.74
1164.00,-9.97,-11.30,-12.10,-6.05,1.24,10.43,21.90,28.02
1168.00,-13.51,-10.94,-11.01,-5.60,6.90,16.89,24.64,27.23
1172.00,-11.88,-10.61,-8.59,-0.40,9.53,18.13,28.79,29.99
1176.00,-14.58,-9.65,-1.73,7.00,15.09,20.89,26.57,28.57
1180.00,-9.15,-8.44,-0.14,10.56,19.29,23.05,27.43,29.59
1184.00,-6.56,-4.45,5.79,13.96,22.71,26.00,28.27,23.97
1188.00,-8.37,0.53,10.41,18.40,25.98,26.97,25.92,19.31
1192.00,-4.53,3.58,13.57,20.56,27.07,26.49,23.21,19.17
1196.00,1.75,6.27,13.91,21.38,24.59,24.46,20.73,10.96
1200.00,4.02,11.53,20.53,22.98,24.98,20.23,18.48,6.80
1204.00,5.93,14.75,19.28,25.09,23.43,21.87,14.96,4.68
1208.00,9.88,18.63,22.53,21.04,23.37,18.14,8.46,2.58
1212.00,14.54,19.99,20.65,23.93,19.52,12.14,5.22,-4.49
1216.00,14.74,22.12,23.09,18.70,16.24,7.49,1.76,-2.71
1220.00,18.39,20.65,20.00,18.32,13.80,3.31,-0.70,-3.92
1224.00,17.42,18.50,20.62,12.64,6.81,-0.12,-4.37,-5.68
1228.00,19.34,17.16,16.29,9.00,3.05,-1.19,-5.18,-5.20
1232.00,20.61,20.06,14.28,9.51,1.05,-4.12,-7.52,-5.16
1236.00,16.80,17.45,9.95,4.64,-2.97,-7.34,-5.63,-3.83
1240.00,15.27,15.17,9.53,0.43,-3.00,-7.36,-6.97,-2.85
1244.00,14.70,11.08,4.13,-1.95,-5.03,-2.62,-1.97,2.38
1248.00,11.69,4.89,1.21,-2.30,-6.54,-5.04,1.70,4.94
1252.00,10.23,4.26,1.97,-4.70,-2.70,-2.81,3.90,8.29
1256.00,6.52,-0.13,-1.14,-5.92,-3.48,0.08,3.10,9.02
1260.00,2.54,0.80,-5.13,-2.23,-2.07,0.25,5.43,8.35
1264.00,2.74,-0.97,-4.88,-4.35,-0.90,2.26,6.86,11.49
1268.00,2.30,-2.41,-4.59,-3.19,2.93,4.92,9.97,13.54
1272.00,-3.63,-3.34,-2.74,2.82,4.74,11.06,11.19,11.73
1276.00,-3.13,-2.26,-0.51,3.67,9.40,12.44,13.26,9.40
1280.00,-3.26,-1.75,3.51,3.94,11.06,13.07,10.63,7.65
1284.00,-1.62,-1.71,0.99,7.08,10.82,10.04,10.92,5.78
1288.00,0.78,1.98,6.56,10.59,11.37,8.94,5.07,0.41
1292.00,-1.75,1.74,4.86,12.15,9.18,7.47,2.78,-0.96
1296.00,2.95,4.42,8.94,12.40,8.87,5.23,-0.83,-7.15
1300.00,2.04,6.55,9.42,10.59,8.64,5.66,-2.98,-8.68
1304.00,4.67,8.22,11.06,9.74,7.72,1.65,-4.63,-12.45
1308.00,7.50,7.82,8.62,8.00,3.58,-4.05,-8.63,-13.04
1312.00,7.11,8.40,9.60,5.24,0.58,-3.98,-9.77,-13.59
1316.00,9.97,7.48,5.30,4.99,-5.35,-8.20,-16.01,-14.65
1320.00,7.38,6.73,4.17,0.19,-4.19,-10.13,-13.05,-15.93
1324.00,7.22,5.87,1.33,-1.99,-7.54,-12.50,-16.57,-14.18
1328.00,7.41,5.80,0.60,-3.83,-10.76,-14.39,-14.37,-8.70
1332.00,6.63,0.37,-1.10,-10.00,-15.73,-15.82,-13.64,-8.10
1336.00,3.55,0.37,-5.24,-9.47,-14.88,-16.78,-11.01,-3.25
1340.00,3.87,-4.69,-7.37,-11.51,-13.98,-13.93,-7.29,4.90
1344.00,2.13,-3.44,-10.95,-13.84,-14.34,-10.65,-2.55,8.92
1348.00,-2.95,-8.45,-11.90,-15.56,-11.48,-9.06,-0.35,14.67
1352.00,-7.97,-10.82,-16.03,-13.97,-8.15,-5.49,4.44,16.10
1356.00,-6.53,-13.54,-15.62,-10.33,-5.87,-1.13,10.25,20.78
1360.00,-9.63,-15.09,-15.36,-10.87,-3.13,8.23,17.60,23.67
1364.00,-10.29,-13.37,-13.89,-5.14,1.83,12.83,19.17,29.20
1368.00,-12.17,-13.06,-12.58,-3.56,6.53,16.88,22.92,29.19
1372.00,-13.20,-10.53,-7.65,1.51,11.05,18.89,27.84,31.23
1376.00,-11.62,-8.18,-5.56,2.14,12.20,20.91,28.56,27.35
1380.00,-9.37,-9.04,-0.93,10.53,18.16,22.08,26.86,25.05
1384.00,-8.28,-6.66,1.54,11.27,19.92,26.25,27.70,23.53
1388.00,-5.01,-3.10,6.46,16.70,24.07,23.35,23.55,21.48
1392.00,-6.84,0.31,12.76,20.26,23.18,23.27,23.16,15.68
1396.00,-1.88,4.78,14.60,19.63,21.68,21.79,19.11,8.86
1400.00,1.17,10.93,18.07,23.59,24.33,18.43,16.68,4.23
1404.00,6.04,12.94,21.37,21.84,19.29,18.17,9.42,4.13
1408.00,10.33,13.87,18.62,24.10,17.34,11.49,7.56,-0.92
1412.00,12.61,15.06,20.30,21.43,16.72,12.22,1.96,-5.02
1416.00,11.62,17.39,20.72,20.00,10.55,5.89,-2.87,-9.84
1420.00,14.44,19.39,18.52,14.59,11.42,2.59,-3.29,-7.97
1424.00,18.43,19.82,16.86,10.47,5.64,0.27,-7.67,-8.10
1428.00,18.51,17.78,11.96,9.73,1.89,-1.68,-7.51,-7.47
1432.00,16.84,17.59,9.49,3.52,-0.26,-8.74,-7.62,-8.26
1436.00,16.80,14.43,9.14,1.98,-2.38,-8.46,-10.09,-4.45
1440.00,12.06,10.44,7.23,-2.25,-7.32,-7.59,-7.07,-6.43
1444.00,11.14,6.49,-0.55,-4.71,-9.32,-7.71,-5.28,-4.11
1448.00,7.32,5.33,-2.26,-5.94,-7.35,-6.45,-3.26,-1.80
1452.00,5.41,1.45,-5.59,-6.58,-9.61,-3.90,-0.97,0.65
1456.00,5.46,-3.16,-3.72,-4.80,-6.12,-4.15,2.82,3.32
1460.00,1.11,-5.33,-6.75,-8.85,-2.52,-0.99,1.47,7.50
1464.00,-3.35,-4.20,-8.94,-5.75,-4.94,-0.99,5.57,8.16
1468.00,-3.32,-3.49,-3.73,-6.66,-1.69,4.46,4.76,7.95
1472.00,-4.06,-3.67,-7.21,-4.87,-0.60,4.24,5.28,4.59
1476.00,-3.81,-7.57,-4.51,-0.62,5.07,5.03,5.86,5.35
1480.00,-5.55,-3.42,-0.38,1.12,4.69,8.74,4.93,4.02
1484.00,-4.57,-4.58,-0.19,2.42,7.97,6.75,3.62,1.29
1488.00,-5.36,-0.36,-0.13,3.80,8.10,3.55,0.59,-5.81
1492.00,-3.36,-0.62,3.11,6.78,4.24,4.15,0.42,-7.05
1496.00,-0.18,3.54,4.81,5.61,7.00,1.97,-3.50,-12.82
1500.00,1.43,3.51,4.20,4.37,3.64,-1.82,-8.75,-13.76
1504.00,0.60,6.32,8.27,2.95,0.59,-4.64,-11.28,-19.03
1508.00,0.99,6.39,5.58,2.21,-2.98,-5.35,-15.40,-18.81
1512.00,5.51,5.20,4.50,-1.00,-6.47,-13.23,-16.88,-22.69
1516.00,3.46,6.36,1.54,-3.05,-7.78,-15.33,-19.52,-19.41
1520.00,6.41,5.64,1.17,-4.85,-12.79,-15.54,-18.93,-23.06
1524.00,3.58,4.59,-1.80,-9.25,-11.88,-19.91,-18.90,-18.52
1528.00,3.40,-1.29,-2.18,-12.18,-18.00,-21.99,-22.59,-17.63
1532.00,5.15,-2.28,-5.04,-11.32,-18.75,-18.34,-19.04,-12.36
1536.00,-0.58,-2.93,-11.91,-16.56,-17.89,-20.62,-14.39,-9.47
1540.00,-3.11,-6.02,-13.75,-18.82,-22.34,-19.92,-12.93,-2.25
1544.00,-4.57,-7.49,-15.66,-16.78,-18.90,-14.16,-6.33,4.00
1548.00,-8.05,-13.48,-19.42,-20.19,-19.60,-15.04,-1.43,5.33
1552.00,-7.00,-13.22,-18.36,-20.16,-17.55,-6.82,1.19,12.91
1556.00,-13.24,-15.17,-18.44,-18.79,-11.54,-4.44,7.23,15.28
1560.00,-12.50,-16.71,-18.21,-15.47,-9.86,2.61,8.03,20.08
1564.00,-16.52,-19.82,-19.47,-11.77,-3.73,5.87,14.14,22.51
1568.00,-14.68,-16.41,-14.60,-8.97,0.10,8.91,19.39,21.01
1572.00,-18.22,-17.85,-11.37,-5.52,4.38,13.07,18.81,22.79
1576.00,-19.25,-15.37,-8.36,-3.16,8.36,14.38,19.58,24.14
1580.00,-14.27,-12.66,-5.72,5.72,13.83,18.87,23.90,18.46
1584.00,-11.76,-11.26,-0.71,5.51,17.20,19.33,19.56,18.12
1588.00,-9.75,-5.37,3.66,9.97,15.08,17.92,17.28,13.59
1592.00,-10.08,-4.18,4.80,15.89,17.43,17.30,18.32,8.53
1596.00,-3.48,3.90,7.35,16.06,16.64,19.03,14.72,7.12
1600.00,-3.96,3.64,11.99,14.52,16.60,17.56,10.98,-1.63
1604.00,2.21,8.23,12.47,18.75,14.93,10.18,2.72,-2.42
1608.00,6.11,11.07,17.00,17.44,13.90,9.10,-1.88,-6.69
1612.00,7.04,12.62,16.08,12.86,13.25,2.65,-3.33,-11.53
1616.00,10.82,13.29,13.27,12.64,5.83,-1.60,-6.47,-11.58
1620.00,11.80,16.32,14.88,8.68,2.83,-4.24,-8.55,-16.64
1624.00,14.62,15.61,10.32,7.18,-0.52,-5.09,-13.43,-14.45
1628.00,12.92,14.64,11.55,5.23,-0.93,-11.18,-14.43,-17.47
1632.00,10.80,13.48,5.89,-0.59,-4.11,-12.48,-16.26,-16.16
1636.00,10.39,11.08,3.55,-3.73,-10.74,-11.59,-15.07,-14.78
1640.00,9.03,6.95,-1.48,-7.97,-12.65,-15.71,-11.44,-9.11
1644.00,8.76,5.33,-0.47,-8.00,-11.11,-12.89,-12.56,-8.46
1648.00,7.12,2.56,-6.81,-11.85,-12.31,-14.48,-8.84,-6.25
1652.00,4.62,-4.64,-7.54,-10.68,-13.50,-10.41,-6.95,-2.77
1656.00,-2.21,-4.47,-10.67,-13.06,-11.05,-9.47,-5.61,-2.00
1660.00,-0.62,-6.61,-11.62,-8.97,-8.03,-8.54,-1.69,0.67
1664.00,-4.19,-10.42,-10.61,-10.25,-5.62,-3.73,-2.86,3.65
1668.00,-8.64,-9.33,-11.52,-10.97,-7.98,-3.71,2.48,-0.52
1672.00,-9.11,-12.32,-9.00,-5.68,-5.21,0.09,3.37,1.49
1676.00,-8.62,-7.08,-6.91,-4.86,-1.13,0.11,2.79,-0.01
1680.00,-9.58,-9.03,-4.88,-2.37,-0.19,0.39,0.53,-0.92
1684.00,-11.08,-8.26,-3.23,-3.38,3.03,0.13,-2.18,-6.18
1688.00,-7.59,-6.12,-1.01,-0.12,0.62,-1.02,-3.59,-10.78
1692.00,-7.05,-2.95,0.53,0.01,-0.03,-0.71,-8.07,-11.18
1696.00,-3.38,0.14,1.64,2.42,-1.12,-4.34,-7.19,-18.09
1700.00,-4.33,-2.67,0.30,1.51,-1.35,-7.58,-10.77,-20.03
1704.00,-3.79,1.06,0.36,2.67,-4.98,-9.28,-13.86,-22.82
1708.00,-1.60,3.46,1.61,-1.63,-7.69,-12.61,-16.75,-24.48
1712.00,3.27,0.94,-0.55,-2.22,-8.14,-13.03,-19.73,-26.16
1716.00,0.58,1.11,-0.99,-3.72,-12.31,-20.15,-22.69,-25.29
1720.00,3.26,3.35,-0.19,-6.11,-14.40,-20.09,-27.23,-26.27
1724.00,0.43,0.88,-4.16,-12.28,-16.59,-24.70,-24.11,-22.56
1728.00,1.62,-2.76,-6.81,-15.54,-19.68,-25.74,-23.75,-21.53
1732.00,-1.58,-5.49,-11.79,-16.80,-20.74,-22.45,-24.75,-16.84
1736.00,-1.45,-6.87,-12.75,-18.86,-21.99,-23.91,-18.03,-13.13
1740.00,-4.22,-8.01,-14.72,-20.87,-23.61,-22.07,-17.34,-6.45
1744.00,-6.64,-11.20,-17.93,-23.08,-20.42,-17.43,-12.32,-3.31
1748.00,-7.51,-13.57,-18.11,-22.77,-19.21,-15.85,-6.98,2.43
1752.00,-9.65,-16.66,-19.22,-21.10,-19.48,-14.02,-2.87,8.22
1756.00,-12.47,-19.15,-22.27,-18.42,-16.44,-9.06,0.60,12.71
1760.00,-14.04,-21.86,-20.54,-18.56,-13.95,-0.76,6.08,15.17
1764.00,-17.74,-18.47,-21.82,-17.44,-7.05,2.38,12.59,17.43
1768.00,-20.01,-19.79,-15.22,-13.43,-2.23,7.52,13.08,18.85
1772.00,-20.44,-16.10,-16.73,-6.92,1.95,12.35,18.40,21.70
1776.00,-18.42,-16.88,-10.43,-4.21,4.28,11.79,18.34,21.64
1780.00,-15.72,-12.64,-6.83,0.63,8.50,18.35,20.99,15.34
1784.00,-14.65,-10.31,-2.95,5.24,15.09,16.51,18.22,16.86
1788.00,-12.31,-8.62,0.66,10.79,17.12,17.61,15.21,11.60
1792.00,-8.43,-1.25,3.46,13.46,14.17,16.91,12.83,5.19
1796.00,-5.18,-0.21,9.30,15.16,18.29,13.71,10.97,0.49
1800.00,-1.01,1.78,12.78,17.59,17.80,13.89,7.70,-0.26
1804.00,-2.01,9.00,11.96,13.32,16.45,10.25,3.14,-7.56
1808.00,4.12,12.35,12.65,13.91,11.19,7.65,-3.08,-11.14
1812.00,4.15,14.30,13.85,14.39,8.45,4.54,-6.40,-10.30
1816.00,7.06,15.44,13.03,12.95,9.11,-2.43,-9.11,-17.22
1820.00,9.28,13.86,13.32,11.54,2.03,-4.64,-10.76,-18.46
1824.00,10.01,13.78,11.35,8.75,-0.93,-6.95,-11.55,-15.68
1828.00,14.87,10.90,9.66,4.20,-5.30,-11.12,-16.24,-16.95
1832.00,10.89,9.65,6.31,-0.86,-7.08,-11.84,-13.93,-16.87
1836.00,10.29,10.75,2.77,-4.86,-11.24,-11.84,-12.51,-12.45
1840.00,11.56,7.26,-1.52,-7.34,-9.99,-14.60,-15.79,-8.46
1844.00,7.83,2.68,-3.44,-8.30,-13.47,-13.07,-12.34,-8.01
1848.00,3.09,0.12,-5.61,-11.46,-10.63,-12.70,-9.82,-5.64
1852.00,1.98,-4.65,-6.38,-10.25,-14.19,-10.36,-6.46,-1.02
1856.00,-1.34,-3.96,-8.36,-12.39,-8.80,-6.60,-2.51,1.94
1860.00,-2.42,-9.34,-9.16,-12.36,-10.47,-4.94,0.48,0.53
1864.00,-4.58,-10.46,-9.67,-11.60,-9.42,-2.10,-1.63,2.63
1868.00,-7.82,-9.36,-9.18,-10.12,-5.61,-3.76,2.68,0.21
1872.00,-8.29,-11.37,-9.23,-5.89,-3.84,-0.59,4.93,3.10
1876.00,-7.11,-11.04,-7.62,-5.70,-2.29,0.94,0.85,0.39
1880.00,-9.63,-7.25,-5.11,-2.37,1.14,2.02,1.47,0.65
1884.00,-8.19,-6.26,-4.19,-1.74,4.77,3.44,0.20,-6.15
1888.00,-5.90,-4.18,0.96,-0.47,2.37,1.65,-0.06,-5.98
1892.00,-7.40,-3.54,-0.40,3.40,2.55,-1.35,-3.71,-11.67
1896.00,-3.64,1.18,3.96,3.02,3.47,1.27,-5.34,-15.36
1900.00,-1.87,1.30,3.82,5.62,2.68,-2.20,-10.34,-15.75
1904.00,-0.84,1.71,5.36,0.49,0.87,-7.22,-12.82,-19.50
1908.00,-0.54,5.38,2.48,1.60,-1.93,-8.37,-15.33,-21.57
1912.00,4.88,5.00,3.44,-0.67,-8.21,-11.94,-17.20,-23.00
1916.00,5.91,3.28,0.35,-3.25,-11.75,-17.08,-19.98,-22.63
1920.00,3.73,0.96,0.75,-5.74,-13.22,-17.31,-21.49,-22.87
1924.00,1.60,0.14,-4.16,-8.71,-17.29,-22.12,-22.07,-18.27
1928.00,3.16,-2.12,-3.05,-9.44,-19.29,-22.88,-19.46,-17.88
1932.00,4.48,-1.61,-9.69,-14.35,-20.88,-23.04,-17.39,-11.85
1936.00,-1.95,-6.29,-11.68,-14.60,-18.91,-21.06,-15.65,-7.81
1940.00,-4.10,-6.60,-14.54,-20.35,-21.64,-16.64,-13.44,-3.15
1944.00,-4.92,-8.23,-18.18,-19.17,-20.18,-14.61,-9.53,0.35
1948.00,-5.82,-12.15,-16.35,-20.97,-20.54,-10.71,-1.85,7.53
1952.00,-9.18,-15.27,-20.18,-19.48,-14.87,-9.55,0.06,9.25
1956.00,-10.02,-15.10,-19.35,-18.02,-13.27,-3.01,7.36,13.88
1960.00,-15.14,-17.69,-18.40,-16.06,-6.10,-0.01,11.15,18.07
1964.00,-15.29,-18.58,-18.51,-12.72,-5.56,3.42,15.20,19.91
1968.00,-13.76,-17.56,-14.57,-10.12,2.73,9.07,19.69,23.40
1972.00,-18.37,-16.75,-9.33,-2.56,3.27,15.66,20.14,22.53
1976.00,-13.34,-11.79,-7.06,-0.43,10.91,18.35,22.55,23.28
1980.00,-12.32,-11.25,-2.69,6.27,12.91,19.55,23.30,23.55
1984.00,-11.00,-9.64,0.05,11.06,14.59,20.97,20.53,17.28
1988.00,-10.89,-1.42,3.13,14.92,18.10,21.94,23.34,15.32
1992.00,-9.33,1.73,7.71,16.00,18.13,19.61,17.36,11.29
1996.00,-1.98,4.28,14.06,19.80,21.83,21.17,16.79,6.27
2000.00,0.64,7.41,15.89,20.28,22.91,16.26,13.86,5.47
2004.00,4.06,12.73,18.12,19.32,17.37,16.77,6.78,1.28
2008.00,8.93,12.77,19.39,18.94,18.26,13.09,4.05,-2.31
2012.00,12.02,16.97,17.04,20.08,16.61,5.62,-1.71,-5.79
2016.00,13.74,19.24,20.30,14.17,10.29,6.39,-3.69,-9.41
2020.00,14.27,15.52,17.98,15.01,8.03,-0.32,-4.05,-9.34
2024.00,16.57,17.05,15.35,13.07,1.82,-2.75,-7.12,-10.21
2028.00,15.18,16.50,11.51,5.66,3.22,-6.28,-12.09,-9.64
2032.00,17.27,16.81,10.65,3.91,-2.92,-9.16,-8.44,-8.21
2036.00,15.82,14.83,6.60,3.34,-5.63,-7.64,-11.09,-9.30
2040.00,11.53,10.02,4.92,-2.03,-5.09,-10.68,-10.32,-6.90
2044.00,9.26,4.88,2.15,-3.43,-8.48,-10.13,-7.51,-1.37
2048.00,9.89,4.47,0.33,-3.33,-7.38,-8.94,-3.62,-0.18
2052.00,4.78,-0.51,-5.55,-8.15,-7.32,-3.98,0.14,0.75
2056.00,2.65,-0.75,-4.26,-5.19,-7.27,-3.38,1.77,4.71
2060.00,2.35,-4.98,-6.59,-4.88,-5.64,0.50,2.62,9.23
2064.00,-0.38,-4.07,-3.53,-7.02,-2.97,2.02,3.43,10.08
2068.00,-3.84,-3.29,-4.87,-2.16,0.82,5.42,9.22,8.53
2072.00,-5.28,-2.85,-3.30,0.16,1.73,6.61,5.99,10.21
2076.00,-1.96,-5.77,-0.98,2.80,3.10,6.87,9.17,7.40
2080.00,-3.65,-5.47,-2.19,4.12,8.81,10.19,8.33,5.73
2084.00,-4.07,-3.74,-0.14,6.19,8.35,10.68,6.36,3.88
2088.00,-4.91,1.72,1.22,8.36,10.56,9.73,4.58,-0.42
2092.00,-3.23,1.94,6.64,6.80,10.40,4.61,1.19,-5.73
2096.00,2.17,1.50,7.69,8.77,5.88,2.13,-0.12,-8.73
2100.00,0.80,7.58,7.82,10.51,5.06,1.85,-6.53,-13.30
2104.00,3.13,5.20,7.10,8.57,5.24,-3.31,-8.94,-12.56
2108.00,6.69,8.88,6.36,4.19,1.22,-5.40,-13.43,-14.62
2112.00,6.25,9.08,7.75,3.16,0.89,-9.59,-14.71,-17.02
2116.00,7.51,8.82,5.15,0.91,-5.42,-12.82,-14.34,-16.30
2120.00,9.07,9.47,5.90,-1.75,-5.74,-12.09,-18.19,-18.25
2124.00,8.19,7.23,-0.09,-4.23,-11.67,-16.26,-18.07,-13.78
2128.00,8.81,4.86,-2.60,-7.33,-12.47,-15.19,-14.53,-10.73
2132.00,5.36,1.79,-2.91,-10.15,-15.03,-13.66,-12.57,-7.13
2136.00,3.71,-1.18,-4.11,-13.32,-17.37,-14.84,-9.48,-0.59
2140.00,2.86,-5.42,-7.08,-11.17,-16.52,-15.31,-7.97,4.43
2144.00,0.01,-4.29,-12.91,-16.16,-14.34,-12.43,-3.08,5.55
2148.00,-1.86,-10.04,-13.84,-14.21,-14.68,-6.56,3.30,11.63
2152.00,-6.64,-12.26,-13.37,-14.33,-10.66,-3.65,7.65,16.97
2156.00,-6.26,-11.41,-13.61,-14.19,-6.58,-1.08,13.81,21.35
2160.00,-8.49,-11.24,-15.86,-12.07,-3.88,4.69,14.19,23.20
2164.00,-11.06,-12.65,-10.70,-7.54,3.01,9.11,18.80,28.01
2168.00,-12.18,-12.75,-11.01,-0.98,6.87,17.13,25.94,28.83
2172.00,-13.64,-10.56,-7.79,1.43,11.08,19.73,28.16,27.79
2176.00,-13.87,-9.33,-4.26,2.94,16.21,20.65,25.61,31.42
2180.00,-12.48,-4.35,1.47,7.29,20.28,24.62,30.86,29.97
2184.00,-7.58,-3.79,2.02,15.53,23.71,24.64,28.04,25.67
2188.00,-5.31,2.43,6.48,16.83,24.39,26.00,27.53,22.79
2192.00,-3.26,5.73,12.73,18.34,24.85,27.23,24.70,15.39
2196.00,2.21,5.35,15.86,20.20,26.63,22.91,20.97,13.46
2200.00,3.01,12.78,19.98,21.46,25.25,24.62,16.22,8.29
2204.00,4.63,15.99,20.82,22.76,25.57,17.36,13.25,2.32
2208.00,11.39,14.98,22.12,22.24,22.16,15.32,7.55,-0.71
2212.00,12.48,16.64,21.25,19.72,20.21,14.38,2.38,-1.20
2216.00,17.57,21.11,21.91,21.12,16.49,9.78,1.82,-4.44
2220.00,19.91,20.27,21.84,16.13,10.54,6.85,-3.15,-6.08
2224.00,16.89,21.58,18.56,15.30,7.21,-1.13,-6.21,-4.59
2228.00,18.83,18.65,16.90,9.97,3.30,-3.99,-5.34,-8.19
2232.00,20.47,19.99,12.54,7.52,2.57,-2.36,-8.35,-5.59
2236.00,20.01,13.20,11.57,3.16,-3.45,-6.16,-7.99,-4.62
2240.00,16.38,10.98,5.55,-0.19,-1.25,-7.09,-5.81,-1.60
2244.00,14.57,10.89,3.45,-2.08,-6.17,-3.56,-3.84,0.01
2248.00,12.79,8.34,1.30,-4.00,-5.34,-5.73,0.06,4.67
2252.00,11.02,6.36,-2.30,-1.79,-2.05,-0.43,1.13,4.24
2256.00,4.65,3.92,-3.81,-4.25,-5.04,-1.72,6.49,10.41
2260.00,3.32,2.13,-1.42,-4.19,0.46,4.18,6.47,12.40
2264.00,1.64,-1.53,-3.57,-3.18,2.81,3.20,9.63,9.57
2268.00,-2.00,-3.31,-5.25,-0.88,0.14,5.26,8.05,11.13
2272.00,-2.71,-0.75,-4.54,-1.50,2.65,6.84,9.05,9.41
2276.00,-1.95,-4.39,1.30,2.73,5.89,11.09,10.74,10.93
2280.00,-4.07,-0.43,3.31,7.12,10.61,12.98,10.65,8.65
2284.00,-3.21,-1.95,1.25,5.30,10.27,10.98,9.36,2.45
2288.00,-2.61,-0.88,5.83,10.59,13.06,7.95,5.10,-0.63
2292.00,1.70,4.58,4.94,10.23,8.60,6.77,6.10,-4.01
2296.00,2.94,3.21,5.85,9.88,10.33,5.52,-0.12,-8.44
2300.00,3.89,7.08,11.43,10.04,9.80,1.87,-2.92,-7.33
2304.00,4.40,6.05,7.81,8.00,5.03,0.45,-4.36,-10.26
2308.00,7.68,10.31,10.53,5.74,4.17,-1.61,-11.21,-12.96
2312.00,8.00,10.75,11.05,6.00,-1.61,-6.44,-14.48,-17.30
2316.00,9.11,9.65,8.95,5.03,-0.94,-8.21,-12.55,-17.39
2320.00,10.71,7.58,6.89,2.26,-7.99,-13.09,-16.42,-13.33
2324.00,8.87,9.07,3.11,-0.57,-8.82,-13.16,-14.59,-15.58
2328.00,5.95,5.26,0.07,-5.05,-11.75,-13.02,-14.23,-11.02
2332.00,8.75,0.39,-2.44,-7.24,-15.16,-14.41,-14.21,-8.27
2336.00,5.50,0.66,-7.44,-13.07,-12.56,-15.65,-8.99,-3.27
2340.00,4.18,-2.45,-7.67,-13.14,-14.33,-11.08,-8.90,2.62
2344.00,1.37,-4.89,-11.94,-12.28,-15.21,-9.66,-4.54,6.74
2348.00,-3.44,-8.15,-10.48,-16.82,-11.33,-8.39,3.66,12.85
2352.00,-7.51,-8.92,-14.13,-14.80,-9.03,-1.35,9.04,19.82
2356.00,-8.11,-13.67,-16.24,-10.93,-8.20,0.89,12.65,21.43
2360.00,-8.34,-13.29,-14.26,-10.46,-2.22,5.57,17.60,24.68
2364.00,-13.74,-12.52,-14.25,-5.22,0.39,8.51,19.38,28.61
2368.00,-12.24,-14.73,-8.01,-3.62,3.76,13.58,23.96,31.32
2372.00,-12.63,-12.42,-5.18,-2.19,11.56,18.62,27.82,28.20
2376.00,-13.95,-8.09,-5.82,5.00,13.07,23.88,27.43,26.08
2380.00,-13.05,-7.84,-1.44,8.55,18.63,23.49,27.11,25.24
2384.00,-9.16,-2.82,3.87,12.27,21.06,23.61,27.91,25.29
2388.00,-9.02,-1.12,5.78,13.31,24.50,27.29,23.50,17.57
2392.00,-4.80,1.75,13.06,16.31,25.36,22.61,23.49,14.45
2396.00,-0.38,5.90,16.59,19.50,25.31,21.69,17.83,10.43
2400.00,3.74,9.37,16.74,22.34,24.10,22.28,13.48,7.16
2404.00,3.35,11.80,19.75,23.96,20.56,17.71,9.10,4.30
2408.00,10.00,16.06,18.28,23.35,17.83,14.27,5.29,-1.24
2412.00,14.03,15.76,18.42,21.29,15.27,10.83,0.71,-4.09
2416.00,13.75,20.33,22.07,18.80,13.58,5.53,-3.63,-8.71
2420.00,18.25,19.90,17.49,14.75,8.85,4.00,-3.21,-8.83
2424.00,15.44,17.72,15.47,12.89,5.49,0.01,-5.38,-11.76
2428.00,15.62,18.88,13.13,8.32,2.47,-5.61,-9.05,-11.62
2432.00,16.21,14.59,10.79,6.54,-0.75,-8.65,-7.00,-7.11
2436.00,16.55,15.53,8.83,1.63,-5.90,-7.08,-7.02,-6.72
2440.00,13.43,12.79,3.73,-2.98,-3.87,-6.77,-5.97,-4.17
2444.00,11.09,8.87,-0.22,-2.87,-7.55,-10.11,-4.04,-4.38
2448.00,10.06,2.92,-2.10,-3.47,-7.55,-7.45,-5.46,2.98
2452.00,8.93,1.38,-3.02,-7.13,-5.52,-7.81,-1.14,3.21
2456.00,3.77,0.20,-4.86,-9.52,-8.76,-5.74,1.48,7.25
2460.00,0.04,-5.58,-6.28,-8.42,-6.22,-1.78,1.45,8.49
2464.00,-0.66,-5.55,-5.01,-6.06,-2.23,1.17,6.38,7.71
2468.00,-2.96,-5.47,-5.95,-3.84,-0.78,0.76,4.85,5.98
2472.00,-1.89,-4.96,-5.26,-2.78,2.59,6.30,4.81,6.61
2476.00,-5.21,-6.83,-3.34,0.24,1.76,5.88,6.41,3.78
2480.00,-4.15,-6.86,-0.54,-1.08,4.83,6.45,6.44,3.61
2484.00,-6.41,-2.11,-1.40,1.81,8.01,4.71,4.62,-1.03
2488.00,-4.41,0.42,-0.19,6.51,6.64,5.76,4.66,-4.94
2492.00,-5.55,1.58,4.46,5.40,6.43,3.23,-3.11,-5.40
2496.00,0.00,0.89,2.57,6.84,6.34,-0.12,-4.83,-12.96
2500.00,0.23,1.47,6.38,5.95,6.13,0.42,-7.10,-13.24
2504.00,3.91,5.37,7.63,4.63,-0.16,-2.72,-10.30,-18.23
2508.00,4.49,4.52,5.85,1.21,1.12,-8.16,-13.42,-17.44
2512.00,6.49,7.08,3.79,1.98,-5.94,-9.62,-15.61,-22.01
2516.00,5.21,6.49,4.52,-1.19,-5.66,-14.85,-21.38,-22.64
2520.00,7.71,3.18,-0.37,-3.91,-11.65,-14.72,-18.36,-23.05
2524.00,3.64,1.04,-0.53,-8.20,-11.72,-20.82,-21.04,-19.11
2528.00,4.65,1.01,-4.76,-11.61,-14.75,-22.23,-20.69,-15.06
2532.00,1.56,1.14,-5.21,-11.93,-17.37,-21.22,-16.16,-13.17
2536.00,-1.04,-2.81,-9.49,-15.04,-18.60,-19.55,-16.58,-5.87
2540.00,-2.06,-8.14,-14.77,-16.53,-22.25,-17.45,-14.81,-3.37
2544.00,-4.06,-11.58,-15.95,-16.87,-20.14,-17.66,-10.13,3.46
2548.00,-7.95,-11.86,-19.10,-21.61,-16.54,-11.63,-5.02,5.96
2552.00,-8.89,-16.97,-17.52,-17.37,-17.33,-9.35,0.62,12.58
2556.00,-13.35,-18.54,-20.49,-15.37,-12.07,-4.11,5.81,17.50
2560.00,-13.68,-19.54,-18.73,-15.77,-7.65,0.81,10.33,16.58
2564.00,-16.83,-19.12,-14.89,-10.93,-5.14,3.25,15.56,21.82
2568.00,-18.76,-15.81,-17.48,-7.72,-0.55,11.53,16.46,24.98
2572.00,-18.16,-16.96,-14.36,-4.47,5.54,11.85,19.89,23.99
2576.00,-15.85,-16.20,-11.38,0.14,6.64,15.93,22.49,22.90
2580.00,-18.15,-11.72,-6.55,3.90,11.56,18.26,21.24,18.32
2584.00,-15.09,-10.73,-3.01,5.99,13.15,19.01,23.10,16.44
2588.00,-12.43,-5.82,4.08,8.86,14.86,17.67,18.58,14.72
2592.00,-6.94,-1.14,4.25,14.64,18.52,18.88,18.26,7.08
2596.00,-7.14,0.78,10.47,14.54,18.44,19.28,11.86,3.26
2600.00,-4.29,7.60,13.28,14.43,15.83,13.38,6.98,2.83
2604.00,2.14,10.32,16.01,16.57,14.15,13.44,3.35,-2.41
2608.00,6.11,12.45,16.23,18.23,16.24,9.26,-0.49,-8.51
2612.00,5.77,12.54,14.70,16.09,12.91,4.85,-4.30,-8.72
2616.00,10.57,14.72,15.50,12.66,8.12,-1.61,-4.96,-12.12
2620.00,10.10,12.49,15.96,9.34,4.14,-1.92,-8.17,-12.75
2624.00,14.57,14.66,10.51,5.30,-1.13,-5.76,-10.33,-15.55
2628.00,13.42,13.96,11.30,4.87,-2.43,-8.14,-15.79,-17.71
2632.00,14.10,10.90,7.54,-0.72,-7.42,-9.98,-12.93,-13.11
2636.00,11.18,7.20,2.88,-3.41,-8.05,-11.48,-16.58,-11.37
2640.00,12.37,3.60,-1.62,-7.69,-12.49,-12.40,-13.39,-8.51
2644.00,8.01,2.44,-1.22,-6.65,-13.21,-11.31,-14.14,-8.79
2648.00,7.74,0.78,-5.24,-12.59,-14.50,-13.90,-8.32,-4.28
2652.00,4.93,-0.38,-6.88,-12.73,-12.37,-12.82,-8.84,-4.92
2656.00,-2.01,-6.87,-7.75,-13.75,-10.87,-9.59,-6.11,1.45
2660.00,-0.01,-6.92,-9.02,-12.12,-9.74,-8.39,-0.62,-0.98
2664.00,-3.63,-10.90,-8.94,-10.77,-7.91,-5.00,-1.13,0.38
2668.00,-4.63,-11.16,-11.52,-7.95,-4.81,-2.04,2.49,3.05
2672.00,-5.95,-9.49,-7.72,-7.15,-5.68,0.70,3.73,2.01
2676.00,-10.21,-7.43,-8.86,-7.49,-3.15,2.19,1.42,-0.82
2680.00,-10.47,-9.44,-7.64,-2.20,-0.83,-0.38,2.78,-4.33
2684.00,-8.89,-7.46,-3.87,-0.67,-0.98,2.48,-1.33,-7.64
2688.00,-7.34,-3.47,-1.70,-1.61,2.39,1.10,-3.21,-6.75
2692.00,-5.08,-5.16,0.36,2.28,0.55,-2.31,-4.14,-10.63
2696.00,-6.43,-4.43,2.74,3.66,0.55,-1.30,-9.18,-14.54
2700.00,-1.95,-0.07,2.85,2.50,2.01,-4.00,-12.25,-17.48
2704.00,-1.68,0.81,1.33,2.63,-3.75,-6.95,-16.87,-20.35
2708.00,1.36,1.66,-0.13,-2.02,-4.83,-9.50,-16.75,-23.81
2712.00,0.84,3.33,-0.46,-4.18,-9.04,-17.45,-19.51,-27.34
2716.00,3.20,1.17,0.62,-6.89,-13.34,-18.69,-23.44,-28.20
2720.00,4.03,3.42,-4.43,-6.64,-13.07,-23.12,-22.74,-27.24
2724.00,4.35,-1.51,-5.29,-11.38,-18.16,-23.77,-22.77,-23.37
2728.00,0.79,-0.32,-8.31,-12.03,-22.55,-22.28,-22.65,-19.26
2732.00,-2.03,-5.48,-8.25,-16.30,-22.55,-25.98,-22.69,-16.86
2736.00,-0.83,-8.12,-13.87,-19.14,-21.77,-22.48,-21.95,-11.53
2740.00,-1.90,-9.94,-13.78,-20.39,-25.63,-23.61,-14.10,-9.51
2744.00,-5.78,-13.06,-16.20,-22.17,-21.37,-21.18,-11.20,-3.44
2748.00,-7.80,-12.89,-18.90,-23.61,-18.90,-18.15,-6.29,3.05
2752.00,-12.08,-19.16,-20.83,-20.18,-16.61,-11.06,-0.43,7.28
2756.00,-12.95,-20.27,-21.56,-20.70,-17.03,-5.89,4.65,12.42
2760.00,-14.18,-17.93,-19.14,-16.98,-13.73,-4.13,8.40,16.53
2764.00,-20.33,-20.61,-19.29,-14.07,-6.93,3.64,13.76,17.32
2768.00,-17.39,-18.49,-16.91,-11.76,-2.42,4.91,12.41,17.39
2772.00,-19.90,-19.64,-15.28,-6.59,0.10,9.17,19.34,19.82
2776.00,-18.51,-17.09,-10.97,-1.20,4.29,15.46,20.64,19.49
2780.00,-18.55,-13.05,-7.07,2.68,10.62,18.05,20.39,15.40
2784.00,-17.22,-12.06,-5.52,3.62,10.58,19.72,16.05,14.68
2788.00,-13.12,-4.71,-0.86,6.51,13.56,16.00,18.31,13.31
2792.00,-7.82,-1.88,4.39,12.63,17.68,19.43,16.13,5.48
2796.00,-8.78,0.20,9.01,16.04,15.38,13.81,8.76,1.42
2800.00,-5.32,5.91,10.70,14.04,14.91,15.44,7.76,-0.25
2804.00,-1.95,9.64,12.60,13.91,13.56,9.00,5.10,-5.97
2808.00,5.90,12.05,14.63,17.75,12.70,4.47,-1.24,-11.71
2812.00,7.83,14.40,12.86,15.41,11.02,1.94,-3.00,-13.08
2816.00,10.69,14.63,16.62,10.77,6.44,-2.80,-9.00,-16.18
2820.00,11.14,13.57,13.46,10.78,1.20,-2.48,-11.57,-18.30
2824.00,10.00,13.58,9.18,5.05,-1.64,-8.85,-12.23,-17.13
2828.00,14.99,13.27,7.21,5.45,-4.10,-7.99,-15.57,-15.49
2832.00,9.90,10.76,6.26,1.44,-6.08,-13.09,-15.54,-16.39
2836.00,12.83,10.02,4.13,-2.24,-10.87,-14.80,-13.40,-15.40
2840.00,10.27,6.41,1.88,-6.52,-9.71,-14.03,-11.45,-12.90
2844.00,5.99,5.11,-4.66,-9.55,-12.58,-15.40,-10.78,-9.82
2848.00,3.95,1.99,-5.10,-9.65,-12.16,-13.54,-7.29,-5.58
2852.00,4.88,-3.26,-5.54,-13.04,-10.05,-9.69,-9.39,-2.27
2856.00,2.37,-4.07,-7.84,-10.91,-12.19,-6.92,-4.64,-0.99
2860.00,-0.28,-6.17,-10.00,-12.38,-11.71,-4.62,-0.37,1.63
2864.00,-3.33,-6.21,-11.37,-9.19,-9.31,-3.46,1.68,1.22
2868.00,-4.13,-8.20,-7.63,-6.82,-6.16,-2.55,0.32,4.09
2872.00,-9.34,-7.27,-7.83,-5.52,-1.70,2.34,1.67,3.18
2876.00,-7.78,-7.70,-7.91,-6.72,-3.06,0.21,4.25,1.70
2880.00,-6.07,-6.28,-4.60,0.09,2.27,2.31,1.29,-3.91
2884.00,-6.49,-6.66,-4.47,1.62,4.38,1.52,2.35,-6.31
2888.00,-8.58,-4.12,-0.34,4.00,5.09,2.13,-1.85,-9.01
2892.00,-3.15,-0.29,0.75,3.45,5.77,3.02,-5.78,-13.47
2896.00,-3.21,-2.28,3.99,2.28,3.96,0.29,-6.65,-16.50
2900.00,-2.28,-1.01,1.84,2.67,3.53,-3.57,-9.67,-18.56
2904.00,-2.50,4.24,3.91,0.47,-2.49,-5.79,-11.69,-20.83
2908.00,0.69,1.64,3.18,3.45,-1.63,-10.01,-17.77,-19.91
2912.00,1.26,5.22,0.84,-0.67,-6.43,-11.71,-20.09,-25.61
2916.00,4.92,4.40,2.26,-1.34,-10.09,-17.71,-19.21,-23.29
2920.00,6.46,4.28,1.84,-7.36,-11.96,-20.38,-20.33,-24.56
2924.00,1.60,1.95,-0.78,-9.46,-13.13,-21.73,-23.02,-21.29
2928.00,2.35,2.06,-3.79,-10.38,-15.59,-22.38,-21.43,-17.07
2932.00,1.30,-4.52,-7.43,-16.60,-17.54,-19.52,-19.07,-14.61
2936.00,1.50,-3.48,-8.64,-14.67,-21.50,-22.47,-14.86,-9.73
2940.00,-4.00,-6.77,-11.56,-20.26,-20.69,-16.96,-15.33,-3.15
2944.00,-2.39,-9.82,-14.24,-18.03,-21.27,-14.71,-10.42,0.60
2948.00,-8.65,-13.04,-16.30,-19.95,-19.89,-11.13,-2.51,8.25
2952.00,-8.23,-15.72,-18.16,-17.35,-14.56,-6.46,-0.58,14.01
2956.00,-10.06,-15.47,-16.54,-18.21,-13.97,-3.53,4.22,16.75
2960.00,-14.06,-15.91,-16.99,-15.21,-8.75,-1.21,10.75,17.56
2964.00,-14.81,-15.83,-17.71,-13.44,-3.72,7.01,15.68,22.48
2968.00,-17.38,-15.17,-16.31,-7.59,-0.47,10.56,19.65,26.44
2972.00,-16.87,-14.90,-13.62,-3.36,4.62,15.29,19.20,25.39
2976.00,-13.47,-12.49,-7.37,0.41,8.28,15.90,23.84,22.68
2980.00,-16.40,-12.23,-3.49,2.82,15.89,20.11,22.72,20.26
2984.00,-10.48,-6.89,-1.39,7.28,15.91,19.82,23.91,19.97
2988.00,-7.63,-3.78,6.76,10.91,19.94,21.41,20.56,17.94
2992.00,-5.40,-2.13,7.46,17.57,20.82,20.10,19.43,12.70
2996.00,-1.12,2.49,10.01,18.27,23.54,19.99,17.69,9.03
3000.00,-0.99,9.16,12.94,17.53,19.88,19.06,12.80,5.95
3004.00,2.71,11.17,17.45,18.91,18.95,16.25,8.04,-2.90
3008.00,6.63,11.90,16.64,21.70,15.65,13.11,5.91,-5.72
3012.00,7.63,16.72,20.37,18.30,14.35,9.53,-0.99,-4.80
3016.00,12.94,15.72,20.65,15.78,9.33,5.28,-2.05,-9.64
3020.00,15.31,19.08,17.91,14.80,9.01,-0.12,-5.51,-10.61
3024.00,14.34,18.09,17.31,9.99,5.13,-0.58,-5.90,-13.06
3028.00,16.97,16.26,14.23,9.03,2.44,-4.81,-8.46,-9.75
3032.00,17.48,14.67,7.97,4.88,-1.79,-7.93,-11.37,-9.21
3036.00,15.28,14.55,8.19,-0.68,-3.17,-8.29,-10.69,-8.55
3040.00,11.85,8.36,4.58,-3.72,-6.94,-6.44,-9.43,-6.15
3044.00,11.10,9.57,0.68,-1.66,-5.79,-8.78,-8.31,-4.00
3048.00,7.42,2.07,0.40,-3.71,-6.97,-5.28,-2.88,0.36
3052.00,8.28,0.06,-3.41,-7.86,-9.11,-6.89,-1.97,1.64
3056.00,1.75,-3.06,-2.73,-4.61,-7.59,-1.93,2.78,5.06
3060.00,1.70,-1.42,-4.28,-3.94,-6.96,-1.11,4.30,8.53
3064.00,-0.75,-2.46,-7.82,-2.86,-1.01,0.08,7.93,5.88
3068.00,-3.56,-6.40,-6.48,-5.30,-2.08,2.27,4.98,10.65
3072.00,-3.54,-3.17,-6.02,-3.30,1.03,4.34,9.11,8.17
3076.00,-1.84,-5.81,-3.35,0.14,5.56,9.21,7.52,7.04
3080.00,-5.52,-4.45,-3.38,2.98,6.19,7.26,9.05,5.95
3084.00,-4.46,0.02,1.07,2.64,7.14,10.57,8.60,2.90
3088.00,-4.35,-1.95,2.19,5.19,10.03,8.62,6.81,-1.22
3092.00,-0.31,3.80,6.57,5.49,10.29,4.69,-0.67,-4.80
3096.00,2.33,1.44,8.16,10.05,8.60,5.07,-1.12,-9.52
3100.00,0.89,6.99,10.37,9.78,6.41,2.81,-6.94,-10.97
3104.00,1.72,7.10,10.70,10.33,2.19,0.32,-7.06,-15.26
3108.00,3.63,8.77,10.60,6.07,3.80,-6.47,-10.87,-17.42
3112.00,5.83,9.64,7.40,4.69,-1.53,-8.89,-13.37,-15.66
3116.00,10.08,8.86,5.95,1.08,-5.74,-12.64,-14.63,-17.39
3120.00,8.52,7.24,4.77,1.52,-6.21,-10.98,-16.07,-16.70
3124.00,8.59,8.49,2.67,-4.17,-10.33,-12.84,-18.54,-12.36
3128.00,6.73,5.59,-2.87,-5.21,-13.59,-13.51,-17.58,-13.62
3132.00,5.15,4.20,-4.79,-11.10,-13.14,-15.05,-11.62,-6.28
3136.00,6.85,-0.90,-4.52,-10.08,-17.50,-17.47,-8.64,-1.75
3140.00,0.56,-3.81,-7.88,-11.79,-15.23,-15.74,-8.04,3.03
3144.00,0.40,-5.42,-10.00,-13.54,-15.29,-8.75,-0.99,6.48
3148.00,-4.66,-9.12,-14.63,-16.45,-14.21,-7.82,1.06,14.19
3152.00,-6.96,-11.62,-13.94,-15.37,-9.30,-4.31,7.76,16.15
3156.00,-8.90,-14.41,-13.60,-12.81,-5.40,2.26,10.77,21.61
3160.00,-7.75,-15.41,-15.00,-9.25,-2.46,3.86,15.11,23.28
3164.00,-9.33,-11.41,-10.75,-8.11,2.61,12.07,22.36,26.30
3168.00,-14.31,-14.99,-11.06,-5.79,5.73,16.39,23.69,29.96
3172.00,-13.10,-12.43,-9.07,0.73,10.59,20.07,27.60,28.41
3176.00,-11.61,-11.03,-5.45,6.74,12.23,20.18,29.69,27.70
3180.00,-12.81,-8.86,1.31,9.29,17.22,23.24,27.84,26.75
3184.00,-8.33,-4.45,5.24,11.30,23.15,27.42,28.91,25.34
3188.00,-7.68,0.40,9.93,19.29,23.80,26.06,27.61,22.77
3192.00,-2.70,3.17,10.30,17.74,23.48,24.12,23.45,16.86
3196.00,2.05,5.59,17.66,23.74,24.92,26.06,19.52,12.40
3200.00,1.42,9.62,16.16,25.04,27.12,23.75,18.27,10.00
3204.00,5.22,14.34,21.50,22.42,25.35,18.29,10.79,4.90
3208.00,9.97,15.11,21.69,23.68,22.88,14.81,8.61,1.55
3212.00,15.27,19.81,24.42,21.66,19.39,11.14,4.72,-4.57
3216.00,13.97,20.70,21.65,22.27,16.81,9.27,1.76,-5.16
3220.00,17.89,21.97,19.45,17.32,9.16,2.40,-3.52,-6.14
3224.00,19.54,22.15,20.63,16.19,6.96,-0.47,-3.96,-5.11
3228.00,21.16,17.95,14.58,12.62,2.98,-4.01,-6.29,-8.66
3232.00,16.86,16.30,11.47,9.48,-0.04,-2.10,-5.22,-3.37
3236.00,17.31,14.45,10.66,2.73,-0.42,-7.33,-7.47,-2.16
3240.00,18.17,12.17,7.73,-0.81,-1.52,-3.64,-5.10,0.28
3244.00,13.25,7.91,3.91,-1.67,-5.21,-2.71,-5.24,2.87
3248.00,11.23,5.09,1.80,-1.12,-3.04,-3.12,1.21,4.79
3252.00,8.77,6.56,-1.12,-4.62,-3.92,-0.86,0.55,7.35
3256.00,8.82,-0.49,-2.36,-2.68,-4.75,1.94,5.04,7.63
3260.00,6.33,0.85,-5.13,-3.43,-2.08,4.35,5.54,9.14
3264.00,1.88,-2.12,-2.50,-0.52,-1.59,3.99,9.18,9.79
3268.00,-0.49,-2.38,-1.89,-2.41,2.44,4.55,11.46,13.76
3272.00,0.92,-1.64,-2.77,1.19,3.69,9.44,12.32,12.41
3276.00,-4.05,-4.25,-0.06,1.43,8.03,8.31,9.84,11.17
3280.00,-0.02,-3.50,-0.25,5.75,6.90,12.18,10.06,9.17
3284.00,-1.52,-0.92,4.53,6.58,9.13,8.72,6.52,5.27
3288.00,0.50,3.42,3.50,6.18,12.49,10.55,8.25,3.17
3292.00,1.42,3.98,5.64,7.24,11.54,9.95,4.67,-1.98
3296.00,0.49,6.84,10.08,7.78,8.65,5.70,0.41,-4.79
3300.00,4.27,7.77,8.04,9.87,7.54,3.82,-0.68,-9.35
3304.00,4.74,7.24,8.98,7.25,8.31,0.38,-5.23,-10.67
3308.00,4.96,8.62,9.80,6.29,1.59,-1.63,-7.60,-16.84
3312.00,7.08,11.85,10.07,3.67,0.17,-6.43,-12.11,-16.28
3316.00,11.18,10.36,7.32,2.29,-3.15,-8.91,-15.46,-13.84
3320.00,9.58,9.97,3.68,-1.18,-7.41,-12.63,-17.01,-17.12
3324.00,6.68,5.62,4.65,-5.10,-10.23,-12.73,-15.10,-14.44
3328.00,7.08,6.71,2.34,-4.71,-11.48,-12.92,-12.59,-11.89
3332.00,4.43,3.25,-3.26,-11.31,-15.79,-15.14,-12.95,-7.58
3336.00,2.26,-0.76,-5.68,-9.71,-16.54,-13.59,-9.44,-1.30
3340.00,2.94,-0.84,-9.30,-12.41,-15.93,-14.70,-5.79,2.12
3344.00,2.25,-7.78,-9.93,-14.88,-12.53,-10.24,-2.05,5.86
3348.00,-1.79,-8.56,-13.05,-12.43,-10.86,-5.97,-0.06,11.85
3352.00,-4.68,-9.33,-14.99,-16.49,-9.46,-2.02,4.61,15.37
3356.00,-5.54,-12.51,-14.50,-13.50,-9.05,0.74,10.13,23.25
3360.00,-9.74,-11.54,-14.75,-12.86,-5.27,3.74,13.80,25.21
3364.00,-9.55,-14.98,-10.52,-6.53,0.05,8.06,22.09,29.20
3368.00,-10.97,-13.27,-8.49,-4.72,5.80,14.64,24.46,30.38
3372.00,-10.91,-12.43,-6.44,0.40,10.06,18.17,26.93,26.86
3376.00,-12.99,-10.63,-2.08,3.64,15.37,19.47,27.91,29.57
3380.00,-9.79,-9.56,1.82,7.23,16.54,23.32,26.91,27.20
3384.00,-9.29,-4.70,4.95,14.12,18.04,24.30,25.38,23.01
3388.00,-7.38,-1.82,9.58,14.73,21.77,24.79,24.05,21.05
3392.00,-2.85,0.47,11.80,17.07,22.44,23.94,19.78,14.35
3396.00,-3.25,6.73,13.87,22.53,24.12,25.15,18.28,9.32
3400.00,0.19,7.99,16.20,23.18,21.39,19.75,16.97,6.72
3404.00,6.88,12.93,20.64,22.62,21.97,16.94,12.07,-0.13
3408.00,8.37,17.33,18.36,20.46,16.98,15.01,4.18,-1.53
3412.00,11.94,18.09,22.27,19.15,16.25,10.09,3.66,-2.48
3416.00,15.62,20.38,22.18,19.54,14.21,6.20,0.92,-5.90
3420.00,18.03,17.60,19.59,16.82,9.23,-0.00,-4.96,-9.93
3424.00,15.89,18.53,18.08,14.57,6.28,-1.37,-7.51,-11.39
3428.00,18.30,17.61,16.20,7.82,3.43,-2.62,-10.49,-7.94
3432.00,15.36,16.50,13.72,4.77,-2.31,-6.74,-7.78,-7.14
3436.00,17.24,14.72,8.80,0.07,-4.08,-9.05,-9.23,-8.20
3440.00,13.69,12.40,5.23,-2.26,-4.86,-8.58,-5.51,-3.90
3444.00,14.17,6.71,-0.43,-1.32,-9.42,-5.95,-5.14,-2.65
3448.00,11.18,5.74,0.22,-3.88,-8.37,-6.85,-4.08,0.73
3452.00,9.17,2.08,-5.09,-8.13,-5.23,-4.55,-0.19,0.69
3456.00,2.96,-1.99,-5.32,-8.01,-4.63,-2.77,2.49,2.97
3460.00,1.18,-4.19,-5.98,-8.14,-6.24,-3.19,4.17,4.63
3464.00,1.52,-5.36,-4.98,-6.47,-4.56,2.41,5.86,5.54
3468.00,-2.64,-7.00,-5.41,-4.14,0.07,5.32,4.56,8.18
3472.00,-5.32,-5.35,-6.78,-1.38,2.86,4.85,6.55,4.53
3476.00,-5.74,-4.00,-5.84,-0.29,2.37,8.06,9.47,3.09
3480.00,-7.25,-2.62,-2.39,-1.08,6.47,5.96,3.82,0.95
3484.00,-5.27,-4.32,-2.78,3.96,5.63,4.64,2.39,-2.52
3488.00,-6.12,-0.51,2.88,6.38,6.24,3.85,1.05,-4.32
3492.00,-4.59,-2.14,3.76,5.00,7.27,6.32,1.50,-8.62
3496.00,-3.13,-0.70,6.89,6.41,4.55,4.32,-1.92,-12.71
3500.00,0.96,5.61,7.94,3.72,5.43,-0.63,-9.03,-16.94
3504.00,1.68,2.91,7.52,2.72,0.38,-4.93,-10.19,-18.07
3508.00,1.20,6.99,4.06,3.63,-1.69,-7.38,-14.79,-20.94
3512.00,3.12,4.60,4.82,1.00,-2.30,-10.48,-15.59,-23.25
3516.00,7.24,4.42,4.83,-0.96,-10.01,-14.92,-17.77,-20.24
3520.00,4.70,3.40,1.45,-2.51,-11.33,-17.37,-21.65,-20.78
3524.00,7.24,2.17,-2.26,-9.44,-12.98,-16.56,-20.39,-18.71
3528.00,6.36,3.35,-5.34,-8.39,-15.30,-18.66,-21.61,-15.52
3532.00,4.97,-0.63,-9.29,-14.21,-19.26,-22.01,-17.83,-12.95
3536.00,-0.05,-6.05,-9.55,-14.90,-22.08,-19.87,-17.52,-5.90
3540.00,-3.44,-5.04,-10.57,-19.63,-21.48,-16.84,-12.30,-1.27
3544.00,-3.64,-12.29,-16.17,-18.10,-19.66,-18.08,-8.01,2.52
3548.00,-6.93,-12.88,-15.87,-19.46,-16.28,-10.44,-2.65,7.04
3552.00,-11.07,-16.03,-20.00,-19.99,-13.76,-9.15,0.84,11.97
3556.00,-14.20,-15.12,-16.51,-17.05,-10.07,-2.69,7.13,17.68
3560.00,-15.76,-17.92,-18.99,-17.83,-9.05,-0.70,10.40,21.32
3564.00,-17.65,-16.78,-15.76,-12.94,-2.56,4.16,16.68,19.91
3568.00,-17.48,-15.99,-13.55,-11.32,2.15,8.04,18.01,24.03
3572.00,-19.13,-18.53,-10.28,-6.26,2.47,11.94,21.15,22.16
3576.00,-18.53,-14.93,-8.19,1.17,6.83,18.53,22.67,20.80
3580.00,-15.54,-11.97,-4.73,5.18,14.30,20.19,19.40,21.69
3584.00,-11.51,-7.64,0.80,8.87,13.46,17.67,19.83,19.66
3588.00,-13.78,-5.30,0.49,9.48,19.34,18.81,17.90,12.20
3592.00,-7.06,-4.21,3.86,13.79,17.03,18.61,17.43,8.97
3596.00,-6.51,1.11,7.94,13.34,20.37,18.33,13.32,3.94
3600.00,-3.57,3.59,11.37,16.87,19.94,14.68,6.45,0.47
3604.00,-0.44,10.41,15.74,16.53,15.20,12.42,2.56,-4.55
3608.00,2.96,11.79,13.53,17.04,15.27,10.51,-0.87,-6.96
3612.00,6.95,12.27,14.12,16.65,10.66,4.29,-2.02,-8.85
3616.00,11.05,14.57,15.37,11.73,6.56,0.01,-8.56,-14.54
3620.00,10.80,16.99,13.56,11.85,5.19,-4.60,-9.80,-17.02
3624.00,11.18,13.00,10.66,8.75,0.93,-7.80,-11.45,-16.75
3628.00,12.20,12.77,9.92,5.95,-5.66,-10.10,-14.67,-14.47
3632.00,12.85,9.46,4.66,0.47,-4.05,-9.45,-15.97,-14.06
3636.00,13.84,9.32,3.90,-5.18,-9.62,-11.07,-16.44,-12.73
3640.00,9.58,3.72,2.25,-6.81,-8.69,-14.93,-13.04,-12.88
3644.00,10.42,1.83,-1.86,-10.49,-12.22,-14.52,-12.94,-9.88
3648.00,7.27,2.33,-6.30,-11.64,-10.96,-12.50,-8.39,-5.54
3652.00,0.44,-3.98,-8.29,-11.40,-11.02,-12.02,-9.38,-5.19
3656.00,-1.02,-7.32,-8.41,-11.37,-9.79,-9.89,-2.24,-2.00
3660.00,-3.78,-8.90,-10.71,-13.22,-9.75,-6.84,-3.86,-0.45
3664.00,-3.80,-10.81,-13.01,-11.08,-6.13,-5.69,-2.89,2.98
3668.00,-5.05,-10.42,-8.05,-11.13,-4.52,-2.06,3.23,3.42
3672.00,-7.73,-9.27,-7.96,-4.82,-4.11,0.37,1.64,1.60
3676.00,-11.03,-7.82,-9.63,-6.50,-3.98,1.01,1.83,-0.67
3680.00,-8.46,-10.63,-7.87,-4.61,0.01,0.91,0.44,-1.89
3684.00,-6.57,-7.14,-2.09,-2.06,-0.50,1.02,0.29,-6.09
3688.00,-10.08,-3.23,-2.01,1.86,4.13,-0.71,-5.15,-6.98
3692.00,-6.65,-3.53,-3.06,1.85,3.00,-0.95,-6.67,-13.34
3696.00,-6.63,-3.30,2.41,2.52,3.22,-0.52,-9.68,-16.81
3700.00,-0.84,0.54,3.92,3.07,-2.12,-3.82,-10.57,-17.52
3704.00,-1.64,1.96,1.24,-1.25,-2.23,-9.32,-14.28,-21.53
3708.00,2.06,2.31,3.23,-0.23,-7.19,-13.89,-16.84,-23.50
3712.00,1.72,1.18,1.94,-0.57,-6.67,-17.61,-24.12,-24.25
3716.00,-0.19,4.64,0.11,-3.13,-12.09,-16.18,-25.90,-25.07
3720.00,4.26,1.57,-1.75,-9.65,-14.01,-21.80,-23.84,-25.45
3724.00,2.63,0.28,-2.94,-12.75,-16.63,-22.82,-23.72,-22.10
3728.00,0.26,-1.25,-8.77,-16.51,-22.32,-25.29,-25.90,-22.26
3732.00,2.09,-3.16,-10.31,-15.66,-23.29,-23.10,-21.83,-18.16
3736.00,0.36,-8.84,-11.16,-17.17,-24.60,-23.24,-18.21,-14.06
3740.00,-5.41,-11.27,-17.09,-20.96,-24.09,-23.15,-16.54,-7.80
3744.00,-4.43,-12.83,-20.28,-19.86,-23.21,-17.96,-12.34,-0.53
3748.00,-10.53,-14.29,-18.78,-23.96,-21.53,-16.18,-8.96,2.77
3752.00,-11.07,-19.22,-20.63,-22.28,-17.10,-11.42,-3.24,7.80
3756.00,-15.21,-18.75,-20.86,-21.23,-15.49,-7.57,5.03,14.38
3760.00,-17.09,-19.12,-21.20,-17.86,-10.64,-4.03,8.94,16.96
3764.00,-18.63,-21.11,-20.76,-16.15,-8.42,2.83,10.74,19.34
3768.00,-18.41,-22.11,-15.70,-9.26,-0.76,4.75,13.96,17.55
3772.00,-17.81,-20.16,-12.42,-5.21,4.00,10.47,17.51,20.92
3776.00,-20.98,-16.19,-13.28,-5.37,5.16,16.06,19.80,21.89
3780.00,-17.98,-14.80,-7.91,1.66,9.07,17.03,17.13,18.55
3784.00,-13.73,-11.92,-3.39,4.79,11.16,17.59,19.89,12.87
3788.00,-13.32,-7.70,1.99,9.84,14.37,19.12,16.90,13.37
3792.00,-7.92,-4.16,6.52,9.63,18.46,18.62,16.24,6.37
3796.00,-6.27,-1.50,5.66,15.09,15.78,16.18,10.24,5.23
3800.00,-2.35,5.98,10.32,14.36,15.64,13.06,5.19,-3.66
3804.00,0.07,8.51,10.99,17.19,15.23,12.62,3.22,-6.19
3808.00,5.98,7.80,15.53,13.54,10.99,7.13,-1.67,-11.84
3812.00,6.39,12.14,16.62,13.00,12.29,3.27,-5.62,-12.43
3816.00,11.18,13.50,12.13,10.12,7.70,-0.35,-7.81,-15.47
3820.00,13.06,15.65,14.67,9.64,2.02,-4.04,-10.11,-17.65
3824.00,10.14,13.00,10.76,4.35,0.67,-10.06,-11.42,-17.45
3828.00,13.88,11.56,10.60,4.00,-3.31,-11.43,-16.56,-15.37
3832.00,14.45,8.55,4.81,-1.06,-4.63,-12.22,-13.84,-16.86
3836.00,12.81,8.96,1.42,-5.51,-8.81,-11.44,-14.91,-11.92
3840.00,10.49,4.71,-1.77,-4.91,-13.22,-12.63,-12.00,-8.81
3844.00,7.37,5.39,-2.40,-6.10,-13.03,-12.51,-9.59,-6.13
3848.00,6.93,1.00,-3.35,-11.84,-10.56,-11.08,-10.04,-3.56
3852.00,3.71,-3.89,-8.14,-11.86,-13.40,-9.61,-6.89,-4.02
3856.00,-0.96,-4.67,-11.22,-13.77,-11.55,-7.68,-2.40,-1.89
3860.00,-1.42,-8.43,-10.85,-10.27,-10.36,-5.34,-4.24,-0.14
3864.00,-3.24,-9.09,-10.79,-12.32,-5.62,-5.74,0.29,2.77
3868.00,-7.07,-9.55,-7.90,-8.92,-3.93,1.16,0.65,1.80
3872.00,-6.73,-9.85,-10.63,-4.69,-3.41,-0.94,4.07,1.57
3876.00,-7.65,-7.71,-7.38,-5.36,0.25,0.99,3.13,-0.58
3880.00,-10.37,-10.37,-4.96,-2.95,1.53,4.29,3.20,-3.14
3884.00,-8.08,-6.55,-2.71,-0.07,3.31,4.08,1.69,-6.64
3888.00,-6.64,-4.84,0.48,2.71,1.96,4.20,1.06,-8.84
3892.00,-7.80,-3.59,-0.77,2.75,4.90,1.48,-3.67,-8.71
3896.00,-2.53,-2.56,2.19,4.19,2.43,0.30,-7.76,-14.54
3900.00,-1.32,3.18,1.27,1.34,1.76,-2.25,-9.26,-16.21
3904.00,0.55,2.94,1.42,3.67,-2.16,-8.48,-16.21,-21.61
3908.00,1.77,1.62,2.69,-0.13,-1.48,-8.71,-16.61,-24.11
3912.00,5.23,2.25,1.22,-0.32,-8.09,-14.41,-17.35,-24.66
3916.00,2.12,5.04,3.13,-4.42,-7.38,-16.93,-19.82,-22.90
3920.00,5.79,2.36,-0.26,-4.68,-14.40,-18.23,-20.43,-21.57
3924.00,2.99,1.93,-1.28,-6.62,-14.88,-18.33,-22.24,-19.39
3928.00,1.75,2.55,-7.35,-9.92,-18.98,-21.17,-20.62,-16.29
3932.00,3.39,-4.45,-5.91,-15.78,-18.10,-22.00,-18.88,-12.74
3936.00,2.87,-6.31,-13.01,-14.90,-21.24,-22.64,-16.11,-11.20
3940.00,-0.37,-8.84,-14.89,-17.93,-21.21,-16.80,-14.34,-5.54
3944.00,-4.14,-12.05,-15.30,-18.86,-19.25,-15.74,-6.75,0.37
3948.00,-6.95,-10.75,-17.23,-20.39,-17.41,-14.51,-2.25,8.97
3952.00,-9.74,-14.04,-19.06,-17.05,-16.06,-9.74,-1.33,11.58
3956.00,-10.29,-15.72,-17.03,-18.05,-14.46,-5.97,7.36,18.47
3960.00,-14.49,-18.04,-17.74,-13.50,-10.65,-0.57,10.65,18.48
3964.00,-13.03,-16.46,-17.30,-12.28,-4.14,7.48,14.63,24.39
3968.00,-17.12,-16.08,-12.16,-5.55,1.79,11.62,19.66,23.28
3972.00,-15.34,-13.91,-12.16,-4.69,3.51,13.20,20.24,25.23
3976.00,-13.66,-14.43,-7.20,0.41,7.78,16.49,23.35,24.88
3980.00,-16.12,-10.83,-5.69,6.40,15.86,22.28,25.54,21.89
3984.00,-14.91,-7.54,-1.12,8.59,16.32,22.56,22.05,21.70
3988.00,-10.42,-2.70,6.69,14.79,18.17,23.93,19.66,17.58
3992.00,-5.68,2.47,6.29,14.11,21.16,19.56,19.48,10.67
3996.00,-2.13,4.79,12.48,16.91,22.26,22.58,17.52,6.72
4000.00,-0.68,5.43,16.24,18.28,22.68,18.46,11.91,3.05
4004.00,2.30,9.43,18.09,17.56,21.00,15.35,9.69,-2.87
4008.00,5.15,14.79,16.03,20.44,17.79,11.67,4.16,-6.37
4012.00,10.90,15.81,20.63,15.99,15.13,5.41,-0.88,-9.65
4016.00,12.26,14.70,19.52,18.08,11.64,5.85,-3.85,-10.25
4020.00,12.92,15.49,18.53,13.63,8.93,2.68,-7.04,-11.08
4024.00,18.24,17.22,17.67,12.67,3.86,-3.59,-8.92,-13.25
4028.00,15.56,14.29,12.23,5.52,1.06,-4.93,-7.61,-12.74
4032.00,14.35,14.40,8.77,4.06,-2.60,-9.03,-9.33,-9.42
4036.00,15.25,11.25,5.25,-1.16,-5.84,-6.31,-7.54,-7.89
4040.00,11.66,7.72,3.79,-0.01,-5.97,-6.68,-9.76,-4.13
4044.00,12.29,7.91,2.69,-2.68,-7.50,-10.02,-7.96,-1.33
4048.00,8.02,3.76,-0.05,-4.27,-8.84,-7.64,-2.79,-1.82
4052.00,7.19,-0.40,-4.41,-5.62,-6.87,-6.31,-3.31,4.74
4056.00,2.24,1.39,-6.49,-4.76,-5.80,-2.31,1.32,7.10
4060.00,-0.72,-3.38,-4.57,-4.08,-6.87,-0.45,3.53,5.34
4064.00,-0.83,-5.85,-5.20,-3.67,0.04,2.40,3.41,7.16
4068.00,-3.96,-2.38,-5.51,-4.30,2.28,6.32,9.82,8.16
4072.00,-3.85,-4.29,-4.54,-0.10,1.16,8.18,8.42,9.26
4076.00,-3.61,-6.81,-3.21,3.05,5.09,7.65,8.05,4.41
4080.00,-4.25,-5.32,-1.26,3.88,8.78,9.22,9.24,4.31
4084.00,-4.27,-1.47,-0.19,4.08,6.84,7.04,7.91,-0.70
4088.00,-3.01,-0.24,3.37,4.81,9.59,5.53,2.64,-3.62
4092.00,-0.38,4.07,3.01,7.70,9.82,6.65,3.72,-6.80
4096.00,2.71,4.50,7.09,8.11,6.18,5.73,0.60,-10.55
4100.00,2.10,7.50,6.60,10.17,5.66,0.92,-3.12,-13.75
4104.00,4.14,4.53,9.62,9.66,6.65,-0.56,-8.40,-11.78
4108.00,5.48,9.25,8.59,6.90,1.70,-3.55,-10.25,-13.76
4112.00,5.22,7.38,7.91,2.34,-2.43,-8.24,-15.29,-16.25
4116.00,6.96,10.30,4.98,3.95,-3.24,-10.76,-16.48,-14.87
4120.00,6.84,7.78,4.69,-2.92,-5.75,-14.46,-15.09,-15.39
4124.00,8.66,8.26,-0.24,-3.17,-10.60,-16.98,-14.77,-15.35
4128.00,5.07,6.48,-0.29,-8.94,-14.34,-15.98,-13.89,-12.16
4132.00,4.19,1.67,-1.25,-8.36,-13.15,-16.21,-14.46,-5.93
4136.00,2.52,-0.47,-8.24,-12.79,-16.50,-16.42,-8.78,-3.18
4140.00,1.81,-0.83,-7.55,-13.38,-16.06,-14.21,-5.04,4.06
4144.00,-1.24,-7.78,-11.93,-13.16,-12.23,-10.53,-2.77,5.35
4148.00,-5.19,-10.66,-15.26,-15.84,-12.23,-5.52,3.32,11.09
4152.00,-6.12,-9.00,-12.24,-15.09,-8.50,-0.74,7.77,17.45
4156.00,-9.21,-13.86,-15.68,-12.96,-6.04,0.21,10.15,19.34
4160.00,-9.74,-13.71,-12.19,-10.59,-3.70,6.41,18.69,26.70
4164.00,-12.12,-12.10,-12.81,-5.40,1.11,12.10,18.87,26.48
4168.00,-11.98,-14.26,-8.08,-4.08,4.60,16.58,25.89,30.45
4172.00,-11.61,-13.33,-4.62,3.10,11.26,17.93,28.17,29.39
4176.00,-14.33,-9.32,-1.90,6.25,16.57,22.71,29.75,29.30
4180.00,-10.62,-7.65,-2.03,8.58,16.27,25.77,30.12,26.68
4184.00,-10.61,-1.75,5.66,14.87,22.96,28.93,25.86,23.92
4188.00,-8.00,2.13,8.33,17.43,24.79,25.27,24.51,22.14
4192.00,-3.79,2.32,14.35,21.43,23.77,27.62,25.39,18.20
4196.00,2.25,6.49,16.42,23.13,24.02,25.18,20.39,10.79
4200.00,1.06,12.96,20.78,25.69,27.03,20.19,15.74,7.60
4204.00,4.69,16.03,21.40,25.76,25.09,17.54,12.29,4.10
4208.00,8.10,17.24,24.05,24.53,21.02,14.61,5.98,0.11
4212.00,15.44,17.39,23.24,20.13,17.18,14.04,5.65,-3.12
4216.00,15.55,21.38,20.69,21.77,12.83,6.64,0.59,-3.00
4220.00,18.10,18.97,19.06,17.01,13.38,4.16,-2.76,-5.08
4224.00,20.13,22.68,20.39,16.41,7.33,0.50,-3.43,-7.29
4228.00,17.08,21.66,15.86,13.30,3.67,-1.25,-7.34,-4.68
4232.00,17.60,18.20,12.62,6.49,3.59,-1.82,-4.79,-6.11
4236.00,19.14,13.68,10.23,3.25,-2.05,-4.20,-8.05,-3.64
4240.00,17.26,14.33,4.95,3.28,-1.17,-6.79,-6.89,-2.51
4244.00,16.28,10.40,2.69,-3.13,-4.77,-4.55,-5.23,2.79
4248.00,11.50,5.75,3.01,-3.78,-3.53,-4.13,-2.11,1.95
4252.00,10.03,4.17,-2.30,-4.65,-5.13,-2.35,2.62,6.41
4256.00,6.37,-0.36,-2.79,-5.57,-2.22,0.14,3.48,6.51
4260.00,4.58,-2.32,-0.70,-2.16,-3.91,2.04,6.33,9.41
4264.00,2.70,-0.53,-2.87,-3.56,-0.71,4.27,6.40,12.36
4268.00,-0.80,-3.78,-4.32,-1.21,2.32,8.84,10.18,12.89
4272.00,0.96,-1.69,-1.65,0.14,3.71,6.95,9.35,9.11
4276.00,-0.20,-4.75,-0.00,3.73,8.36,7.95,12.94,7.87
4280.00,-2.01,-1.71,2.73,3.36,9.04,10.98,9.48,4.69
4284.00,-2.16,-2.17,4.33,8.88,9.36,8.92,9.55,2.78
4288.00,-2.07,2.12,4.39,6.83,10.22,10.19,8.05,-0.41
4292.00,2.37,3.41,7.48,11.54,10.03,6.50,3.23,-1.99
4296.00,3.19,6.82,6.40,12.13,7.73,5.19,1.64,-6.45
4300.00,2.61,4.74,7.90,11.85,6.34,3.15,-4.67,-10.83
4304.00,2.86,8.74,11.63,7.97,3.80,-0.84,-5.97,-11.09
4308.00,5.59,9.58,7.58,6.72,5.61,-1.27,-8.97,-15.84
4312.00,6.91,9.01,6.43,6.65,-1.05,-4.44,-12.65,-15.54
4316.00,8.35,10.31,9.45,2.09,-4.19,-11.49,-15.28,-15.88
4320.00,10.59,9.18,6.63,2.33,-8.05,-13.11,-16.07,-16.94
4324.00,9.48,4.68,4.34,-1.97,-9.93,-11.52,-14.85,-13.75
4328.00,7.98,4.49,-0.93,-4.90,-12.32,-13.92,-16.97,-9.15
4332.00,8.69,1.16,-4.11,-10.50,-12.13,-17.51,-13.20,-7.10
4336.00,4.57,1.80,-4.21,-13.60,-14.39,-15.52,-8.86,-3.65
4340.00,3.64,-2.97,-10.44,-13.23,-13.90,-12.82,-5.81,0.69
4344.00,-0.67,-4.42,-9.15,-16.29,-14.85,-9.49,-1.54,5.80
4348.00,-3.53,-10.36,-14.05,-16.97,-15.21,-7.42,4.17,13.02
4352.00,-6.10,-8.37,-15.44,-13.24,-8.61,-1.95,4.67,17.10
4356.00,-9.17,-14.79,-16.62,-11.32,-7.56,-0.57,13.26,21.77
4360.00,-11.23,-13.77,-14.38,-9.52,-1.60,7.15,17.49,26.28
4364.00,-10.33,-16.06,-10.19,-5.35,0.44,8.48,19.00,26.74
4368.00,-14.29,-12.62,-11.09,-3.60,6.43,12.52,23.80,28.72
4372.00,-13.80,-10.61,-6.96,-2.49,9.77,19.27,23.98,28.99
4376.00,-15.01,-12.14,-2.15,2.77,15.39,24.00,26.92,26.41
4380.00,-11.98,-8.75,-2.85,6.47,18.15,24.17,26.45,23.91
4384.00,-10.26,-4.70,5.37,13.83,19.16,25.21,27.19,24.75
4388.00,-7.11,-0.02,9.53,15.78,22.81,25.14,22.81,17.96
4392.00,-6.87,5.04,8.82,16.60,21.31,25.10,24.19,14.64
4396.00,0.19,4.72,14.45,22.97,23.31,24.89,16.32,8.85
4400.00,-0.33,10.73,17.44,19.54,20.94,21.92,16.15,6.81
4404.00,7.87,12.77,20.34,20.88,23.02,19.97,11.96,2.49
4408.00,10.11,16.41,19.69,22.10,17.32,12.11,3.82,0.74
4412.00,10.63,18.48,19.09,18.10,14.32,9.88,3.40,-2.66
4416.00,13.81,17.29,18.36,15.79,10.70,7.44,-0.55,-7.49
4420.00,17.56,17.10,19.20,16.00,10.93,1.72,-4.36,-9.12
4424.00,19.30,19.30,14.59,12.75,7.53,-1.23,-5.93,-7.86
4428.00,16.41,17.98,14.06,8.69,4.25,-2.64,-10.08,-8.62
4432.00,15.00,15.77,9.13,3.26,-2.83,-5.55,-8.91,-9.81
4436.00,13.79,11.13,9.15,3.89,-3.72,-6.15,-10.88,-8.69
4440.00,15.55,12.26,5.92,-2.20,-6.54,-8.11,-8.66,-2.46
4444.00,13.50,8.39,2.13,-4.82,-7.92,-6.89,-4.07,-2.13
4448.00,8.56,3.24,0.56,-7.27,-6.22,-4.85,-3.75,-1.49
4452.00,8.08,2.81,-2.33,-8.84,-5.99,-6.97,-2.44,0.84
4456.00,5.89,-0.72,-5.99,-9.15,-4.33,-3.71,-1.55,5.59
4460.00,2.61,-4.04,-5.34,-8.57,-6.08,-0.05,0.65,7.20
4464.00,-0.65,-6.61,-7.77,-3.71,-2.60,-1.37,5.67,6.79
4468.00,-4.90,-7.07,-8.37,-4.72,0.45,1.42,8.17,8.03
4472.00,-6.63,-5.49,-5.15,-2.46,3.65,3.52,8.73,5.25
4476.00,-5.71,-6.28,-6.29,0.35,4.46,8.63,8.79,5.95
4480.00,-6.74,-4.48,-0.52,0.06,6.13,4.52,5.72,1.67
4484.00,-7.63,-1.65,1.70,0.72,7.17,4.80,4.39,-0.02
4488.00,-2.84,-3.23,0.84,2.53,6.03,7.97,2.02,-2.19
4492.00,-2.86,0.37,3.15,3.41,4.60,5.78,-1.29,-6.57
4496.00,-3.83,2.86,3.33,5.39,6.12,2.60,-1.73,-13.41
4500.00,-1.75,1.14,6.52,7.38,1.58,1.38,-7.38,-15.83
4504.00,1.10,4.64,5.18,7.27,3.86,-6.49,-9.08,-17.22
4508.00,1.91,7.25,6.87,2.11,-0.08,-9.47,-14.10,-18.60
4512.00,6.59,3.71,4.63,1.94,-5.23,-13.39,-16.00,-23.16
4516.00,5.86,4.54,2.80,0.29,-8.07,-12.03,-20.31,-23.03
4520.00,4.45,4.62,1.91,-3.01,-9.90,-15.82,-21.04,-18.77
4524.00,6.44,1.39,1.04,-5.34,-16.26,-20.01,-22.67,-20.22
4528.00,3.15,3.10,-2.15,-10.42,-17.51,-22.18,-18.51,-15.98
4532.00,3.02,-0.48,-9.51,-11.55,-17.51,-19.16,-20.40,-12.33
4536.00,0.33,-3.01,-10.36,-17.16,-21.77,-17.99,-15.99,-10.01
4540.00,-2.97,-6.34,-13.59,-18.66,-20.52,-17.03,-13.74,-4.78
4544.00,-5.93,-7.93,-16.61,-20.58,-19.11,-18.10,-9.88,1.74
4548.00,-6.42,-13.97,-16.10,-21.56,-15.57,-11.68,-4.36,6.19
4552.00,-11.63,-12.89,-16.19,-20.90,-17.25,-7.22,0.73,9.50
4556.00,-10.87,-14.19,-17.62,-17.18,-14.33,-4.41,3.52,14.11
4560.00,-15.34,-19.02,-15.92,-13.19,-8.10,2.64,10.76,18.28
4564.00,-15.14,-16.05,-16.54,-13.10,-5.01,6.45,13.01,20.97
4568.00,-18.11,-16.30,-13.72,-8.61,-0.07,10.45,19.38,22.57
4572.00,-17.55,-15.23,-14.69,-6.68,5.11,15.14,21.21,23.28
4576.00,-15.65,-14.90,-9.11,-2.37,6.35,18.08,19.09,22.89
4580.00,-16.81,-14.36,-7.58,0.85,12.06,17.53,21.23,20.16
4584.00,-12.45,-7.34,-1.71,6.68,14.89,19.22,20.18,16.21
4588.00,-11.76,-6.86,4.81,10.85,15.98,18.41,19.46,15.62
4592.00,-10.85,-1.77,5.76,13.27,20.60,18.02,14.76,11.89
4596.00,-7.35,2.96,9.63,16.66,20.41,17.49,10.61,7.07
4600.00,-0.88,6.69,11.50,17.05,20.33,17.51,8.79,1.16
4604.00,0.50,6.47,13.44,15.67,18.87,11.51,2.84,-5.39
4608.00,3.71,8.62,16.16,15.68,16.25,7.13,0.71,-5.60
4612.00,7.89,12.10,14.85,17.67,9.68,4.24,-3.97,-12.17
4616.00,11.75,15.97,15.06,13.16,5.82,-1.83,-7.84,-12.38
4620.00,12.41,12.97,14.87,8.13,6.03,-1.04,-10.78,-15.23
4624.00,13.14,12.68,11.11,5.45,-1.41,-4.71,-11.69,-15.26
4628.00,11.77,10.50,7.51,5.74,-1.79,-8.14,-13.14,-17.80
4632.00,14.68,10.53,5.90,-1.43,-3.94,-11.55,-12.24,-15.32
4636.00,9.92,10.84,3.58,-4.74,-11.19,-14.47,-16.47,-13.83
4640.00,10.74,3.55,0.49,-4.15,-8.96,-14.05,-13.51,-11.68
4644.00,5.56,1.81,-1.61,-10.42,-10.90,-15.86,-13.58,-7.06
4648.00,7.10,-1.53,-3.99,-10.39,-12.73,-10.21,-10.05,-3.88
4652.00,2.84,-3.07,-8.39,-9.97,-10.36,-10.16,-9.50,-2.49
4656.00,0.17,-5.16,-11.40,-10.11,-11.13,-10.71,-3.41,1.62
4660.00,-3.73,-7.39,-10.61,-11.68,-10.46,-6.24,-4.36,0.96
4664.00,-5.97,-11.12,-12.08,-12.75,-9.74,-4.86,-0.20,0.47
4668.00,-8.66,-9.39,-10.34,-9.38,-4.32,-0.19,0.77,0.40
4672.00,-5.52,-8.68,-9.26,-9.34,-2.28,-0.35,2.51,2.32
4676.00,-10.44,-8.37,-8.52,-6.97,-3.98,2.82,2.17,-1.63
4680.00,-7.71,-9.11,-5.67,-3.81,1.19,1.14,-0.99,-1.19
4684.00,-7.77,-9.02,-3.52,-0.10,0.45,4.01,0.79,-6.10
4688.00,-5.73,-3.55,-5.02,-1.06,1.58,-0.39,-4.62,-10.10
4692.00,-4.53,-5.02,1.65,3.39,0.73,-0.43,-7.05,-14.50
4696.00,-2.64,-3.55,0.04,2.63,0.51,-1.30,-10.73,-14.82
4700.00,-3.10,-1.12,0.21,2.71,0.02,-5.31,-13.73,-21.10
4704.00,-1.63,2.72,1.97,1.82,-4.49,-10.18,-16.67,-23.59
4708.00,-1.63,4.33,2.16,-1.05,-6.56,-13.85,-20.17,-24.07
4712.00,2.61,1.78,-0.64,-3.86,-6.25,-15.98,-20.20,-27.78
4716.00,3.77,2.90,-2.63,-5.24,-10.98,-18.23,-23.94,-26.11
4720.00,2.35,0.68,0.23,-8.15,-13.88,-21.64,-25.93,-24.27
4724.00,2.63,-2.20,-5.62,-8.62,-17.34,-22.24,-24.35,-24.60
4728.00,2.47,-3.95,-5.87,-15.88,-19.52,-26.06,-22.59,-18.71
4732.00,2.57,-6.10,-9.41,-15.15,-22.12,-24.70,-23.43,-16.03
4736.00,-0.45,-5.19,-11.85,-20.35,-23.11,-21.95,-19.05,-13.19
4740.00,-6.41,-8.43,-16.34,-23.09,-24.83,-21.66,-16.69,-9.47
4744.00,-7.89,-10.80,-20.24,-24.41,-21.15,-19.52,-12.79,-3.16
4748.00,-10.73,-14.42,-22.57,-20.26,-23.01,-18.06,-9.73,4.39
4752.00,-12.00,-17.06,-21.16,-21.39,-17.73,-9.37,-1.19,6.74
4756.00,-15.54,-16.63,-20.66,-21.97,-16.76,-6.35,0.61,12.22
4760.00,-16.37,-20.00,-22.58,-15.54,-13.78,-4.09,4.89,14.00
4764.00,-15.99,-20.79,-21.29,-13.92,-8.52,2.81,9.20,16.60
4768.00,-20.81,-19.08,-14.91,-10.03,-2.66,4.69,12.89,20.98
4772.00,-20.25,-18.25,-14.10,-9.44,4.09,8.04,19.43,20.28
4776.00,-18.84,-15.46,-10.00,-1.10,4.42,12.60,21.14,18.85
4780.00,-15.05,-11.80,-4.74,3.11,8.69,16.16,18.80,15.91
4784.00,-15.28,-10.20,-1.09,5.17,11.52,16.11,18.60,16.94
4788.00,-14.19,-7.72,-0.97,8.70,16.37,17.08,17.44,13.16
4792.00,-9.71,-5.11,5.09,9.54,15.93,18.91,14.81,5.13
4796.00,-9.31,1.87,7.01,15.44,17.30,15.79,8.40,3.46
4800.00,-3.22,4.95,11.73,13.11,16.72,13.36,6.57,-1.43
4804.00,2.34,7.42,14.58,15.10,14.38,8.23,5.30,-4.27
4808.00,5.11,8.32,15.88,17.87,14.37,7.60,-3.24,-7.03
4812.00,8.46,14.26,13.48,15.65,10.20,5.37,-4.29,-12.96
4816.00,9.44,15.58,16.61,14.54,7.51,1.09,-7.81,-12.92
4820.00,11.66,13.31,12.90,7.54,2.42,-4.09,-9.59,-18.17
4824.00,10.88,15.00,10.73,7.17,-1.07,-5.62,-14.70,-17.76
4828.00,14.31,14.40,6.78,5.42,-5.76,-12.06,-14.63,-15.14
4832.00,14.10,12.05,4.24,0.06,-8.59,-12.11,-14.58,-13.61
4836.00,13.23,6.29,4.36,-1.96,-7.36,-14.34,-15.98,-12.80
4840.00,9.72,3.82,0.36,-5.78,-11.02,-15.85,-13.97,-12.45
4844.00,8.60,1.48,-2.70,-10.96,-11.44,-12.28,-13.30,-7.58
4848.00,5.94,-1.90,-4.84,-12.23,-11.99,-13.62,-8.04,-5.73
4852.00,4.86,-2.50,-5.25,-13.21,-10.89,-10.68,-9.03,-2.50
4856.00,1.92,-4.55,-7.93,-10.21,-10.69,-8.75,-6.27,-0.63
4860.00,-0.86,-5.02,-12.26,-8.91,-9.58,-4.75,-1.76,0.86
4864.00,-6.22,-7.66,-7.92,-11.15,-9.35,-4.97,1.44,1.58
4868.00,-7.66,-11.60,-10.14,-9.61,-4.24,-1.26,0.59,2.75
4872.00,-5.99,-10.43,-8.16,-7.87,-4.65,1.14,1.24,3.67
4876.00,-8.65,-8.27,-6.84,-2.70,-1.47,3.08,4.45,0.04
4880.00,-6.33,-7.93,-8.03,0.36,0.62,5.32,3.64,0.11
4884.00,-6.26,-6.27,-3.81,2.17,4.45,2.51,2.81,-5.34
4888.00,-8.57,-5.43,-1.89,-0.26,4.43,2.37,-1.26,-6.91
4892.00,-7.74,-1.95,1.20,1.57,2.30,0.98,-3.07,-12.83
4896.00,-5.09,-1.97,3.02,3.48,2.97,-0.61,-5.15,-16.81
4900.00,-4.19,2.80,3.65,3.35,0.52,-5.58,-10.63,-17.09
4904.00,-0.08,0.02,1.36,4.55,-1.95,-4.51,-15.58,-19.17
4908.00,-0.05,2.18,5.66,0.62,-5.49,-9.82,-17.50,-20.97
4912.00,0.76,2.20,0.57,-0.90,-5.78,-11.11,-18.06,-25.70
4916.00,1.76,2.04,0.46,-2.27,-7.43,-16.78,-22.38,-24.63
4920.00,2.70,5.07,2.29,-4.76,-10.93,-19.72,-20.52,-20.29
4924.00,6.13,4.29,-3.89,-8.05,-14.06,-20.18,-21.45,-20.42
4928.00,4.07,0.23,-6.75,-9.53,-17.84,-19.57,-22.25,-15.31
4932.00,0.89,-3.36,-7.89,-13.13,-20.37,-19.14,-19.05,-15.36
4936.00,-0.36,-6.16,-11.56,-17.17,-21.93,-21.24,-14.98,-7.52
4940.00,-2.65,-9.77,-13.40,-19.38,-18.79,-20.15,-14.72,-5.98
4944.00,-2.46,-9.67,-17.03,-21.33,-19.77,-17.11,-6.56,0.81
4948.00,-6.27,-11.64,-15.04,-19.60,-19.07,-11.35,-4.73,4.67
4952.00,-9.29,-13.21,-19.27,-19.19,-17.32,-9.22,-1.05,10.35
4956.00,-12.22,-18.48,-18.69,-17.58,-11.10,-5.52,8.33,18.47
4960.00,-11.70,-18.83,-16.48,-15.89,-9.45,-0.84,9.29,20.32
4964.00,-17.38,-15.33,-14.99,-9.48,-3.36,3.45,12.83,24.01
4968.00,-16.28,-15.47,-15.15,-6.39,0.71,8.16,20.77,25.84
4972.00,-18.41,-15.15,-12.33,-2.10,5.56,15.30,19.28,26.42
4976.00,-14.11,-11.91,-6.46,-0.59,7.78,18.60,20.40,21.41
4980.00,-16.84,-11.16,-2.40,2.95,15.34,19.92,22.95,20.39
4984.00,-11.54,-7.52,2.30,10.94,17.25,22.25,23.62,21.75
4988.00,-11.16,-4.23,3.15,13.60,19.01,23.37,23.02,15.31
4992.00,-8.94,2.38,6.33,17.93,22.67,19.30,18.66,11.52
4996.00,-2.74,3.49,13.35,18.04,22.42,20.29,18.00,9.90
5000.00,-1.98,7.66,16.67,20.37,20.96,18.58,10.69,4.59
5004.00,2.60,10.34,18.75,21.18,19.72,13.05,9.87,-2.43
5008.00,5.43,14.71,18.15,20.06,17.40,10.89,1.71,-4.16
5012.00,12.29,13.23,19.55,17.38,14.87,8.62,-1.12,-8.97
5016.00,14.26,15.63,16.33,16.17,10.07,2.08,-2.52,-11.51
5020.00,12.73,17.45,15.21,14.71,7.22,-0.70,-6.08,-11.83
5024.00,15.13,17.41,13.59,9.91,5.32,-2.12,-6.94,-13.74
5028.00,17.39,15.14,11.44,6.99,1.39,-4.27,-9.92,-8.71
5032.00,18.48,15.73,11.32,2.53,0.06,-7.91,-9.36,-12.06
5036.00,14.55,14.17,9.03,1.37,-6.94,-7.53,-11.85,-8.06
5040.00,15.36,11.22,3.66,-2.47,-8.57,-6.84,-9.99,-7.23
5044.00,12.44,8.38,3.39,-5.41,-7.03,-6.26,-8.19,-0.14
5048.00,10.95,4.29,-0.32,-7.74,-6.75,-6.45,-6.53,1.62
5052.00,8.79,0.45,-2.11,-4.94,-8.15,-6.13,-3.82,2.30
5056.00,4.94,-2.17,-4.18,-7.72,-3.93,-2.64,1.99,3.91
5060.00,-0.66,-3.74,-3.48,-7.33,-3.26,-0.64,3.30,5.06
5064.00,-2.80,-4.30,-4.44,-6.23,-4.49,-0.48,4.61,7.30
5068.00,-3.32,-3.00,-5.00,-5.38,-2.11,3.79,6.93,6.76
5072.00,-3.90,-6.76,-4.77,-3.31,4.35,6.30,8.69,9.59
5076.00,-3.29,-4.36,-5.12,-1.59,4.37,5.23,7.86,4.95
5080.00,-6.00,-1.88,-1.01,1.83,4.59,9.10,7.61,6.66
5084.00,-4.93,-0.86,3.54,5.84,10.22,6.86,6.33,2.47
5088.00,-0.59,-0.62,2.63,8.03,6.42,10.06,5.61,-2.40
5092.00,-0.95,3.29,4.94,9.20,10.06,6.11,2.93,-4.26
5096.00,-1.60,2.39,5.79,8.42,7.57,3.37,1.00,-8.43
5100.00,0.61,3.01,6.53,6.60,8.32,2.12,-3.43,-13.91
5104.00,1.83,8.26,6.43,8.12,2.00,-2.17,-6.98,-15.36
5108.00,7.36,10.24,6.66,4.33,0.03,-3.46,-8.65,-14.32
5112.00,4.81,9.49,9.80,6.53,0.14,-6.08,-15.75,-16.61
5116.00,6.52,10.05,4.21,1.05,-2.68,-10.94,-13.62,-17.81
5120.00,5.80,8.08,3.04,-0.26,-8.03,-13.72,-16.77,-17.63
5124.00,10.41,7.41,-0.14,-4.99,-10.75,-15.98,-17.06,-13.76
5128.00,8.41,6.74,-1.44,-9.04,-12.44,-18.18,-14.96,-13.16
5132.00,4.29,1.32,-5.59,-10.62,-16.70,-17.60,-12.91,-6.96
5136.00,3.23,1.18,-7.96,-11.35,-14.86,-13.10,-11.25,-4.51
5140.00,2.37,-5.55,-11.38,-15.00,-15.80,-15.77,-6.24,3.51
5144.00,-1.29,-8.06,-11.87,-16.13,-16.82,-12.50,-1.98,5.70
5148.00,-4.07,-8.67,-10.88,-13.29,-14.89,-8.95,0.51,11.56
5152.00,-6.56,-12.65,-14.03,-14.90,-9.78,-1.45,6.19,15.91
5156.00,-6.61,-12.49,-12.68,-10.47,-8.79,1.20,10.71,21.33
5160.00,-11.08,-13.88,-12.59,-9.20,-2.99,5.78,17.83,27.24
5164.00,-12.61,-12.89,-13.84,-9.40,1.87,12.59,21.76,29.12
5168.00,-12.16,-10.87,-12.04,-4.84,6.11,17.75,22.68,30.08
5172.00,-10.23,-13.05,-6.52,2.32,7.66,20.06,24.94,30.76
5176.00,-13.91,-10.32,-5.76,7.40,15.40,24.52,27.37,27.51
5180.00,-9.96,-7.37,2.22,10.10,20.43,26.90,27.35,28.93
5184.00,-11.48,-2.21,5.89,11.69,23.24,25.02,28.23,23.42
5188.00,-4.78,0.90,7.84,18.38,21.15,27.65,25.19,21.46
5192.00,-2.76,2.65,10.50,21.23,23.14,24.94,22.82,15.62
5196.00,-0.35,5.70,14.75,21.78,24.78,25.53,20.00,12.79
5200.00,2.79,11.04,19.13,24.75,24.82,24.50,14.35,6.68
5204.00,9.19,14.86,20.21,24.91,25.55,17.53,12.09,2.35
5208.00,7.99,18.68,20.91,23.21,20.85,17.66,7.19,-0.30
5212.00,13.45,20.43,21.86,19.87,18.66,12.12,2.40,-1.56
5216.00,18.15,19.09,23.96,20.44,16.66,9.09,-1.29,-5.84
5220.00,17.27,22.41,21.20,16.52,10.42,2.95,0.19,-5.70
5224.00,17.36,22.46,20.92,16.38,5.79,2.45,-4.97,-5.82
5228.00,16.79,19.91,15.07,12.45,6.27,-0.93,-6.95,-4.07
5232.00,17.83,19.86,12.73,9.94,3.51,-3.49,-4.21,-6.89
5236.00,17.19,14.86,11.65,2.59,0.31,-2.41,-6.22,-2.94
5240.00,15.62,13.45,8.97,2.40,-3.94,-6.48,-6.90,-2.53
5244.00,16.54,8.25,3.24,-1.08,-2.34,-3.10,-0.48,1.99
5248.00,11.17,7.21,0.51,-3.52,-3.02,-3.37,-2.30,4.91
5252.00,7.84,5.92,0.68,-3.61,-5.92,0.25,-0.27,9.03
5256.00,6.59,0.30,-4.23,-1.65,-4.97,0.63,3.36,7.85
5260.00,2.33,-0.39,-0.66,-3.65,-3.40,2.77,7.55,8.67
5264.00,0.37,-3.26,-3.91,-3.82,1.32,6.54,10.30,10.98
5268.00,-2.39,-3.37,-4.48,-1.18,4.08,5.91,8.71,10.64
5272.00,-2.04,-4.41,-2.35,2.74,5.65,6.42,10.49,8.42
5276.00,-1.20,-2.69,-2.16,1.87,6.84,8.07,13.49,7.91
5280.00,-1.30,-1.08,0.55,6.67,11.04,13.10,8.31,9.35
5284.00,-2.63,2.18,2.16,7.19,11.25,11.75,10.16,3.76
5288.00,-0.14,1.39,7.01,9.12,9.52,10.89,7.55,-0.86
5292.00,-1.41,0.97,7.65,8.34,10.62,9.31,5.90,-2.13
5296.00,1.87,5.53,9.54,12.26,7.55,8.02,0.51,-8.24
5300.00,2.45,7.83,9.09,10.65,6.53,1.61,-1.42,-7.94
5304.00,6.19,10.33,10.03,7.93,6.67,0.84,-7.25,-13.78
5308.00,7.92,11.00,8.22,8.17,4.78,-4.84,-9.07,-14.51
5312.00,6.99,7.00,6.62,7.92,-1.03,-7.46,-14.11,-16.46
5316.00,7.07,11.12,6.72,4.71,-2.77,-9.55,-14.18,-14.56
5320.00,9.83,7.96,6.47,-0.48,-5.40,-12.72,-15.39,-12.99
5324.00,10.74,7.17,1.15,-3.78,-10.60,-14.47,-15.58,-13.29
5328.00,9.42,4.63,-0.57,-6.27,-13.33,-15.01,-15.61,-10.34
5332.00,6.33,0.17,-4.44,-6.84,-13.64,-14.06,-14.85,-5.83
5336.00,6.33,2.34,-6.87,-11.04,-14.98,-13.22,-10.49,-3.32
5340.00,3.42,-2.70,-10.85,-14.82,-15.39,-13.13,-9.45,4.93
5344.00,0.92,-7.68,-9.72,-13.82,-15.62,-12.65,-2.35,9.31
5348.00,-2.45,-6.51,-12.81,-17.19,-11.99,-9.55,1.53,11.85
5352.00,-4.08,-8.31,-15.09,-13.46,-8.38,-3.44,5.02,17.37
5356.00,-9.51,-14.54,-14.39,-12.09,-5.94,1.49,9.24,19.51
5360.00,-7.90,-14.08,-11.91,-9.18,-4.38,7.91,16.82,26.93
5364.00,-12.12,-16.22,-13.66,-6.51,-0.38,8.69,21.50,29.04
5368.00,-11.98,-10.84,-9.75,-5.03,4.79,15.06,25.75,31.29
5372.00,-11.05,-9.78,-7.45,1.77,11.03,17.91,24.26,29.79
5376.00,-14.54,-11.41,-6.38,2.46,13.09,22.87,26.11,27.83
5380.00,-13.95,-6.55,-0.06,9.09,18.28,24.41,29.82,26.39
5384.00,-11.55,-2.58,2.82,11.05,18.73,25.16,26.59,24.00
5388.00,-9.08,0.41,8.06,14.03,22.59,26.08,23.18,17.85
5392.00,-4.79,2.77,12.71,18.04,25.46,24.91,20.21,14.47
5396.00,-3.63,3.95,16.14,21.27,22.15,23.29,17.40,9.44
5400.00,2.31,9.02,18.89,21.69,23.94,20.21,12.67,4.89
5404.00,7.25,11.17,18.49,20.05,23.18,17.63,8.65,4.55
5408.00,10.32,14.54,19.78,22.44,18.50,13.71,6.36,-1.06
5412.00,12.69,19.33,22.52,20.23,14.80,9.55,4.57,-3.76
5416.00,13.23,20.18,22.09,15.74,11.41,7.47,-0.75,-5.56
5420.00,14.33,19.60,16.92,14.43,9.67,4.63,-4.73,-6.77
5424.00,16.68,19.69,17.42,12.68,4.29,0.48,-5.86,-9.85
5428.00,17.85,15.99,15.86,6.63,1.14,-1.70,-7.61,-10.78
5432.00,16.35,15.51,11.73,7.07,0.91,-5.19,-8.86,-10.47
5436.00,15.71,13.25,6.36,3.39,-3.39,-10.07,-7.44,-5.11
5440.00,11.89,12.24,6.15,-1.31,-4.85,-5.94,-8.95,-6.57
5444.00,11.75,9.06,3.94,-5.71,-8.37,-9.32,-3.95,-0.81
5448.00,8.95,3.24,-1.90,-5.38,-5.87,-6.86,-6.05,2.79
5452.00,8.01,1.33,-3.58,-6.55,-9.81,-7.60,-1.25,4.91
5456.00,1.92,-2.16,-5.02,-5.37,-5.63,-3.22,-1.69,3.53
5460.00,-1.04,-2.36,-6.22,-4.54,-3.92,-0.29,1.89,7.45
5464.00,-3.42,-3.53,-8.91,-6.38,-5.40,-0.05,2.88,6.56
5468.00,-0.98,-7.85,-5.53,-6.74,-2.10,1.92,7.48,9.28
5472.00,-2.48,-5.21,-2.89,-1.47,1.53,4.34,4.97,8.59
5476.00,-6.34,-7.10,-5.96,-2.27,4.22,6.47,5.02,4.81
5480.00,-4.15,-6.63,-4.29,-0.30,2.51,6.01,5.11,0.32
5484.00,-7.06,-1.76,0.98,1.21,7.39,4.61,3.14,1.03
5488.00,-4.19,-4.30,3.07,6.88,4.14,8.07,2.51,-3.76
5492.00,-5.40,0.73,0.93,6.04,8.76,3.12,-3.00,-8.73
5496.00,-3.47,-0.55,5.64,4.69,7.93,2.93,-4.97,-9.83
5500.00,2.46,0.89,4.09,7.85,4.36,-2.91,-5.49,-12.88
5504.00,3.12,6.85,6.44,6.26,-0.49,-2.69,-9.90,-15.29
5508.00,2.55,6.81,8.12,4.75,-1.20,-9.45,-13.37,-20.37
5512.00,3.37,6.51,5.89,0.98,-3.98,-11.57,-19.20,-18.64
5516.00,5.46,6.40,3.01,0.78,-8.17,-12.21,-19.14,-22.49
5520.00,7.54,5.72,0.40,-1.91,-9.35,-15.00,-18.59,-20.70
5524.00,7.58,2.36,-2.97,-9.54,-13.48,-19.84,-19.31,-18.19
5528.00,5.82,0.53,-5.30,-8.39,-15.22,-21.53,-20.88,-13.67
5532.00,2.15,-2.78,-9.23,-11.40,-18.15,-18.14,-18.95,-12.96
5536.00,0.80,-5.51,-10.98,-16.64,-18.28,-19.93,-14.26,-8.64
5540.00,-0.80,-6.42,-12.32,-20.37,-18.33,-18.60,-12.89,-0.90
5544.00,-2.23,-7.62,-16.59,-19.88,-20.95,-15.73,-6.59,1.99
5548.00,-7.61,-10.08,-15.14,-19.36,-20.28,-13.54,-6.21,4.32
5552.00,-11.30,-13.96,-20.64,-17.24,-17.50,-8.51,-0.12,9.54
5556.00,-10.52,-17.67,-17.09,-18.22,-12.88,-6.49,6.40,16.36
5560.00,-11.68,-17.12,-16.59,-14.16,-8.97,0.76,8.85,19.67
5564.00,-18.10,-16.58,-18.03,-12.86,-3.51,5.62,12.79,22.96
5568.00,-16.38,-16.03,-14.86,-10.16,-1.32,11.67,15.10,23.94
5572.00,-19.14,-18.58,-12.00,-2.96,3.99,13.27,21.95,25.54
5576.00,-16.63,-16.97,-11.30,-2.85,10.45,15.88,23.56,24.07
5580.00,-13.49,-11.11,-7.59,1.83,11.62,18.75,20.87,20.68
5584.00,-15.26,-7.36,-3.34,8.07,14.58,21.29,21.16,16.53
5588.00,-11.71,-6.59,3.47,9.00,15.86,17.69,20.82,13.14
5592.00,-8.10,-2.78,6.14,12.11,18.88,21.89,16.77,7.88
5596.00,-5.76,3.37,10.04,15.36,19.42,17.47,14.72,3.20
5600.00,-3.63,7.30,13.30,14.73,17.03,17.27,8.21,0.06
5604.00,1.96,6.99,13.45,15.80,17.18,12.14,3.82,-5.88
5608.00,4.36,11.23,14.47,18.37,14.84,9.56,0.95,-9.40
5612.00,8.90,14.13,18.04,14.78,9.13,5.78,-5.23,-8.93
5616.00,11.57,15.37,14.36,14.81,9.01,1.39,-5.47,-13.51
5620.00,9.84,14.70,16.20,11.09,4.53,-5.73,-11.83,-17.32
5624.00,10.41,15.63,10.80,7.77,0.51,-6.89,-13.23,-16.75
5628.00,11.89,11.00,11.08,2.58,-5.15,-11.46,-16.25,-13.49
5632.00,11.96,12.59,7.76,0.69,-6.32,-13.01,-15.84,-13.86
5636.00,13.81,8.22,5.37,-3.68,-8.01,-14.95,-14.71,-10.69
5640.00,10.81,6.44,0.85,-5.00,-12.33,-15.08,-13.69,-12.14
5644.00,6.42,3.67,-3.77,-6.95,-10.12,-13.65,-10.79,-9.98
5648.00,5.93,0.73,-5.22,-12.18,-11.83,-11.78,-10.91,-4.96
5652.00,1.10,-1.97,-7.81,-13.82,-13.76,-11.24,-5.85,-5.00
5656.00,-1.72,-3.03,-11.22,-10.09,-12.35,-6.45,-4.61,-2.20
5660.00,-1.95,-6.19,-8.26,-9.22,-10.93,-8.79,-3.06,0.84
5664.00,-6.27,-9.10,-13.07,-9.56,-8.24,-2.18,-1.03,1.35
5668.00,-7.93,-8.63,-10.81,-9.89,-3.58,-3.67,3.15,0.36
5672.00,-9.22,-11.62,-8.22,-5.70,-4.70,-0.50,3.38,-0.23
5676.00,-6.78,-8.62,-7.86,-6.86,-0.01,2.43,2.41,1.71
5680.00,-6.65,-8.81,-5.65,-2.26,-0.63,1.72,-0.25,-2.02
5684.00,-6.47,-9.72,-2.75,-0.36,0.42,-0.04,0.11,-4.17
5688.00,-9.47,-4.02,-2.69,2.24,0.98,1.02,-1.63,-11.07
5692.00,-5.36,-6.01,-1.18,3.19,3.60,-0.83,-6.56,-12.26
5696.00,-4.98,-4.11,-0.58,0.83,-0.87,-3.52,-11.01,-14.88
5700.00,-4.03,-2.27,1.22,0.45,-2.58,-4.58,-14.50,-17.95
5704.00,0.82,1.26,4.02,-0.31,-3.88,-8.98,-14.32,-24.39
5708.00,1.03,2.78,3.55,-0.60,-5.44,-12.60,-20.62,-25.53
5712.00,1.87,0.64,2.70,-0.13,-9.82,-17.43,-20.76,-24.42
5716.00,2.29,2.09,-1.86,-2.76,-9.23,-17.17,-21.59,-23.81
5720.00,1.04,1.69,-1.05,-7.59,-16.07,-21.05,-23.30,-24.17
5724.00,2.76,-0.83,-3.77,-12.37,-16.68,-23.47,-24.33,-24.58
5728.00,1.38,-3.72,-6.31,-14.84,-21.77,-22.76,-25.54,-19.54
5732.00,-2.36,-2.35,-8.52,-15.30,-22.20,-23.42,-23.23,-14.99
5736.00,-2.23,-8.52,-14.67,-21.01,-21.81,-21.74,-21.54,-10.69
5740.00,-5.26,-10.58,-17.60,-20.33,-25.65,-21.18,-14.27,-5.80
5744.00,-8.70,-14.05,-16.67,-19.70,-24.48,-21.65,-13.46,-2.14
5748.00,-8.45,-16.99,-20.64,-23.75,-22.66,-17.88,-5.74,4.04
5752.00,-13.45,-17.15,-18.77,-20.85,-20.29,-10.14,-1.28,7.49
5756.00,-12.88,-17.74,-21.54,-20.94,-15.83,-5.18,2.02,13.41
5760.00,-14.44,-17.79,-20.96,-17.66,-9.55,-2.68,5.13,17.48
5764.00,-17.24,-22.31,-17.30,-12.91,-8.93,2.43,11.29,18.39
5768.00,-18.43,-19.97,-18.01,-9.48,-0.52,8.07,16.21,19.76
5772.00,-19.96,-16.45,-12.20,-7.23,3.44,9.22,14.95,18.64
5776.00,-18.27,-17.92,-11.27,-2.91,5.52,12.52,20.53,17.26
5780.00,-18.24,-13.90,-5.81,1.10,7.84,15.55,17.35,16.14
5784.00,-15.21,-13.03,-5.33,3.09,14.38,16.83,19.97,17.25
5788.00,-14.88,-6.61,-0.51,8.61,15.96,18.31,17.30,10.53
5792.00,-12.08,-5.64,6.42,13.98,14.12,16.95,13.79,9.29
5796.00,-5.48,2.50,6.62,16.02,18.47,14.31,12.39,4.02
5800.00,-3.45,5.49,9.75,17.19,16.49,14.95,5.28,-0.53
5804.00,0.89,8.67,14.54,13.86,17.12,8.68,2.79,-7.14
5808.00,1.38,9.15,16.24,15.76,12.51,8.11,-0.03,-10.52
5812.00,6.58,9.94,15.91,16.33,10.87,5.38,-6.01,-10.17
5816.00,6.94,14.13,14.48,11.11,5.26,0.49,-9.89,-16.72
5820.00,12.00,15.71,12.70,9.21,4.68,-6.83,-10.84,-17.58
5824.00,9.85,12.24,12.93,8.73,0.47,-5.67,-14.66,-15.31
5828.00,13.63,13.01,7.09,1.71,-4.21,-10.06,-14.63,-14.76
5832.00,14.60,10.40,5.36,-1.31,-6.77,-10.21,-16.55,-13.22
5836.00,11.58,6.41,2.99,-1.24,-10.65,-15.71,-14.50,-14.13
5840.00,10.67,7.30,-1.52,-7.99,-11.05,-12.44,-12.77,-9.39
5844.00,7.37,2.96,-0.91,-11.08,-13.96,-15.87,-12.42,-5.66
5848.00,4.55,-1.63,-5.23,-8.58,-13.50,-14.94,-8.58,-7.57
5852.00,2.79,-3.22,-7.01,-11.76,-10.32,-13.13,-4.70,-3.87
5856.00,-2.01,-3.12,-11.22,-13.91,-11.59,-10.04,-5.44,-2.36
5860.00,-0.13,-7.61,-12.24,-8.73,-9.73,-6.84,0.44,3.50
5864.00,-3.26,-6.91,-9.66,-12.08,-8.07,-3.57,-0.15,4.05
5868.00,-4.98,-8.26,-11.03,-8.71,-5.75,-0.24,3.75,0.03
5872.00,-5.17,-7.80,-7.91,-6.93,-2.05,2.21,2.68,3.91
5876.00,-9.44,-8.64,-9.04,-3.38,-3.12,2.26,5.11,-0.15
5880.00,-7.71,-7.65,-4.18,-0.25,3.42,5.35,4.19,-0.01
5884.00,-5.72,-5.50,-3.51,0.46,4.63,2.34,3.20,-6.67
5888.00,-9.15,-5.34,0.86,0.29,4.08,3.52,-0.16,-9.83
5892.00,-5.24,-2.95,-0.64,2.01,2.66,3.31,-4.43,-10.36
5896.00,-3.79,0.33,1.10,3.26,3.83,-3.36,-6.08,-15.42
5900.00,-4.05,-1.09,0.73,1.74,2.67,-3.37,-10.55,-16.49
5904.00,0.46,2.74,2.73,2.39,-3.02,-6.53,-16.33,-21.68
5908.00,3.12,5.77,1.80,-0.31,-5.31,-8.02,-18.33,-23.80
5912.00,1.92,3.72,2.79,-1.54,-5.34,-12.07,-21.47,-21.07
5916.00,1.43,2.46,0.56,-4.44,-7.39,-17.55,-22.86,-25.40
5920.00,3.20,5.57,-0.15,-4.59,-12.48,-16.17,-20.35,-22.29
5924.00,2.58,2.39,-1.73,-11.21,-17.52,-22.21,-23.74,-19.15
5928.00,3.37,-0.64,-4.19,-13.72,-16.14,-20.55,-19.59,-15.69
5932.00,4.10,-1.58,-9.33,-16.69,-19.91,-23.60,-20.28,-13.82
5936.00,0.38,-6.88,-9.66,-17.13,-22.93,-20.82,-17.45,-7.69
5940.00,-0.18,-7.91,-12.50,-20.50,-18.09,-20.58,-12.75,-3.31
5944.00,-5.47,-12.44,-17.16,-18.01,-17.91,-15.72,-10.10,1.40
5948.00,-7.45,-12.92,-16.23,-20.53,-18.96,-10.29,-4.34,5.45
5952.00,-7.25,-16.71,-18.43,-19.84,-15.76,-7.22,-0.97,13.49
5956.00,-13.14,-14.09,-16.46,-17.29,-11.53,-2.78,8.61,16.98
5960.00,-15.58,-15.71,-20.33,-16.11,-5.87,2.98,9.59,19.69
5964.00,-14.11,-16.82,-18.73,-9.78,-1.67,3.57,13.56,20.33
5968.00,-18.42,-18.12,-15.46,-8.25,2.97,10.56,20.02,25.38
5972.00,-15.22,-17.50,-13.51,-5.42,6.66,16.05,19.23,26.70
5976.00,-17.93,-13.93,-9.86,-0.24,9.75,19.10,24.58,22.20
5980.00,-13.27,-12.78,-3.05,6.94,11.73,22.12,21.17,23.01
5984.00,-11.53,-7.32,1.57,7.33,17.51,20.88,25.08,19.99
5988.00,-12.04,-5.46,5.05,11.62,19.63,23.11,22.71,18.38
5992.00,-5.60,-0.92,7.93,17.62,18.08,21.39,19.42,10.36
5996.00,-1.37,3.40,13.29,17.70,22.11,18.91,16.99,8.77
6000.00,0.07,6.18,16.39,18.12,22.80,15.62,12.86,2.85
6004.00,5.10,12.85,14.75,20.76,19.02,12.88,8.41,-2.48
6008.00,4.77,14.99,18.35,20.31,19.22,11.82,3.65,-2.64
6012.00,9.04,15.33,17.84,17.63,15.82,8.04,1.31,-7.23
6016.00,12.00,16.59,16.19,17.39,13.33,2.43,-4.38,-11.21
6020.00,16.86,16.10,18.30,12.64,7.25,-0.91,-6.60,-10.76
6024.00,17.88,15.93,15.23,10.80,6.00,-2.96,-7.72,-8.83
6028.00,18.47,16.66,10.84,9.70,-0.01,-4.59,-9.53,-9.24
6032.00,16.90,16.46,10.36,2.08,-0.93,-7.05,-7.58,-8.87
6036.00,14.61,14.20,9.05,3.19,-5.25,-10.40,-8.11,-9.59
6040.00,15.64,8.91,2.20,0.31,-7.19,-11.27,-10.17,-4.72
6044.00,12.14,5.11,0.59,-2.13,-7.15,-8.28,-8.02,-2.67
6048.00,7.07,5.21,1.13,-5.45,-6.26,-5.50,-5.19,-1.96
6052.00,5.87,2.68,-2.18,-8.65,-6.42,-6.59,0.17,5.26
6056.00,3.13,0.40,-4.01,-6.81,-5.88,-1.43,2.87,5.30
6060.00,0.75,-0.21,-5.71,-4.65,-6.16,-0.21,2.96,9.38
6064.00,-2.04,-4.11,-6.61,-3.12,-2.72,0.54,3.81,7.60
6068.00,-4.37,-4.89,-5.09,-5.55,0.96,2.21,7.75,9.39
6072.00,-5.60,-4.50,-4.68,-3.54,1.76,4.36,10.33,9.06
6076.00,-3.50,-2.28,-1.01,2.93,3.09,8.63,7.55,8.67
6080.00,-5.64,-1.77,1.10,3.77,5.38,9.74,7.02,4.60
6084.00,-2.97,-3.48,3.26,5.70,9.16,8.45,6.72,-0.77
6088.00,-2.70,0.33,4.86,5.90,6.97,6.74,3.08,-3.86
6092.00,-0.71,-0.21,3.02,8.66,8.45,6.26,2.64,-4.91
6096.00,-0.68,6.01,7.84,7.69,8.43,4.45,-2.39,-7.95
6100.00,4.46,6.00,9.82,6.55,6.73,0.51,-6.62,-9.52
6104.00,3.19,4.38,6.77,6.62,2.06,0.31,-10.12,-14.33
6108.00,6.49,6.70,9.87,8.57,0.26,-5.12,-13.03,-16.86
6112.00,7.15,8.66,7.66,5.55,-1.39,-10.01,-15.79,-17.67
6116.00,8.91,8.03,4.31,3.03,-3.53,-11.89,-17.44,-17.10
6120.00,10.50,8.65,3.10,1.52,-9.25,-14.37,-14.88,-16.27
6124.00,10.24,6.49,-0.27,-3.60,-12.08,-15.56,-18.50,-13.66
6128.00,7.78,5.42,0.88,-6.61,-13.44,-15.32,-13.45,-10.66
6132.00,8.24,2.28,-4.19,-10.51,-13.07,-16.32,-12.87,-6.85
6136.00,4.55,2.03,-5.80,-9.51,-16.64,-16.25,-10.53,-3.74
6140.00,0.23,-4.86,-9.44,-14.05,-14.81,-14.04,-8.33,0.58
6144.00,-1.74,-4.18,-11.43,-15.67,-15.83,-11.28,-3.87,5.14
6148.00,-3.70,-6.43,-13.15,-13.92,-11.27,-8.86,2.72,13.26
6152.00,-6.25,-12.87,-13.10,-12.72,-10.03,-1.33,5.06,15.72
6156.00,-9.02,-10.68,-11.87,-10.51,-5.44,-0.24,13.99,22.45
6160.00,-10.11,-13.98,-14.02,-9.30,-3.75,6.00,15.40,23.81
6164.00,-11.71,-15.01,-14.42,-5.99,-0.33,12.52,18.13,29.97
6168.00,-14.65,-11.86,-11.22,-5.17,7.17,16.57,26.19,31.91
6172.00,-14.83,-10.19,-9.34,-1.69,12.46,18.98,27.80,30.39
6176.00,-10.99,-9.50,-5.18,7.39,14.53,20.84,26.80,30.81
6180.00,-12.45,-7.70,0.70,9.15,20.52,24.17,27.06,25.30
6184.00,-8.63,-5.56,4.56,14.90,18.96,25.52,26.42,23.38
6188.00,-7.82,-1.18,9.74,16.42,23.48,28.43,24.24,23.40
6192.00,-3.20,4.86,12.13,18.25,25.46,26.95,23.87,18.61
6196.00,0.55,8.60,15.52,20.94,27.29,25.44,22.74,14.11
6200.00,5.04,9.97,19.05,25.74,27.35,20.75,16.70,6.39
6204.00,6.38,15.81,21.24,24.98,22.52,20.35,12.55,3.24
6208.00,10.99,17.80,23.27,22.68,23.15,18.04,8.33,-1.27
6212.00,13.55,19.48,20.09,22.24,20.79,13.92,3.20,-3.32
6216.00,17.50,18.18,20.31,19.89,15.11,10.67,2.08,-5.75
6220.00,18.13,19.10,22.44,15.35,13.69,5.01,-3.98,-6.86
6224.00,20.28,21.20,17.65,12.77,8.78,2.82,-4.94,-5.61
6228.00,19.43,16.86,18.85,11.34,6.58,0.83,-7.53,-6.51
6232.00,17.08,18.01,11.20,8.52,1.25,-5.77,-6.75,-6.15
6236.00,19.87,16.72,8.94,4.90,0.46,-3.24,-6.56,-2.60
6240.00,14.67,15.14,5.16,2.50,-3.80,-6.71,-2.34,0.77
6244.00,13.89,11.19,3.33,-0.57,-2.81,-4.20,-0.73,0.03
6248.00,11.76,6.56,-0.03,-2.62,-3.33,-4.48,-0.21,5.61
6252.00,10.37,5.44,-0.50,-1.56,-3.13,-3.26,2.47,5.03
6256.00,5.10,3.15,-3.41,-1.47,-3.24,1.83,5.93,11.37
6260.00,3.90,1.86,-2.64,-2.47,-0.68,3.70,9.15,11.85
6264.00,3.12,-2.16,-3.12,-4.94,0.68,2.90,10.33,12.16
6268.00,2.16,-1.58,-3.14,-1.45,2.90,5.98,11.35,13.47
6272.00,0.90,-2.06,-1.14,3.06,4.53,6.67,11.20,10.99
6276.00,-1.71,-3.58,-1.37,4.77,6.80,10.98,13.31,8.88
6280.00,-2.26,-3.06,-1.21,6.42,6.52,10.01,10.07,4.96
6284.00,-1.80,-2.66,4.12,8.30,11.67,10.85,11.12,5.20
6288.00,-2.40,0.59,5.59,10.92,12.22,8.71,6.69,-1.42
6292.00,-1.33,4.91,5.38,9.86,9.21,6.74,5.57,-1.32
6296.00,1.27,3.90,8.31,7.91,11.56,8.21,-1.61,-3.96
6300.00,3.60,8.34,9.39,11.86,9.81,2.70,-2.61,-10.72
6304.00,6.70,6.83,10.50,8.96,3.82,1.95,-4.55,-10.83
6308.00,5.12,8.14,9.71,8.30,5.36,-4.63,-8.16,-15.82
6312.00,6.73,9.59,9.70,5.42,-0.84,-7.93,-11.75,-14.60
6316.00,10.39,7.37,6.34,3.63,-1.61,-10.51,-15.52,-13.75
6320.00,6.89,8.07,4.13,1.10,-7.21,-14.48,-14.56,-16.79
6324.00,7.90,8.80,3.70,-3.61,-11.14,-11.50,-15.02,-11.40
6328.00,9.89,3.02,2.04,-7.15,-13.14,-15.31,-13.98,-12.08
6332.00,5.42,4.28,-2.15,-8.61,-15.99,-13.53,-15.77,-5.41
6336.00,3.69,0.72,-6.76,-10.00,-17.04,-14.71,-11.57,-0.81
6340.00,1.71,-2.45,-11.11,-12.68,-15.55,-11.06,-6.35,4.90
6344.00,0.97,-7.00,-13.43,-12.86,-12.92,-9.65,-4.17,6.45
6348.00,-4.67,-7.56,-15.05,-15.42,-12.49,-5.52,3.59,14.63
6352.00,-6.72,-11.17,-13.22,-14.64,-8.48,-1.02,7.95,19.21
6356.00,-10.30,-10.36,-15.92,-14.84,-8.93,3.17,11.99,23.75
6360.00,-8.63,-15.09,-11.45,-11.98,-3.19,3.94,18.18,26.87
6364.00,-11.16,-12.11,-13.62,-8.59,-1.28,12.11,18.81,28.57
6368.00,-12.28,-14.03,-9.54,-5.34,6.70,13.07,22.90,31.31
6372.00,-13.63,-12.80,-7.27,-2.04,10.31,19.70,25.55,29.06
6376.00,-13.29,-11.59,-3.07,2.39,14.88,22.89,27.28,26.53
6380.00,-11.06,-7.36,-0.99,7.56,17.78,23.99,26.53,24.24
6384.00,-12.19,-2.14,5.78,12.70,18.25,24.76,25.85,23.20
6388.00,-9.03,-0.57,9.35,16.69,23.24,27.04,24.27,21.73
6392.00,-5.66,1.47,13.32,20.51,26.01,25.31,22.06,15.22
6396.00,-3.15,4.99,11.82,18.13,23.02,25.13,17.64,10.37
6400.00,2.65,8.22,16.25,24.26,21.31,22.71,16.10,7.39
6404.00,7.96,14.33,17.60,22.30,22.09,16.56,9.87,0.70
6408.00,9.06,13.96,21.43,23.15,21.02,15.06,8.09,-2.11
6412.00,14.00,17.95,18.31,18.93,17.54,10.57,2.08,-5.68
6416.00,16.01,16.60,21.01,17.79,13.60,5.27,-2.39,-7.20
6420.00,16.45,17.78,21.02,13.93,8.11,1.47,-3.84,-10.35
6424.00,16.14,18.79,15.98,12.92,4.14,-3.69,-7.40,-10.60
6428.00,15.82,15.76,16.02,9.63,3.56,-3.87,-8.29,-7.57
6432.00,17.77,17.81,12.44,5.42,-1.78,-6.37,-8.49,-8.79
6436.00,14.90,13.78,9.06,3.21,-4.88,-8.84,-6.31,-7.59
6440.00,12.01,11.56,6.08,-3.21,-7.56,-7.77,-9.04,-5.03
6444.00,13.95,5.47,0.55,-5.03,-8.15,-5.83,-3.92,-0.41
6448.00,10.50,4.40,-3.51,-3.55,-9.61,-7.08,-3.53,-0.75
6452.00,8.55,-0.10,-1.73,-6.15,-9.45,-3.75,-1.25,3.75
6456.00,2.90,-0.40,-6.83,-6.97,-6.06,-4.16,2.57,7.20
6460.00,0.04,-5.05,-3.69,-5.50,-4.22,-1.52,2.91,4.47
6464.00,-3.32,-6.40,-5.10,-6.10,-2.33,1.55,2.65,6.44
6468.00,-3.63,-4.75,-5.57,-2.00,1.34,3.98,6.08,7.07
6472.00,-2.72,-7.13,-4.90,-5.19,0.74,5.50,8.57,7.04
6476.00,-4.25,-5.39,-6.31,-1.11,3.73,6.71,7.62,4.89
6480.00,-5.14,-5.79,-0.34,-0.32,6.24,8.49,7.30,3.80
6484.00,-3.75,-1.38,1.88,1.88,7.40,5.56,2.29,0.11
6488.00,-6.76,-0.47,-0.19,6.53,5.73,6.32,3.29,-4.75
6492.00,-4.43,-0.78,3.95,3.40,7.71,5.22,-2.11,-8.35
6496.00,-3.68,1.34,4.85,6.95,3.29,0.55,-2.36,-10.42
6500.00,0.06,3.19,7.69,5.10,1.67,-2.89,-6.47,-15.44
6504.00,1.80,3.10,7.92,6.45,-0.74,-2.66,-10.20,-18.27
6508.00,4.29,5.54,6.14,4.97,-1.10,-8.48,-16.13,-20.21
6512.00,4.88,4.69,4.42,2.15,-5.72,-9.53,-19.05,-20.57
6516.00,7.61,7.11,3.82,-0.30,-5.51,-14.52,-19.02,-23.32
6520.00,6.12,5.65,2.55,-4.71,-9.11,-19.16,-21.60,-18.66
6524.00,5.86,4.37,-2.26,-8.92,-12.34,-19.53,-22.95,-17.53
6528.00,2.21,0.32,-2.10,-11.71,-17.02,-18.88,-17.98,-14.37
6532.00,4.54,-0.25,-6.47,-13.21,-18.88,-18.24,-18.47,-11.57
6536.00,1.82,-5.24,-9.74,-16.33,-18.81,-19.94,-14.44,-8.70
6540.00,-0.07,-4.84,-15.20,-16.64,-22.02,-20.64,-11.99,-1.23
6544.00,-5.89,-8.47,-13.34,-20.26,-19.30,-15.72,-9.28,0.72
6548.00,-6.56,-13.30,-15.20,-19.31,-17.18,-13.75,-4.83,8.49
6552.00,-11.35,-14.42,-18.28,-17.53,-15.83,-9.62,-1.12,13.11
6556.00,-9.55,-17.33,-20.24,-16.46,-14.29,-6.00,6.10,15.02
6560.00,-12.71,-16.94,-20.19,-12.99,-9.84,-1.18,11.39,19.04
6564.00,-14.76,-17.08,-19.13,-11.77,-3.28,2.87,14.39,21.98
6568.00,-18.79,-17.91,-15.20,-7.19,-1.18,9.80,15.52,20.52
6572.00,-17.09,-15.67,-11.80,-6.18,2.61,13.16,22.37,24.87
6576.00,-19.14,-13.45,-7.95,-2.48,9.62,16.73,21.78,21.11
6580.00,-15.43,-14.32,-5.46,3.19,10.67,20.41,19.27,18.89
6584.00,-12.55,-6.64,-1.15,7.26,14.90,17.80,19.25,19.02
6588.00,-10.54,-7.04,3.72,12.14,14.55,21.33,20.45,12.95
6592.00,-10.49,-4.14,6.80,12.97,16.61,21.31,16.90,9.31
6596.00,-7.39,1.71,9.46,16.45,16.93,19.85,13.99,5.57
6600.00,-3.60,3.81,13.67,17.43,18.39,12.88,9.69,-1.49
6604.00,1.88,9.76,15.91,17.95,17.52,12.47,5.41,-4.63
6608.00,2.16,12.06,14.13,16.79,16.31,7.11,1.57,-9.82
6612.00,9.67,11.44,15.19,13.19,9.23,3.17,-1.30,-9.23
6616.00,11.23,15.34,14.36,12.42,7.56,-1.04,-7.47,-11.44
6620.00,12.36,14.77,15.50,9.17,2.72,-1.54,-11.46,-15.09
6624.00,10.45,16.40,13.42,5.03,-1.66,-4.71,-13.26,-15.37
6628.00,11.97,13.59,11.28,2.41,-3.23,-9.38,-13.19,-13.88
6632.00,13.49,10.37,4.54,-1.75,-4.05,-10.07,-15.46,-14.15
6636.00,12.01,11.18,2.63,-3.74,-8.25,-14.69,-15.16,-14.29
6640.00,8.13,3.80,1.78,-6.55,-10.81,-15.52,-12.29,-11.58
6644.00,5.59,3.62,-4.13,-8.51,-14.65,-12.59,-9.72,-8.33
6648.00,3.28,-0.43,-5.30,-9.21,-14.40,-12.08,-10.78,-6.26
6652.00,1.13,-2.04,-8.41,-9.75,-11.35,-9.10,-9.01,-1.27
6656.00,-1.77,-7.24,-8.41,-13.39,-9.69,-7.97,-3.41,-2.21
6660.00,-2.53,-6.56,-11.46,-11.26,-8.18,-7.32,-4.64,-1.59
6664.00,-2.31,-10.49,-9.14,-11.25,-9.50,-1.76,-2.35,-0.60
6668.00,-5.69,-8.73,-12.97,-9.14,-8.25,-2.36,-0.70,1.90
6672.00,-5.59,-10.18,-10.52,-9.51,-2.80,-0.90,0.01,-0.29
6676.00,-11.09,-7.50,-9.05,-6.36,-0.37,0.12,3.79,-0.23
6680.00,-11.02,-8.04,-5.09,-1.39,0.24,-0.16,0.02,-3.62
6684.00,-7.08,-9.24,-3.78,-1.33,-0.64,0.64,-1.06,-7.08
6688.00,-9.54,-3.90,-3.54,0.99,0.47,1.52,-1.87,-10.34
6692.00,-8.70,-4.08,1.59,0.02,-0.45,-0.65,-4.70,-10.71
6696.00,-3.15,-3.64,1.10,3.79,2.35,-0.23,-7.01,-16.88
6700.00,-1.98,-0.55,0.29,0.11,1.32,-4.25,-10.06,-20.25
6704.00,-1.74,0.35,0.49,-0.89,-4.18,-7.03,-16.80,-21.45
6708.00,-0.86,2.14,-0.08,2.03,-5.59,-10.46,-18.06,-26.45
6712.00,1.08,2.54,2.23,-4.09,-7.34,-16.33,-22.74,-26.14
6716.00,3.98,3.07,-1.30,-6.13,-9.71,-19.78,-24.07,-24.06
6720.00,0.97,3.28,-2.80,-9.35,-12.97,-23.15,-26.56,-25.69
6724.00,2.90,0.85,-6.94,-13.08,-17.95,-21.51,-24.00,-24.58
6728.00,2.89,-1.44,-6.50,-15.23,-18.80,-23.17,-23.83,-19.64
6732.00,-2.04,-3.73,-10.47,-15.91,-20.25,-26.82,-24.81,-14.80
6736.00,-4.02,-9.48,-15.51,-17.72,-24.93,-22.47,-17.46,-11.53
6740.00,-3.72,-11.10,-17.11,-18.79,-23.93,-23.93,-16.26,-5.09
6744.00,-5.77,-14.75,-18.90,-20.26,-23.75,-18.60,-12.77,-0.49
6748.00,-7.90,-16.81,-19.24,-21.59,-22.95,-18.37,-7.57,3.96
6752.00,-13.90,-17.77,-23.04,-21.44,-18.11,-10.04,-4.29,8.87
6756.00,-13.19,-18.71,-20.67,-19.41,-16.33,-7.46,1.37,14.45
6760.00,-17.07,-20.35,-21.70,-20.43,-9.45,-1.67,7.97,17.75
6764.00,-15.57,-18.00,-19.65,-15.82,-5.12,1.01,9.29,18.29
6768.00,-19.89,-20.52,-17.83,-12.49,-1.25,6.70,16.84,18.40
6772.00,-19.01,-16.08,-14.71,-9.08,0.18,12.58,17.60,18.73
6776.00,-21.07,-15.78,-9.77,-5.36,7.19,13.16,16.56,19.50
6780.00,-19.29,-12.23,-7.20,3.27,8.32,18.25,16.84,17.38
6784.00,-14.97,-9.62,-2.20,4.77,11.58,19.47,19.61,13.60
6788.00,-12.79,-7.75,2.58,6.41,15.95,17.90,17.92,10.91
6792.00,-12.07,-5.50,3.49,11.63,16.94,16.48,14.45,4.99
6796.00,-9.01,2.01,9.79,15.29,16.78,17.77,12.02,3.96
6800.00,-3.06,3.19,13.08,17.63,18.06,15.23,6.72,0.80
6804.00,-0.95,5.25,11.89,16.19,13.73,12.84,3.31,-5.15
6808.00,1.18,9.85,12.70,13.67,10.65,6.58,-2.51,-8.09
6812.00,8.99,10.76,14.68,14.77,11.37,4.09,-4.63,-11.09
6816.00,7.95,12.05,13.11,12.16,8.46,-2.57,-9.35,-15.49
6820.00,9.08,15.90,13.48,11.75,1.86,-5.04,-13.02,-17.36
6824.00,10.18,12.15,9.72,4.35,1.11,-7.38,-15.54,-16.60
6828.00,13.79,11.05,11.35,5.01,-1.65,-11.33,-14.10,-17.02
6832.00,13.68,10.15,4.20,-0.03,-7.84,-11.68,-13.62,-13.67
6836.00,12.69,10.44,0.83,-2.17,-11.92,-13.33,-15.35,-13.35
6840.00,9.13,7.56,-1.18,-4.93,-9.97,-15.72,-11.81,-8.50
6844.00,7.25,1.22,-1.15,-6.93,-13.15,-12.08,-10.05,-8.21
6848.00,4.76,-1.20,-5.33,-9.06,-13.08,-12.14,-7.53,-5.27
6852.00,2.01,-0.22,-6.05,-11.31,-11.16,-13.07,-6.49,-1.97
6856.00,-0.89,-4.10,-8.21,-9.38,-10.14,-10.39,-3.12,-1.63
6860.00,-1.45,-7.85,-8.63,-8.80,-9.80,-5.31,-0.17,-1.03
6864.00,-5.13,-10.06,-9.65,-10.76,-8.36,-2.71,2.58,4.39
6868.00,-4.69,-11.60,-7.82,-9.98,-3.24,-2.38,3.81,2.87
6872.00,-8.45,-9.85,-6.56,-4.45,-2.95,2.46,1.91,3.16
6876.00,-8.35,-10.67,-7.57,-6.56,-2.72,2.46,2.29,-0.13
6880.00,-7.29,-9.65,-5.22,-0.19,2.68,2.29,3.19,-1.73
6884.00,-8.43,-7.20,-5.41,-0.95,1.11,0.90,1.88,-3.97
6888.00,-5.39,-4.26,-1.53,0.66,3.75,0.00,-1.50,-6.40
6892.00,-4.59,-3.65,1.53,1.15,3.90,0.58,-3.21,-10.65
6896.00,-1.78,0.48,3.19,2.76,0.88,-1.31,-4.77,-16.05
6900.00,-3.38,0.96,4.35,4.10,2.60,-2.00,-8.20,-16.20
6904.00,1.43,0.63,3.17,3.34,0.51,-7.95,-16.28,-18.58
6908.00,3.87,3.52,2.99,2.88,-2.36,-7.89,-16.93,-23.72
6912.00,4.61,4.25,1.11,1.95,-4.57,-14.19,-17.72,-20.87
6916.00,3.46,4.36,1.26,-3.03,-10.82,-14.83,-19.02,-21.51
6920.00,4.82,3.52,-1.27,-5.90,-14.38,-16.19,-23.10,-22.35
6924.00,5.56,0.40,-0.06,-6.28,-14.90,-21.19,-21.25,-19.14
6928.00,2.96,-1.77,-3.44,-9.85,-18.37,-19.14,-20.52,-18.67
6932.00,4.17,-3.29,-8.30,-13.02,-19.32,-20.27,-17.47,-13.99
6936.00,0.87,-5.94,-13.00,-15.29,-21.83,-20.12,-17.65,-8.87
6940.00,-3.57,-8.88,-14.75,-19.46,-22.18,-19.42,-12.34,-2.82
6944.00,-3.50,-10.93,-16.34,-18.84,-17.80,-13.73,-6.82,0.95
6948.00,-7.48,-10.32,-15.92,-17.47,-16.04,-12.92,-2.15,4.52
6952.00,-8.91,-15.62,-17.31,-21.33,-16.96,-10.57,1.97,11.05
6956.00,-11.30,-17.28,-17.71,-15.36,-12.78,-3.23,8.00,17.22
6960.00,-15.47,-16.89,-19.62,-16.23,-9.28,0.35,9.39,21.70
6964.00,-14.95,-16.04,-13.88,-10.54,-1.40,3.55,13.77,21.03
6968.00,-13.93,-17.25,-14.07,-10.34,3.14,12.14,18.73,22.75
6972.00,-16.58,-13.47,-8.94,-4.87,6.76,13.17,20.45,25.83
6976.00,-17.33,-12.88,-6.38,-0.08,10.09,19.53,24.01,21.36
6980.00,-16.32,-10.07,-3.89,7.19,14.78,19.87,23.68,22.54
6984.00,-10.34,-8.46,-1.70,8.15,14.32,20.47,20.93,21.50
6988.00,-8.15,-4.26,4.90,14.96,21.46,20.16,23.34,18.36
6992.00,-5.56,1.11,8.28,16.04,20.03,21.43,19.12,11.04
6996.00,-5.72,3.84,9.74,18.20,21.26,18.68,14.17,7.27
7000.00,-0.26,9.37,16.99,20.89,19.31,16.72,13.14,2.00
7004.00,5.63,11.32,16.62,18.86,17.47,17.37,6.55,-0.47
7008.00,6.57,11.79,20.33,17.58,17.94,12.26,6.00,-2.69
7012.00,12.48,17.98,16.67,15.92,11.97,5.70,0.85,-5.31
7016.00,10.33,18.48,17.02,17.61,13.64,6.48,-5.84,-9.71
7020.00,13.14,18.98,17.85,13.33,7.91,2.40,-4.05,-12.52
7024.00,13.42,17.66,17.19,9.54,3.61,-4.02,-10.25,-13.47
7028.00,17.51,15.06,14.04,5.82,2.07,-3.09,-10.69,-11.37
7032.00,17.46,15.87,12.34,4.73,-4.18,-9.41,-9.83,-7.28
7036.00,13.24,10.88,9.67,3.65,-4.53,-6.29,-7.84,-6.00
7040.00,13.36,11.80,6.39,-1.95,-5.91,-6.91,-8.77,-7.34
7044.00,10.15,6.81,3.92,-5.55,-5.23,-7.59,-7.64,-4.67
7048.00,11.20,5.77,-0.33,-5.68,-9.91,-5.71,-5.39,2.80
7052.00,7.35,2.95,-1.73,-4.25,-7.78,-7.67,-3.36,1.27
7056.00,6.55,0.61,-4.93,-8.32,-8.50,-1.81,2.16,5.37
7060.00,3.02,-1.83,-7.42,-5.15,-2.95,-3.15,2.51,9.52
7064.00,1.92,-5.17,-6.84,-6.48,-4.59,2.47,7.78,10.55
7068.00,-1.42,-5.23,-3.92,-3.03,-0.63,5.46,8.16,8.19
7072.00,-3.21,-6.47,-5.63,0.81,2.92,5.00,6.89,7.49
7076.00,-3.67,-5.45,-0.57,2.38,5.33,8.96,10.11,4.66
7080.00,-3.67,-5.35,0.54,0.73,5.02,6.58,6.81,4.65
7084.00,-3.85,-1.35,-0.03,5.81,6.79,6.50,6.12,3.11
7088.00,-1.22,-0.87,3.09,6.69,6.71,7.95,2.37,-0.08
7092.00,-1.31,0.28,5.91,9.05,7.65,7.73,0.68,-6.23
7096.00,-0.56,1.55,4.35,9.08,8.16,5.62,0.70,-9.79
7100.00,3.15,6.47,9.32,9.57,6.80,3.43,-5.23,-13.09
7104.00,3.50,6.11,10.48,8.26,6.79,-0.34,-7.72,-15.82
7108.00,3.32,6.50,9.69,6.99,3.28,-5.07,-12.61,-16.11
7112.00,9.09,8.23,5.68,5.56,-2.57,-6.18,-11.27,-15.45
7116.00,6.43,9.25,5.04,3.16,-2.83,-10.05,-13.67,-15.09
7120.00,5.94,6.87,3.53,1.24,-8.15,-13.23,-16.95,-14.91
7124.00,6.93,5.62,2.54,-4.10,-11.67,-16.88,-14.99,-13.42
7128.00,9.30,5.55,0.03,-9.10,-14.55,-15.37,-13.88,-9.40
7132.00,6.99,1.76,-5.52,-10.99,-14.48,-17.81,-15.99,-6.23
7136.00,3.15,0.53,-8.59,-12.51,-14.99,-17.55,-10.16,-0.92
7140.00,2.14,-5.47,-8.29,-14.32,-15.00,-12.19,-8.39,1.86
7144.00,-2.10,-4.41,-10.29,-12.83,-13.05,-11.85,-2.94,6.73
7148.00,-3.63,-10.14,-14.04,-15.66,-13.12,-4.92,1.81,15.00
7152.00,-4.70,-9.21,-13.39,-13.71,-11.78,-3.36,7.27,19.62
7156.00,-5.67,-11.57,-14.38,-14.17,-5.59,3.77,12.17,22.61
7160.00,-9.00,-12.43,-14.53,-12.47,-2.11,7.23,15.28,23.65
7164.00,-10.22,-11.05,-14.20,-9.32,-0.22,8.60,19.41,28.48
7168.00,-14.34,-14.38,-11.56,-4.65,4.44,15.18,24.83,31.33
7172.00,-13.50,-12.08,-6.51,-1.81,9.60,19.84,28.88,30.89
7176.00,-14.24,-11.43,-1.56,4.59,15.49,22.30,29.80,31.64
7180.00,-12.39,-7.22,1.21,10.12,16.94,25.62,29.92,29.17
7184.00,-7.54,-1.99,3.38,11.12,18.73,25.41,29.71,25.26
7188.00,-4.72,-0.38,6.77,16.49,22.61,28.93,24.25,19.26
7192.00,-5.07,4.59,9.84,19.55,24.57,27.11,21.69,16.85
7196.00,0.58,9.88,17.39,21.36,27.46,25.04,21.32,12.72
7200.00,4.15,11.92,19.89,22.00,22.61,22.12,18.56,9.32
7204.00,5.06,14.28,18.53,22.24,21.38,18.08,14.77,5.49
7208.00,10.61,15.17,23.12,24.28,21.94,14.33,10.66,-1.71
7212.00,11.09,16.63,23.70,21.47,20.60,11.48,5.32,-0.59
7216.00,18.13,22.17,21.26,19.93,13.71,9.65,2.60,-6.85
7220.00,19.94,21.92,21.27,17.51,12.05,5.74,-0.41,-5.49
7224.00,16.32,22.86,17.07,15.16,5.75,1.81,-4.81,-7.88
7228.00,18.53,17.54,17.70,10.02,6.68,-2.60,-6.25,-4.22
7232.00,21.16,19.84,15.18,5.87,-0.70,-2.86,-7.73,-6.70
7236.00,18.20,15.95,8.46,2.17,-2.37,-2.94,-5.00,-2.17
7240.00,17.25,13.06,5.79,0.05,-2.15,-7.05,-2.71,-2.05
7244.00,13.92,11.22,2.05,-2.80,-1.85,-7.45,-1.01,0.98
7248.00,14.07,9.22,0.76,-3.03,-6.78,-2.74,1.85,3.72
7252.00,8.72,6.45,-1.08,-1.68,-3.64,-0.32,0.34,7.00
7256.00,5.34,3.53,-3.66,-3.17,-3.78,-0.95,3.65,10.17
7260.00,6.05,-2.47,-2.11,-5.78,-3.97,3.68,5.38,12.04
7264.00,1.86,-3.44,-2.65,-1.60,-1.92,2.66,7.72,10.74
7268.00,-1.23,-1.73,-3.34,-2.80,1.74,6.30,9.64,12.15
7272.00,-3.27,-0.64,-0.38,2.94,6.42,9.37,9.56,11.86
7276.00,-2.53,-4.27,-0.76,0.94,6.97,10.98,12.08,7.91
7280.00,-4.15,-2.25,1.98,7.29,9.39,10.50,9.29,9.13
7284.00,-3.04,1.73,0.68,6.56,7.94,11.17,7.35,2.99
7288.00,0.44,-0.04,5.64,6.95,10.91,12.16,8.93,-1.15
7292.00,1.75,0.82,7.88,7.54,8.98,8.57,2.07,-4.79
7296.00,3.41,7.10,8.68,8.29,9.88,4.76,0.53,-8.41
7300.00,3.81,7.92,7.39,11.88,10.60,2.32,-4.29,-10.26
7304.00,7.32,7.92,10.66,9.51,8.22,0.61,-6.14,-14.10
7308.00,8.95,9.90,11.74,6.92,4.35,-1.44,-7.47,-16.16
7312.00,8.51,9.01,10.51,7.91,1.98,-7.04,-12.92,-17.79
7316.00,10.37,9.43,6.86,4.83,-1.26,-10.43,-15.86,-17.55
7320.00,7.76,6.77,7.21,-0.89,-3.76,-14.40,-16.69,-13.76
7324.00,7.13,6.45,1.48,-0.84,-10.59,-11.74,-14.07,-15.72
7328.00,8.15,6.33,1.34,-5.36,-13.18,-14.76,-17.51,-10.40
7332.00,4.73,0.42,-3.70,-8.96,-13.75,-14.14,-15.66,-7.50
7336.00,5.83,0.47,-8.33,-9.71,-16.78,-15.49,-8.51,-2.91
7340.00,1.02,-3.73,-6.39,-12.45,-14.98,-11.13,-5.47,4.48
7344.00,2.12,-3.44,-12.55,-16.46,-13.59,-10.00,-0.56,6.41
7348.00,-4.27,-5.93,-13.73,-13.45,-12.05,-6.63,1.49,12.75
7352.00,-3.18,-13.07,-14.64,-12.05,-8.91,-1.35,4.59,18.98
7356.00,-7.72,-13.62,-14.79,-14.83,-7.93,1.72,13.86,20.12
7360.00,-10.34,-12.22,-13.71,-11.83,-5.58,5.41,16.28,23.00
7364.00,-13.02,-15.07,-10.70,-5.70,0.31,11.94,19.55,29.71
7368.00,-10.96,-13.07,-12.57,-5.24,2.60,16.73,24.58,28.60
7372.00,-15.05,-10.75,-7.45,-0.95,11.68,20.77,28.04,28.94
7376.00,-13.75,-11.53,-3.95,2.35,12.29,24.07,26.58,26.53
7380.00,-11.60,-7.37,1.71,9.48,18.01,22.18,28.74,27.12
7384.00,-8.49,-4.68,1.22,14.23,21.36,26.27,26.50,22.72
7388.00,-8.13,1.09,9.68,13.58,21.44,24.99,26.06,20.22
7392.00,-6.98,2.02,10.78,18.00,25.04,25.59,23.37,17.19
7396.00,-2.13,6.72,14.63,19.45,22.08,24.92,17.88,10.85
7400.00,1.47,11.50,14.80,24.06,25.50,20.72,14.00,6.92
7404.00,4.35,13.08,19.69,23.74,22.96,19.18,11.55,3.86
7408.00,10.96,14.45,21.71,19.35,19.97,14.53,4.20,-3.20
7412.00,10.49,18.63,21.99,17.87,15.39,7.87,3.49,-3.06
7416.00,15.86,20.21,19.43,20.47,13.80,5.22,-3.14,-7.95
7420.00,17.61,20.27,17.28,14.35,7.86,3.71,-3.07,-11.14
7424.00,18.11,16.55,17.60,11.21,5.98,-2.17,-9.33,-9.27
7428.00,15.06,18.46,12.11,8.33,0.58,-2.90,-9.48,-9.03
7432.00,17.45,15.59,12.71,5.40,-2.53,-5.20,-7.42,-9.26
7436.00,16.32,12.68,7.80,3.83,-4.04,-7.46,-9.45,-8.05
7440.00,14.60,12.46,4.51,-1.13,-8.14,-6.39,-9.47,-2.90
7444.00,10.25,7.16,-0.56,-3.62,-8.40,-9.38,-4.12,-0.32
7448.00,8.67,2.41,-0.25,-5.52,-9.36,-5.28,-5.00,1.00
7452.00,6.04,2.73,-3.16,-9.09,-8.93,-5.62,-2.99,5.46
7456.00,6.21,0.49,-3.84,-9.15,-4.42,-2.25,0.65,5.41
7460.00,0.56,-2.40,-5.84,-6.89,-5.92,-2.48,1.41,5.27
7464.00,-2.59,-2.24,-8.33,-7.99,-4.07,1.14,6.15,8.59
7468.00,-0.82,-7.93,-4.87,-2.16,-0.86,5.45,7.11,5.87
7472.00,-2.91,-7.39,-4.99,-3.53,0.14,6.81,7.70,5.98
7476.00,-3.68,-4.06,-5.85,0.27,5.60,4.78,6.07,3.94
7480.00,-4.37,-4.49,-3.79,1.36,3.70,5.73,4.15,4.66
7484.00,-4.11,-5.54,1.26,2.80,7.27,7.37,4.91,-2.42
7488.00,-3.46,-1.40,0.24,6.05,7.64,5.66,2.13,-2.10
7492.00,-4.98,1.12,5.41,8.21,4.05,3.55,-0.11,-8.44
7496.00,0.30,0.56,5.93,3.90,3.72,4.07,-2.60,-13.17
7500.00,-2.50,1.46,5.68,4.25,2.82,-1.30,-7.12,-13.19
7504.00,-0.74,2.91,6.38,6.35,2.25,-3.27,-12.00,-19.70
7508.00,0.90,7.67,4.26,4.94,0.66,-8.79,-15.62,-19.78
7512.00,3.45,4.01,6.81,2.67,-2.41,-11.11,-19.55,-20.15
7516.00,2.91,5.39,3.63,0.11,-5.95,-16.20,-21.58,-21.81
7520.00,4.98,4.80,0.87,-2.67,-9.10,-18.49,-20.64,-20.97
7524.00,3.88,1.67,-2.52,-5.64,-12.88,-17.48,-20.75,-21.03
7528.00,3.01,2.73,-1.96,-8.35,-17.43,-20.46,-20.60,-17.38
7532.00,1.07,-0.11,-9.41,-14.68,-18.31,-19.40,-18.10,-10.54
7536.00,1.47,-6.02,-10.10,-13.78,-20.28,-18.91,-13.66,-6.98
7540.00,0.26,-7.83,-14.73,-17.43,-19.70,-19.58,-13.73,-2.31
7544.00,-4.82,-7.60,-17.27,-21.54,-20.01,-17.28,-10.85,1.34
7548.00,-8.71,-10.09,-17.39,-20.42,-19.05,-10.94,-5.81,7.28
7552.00,-9.72,-14.89,-19.59,-19.53,-13.90,-6.17,2.51,11.43
7556.00,-10.62,-18.82,-17.09,-15.65,-11.78,-6.53,7.18,15.87
7560.00,-13.76,-17.81,-19.36,-17.39,-10.90,2.45,11.43,18.40
7564.00,-16.93,-17.28,-15.74,-12.26,-3.68,4.20,13.92,19.41
7568.00,-18.37,-16.10,-17.00,-8.04,-1.03,7.59,18.51,21.06
7572.00,-15.32,-16.94,-9.78,-4.97,3.98,12.37,19.58,23.56
7576.00,-16.38,-12.99,-8.95,0.74,6.79,14.14,23.63,20.91
7580.00,-14.66,-12.59,-3.38,1.16,11.10,17.98,23.15,21.55
7584.00,-12.01,-6.65,-3.75,5.65,16.26,20.76,18.92,18.97
7588.00,-13.25,-4.42,2.51,11.44,17.39,17.91,19.75,16.04
7592.00,-6.42,0.21,4.20,12.36,19.25,17.23,15.15,8.73
7596.00,-6.38,3.79,10.90,15.68,17.41,19.85,13.12,6.82
7600.00,0.20,4.73,11.82,19.31,16.09,15.32,9.89,1.66
7604.00,0.80,8.18,15.76,15.88,16.21,13.00,3.72,-4.78
7608.00,2.62,10.68,17.04,14.57,11.97,6.76,-0.10,-9.32
7612.00,5.50,11.73,16.26,13.08,12.57,3.03,-2.23,-9.51
7616.00,10.14,15.31,17.29,10.88,10.23,2.70,-8.72,-11.55
7620.00,11.11,13.33,13.51,12.00,3.94,-3.98,-9.14,-15.13
7624.00,11.81,15.88,14.29,9.38,-0.93,-7.04,-15.15,-13.73
7628.00,11.48,11.27,8.48,5.40,-1.67,-7.61,-12.61,-13.06
7632.00,10.74,10.98,6.24,-1.17,-4.54,-13.47,-15.73,-12.48
7636.00,12.80,8.48,4.85,-1.47,-7.54,-11.56,-14.85,-12.60
7640.00,10.53,6.21,1.19,-8.26,-10.41,-11.61,-14.47,-10.49
7644.00,6.72,4.50,-1.97,-6.54,-14.27,-11.93,-11.57,-9.32
7648.00,4.07,-2.15,-5.03,-8.02,-11.96,-14.10,-10.64,-4.37
7652.00,5.14,-4.91,-6.42,-11.51,-13.57,-12.39,-6.25,-4.10
7656.00,1.03,-7.52,-7.74,-10.17,-10.31,-9.12,-4.77,-2.73
7660.00,-3.37,-5.29,-9.41,-9.37,-8.09,-6.76,-2.82,1.38
7664.00,-2.31,-6.49,-13.14,-9.42,-7.05,-4.70,1.68,2.71
7668.00,-4.35,-8.81,-10.05,-9.86,-5.29,-3.54,-0.39,1.74
7672.00,-7.44,-12.11,-10.73,-7.34,-3.95,1.78,4.27,2.43
7676.00,-10.96,-8.06,-10.51,-3.67,-1.44,1.81,2.10,1.90
7680.00,-9.70,-7.59,-4.71,-4.74,1.26,-0.56,1.94,-4.86
7684.00,-10.86,-7.12,-2.69,-0.51,1.71,1.15,-2.87,-7.18
7688.00,-6.87,-5.62,-0.86,-1.67,4.03,2.57,-1.88,-8.06
7692.00,-5.18,-5.30,-1.74,-0.62,3.91,0.81,-5.39,-15.08
7696.00,-7.07,-2.33,-0.17,1.15,0.19,-3.70,-8.17,-14.34
7700.00,-3.62,1.47,3.51,-0.48,-2.09,-3.37,-11.72,-21.48
7704.00,-2.50,-0.99,0.31,2.18,-0.40,-7.77,-18.03,-21.23
7708.00,0.95,2.05,0.41,-2.52,-7.27,-14.38,-20.40,-24.14
7712.00,0.44,2.56,-0.28,-1.45,-7.64,-16.51,-21.46,-27.06
7716.00,2.85,0.53,-0.78,-5.56,-10.85,-19.83,-21.82,-25.37
7720.00,1.32,-0.98,-4.27,-7.97,-16.29,-20.50,-23.00,-27.40
7724.00,0.82,-2.09,-4.45,-10.67,-18.03,-21.99,-25.96,-22.45
7728.00,3.41,-0.45,-6.18,-13.13,-19.20,-25.85,-25.08,-21.47
7732.00,-1.78,-4.03,-9.53,-15.16,-20.95,-23.79,-24.57,-16.74
7736.00,-3.34,-8.41,-12.62,-17.23,-25.16,-25.63,-21.40,-12.38
7740.00,-5.01,-7.76,-18.43,-23.38,-24.72,-20.57,-18.53,-5.23
7744.00,-5.91,-12.95,-19.51,-24.32,-22.23,-17.84,-10.17,-0.60
7748.00,-6.77,-13.53,-18.96,-21.62,-21.21,-13.71,-9.18,0.79
7752.00,-11.34,-15.69,-18.91,-19.41,-19.53,-12.48,-1.35,8.16
7756.00,-15.99,-17.23,-19.20,-20.84,-14.05,-6.28,1.75,10.81
7760.00,-17.41,-21.26,-21.36,-20.23,-12.46,-1.40,9.02,16.40
7764.00,-17.01,-22.18,-17.40,-12.92,-8.54,1.17,12.77,18.56
7768.00,-17.69,-17.92,-19.08,-13.18,-1.74,6.72,14.86,22.02
7772.00,-18.54,-19.34,-12.81,-7.98,1.49,8.47,15.44,19.70
7776.00,-20.67,-18.73,-9.85,-4.77,4.74,11.43,16.64,20.73
7780.00,-17.92,-13.51,-6.82,1.28,7.81,17.95,17.41,18.66
7784.00,-14.91,-11.18,-5.64,4.89,13.25,18.68,17.49,16.05
7788.00,-12.29,-4.84,0.68,6.65,12.75,19.66,16.10,13.00
7792.00,-8.55,-2.91,3.10,10.11,17.34,19.61,16.38,7.67
7796.00,-4.64,2.50,6.78,12.28,18.75,13.56,12.08,2.87
7800.00,-1.67,2.35,11.88,13.44,14.43,11.21,4.86,0.40
7804.00,-1.16,5.57,13.57,13.57,14.07,12.43,1.26,-3.48
7808.00,3.14,9.89,11.98,13.70,12.38,6.15,-3.00,-10.85
7812.00,6.76,13.40,13.48,12.70,9.11,4.43,-4.99,-12.01
7816.00,6.76,15.00,12.23,10.68,4.61,-0.70,-10.93,-12.89
7820.00,10.25,14.40,14.89,9.02,4.64,-5.94,-9.47,-13.93
7824.00,10.17,14.86,13.57,6.05,-0.86,-5.62,-12.66,-14.80
7828.00,14.29,14.59,8.10,4.96,-4.57,-12.70,-14.20,-15.72
7832.00,13.55,10.27,8.11,0.34,-7.27,-12.89,-17.68,-14.65
7836.00,12.32,8.67,4.90,-4.64,-8.36,-15.92,-15.15,-13.20
7840.00,11.93,4.26,0.14,-4.37,-11.90,-14.62,-14.75,-12.09
7844.00,7.27,3.62,-4.18,-6.10,-14.07,-12.45,-13.41,-9.08
7848.00,3.63,0.12,-5.65,-8.57,-11.07,-13.57,-8.98,-3.01
7852.00,2.79,-1.09,-5.74,-11.88,-12.44,-10.36,-6.74,-3.46
7856.00,1.48,-6.22,-6.93,-9.92,-9.00,-8.14,-4.72,-2.87
7860.00,-2.92,-7.81,-9.88,-10.15,-8.51,-6.62,-0.72,3.32
7864.00,-2.88,-8.37,-12.35,-9.64,-6.29,-1.31,0.26,3.21
7868.00,-7.37,-6.64,-7.49,-6.67,-4.61,1.03,1.76,0.24
7872.00,-8.61,-10.81,-7.55,-5.07,-0.47,-1.23,2.48,2.28
7876.00,-8.83,-8.25,-9.87,-6.76,-1.27,2.71,4.16,-0.82
7880.00,-7.11,-6.68,-7.24,-3.25,2.58,1.34,4.50,-2.08
7884.00,-7.01,-4.09,-5.55,-1.91,3.26,4.79,-1.71,-4.57
7888.00,-8.52,-5.06,-1.74,0.59,5.46,0.95,-2.88,-8.02
7892.00,-3.87,-3.91,-0.81,1.45,2.00,0.74,-5.13,-13.13
7896.00,-5.88,-0.37,3.42,1.32,4.79,-0.23,-5.75,-13.62
7900.00,-1.88,2.30,1.15,3.97,-0.71,-4.17,-12.00,-16.23
7904.00,1.24,4.23,1.83,0.64,-1.88,-5.06,-14.72,-21.27
7908.00,-0.62,2.13,4.03,-0.16,-4.47,-9.40,-17.98,-24.66
7912.00,4.44,2.12,0.62,-0.97,-8.12,-13.48,-17.95,-21.29
7916.00,4.44,5.93,1.10,-4.31,-10.40,-18.20,-22.46,-23.89
7920.00,5.57,4.58,-1.13,-3.65,-11.69,-20.72,-24.18,-22.67
7924.00,5.35,0.51,-3.72,-6.52,-14.46,-22.84,-24.61,-18.02
7928.00,1.29,0.53,-4.96,-9.40,-16.69,-22.20,-19.61,-17.47
7932.00,1.38,-0.85,-6.89,-16.47,-18.96,-22.64,-20.11,-13.41
7936.00,1.01,-7.15,-10.77,-18.80,-19.76,-18.44,-18.70,-11.46
7940.00,-2.89,-9.54,-13.57,-20.87,-22.66,-21.37,-12.30,-4.18
7944.00,-3.80,-7.74,-15.84,-19.45,-22.24,-18.52,-8.60,3.40
7948.00,-8.88,-12.06,-19.61,-21.36,-16.83,-12.10,-4.49,5.55
7952.00,-7.43,-14.01,-16.82,-16.60,-13.98,-6.95,-1.14,9.35
7956.00,-10.92,-15.69,-20.80,-15.26,-12.80,-4.97,5.12,15.40
7960.00,-14.44,-14.83,-19.16,-16.20,-8.35,1.60,8.89,20.37
7964.00,-15.28,-19.46,-17.45,-13.96,-4.33,3.83,16.30,22.43
7968.00,-14.81,-17.66,-12.26,-8.81,-0.34,9.50,17.22,24.73
7972.00,-16.66,-16.28,-11.53,-3.60,6.25,16.60,19.37,26.14
7976.00,-15.21,-14.27,-5.81,-0.54,9.06,18.14,21.45,26.03
7980.00,-12.56,-10.55,-3.37,5.26,11.51,21.76,23.44,24.47
7984.00,-12.22,-8.42,-0.90,7.63,18.58,22.38,23.30,17.66
7988.00,-10.32,-4.72,4.77,12.64,18.93,23.43,19.86,14.89
7992.00,-5.68,-0.55,10.01,17.68,19.72,20.05,18.73,11.45
7996.00,-1.90,3.26,11.21,15.51,22.67,20.59,14.64,6.82
8000.00,1.37,9.45,15.64,21.85,22.62,19.95,9.97,2.88
8004.00,4.55,8.70,16.48,21.05,17.24,15.05,9.98,0.15
8008.00,6.96,14.69,18.32,19.41,19.53,11.86,2.38,-2.39
8012.00,9.97,16.88,17.24,16.41,13.78,7.67,-2.12,-5.55
8016.00,10.32,16.73,18.77,17.76,11.18,5.77,-4.01,-9.50
8020.00,14.93,19.29,17.13,13.27,10.19,2.82,-8.11,-11.98
8024.00,13.61,16.98,14.08,8.59,2.97,-0.53,-9.69,-9.81
8028.00,14.69,16.58,14.45,6.16,2.74,-6.96,-7.27,-12.49
8032.00,13.65,14.59,9.77,5.84,-4.33,-7.74,-9.42,-9.91
8036.00,13.87,10.19,5.41,-1.23,-5.66,-9.06,-9.52,-9.34
8040.00,12.19,7.69,4.70,-2.94,-6.08,-7.65,-10.53,-3.59
8044.00,11.66,8.73,-0.99,-6.18,-6.31,-10.38,-7.29,-0.26
8048.00,11.24,4.83,1.16,-6.26,-7.54,-8.26,-6.04,0.78
8052.00,8.79,1.68,-3.30,-7.22,-7.15,-3.09,-0.30,1.63
8056.00,2.40,-0.11,-4.58,-6.09,-7.18,-5.28,0.82,6.55
8060.00,2.31,-2.41,-6.95,-8.12,-3.80,-3.01,2.26,5.78
8064.00,1.71,-2.89,-5.20,-7.13,0.02,2.13,8.09,10.18
8068.00,-0.79,-6.04,-6.52,-1.26,1.15,3.40,7.75,7.85
8072.00,-5.25,-5.69,-2.80,0.49,1.26,8.40,7.36,10.30
8076.00,-6.06,-4.56,-0.59,2.30,4.84,7.25,8.79,8.99
8080.00,-3.64,-5.62,-3.30,2.33,6.01,10.46,6.65,4.69
8084.00,-1.28,-1.99,2.26,4.25,5.50,7.86,6.08,1.53
8088.00,-3.57,-0.85,4.53,9.01,8.94,10.22,6.04,-1.70
8092.00,-3.43,2.23,2.73,9.35,7.22,7.36,0.42,-3.59
8096.00,-0.87,4.14,4.41,6.89,6.90,3.31,-2.01,-10.65
8100.00,3.53,4.36,7.59,7.58,7.34,2.50,-4.76,-12.11
8104.00,4.64,4.94,8.53,6.09,2.70,-2.03,-7.72,-16.21
8108.00,4.20,5.73,9.44,7.29,4.19,-6.49,-12.18,-14.35
8112.00,4.61,7.69,7.44,6.34,0.23,-6.84,-12.87,-19.44
8116.00,8.76,6.46,5.43,2.34,-6.18,-11.32,-17.05,-15.08
8120.00,7.21,6.65,3.44,-1.07,-7.17,-12.99,-14.69,-14.68
8124.00,9.70,5.02,0.65,-2.95,-8.93,-13.80,-14.65,-14.96
8128.00,8.86,6.04,1.85,-8.88,-11.80,-16.83,-14.91,-12.49
8132.00,8.50,2.42,-4.87,-7.80,-11.92,-15.35,-16.27,-7.06
8136.00,2.52,-2.14,-8.76,-12.32,-17.35,-15.81,-9.14,-1.99
8140.00,0.98,-1.82,-9.57,-15.31,-17.72,-12.99,-8.74,-0.06
8144.00,2.16,-4.24,-12.85,-13.50,-14.32,-12.27,-2.05,8.26
8148.00,-1.53,-8.67,-12.82,-12.37,-11.28,-8.13,3.99,12.48
8152.00,-7.55,-12.74,-11.82,-14.00,-8.51,-0.84,5.68,16.22
8156.00,-7.63,-14.23,-14.96,-13.69,-6.18,0.40,14.04,22.55
8160.00,-12.29,-12.25,-11.13,-8.15,-4.40,5.24,16.62,27.52
8164.00,-9.30,-15.26,-12.64,-9.46,2.60,9.84,20.81,26.27
8168.00,-10.58,-11.35,-10.66,-3.08,7.88,15.43,23.58,31.40
8172.00,-12.17,-9.70,-7.95,3.03,8.14,20.71,28.16,28.88
8176.00,-10.56,-7.29,-3.02,3.27,14.44,24.89,29.57,29.35
8180.00,-9.47,-8.34,-0.09,11.52,18.24,23.26,29.46,25.15
8184.00,-7.35,-3.42,5.19,10.91,22.44,26.98,30.21,24.46
8188.00,-8.06,-2.25,5.91,18.60,25.78,25.62,27.66,18.94
8192.00,-5.94,4.30,10.38,19.36,25.08,26.75,22.97,16.11
8196.00,1.35,8.80,13.77,23.23,24.89,26.17,17.97,11.65
8200.00,2.63,9.15,17.22,24.25,22.74,23.57,14.71,9.52
8204.00,8.95,13.92,20.01,24.04,21.75,17.30,14.87,4.57
8208.00,7.72,16.92,23.49,21.98,23.77,13.55,6.99,2.80
8212.00,13.12,18.94,21.80,24.09,18.39,12.53,4.19,-2.49
8216.00,15.79,21.30,20.49,18.39,17.62,8.84,1.58,-4.82
8220.00,19.93,19.15,19.40,19.85,12.07,5.57,-0.58,-6.71
8224.00,18.72,19.47,17.22,14.23,8.49,2.59,-2.50,-5.61
8228.00,20.86,18.32,14.99,9.32,4.38,-2.89,-6.85,-5.19
8232.00,21.07,16.77,14.44,7.73,0.35,-5.37,-5.48,-6.80
8236.00,18.18,14.38,8.63,2.21,-3.10,-3.20,-5.22,-3.05
8240.00,15.73,13.98,9.39,1.11,-2.48,-6.93,-6.83,-1.65
8244.00,14.60,9.28,2.95,-3.13,-3.46,-7.04,-5.17,1.97
8248.00,13.17,5.72,1.84,-2.51,-6.82,-5.23,-2.50,2.72
8252.00,7.61,5.89,0.30,-1.38,-4.78,-2.12,-0.10,8.56
8256.00,6.39,3.86,-0.34,-5.92,-2.61,2.05,4.32,9.93
8260.00,5.66,-1.20,-1.57,-2.23,-2.39,3.17,7.80,10.46
8264.00,0.69,-3.09,-5.78,-1.57,1.18,4.67,10.76,11.84
8268.00,-1.00,-1.74,-2.73,-2.86,2.27,6.14,8.58,12.44
8272.00,-0.89,-0.80,-3.34,2.68,7.01,9.39,10.99,10.15
8276.00,-3.24,-4.51,1.17,2.63,7.84,12.55,10.05,9.07
8280.00,-1.32,0.40,-1.22,4.75,11.08,11.86,10.85,8.10
8284.00,-0.21,-2.53,0.87,5.15,12.07,11.05,9.82,3.58
8288.00,-0.70,0.96,4.31,8.29,9.31,12.24,7.42,2.75
8292.00,1.33,1.52,7.33,11.08,10.05,10.01,3.86,-4.80
8296.00,2.21,5.43,7.19,10.65,9.97,4.05,-0.43,-5.48
8300.00,5.67,8.52,10.79,7.94,5.73,5.77,-2.42,-10.13
8304.00,2.73,9.57,10.60,8.05,6.79,-1.44,-6.46,-12.87
8308.00,6.93,7.52,7.34,7.09,4.09,-4.88,-11.49,-14.05
8312.00,10.19,10.42,8.72,7.16,-0.50,-7.91,-10.68,-15.16
8316.00,9.31,10.22,6.08,1.06,-1.19,-9.67,-14.21,-16.52
8320.00,11.36,10.15,4.39,2.27,-5.41,-12.35,-17.02,-13.83
8324.00,9.22,8.29,3.80,-3.56,-8.37,-16.27,-15.94,-13.33
8328.00,9.38,4.07,-0.44,-3.75,-14.15,-15.54,-15.05,-9.73
8332.00,5.98,2.59,-2.77,-7.13,-14.22,-16.98,-12.78,-8.19
8336.00,5.28,-2.37,-7.08,-13.69,-16.72,-16.70,-10.55,-1.97
8340.00,4.21,-5.12,-6.71,-15.15,-16.50,-13.85,-6.40,0.93
8344.00,-0.82,-6.92,-12.09,-13.79,-15.51,-12.07,-0.70,6.17
8348.00,-3.17,-7.22,-12.73,-14.17,-13.62,-7.93,2.88,14.83
8352.00,-5.84,-10.15,-11.88,-12.65,-8.37,-5.03,8.77,18.07
8356.00,-7.19,-10.83,-12.80,-13.59,-7.21,-0.79,11.21,21.14
8360.00,-9.98,-13.10,-11.33,-11.91,-3.82,7.84,13.70,23.12
8364.00,-12.09,-12.83,-11.90,-8.22,1.29,10.83,18.18,27.46
8368.00,-13.19,-12.97,-9.69,-4.71,4.91,14.42,25.84,30.02
8372.00,-13.91,-14.49,-8.64,2.39,9.50,16.59,27.94,29.10
8376.00,-12.53,-11.48,-4.68,3.06,13.90,20.37,28.31,29.95
8380.00,-13.90,-5.45,1.45,7.66,19.14,23.35,29.14,28.55
8384.00,-8.37,-3.65,1.73,12.32,21.74,26.28,25.58,24.72
8388.00,-6.92,-0.65,7.98,13.52,22.88,25.67,22.67,17.87
8392.00,-2.51,4.19,12.34,18.26,24.77,24.84,23.67,14.30
8396.00,-1.50,3.94,14.78,20.84,21.50,23.78,16.41,12.26
8400.00,0.40,10.56,18.00,22.16,23.40,21.82,12.42,5.63
8404.00,4.04,13.68,19.42,24.26,20.67,19.65,9.10,0.21
8408.00,7.81,15.32,19.32,22.72,17.79,15.68,5.89,-0.87
8412.00,11.51,16.65,19.60,21.33,14.22,11.36,2.76,-5.34
8416.00,16.27,19.08,20.25,17.12,12.21,6.38,-0.09,-6.21
8420.00,15.85,20.76,19.67,16.38,11.26,-0.28,-6.33,-10.32
8424.00,14.51,18.22,17.03,12.93,5.12,-0.92,-7.92,-11.86
8428.00,15.36,19.67,12.18,9.66,2.96,-5.58,-6.27,-7.88
8432.00,18.34,15.97,10.31,3.92,-2.47,-4.05,-7.70,-7.58
8436.00,14.20,12.87,8.88,2.77,-2.67,-6.13,-7.69,-7.43
8440.00,13.36,12.43,6.59,-0.57,-5.76,-6.46,-9.46,-3.16
8444.00,10.32,6.94,-0.29,-5.93,-5.76,-5.82,-7.33,-4.27
8448.00,8.82,6.50,0.18,-4.53,-7.18,-8.10,-5.89,1.77
8452.00,8.70,2.99,-4.42,-7.44,-7.97,-6.16,-0.28,4.15
8456.00,6.24,-3.47,-3.41,-7.60,-7.20,-2.00,-1.50,7.46
8460.00,-0.46,-0.83,-8.30,-9.06,-2.73,0.32,3.19,5.57
8464.00,1.26,-4.77,-4.15,-7.78,-1.15,2.25,3.48,8.38
8468.00,-1.15,-4.02,-5.56,-2.65,-3.30,0.85,8.68,6.19
8472.00,-3.42,-8.29,-6.82,-2.08,0.45,5.50,8.64,6.86
8476.00,-4.64,-7.69,-3.46,-1.08,2.56,6.35,7.73,5.53
8480.00,-7.11,-5.79,-1.57,-0.38,5.26,8.30,6.94,0.48
8484.00,-4.59,-3.29,-0.93,5.62,7.53,5.91,6.09,-1.11
8488.00,-2.90,-1.61,1.80,6.64,4.22,6.62,1.06,-4.48
8492.00,-3.05,-1.85,1.07,3.78,6.19,6.35,-1.79,-7.98
8496.00,0.23,2.37,6.54,4.81,7.02,2.36,-3.66,-10.86
8500.00,-0.92,4.19,5.65,3.59,6.36,-1.22,-6.79,-15.34
8504.00,3.02,6.50,6.66,4.16,0.79,-3.74,-8.69,-15.50
8508.00,3.67,7.02,6.78,4.60,0.50,-5.25,-13.22,-17.56
8512.00,4.98,6.36,7.32,0.07,-2.45,-9.22,-17.86,-23.11
8516.00,6.25,7.13,0.86,-3.09,-9.59,-13.13,-18.77,-19.32
8520.00,5.00,5.79,1.93,-6.49,-10.89,-15.89,-19.32,-20.76
8524.00,6.39,1.03,-0.87,-6.85,-15.21,-19.02,-23.08,-19.03
8528.00,3.37,-1.37,-4.78,-9.43,-18.43,-18.05,-21.39,-16.02
8532.00,1.32,-2.19,-7.49,-11.93,-20.49,-19.81,-18.49,-10.04
8536.00,2.95,-2.81,-11.33,-15.30,-17.57,-21.04,-14.37,-10.32
8540.00,-2.83,-5.05,-14.19,-17.67,-20.85,-15.96,-11.48,-4.22
8544.00,-6.32,-10.98,-13.33,-19.91,-19.71,-13.70,-7.78,1.31
8548.00,-4.57,-13.83,-15.45,-18.14,-19.65,-12.51,-3.77,9.02
8552.00,-9.96,-16.11,-16.94,-21.19,-13.51,-8.20,-0.42,11.75
8556.00,-13.36,-14.52,-20.11,-15.24,-14.59,-4.64,6.45,16.05
8560.00,-16.35,-17.80,-16.34,-14.47,-8.31,1.80,9.06,17.83
8564.00,-16.24,-19.39,-19.21,-13.46,-2.38,2.78,15.17,22.35
8568.00,-15.80,-16.78,-13.72,-10.10,-1.59,9.04,16.05,20.60
8572.00,-15.09,-17.16,-12.81,-7.10,4.99,11.08,21.24,22.53
8576.00,-17.84,-12.37,-8.23,-2.63,8.63,17.50,21.41,24.48
8580.00,-15.01,-12.59,-6.87,0.90,10.37,16.48,19.74,20.20
8584.00,-12.31,-7.82,0.18,5.18,13.43,17.37,19.94,15.61
8588.00,-13.41,-3.94,0.27,10.01,15.71,21.81,18.75,14.50
8592.00,-8.25,-1.68,6.07,15.73,19.31,17.51,15.87,9.93
8596.00,-7.32,2.50,9.68,15.52,20.47,16.70,12.43,4.61
8600.00,-1.01,7.15,11.35,19.18,20.09,12.97,11.08,-1.98
8604.00,2.06,7.83,14.81,15.89,14.47,12.04,4.01,-5.03
8608.00,5.90,9.41,16.69,16.82,15.04,9.04,2.74,-8.99
8612.00,8.55,11.24,17.90,13.48,8.81,2.41,-3.69,-9.85
8616.00,12.03,14.06,17.47,11.12,9.12,1.33,-5.39,-13.03
8620.00,12.34,16.46,12.14,9.59,4.54,-4.13,-7.89,-14.51
8624.00,15.15,13.08,11.09,5.92,-1.45,-6.36,-10.37,-17.29
8628.00,14.17,12.43,10.17,5.08,-4.99,-10.18,-13.62,-13.55
8632.00,13.36,12.43,6.02,2.41,-4.66,-11.50,-14.54,-16.00
8636.00,12.55,10.95,1.91,-2.49,-11.29,-11.35,-12.64,-15.20
8640.00,11.33,4.89,-1.37,-5.16,-8.78,-13.49,-13.32,-8.70
8644.00,8.78,4.65,-0.32,-6.28,-13.86,-13.03,-10.28,-6.62
8648.00,6.27,-1.87,-3.36,-8.28,-10.63,-11.92,-11.43,-7.52
8652.00,4.46,-1.66,-8.16,-10.43,-12.70,-8.61,-4.90,-5.29
8656.00,1.69,-6.03,-8.56,-9.95,-12.10,-11.22,-6.24,-2.19
8660.00,-4.29,-5.84,-11.46,-9.28,-11.05,-4.23,-3.55,-0.54
8664.00,-5.61,-10.16,-9.43,-12.57,-7.75,-5.38,0.38,0.38
8668.00,-6.81,-8.34,-12.23,-9.51,-7.95,-2.36,-0.80,2.54
8672.00,-5.64,-11.04,-9.23,-6.73,-1.18,-0.10,2.14,-0.90
8676.00,-7.88,-7.36,-10.15,-7.08,-3.14,0.82,2.81,-0.23
8680.00,-7.40,-9.02,-3.97,-5.08,-0.82,3.67,2.28,-4.67
8684.00,-10.13,-8.89,-6.61,0.14,0.07,2.49,1.69,-6.87
8688.00,-7.66,-3.44,-1.84,1.18,4.35,0.81,-2.95,-7.74
8692.00,-5.36,-2.24,-2.90,0.34,4.42,-2.42,-6.34,-12.28
8696.00,-2.92,-0.79,2.12,2.28,1.15,-4.87,-7.78,-18.56
8700.00,-3.51,1.24,2.90,3.18,-0.52,-4.25,-12.47,-18.11
8704.00,-1.01,0.79,1.20,0.21,-3.82,-8.02,-17.06,-21.24
8708.00,-1.66,3.01,3.04,-0.47,-3.95,-10.73,-17.94,-26.00
8712.00,-0.01,2.61,-0.38,-2.05,-7.94,-17.25,-22.32,-27.06
8716.00,1.56,-0.05,-1.54,-5.62,-9.77,-16.93,-23.86,-26.86
8720.00,2.72,-0.91,-3.90,-8.03,-14.62,-22.33,-23.62,-27.30
8724.00,0.69,-0.01,-3.66,-10.65,-16.50,-25.28,-27.33,-23.76
8728.00,3.59,0.39,-6.98,-13.99,-18.18,-26.08,-22.55,-21.42
8732.00,0.68,-5.10,-10.90,-16.43,-24.06,-22.38,-21.10,-16.34
8736.00,-0.52,-4.89,-14.34,-20.45,-22.90,-25.13,-18.67,-11.14
8740.00,-5.87,-9.41,-16.09,-20.83,-22.85,-21.36,-16.64,-6.91
8744.00,-7.94,-12.43,-18.31,-22.64,-22.16,-19.14,-9.53,-3.35
8748.00,-8.75,-14.85,-21.33,-20.69,-21.30,-14.13,-5.81,3.66
8752.00,-11.17,-16.93,-20.17,-22.78,-20.76,-12.12,-3.24,7.57
8756.00,-13.83,-16.56,-19.01,-21.45,-13.21,-5.32,4.38,11.78
8760.00,-18.02,-21.86,-19.58,-19.30,-12.43,-3.98,7.69,16.98
8764.00,-16.72,-19.72,-18.08,-15.95,-7.96,-0.30,12.35,20.00
8768.00,-16.84,-18.91,-17.41,-10.50,-3.32,7.38,14.06,22.29
8772.00,-21.36,-17.01,-14.67,-8.51,0.16,12.86,18.06,19.44
8776.00,-21.20,-17.93,-13.06,-1.53,7.47,14.39,17.38,21.53
8780.00,-15.10,-16.26,-5.49,-1.15,11.47,16.92,18.20,19.41
8784.00,-14.01,-12.83,-1.74,3.25,10.83,19.17,17.87,15.00
8788.00,-15.50,-8.10,-0.64,11.10,15.95,16.55,15.44,13.51
8792.00,-8.08,-5.23,5.78,12.53,14.79,15.02,14.32,5.10
8796.00,-8.65,-0.85,8.23,13.72,18.59,14.78,12.96,2.08
8800.00,-1.22,2.85,10.75,13.18,18.74,15.85,5.57,-3.17
8804.00,2.16,6.71,12.73,16.22,14.47,9.52,3.90,-7.82
8808.00,4.53,12.32,13.54,15.65,14.40,7.50,0.40,-8.81
8812.00,5.96,10.93,15.47,14.70,8.40,1.12,-2.94,-10.99
8816.00,6.77,13.56,15.35,11.40,5.61,-1.40,-10.98,-16.45
8820.00,10.04,11.59,13.12,6.97,1.71,-2.97,-12.72,-15.76
8824.00,12.03,12.09,11.95,8.03,-0.47,-5.32,-11.74,-16.28
8828.00,12.27,11.10,6.42,1.94,-4.90,-12.13,-16.32,-16.53
8832.00,11.58,10.45,5.71,-2.08,-7.24,-10.42,-17.24,-17.62
8836.00,13.86,9.27,1.27,-4.52,-8.33,-12.64,-13.14,-12.39
8840.00,8.74,6.94,-1.92,-7.41,-13.69,-11.59,-12.84,-10.55
8844.00,9.61,4.09,-2.53,-7.51,-11.96,-16.09,-14.41,-8.25
8848.00,7.71,0.02,-5.87,-9.87,-11.74,-11.79,-7.53,-6.80
8852.00,2.53,-3.58,-6.98,-9.19,-11.33,-11.05,-6.39,-4.25
8856.00,0.46,-4.02,-8.57,-12.09,-11.59,-6.24,-2.03,-0.74
8860.00,-4.20,-7.84,-11.39,-12.09,-8.19,-4.95,0.36,-0.20
8864.00,-2.31,-8.22,-9.26,-11.28,-9.68,-5.60,-0.26,4.55
8868.00,-7.52,-9.09,-10.77,-7.21,-3.64,-3.67,3.59,1.94
8872.00,-6.08,-8.26,-6.81,-5.55,-4.75,0.07,3.70,3.51
8876.00,-8.05,-7.43,-7.45,-4.56,-2.79,1.92,2.22,-0.43
8880.00,-10.18,-9.88,-4.35,0.01,-0.36,4.14,3.14,-2.72
8884.00,-5.88,-7.62,-3.77,-1.34,1.62,0.63,2.83,-3.67
8888.00,-7.75,-5.76,-3.69,-0.53,3.92,1.29,0.51,-6.26
8892.00,-6.56,-0.77,2.13,1.80,4.17,1.34,-4.49,-10.06
8896.00,-6.24,-1.45,1.68,1.22,4.91,-2.25,-5.15,-15.51
8900.00,-1.84,2.11,4.22,5.04,3.35,-4.62,-9.70,-17.90
8904.00,1.81,2.01,5.34,3.04,-0.55,-7.02,-12.15,-21.62
8908.00,-1.03,3.61,1.57,3.60,-4.41,-7.69,-18.40,-24.51
8912.00,3.87,4.22,4.35,-0.22,-6.82,-12.72,-19.07,-21.10
8916.00,2.64,6.40,3.00,-1.60,-8.13,-13.80,-22.81,-24.61
8920.00,5.34,1.90,-2.08,-6.94,-12.00,-19.67,-21.67,-21.09
8924.00,4.72,1.25,-3.58,-7.48,-13.29,-18.79,-22.83,-20.68
8928.00,0.90,1.95,-5.87,-13.10,-15.81,-20.46,-23.34,-16.44
8932.00,2.41,-1.36,-8.60,-15.25,-17.34,-20.98,-22.06,-12.14
8936.00,-1.29,-5.10,-10.33,-14.68,-20.45,-20.92,-14.41,-6.85
8940.00,-2.98,-9.78,-12.62,-18.27,-21.75,-18.40,-10.69,-1.90
8944.00,-2.70,-8.99,-15.57,-17.39,-17.32,-16.28,-10.02,0.31
8948.00,-7.46,-14.58,-18.13,-17.12,-16.29,-14.44,-2.92,8.38
8952.00,-11.22,-14.42,-20.01,-21.09,-13.80,-8.75,0.96,12.47
8956.00,-14.18,-17.98,-19.70,-17.96,-11.39,-4.85,8.02,13.68
8960.00,-11.23,-17.96,-18.25,-15.86,-10.18,1.04,10.93,20.13
8964.00,-16.45,-18.67,-17.10,-11.67,-6.16,7.70,13.78,22.78
8968.00,-14.77,-17.28,-14.44,-8.76,2.79,12.21,18.69,25.52
8972.00,-17.22,-15.66,-8.91,-4.32,7.57,15.09,20.31,25.42
8976.00,-13.56,-15.86,-6.18,-1.75,11.77,15.42,22.56,23.71
8980.00,-14.36,-9.81,-3.40,5.07,13.55,22.34,22.55,21.36
8984.00,-10.38,-8.96,-0.01,9.80,15.78,22.75,24.00,19.04
8988.00,-12.36,-5.70,6.30,12.76,17.83,21.56,18.92,14.22
8992.00,-8.16,-0.92,6.59,16.41,21.59,23.77,16.97,11.87
8996.00,-3.63,5.43,9.62,18.67,20.94,22.46,15.05,9.06
9000.00,-1.25,8.94,13.21,20.47,21.26,20.20,12.39,1.15
9004.00,2.97,9.69,15.64,19.69,19.52,16.06,8.95,-0.30
9008.00,5.81,11.22,20.51,17.87,19.11,9.63,6.05,-6.58
9012.00,7.53,17.31,20.34,17.44,16.32,5.43,-1.21,-8.59
9016.00,11.73,15.87,20.58,17.55,11.23,2.74,-3.54,-9.06
9020.00,12.96,18.45,18.07,13.36,7.37,0.85,-6.24,-8.57
9024.00,15.72,15.11,14.59,8.80,5.58,-0.59,-6.58,-10.83
9028.00,14.42,15.64,14.00,7.36,3.21,-3.40,-11.40,-10.73
9032.00,16.72,13.27,12.63,4.40,-3.06,-9.57,-9.11,-7.61
9036.00,16.22,12.16,7.54,2.70,-2.77,-10.72,-10.08,-5.27
9040.00,11.90,9.69,5.90,-3.15,-7.88,-9.83,-8.21,-3.90
9044.00,9.58,5.89,1.84,-5.64,-5.65,-6.92,-6.86,-3.23
9048.00,8.40,2.75,-0.85,-4.87,-9.64,-5.51,-3.30,1.86
9052.00,7.22,2.23,-2.39,-8.34,-4.91,-3.48,-1.55,2.83
9056.00,3.42,-0.35,-7.19,-8.69,-8.36,-2.79,1.38,5.55
9060.00,2.25,-3.70,-5.12,-5.39,-2.58,1.54,6.17,7.57
9064.00,-2.45,-5.41,-5.13,-7.51,0.04,3.33,8.11,10.00
9068.00,-1.10,-5.81,-5.02,-2.66,-2.31,3.22,5.24,8.41
9072.00,-1.83,-7.22,-4.78,-0.88,3.59,7.48,7.34,7.16
9076.00,-2.47,-6.46,-4.24,-0.09,6.43,8.16,8.26,7.09
9080.00,-1.71,-4.35,-3.08,3.45,6.40,7.27,7.86,2.30
9084.00,-1.89,-3.39,-0.96,5.06,9.43,10.49,8.05,4.02
9088.00,-3.11,1.42,3.93,8.33,8.84,8.40,3.02,-0.91
9092.00,-0.91,2.63,4.63,7.47,8.54,7.52,4.10,-3.98
9096.00,-0.09,1.23,6.93,9.15,10.19,3.63,0.20,-6.93
9100.00,2.60,5.88,7.83,7.14,6.96,2.47,-5.87,-13.28
9104.00,2.49,4.82,9.77,5.65,2.82,-2.35,-8.49,-13.90
9108.00,6.93,9.02,7.90,8.56,0.35,-4.28,-12.70,-14.07
9112.00,5.07,8.65,8.52,2.40,-1.93,-6.94,-14.31,-15.00
9116.00,5.69,6.99,4.64,3.36,-2.03,-9.32,-13.58,-19.25
9120.00,6.57,7.72,6.90,-0.32,-5.67,-11.22,-15.87,-14.72
9124.00,6.29,5.93,3.63,-2.16,-7.92,-13.71,-16.49,-13.59
9128.00,5.78,4.41,-1.45,-6.06,-12.23,-17.04,-15.51,-9.34
9132.00,6.59,4.64,-1.99,-8.37,-15.03,-15.13,-12.79,-9.71
9136.00,2.54,-0.68,-8.58,-9.55,-13.36,-14.18,-9.06,-0.65
9140.00,0.66,-1.92,-10.06,-12.72,-16.37,-13.05,-8.80,4.46
9144.00,-0.38,-6.29,-9.73,-12.63,-12.67,-9.68,-4.44,7.96
9148.00,-4.90,-8.43,-11.57,-15.62,-13.64,-6.52,1.04,11.36
9152.00,-5.60,-9.02,-13.97,-14.00,-9.50,-0.87,4.54,19.78
9156.00,-7.79,-10.07,-12.83,-11.46,-8.01,1.08,13.65,23.73
9160.00,-10.16,-12.30,-14.98,-10.55,-2.19,6.90,15.93,25.67
9164.00,-13.20,-12.72,-13.46,-9.04,0.33,9.21,20.11,29.09
9168.00,-13.94,-14.77,-7.68,-3.77,4.55,15.13,26.20,30.45
9172.00,-13.48,-12.30,-4.89,-1.42,8.92,20.94,25.89,31.85
9176.00,-12.08,-10.12,-1.22,2.55,13.21,22.42,26.31,27.42
9180.00,-11.23,-7.07,2.52,7.07,20.32,25.88,29.09,28.39
9184.00,-11.00,-3.38,6.78,14.91,20.02,24.24,28.90,26.41
9188.00,-4.10,-0.74,6.61,16.72,24.79,27.34,27.80,19.54
9192.00,-3.56,1.76,13.71,21.20,23.79,27.54,25.75,19.49
9196.00,-1.28,7.68,13.41,21.18,27.54,23.42,21.83,15.06
9200.00,2.01,10.46,16.95,23.74,26.07,23.99,16.92,6.98
9204.00,7.42,14.41,21.93,26.00,22.36,18.71,10.50,1.89
9208.00,8.05,17.05,20.41,25.62,19.95,13.57,9.85,1.36
9212.00,11.98,18.45,22.14,24.19,16.64,13.06,2.25,-3.71
9216.00,15.09,22.34,22.33,18.96,17.52,10.43,-1.39,-4.06
9220.00,18.68,19.99,23.06,17.96,9.88,5.03,-3.65,-4.54
9224.00,18.28,21.60,18.33,12.54,6.02,1.01,-6.38,-5.12
9228.00,18.49,18.03,15.28,11.30,4.33,-0.96,-4.33,-8.36
9232.00,19.65,15.31,12.14,5.37,1.37,-2.35,-7.39,-3.17
9236.00,18.26,16.75,10.28,4.05,-1.73,-2.53,-7.94,-5.25
9240.00,17.27,14.58,7.00,3.16,-3.45,-4.14,-5.11,0.66
9244.00,13.18,9.06,3.10,-1.39,-2.50,-4.36,-4.79,2.46
9248.00,10.86,8.04,4.00,-1.07,-5.78,-2.28,-1.40,4.14
9252.00,8.89,5.30,-1.12,-2.63,-4.82,-2.05,4.10,7.91
9256.00,4.56,0.37,-4.58,-4.08,-4.20,-0.33,2.28,7.71
9260.00,4.20,-0.70,-1.43,-5.29,-1.60,2.37,4.55,9.45
9264.00,0.21,-3.63,-3.04,-1.95,-1.55,6.96,8.26,10.17
9268.00,1.10,-2.31,-3.06,-3.32,0.31,6.42,9.11,11.17
9272.00,-1.66,-1.02,-2.32,-0.84,4.46,8.60,10.49,13.06
9276.00,-0.74,-1.23,-1.79,4.82,7.74,10.86,12.05,9.70
9280.00,-3.95,-1.34,2.82,6.21,10.99,13.30,10.50,6.81
9284.00,-0.94,-1.25,3.31,4.52,9.86,11.44,9.75,5.75
9288.00,-2.72,1.51,4.07,10.21,11.46,12.22,5.72,1.18
9292.00,0.59,3.77,5.71,11.19,9.05,8.97,5.47,-2.20
9296.00,4.08,5.15,7.05,9.84,11.03,6.31,2.11,-5.85
9300.00,1.53,9.08,11.74,8.58,8.96,3.26,-5.25,-10.09
9304.00,7.33,8.70,9.58,9.68,5.61,-0.36,-5.16,-13.32
9308.00,4.59,10.53,8.62,6.48,4.46,-4.89,-9.44,-13.39
9312.00,6.21,11.80,9.72,7.78,-0.15,-5.94,-12.22,-17.56
9316.00,11.04,11.40,5.81,1.80,-5.36,-6.89,-16.55,-15.70
9320.00,11.09,10.62,5.83,-1.60,-6.93,-13.97,-17.19,-15.68
9324.00,10.98,5.67,5.23,-2.24,-7.91,-12.65,-14.00,-12.23
9328.00,8.96,4.83,-1.78,-6.21,-11.52,-13.86,-13.77,-12.30
9332.00,7.25,4.90,-3.50,-9.44,-12.31,-17.44,-12.26,-7.96
9336.00,5.03,0.79,-7.91,-11.17,-14.79,-14.79,-11.70,-0.05
9340.00,3.38,-2.63,-6.52,-14.76,-15.89,-11.83,-7.51,2.27
9344.00,-1.93,-8.14,-9.15,-14.91,-16.01,-10.09,-4.14,9.61
9348.00,-0.63,-8.69,-13.51,-14.25,-11.30,-7.24,-0.71,14.12
9352.00,-3.42,-12.42,-16.21,-15.79,-10.08,-5.38,6.20,19.14
9356.00,-8.05,-11.16,-13.82,-13.40,-8.17,2.72,12.76,21.12
9360.00,-11.86,-13.58,-13.82,-9.58,-3.67,4.05,16.83,23.11
9364.00,-12.84,-13.78,-13.44,-9.20,-0.30,11.68,18.70,26.90
9368.00,-11.90,-11.21,-7.96,-4.08,5.50,14.61,25.73,29.54
9372.00,-15.46,-10.12,-7.78,-1.76,11.14,20.92,27.24,26.70
9376.00,-14.48,-10.62,-3.94,1.66,15.01,22.45,26.50,26.66
9380.00,-13.11,-6.78,-2.81,7.31,18.84,25.92,25.70,26.65
9384.00,-9.16,-2.30,2.70,9.71,19.00,25.07,27.41,25.23
9388.00,-6.61,-3.09,9.60,17.70,20.89,28.06,25.51,17.95
9392.00,-6.06,3.06,10.34,20.00,25.10,24.08,21.39,14.65
9396.00,-0.38,6.26,15.43,19.38,24.62,21.24,19.57,11.84
9400.00,1.92,8.88,16.76,22.63,24.25,21.41,15.60,8.59
9404.00,6.41,12.43,17.51,23.37,22.25,16.38,11.28,4.06
9408.00,6.23,16.01,18.24,21.20,17.20,14.00,5.04,-0.32
9412.00,10.15,16.63,21.04,18.61,17.20,7.86,3.95,-5.17
9416.00,14.49,16.25,20.96,18.00,14.23,5.67,-0.63,-5.91
9420.00,17.94,19.93,20.76,15.28,8.00,4.43,-6.77,-10.50
9424.00,16.16,16.38,16.50,14.11,3.21,-0.63,-6.83,-7.67
9428.00,17.64,16.69,11.95,8.70,-0.06,-2.45,-7.53,-7.73
9432.00,14.56,16.37,11.51,7.32,-1.54,-7.88,-8.95,-9.34
9436.00,15.36,14.88,9.24,3.42,-6.21,-10.11,-11.00,-4.47
9440.00,14.88,9.77,6.96,-0.31,-5.43,-9.63,-7.61,-5.85
9444.00,12.32,9.30,1.93,-4.48,-8.33,-8.07,-7.31,-0.11
9448.00,7.21,4.45,-2.50,-5.08,-8.33,-9.01,-5.31,0.27
9452.00,5.27,3.39,-4.54,-4.34,-9.28,-5.09,-1.05,1.61
9456.00,1.96,-2.35,-4.24,-9.13,-8.68,-3.53,-0.86,6.95
9460.00,3.26,-2.97,-4.70,-6.18,-6.21,-3.27,2.28,5.05
9464.00,-3.37,-3.96,-8.40,-7.84,-2.16,0.58,4.99,8.33
9468.00,-4.67,-5.79,-7.44,-3.23,-1.88,4.35,4.64,6.21
9472.00,-4.84,-4.45,-3.13,-2.53,1.52,3.53,6.96,7.50
9476.00,-6.74,-4.90,-4.34,-1.50,3.88,8.27,4.86,5.97
9480.00,-6.48,-2.89,-3.31,-0.06,6.68,8.72,6.89,0.13
9484.00,-7.46,-5.97,-2.33,2.36,8.23,9.06,6.22,-0.10
9488.00,-2.32,-0.33,-0.66,3.57,4.84,6.45,4.45,-5.71
9492.00,-4.18,-2.09,2.22,4.11,6.00,3.55,-2.11,-5.18
9496.00,-1.48,2.71,3.98,7.29,3.82,0.68,-4.00,-9.35
9500.00,0.37,1.78,4.45,6.95,3.50,-1.64,-7.38,-12.27
9504.00,-0.17,5.85,6.09,2.88,2.68,-1.94,-13.60,-18.24
9508.00,2.22,4.86,7.30,5.88,-0.97,-9.64,-13.16,-17.84
9512.00,5.85,7.71,6.17,3.63,-2.74,-10.23,-18.51,-19.08
9516.00,5.63,5.17,3.90,-2.01,-9.93,-16.44,-21.55,-19.57
9520.00,5.20,3.44,2.07,-3.44,-10.14,-16.07,-21.99,-21.31
9524.00,3.39,3.40,1.03,-7.59,-16.36,-19.78,-18.66,-18.48
9528.00,4.89,-0.28,-4.20,-13.04,-17.50,-20.57,-18.96,-17.51
9532.00,5.37,-3.40,-4.90,-12.55,-20.63,-20.39,-17.18,-11.94
9536.00,1.59,-2.59,-9.42,-13.75,-19.70,-20.90,-13.98,-7.33
9540.00,-2.25,-4.63,-10.90,-16.29,-21.85,-17.18,-10.29,-2.39
9544.00,-5.26,-10.93,-15.95,-19.00,-19.47,-15.60,-10.19,2.38
9548.00,-7.99,-11.19,-18.85,-17.35,-18.48,-13.91,-3.37,6.54
9552.00,-8.12,-14.75,-16.86,-18.06,-17.64,-7.11,-1.17,9.68
9556.00,-12.45,-15.91,-20.60,-16.82,-15.03,-4.13,7.91,13.30
9560.00,-14.79,-19.67,-16.89,-13.00,-7.86,-0.37,10.93,19.10
9564.00,-16.20,-19.68,-14.63,-12.51,-6.67,3.24,16.28,21.63
9568.00,-18.55,-19.09,-17.09,-8.91,-0.81,10.77,15.13,21.19
9572.00,-18.60,-14.26,-10.09,-4.60,5.12,13.21,20.21,25.51
9576.00,-15.19,-14.49,-6.57,-2.67,9.59,17.46,22.86,22.60
9580.00,-13.92,-10.97,-2.76,5.29,10.16,18.04,23.57,19.72
9584.00,-13.05,-6.45,0.79,4.72,15.89,20.62,22.81,15.95
9588.00,-10.80,-7.13,4.48,10.87,17.15,19.36,18.36,13.52
9592.00,-6.46,0.59,4.01,11.18,16.18,17.40,15.08,7.36
9596.00,-3.01,3.09,10.95,17.06,19.27,16.31,13.30,3.98
9600.00,-4.30,6.10,12.56,18.78,17.68,15.41,7.79,-0.77
9604.00,-0.73,8.09,15.07,19.10,15.66,13.81,6.58,-1.67
9608.00,5.37,13.38,15.22,14.76,12.10,7.83,-1.72,-9.06
9612.00,6.63,15.24,15.19,16.56,12.25,3.89,-5.54,-13.53
9616.00,7.79,16.36,17.48,14.48,8.90,2.00,-8.19,-13.19
9620.00,12.14,16.33,12.16,11.97,3.50,-2.65,-9.88,-16.12
9624.00,14.14,15.03,12.11,7.60,0.80,-7.72,-11.22,-17.74
9628.00,14.51,15.10,8.30,2.53,-5.52,-8.24,-15.03,-15.08
9632.00,11.29,11.27,5.87,-0.04,-4.91,-12.02,-14.89,-13.89
9636.00,12.20,9.49,2.40,-3.32,-9.09,-15.54,-15.08,-12.57
9640.00,8.03,4.33,2.21,-5.25,-12.90,-12.06,-15.64,-9.62
9644.00,9.23,4.99,-2.59,-6.38,-10.89,-11.54,-9.92,-7.70
9648.00,5.22,0.00,-5.10,-9.32,-13.70,-14.14,-8.15,-5.57
9652.00,3.30,-1.35,-6.20,-12.95,-13.76,-9.06,-6.47,-1.31
9656.00,-1.51,-6.67,-7.22,-12.95,-13.19,-6.59,-6.98,-0.74
9660.00,-2.88,-7.58,-9.05,-13.87,-9.60,-8.88,-2.30,2.63
9664.00,-6.94,-6.77,-12.11,-10.88,-5.93,-2.22,-0.35,-0.65
9668.00,-5.73,-9.88,-11.28,-10.29,-4.45,-0.48,0.96,-0.35
9672.00,-5.96,-9.09,-7.48,-7.62,-3.59,-1.80,1.87,1.51
9676.00,-9.10,-10.82,-7.40,-7.48,-1.29,2.47,-0.54,-1.92
9680.00,-10.15,-7.47,-5.32,-1.37,-0.50,0.81,2.26,-4.53
9684.00,-6.78,-7.04,-2.64,0.13,1.15,1.67,-2.33,-6.72
9688.00,-8.73,-4.70,-2.88,-0.76,2.41,2.97,-4.26,-10.85
9692.00,-4.63,-5.93,0.57,-0.67,3.14,-2.31,-3.76,-10.33
9696.00,-6.39,-0.02,0.38,4.46,1.65,-5.13,-6.69,-18.48
9700.00,-4.12,1.76,0.31,-0.25,1.24,-4.38,-12.45,-19.55
9704.00,-1.37,1.10,4.53,0.59,-1.10,-9.49,-18.10,-21.34
9708.00,0.03,3.58,4.54,1.20,-5.56,-13.47,-19.58,-22.96
9712.00,0.68,0.03,-0.43,-3.86,-9.49,-13.27,-19.83,-26.53
9716.00,3.44,2.49,-1.79,-3.35,-11.82,-20.08,-25.29,-27.47
9720.00,3.22,2.18,-3.32,-10.28,-14.29,-22.43,-22.98,-23.89
9724.00,0.14,-0.78,-2.92,-9.13,-16.21,-24.85,-22.88,-21.73
9728.00,0.18,-1.05,-6.22,-13.82,-18.79,-23.86,-24.57,-19.73
9732.00,2.44,-5.94,-10.14,-18.95,-21.13,-24.99,-22.64,-17.46
9736.00,-1.39,-4.88,-13.30,-18.40,-25.62,-26.06,-17.75,-11.34
9740.00,-6.10,-11.88,-17.03,-20.26,-24.61,-23.85,-17.80,-7.41
9744.00,-8.02,-11.91,-16.59,-24.48,-21.71,-18.05,-10.07,-3.63
9748.00,-7.02,-13.33,-18.38,-22.81,-20.24,-17.81,-6.20,2.75
9752.00,-11.87,-18.18,-19.96,-21.73,-19.42,-11.79,-1.75,7.87
9756.00,-13.00,-20.65,-21.30,-18.59,-14.20,-6.72,3.58,10.40
9760.00,-14.80,-18.23,-21.06,-19.16,-12.13,-2.84,8.84,15.75
9764.00,-19.45,-19.07,-21.45,-13.97,-6.56,0.94,10.82,17.57
9768.00,-17.33,-21.49,-17.59,-9.17,-3.67,8.69,15.91,20.38
9772.00,-16.68,-16.65,-14.69,-6.00,2.97,9.76,15.56,21.95
9776.00,-19.55,-17.43,-10.74,-2.53,7.64,13.46,20.33,18.94
9780.00,-16.39,-14.60,-5.66,1.40,7.93,15.20,21.19,19.88
9784.00,-13.93,-11.69,-1.90,3.23,11.98,17.15,19.45,13.92
9788.00,-15.54,-6.62,-0.71,10.53,14.97,15.91,16.29,9.94
9792.00,-10.73,-1.55,3.23,12.81,14.73,19.64,16.20,6.90
9796.00,-8.05,1.63,8.10,13.53,15.91,14.25,11.10,2.51
9800.00,-3.13,2.33,12.63,17.60,15.98,13.19,6.28,-3.66
9804.00,1.30,9.65,10.73,15.89,14.21,10.40,1.18,-4.50
9808.00,2.86,12.36,15.77,14.64,13.76,8.85,-0.77,-9.52
9812.00,4.73,12.13,15.51,12.48,11.57,3.52,-5.88,-10.73
9816.00,9.21,10.90,14.74,11.74,5.73,-0.01,-7.15,-14.21
9820.00,9.36,13.50,11.79,6.94,3.21,-5.34,-11.98,-18.49
9824.00,11.53,13.64,13.82,5.02,-1.59,-5.52,-12.30,-16.75
9828.00,11.39,11.13,7.99,0.80,-5.80,-11.38,-16.17,-15.37
9832.00,11.40,11.36,5.20,-0.52,-4.51,-11.15,-16.18,-16.04
9836.00,9.36,10.34,4.12,-4.11,-11.21,-11.19,-15.66,-13.12
9840.00,7.53,7.27,1.23,-4.14,-9.94,-15.06,-12.53,-9.90
9844.00,6.26,0.78,-2.70,-11.07,-12.80,-11.33,-12.59,-10.18
9848.00,6.04,-1.41,-6.53,-9.34,-10.28,-10.19,-11.15,-5.21
9852.00,2.07,-4.29,-10.02,-9.52,-14.00,-10.06,-6.05,-2.05
9856.00,-1.34,-5.42,-10.64,-10.53,-10.36,-8.59,-6.55,-1.23
9860.00,-3.75,-6.06,-9.21,-12.22,-10.88,-7.40,-2.33,-0.32
9864.00,-5.20,-7.22,-8.77,-11.56,-7.31,-2.15,2.23,3.95
9868.00,-7.13,-8.15,-10.41,-6.21,-7.65,0.78,3.33,2.29
9872.00,-9.26,-6.98,-6.83,-7.82,-5.26,-0.70,1.80,0.90
9876.00,-7.83,-9.99,-6.07,-4.86,-2.56,3.81,1.38,0.69
9880.00,-6.90,-6.44,-4.54,-0.66,2.52,0.50,-0.23,-3.76
9884.00,-6.01,-5.02,-4.17,2.30,4.61,2.60,0.48,-6.22
9888.00,-4.44,-3.50,-1.05,0.28,3.69,2.91,-2.46,-5.96
9892.00,-3.75,-4.69,0.31,4.91,2.14,1.84,-4.83,-11.82
9896.00,-2.47,-0.99,1.72,2.88,3.10,0.71,-9.66,-15.03
9900.00,0.34,-0.52,3.21,4.21,2.37,-2.21,-8.44,-18.70
9904.00,-0.95,2.69,5.22,3.69,-0.33,-7.44,-16.26,-20.14
9908.00,-1.03,1.52,2.19,-0.49,-2.28,-10.53,-15.07,-24.71
9912.00,2.89,3.03,2.13,1.12,-6.75,-13.10,-17.11,-25.02
9916.00,5.23,2.77,3.83,-4.02,-7.76,-14.73,-21.22,-25.85
9920.00,1.97,5.67,1.04,-3.51,-11.40,-16.49,-20.69,-24.47
9924.00,3.85,0.67,-4.28,-9.90,-14.57,-17.97,-22.97,-20.56
9928.00,2.19,-1.52,-5.46,-13.41,-19.06,-21.66,-21.79,-19.38
9932.00,2.36,-2.33,-6.78,-13.06,-18.23,-20.56,-17.67,-11.99
9936.00,1.07,-4.74,-11.59,-18.56,-19.86,-20.54,-16.78,-10.12
9940.00,-0.58,-6.19,-11.60,-18.34,-20.49,-19.35,-13.32,-1.62
9944.00,-4.87,-12.08,-18.13,-21.76,-20.53,-14.11,-10.76,1.14
9948.00,-7.45,-13.76,-19.59,-17.08,-18.42,-14.61,-5.59,8.44
9952.00,-10.66,-17.20,-18.69,-19.96,-13.05,-9.00,0.14,12.85
9956.00,-11.56,-17.05,-17.56,-16.42,-14.13,-3.90,7.43,18.26
9960.00,-13.04,-14.73,-18.20,-16.67,-10.71,0.13,8.86,21.23
9964.00,-14.34,-15.35,-14.98,-13.56,-6.22,5.29,14.74,22.98
9968.00,-18.35,-17.16,-13.23,-7.93,-0.89,11.89,20.11,25.58
9972.00,-18.34,-16.64,-9.96,-5.02,5.72,12.59,22.81,26.03
9976.00,-14.53,-14.43,-6.01,1.03,10.83,18.81,23.00,25.17
9980.00,-12.88,-12.15,-1.33,5.22,11.74,20.38,21.56,22.61
9984.00,-11.77,-9.81,-1.29,7.01,18.62,22.18,21.89,21.73
9988.00,-11.22,-4.34,4.71,10.60,17.32,22.93,20.93,15.78
9992.00,-6.99,0.65,7.11,15.74,21.61,20.49,17.57,10.67
9996.00,-3.75,4.81,13.22,20.31,20.48,20.57,15.90,7.88
10000.00,-0.83,9.02,16.29,20.95,19.45,19.78,12.85,4.37
10004.00,2.25,10.37,17.84,17.58,21.08,13.50,6.79,-2.68
10008.00,4.60,14.74,19.39,17.28,17.09,10.90,5.06,-4.16
10012.00,9.97,15.77,17.09,18.41,13.06,8.19,-0.85,-5.65
10016.00,14.74,18.17,17.79,15.14,13.60,3.52,-5.53,-9.47
10020.00,15.16,16.48,19.59,12.25,7.06,0.63,-8.41,-12.76
10024.00,16.54,18.42,17.55,9.02,3.29,-2.34,-6.02,-11.43
10028.00,17.44,14.68,12.52,9.69,3.02,-4.82,-7.50,-8.54
10032.00,14.79,17.07,11.55,2.74,-1.75,-8.10,-8.27,-10.59
10036.00,14.21,10.01,7.42,1.10,-6.13,-10.38,-10.84,-9.09
10040.00,12.08,11.70,4.76,-2.29,-5.49,-8.58,-7.81,-2.99
10044.00,10.04,6.84,1.17,-5.80,-7.19,-9.52,-7.89,-0.68
10048.00,7.45,2.78,-1.43,-7.05,-9.98,-7.48,-5.49,0.12
10052.00,8.52,1.07,-3.58,-7.20,-5.11,-5.82,-3.76,3.33
10056.00,5.47,-0.71,-6.66,-8.79,-4.38,-4.53,-0.30,5.78
10060.00,3.71,-2.38,-3.61,-5.57,-5.59,-1.13,4.30,8.29
10064.00,-2.28,-2.70,-7.23,-6.00,-4.69,-0.19,4.17,10.69
10068.00,-2.15,-6.00,-6.86,-1.31,-1.04,6.07,8.45,7.23
10072.00,-5.50,-4.00,-6.74,-1.53,1.75,5.39,6.86,7.43
10076.00,-5.53,-6.85,-3.96,2.63,2.44,7.34,6.13,7.67
10080.00,-6.68,-4.89,-1.53,2.66,7.84,7.72,8.24,5.91
10084.00,-3.51,-4.35,0.97,7.20,9.71,7.19,8.62,1.54
10088.00,-3.96,-2.17,2.46,7.25,8.22,8.71,4.10,-1.44
10092.00,-1.05,1.95,7.03,9.69,10.92,8.29,0.23,-4.28
10096.00,0.00,6.00,5.58,8.40,7.17,2.64,-1.74,-10.57
10100.00,1.79,6.73,6.10,7.14,4.49,3.81,-3.58,-12.22
10104.00,3.78,9.27,6.59,5.69,5.56,-3.29,-6.46,-15.33
10108.00,3.54,7.63,10.25,8.42,4.22,-3.34,-9.92,-17.68
10112.00,5.65,8.37,6.87,2.05,-2.30,-10.00,-15.90,-18.09
10116.00,5.81,8.56,8.83,1.62,-3.38,-11.83,-14.33,-14.95
10120.00,10.00,7.03,4.74,0.27,-5.65,-14.70,-18.21,-15.39
10124.00,7.97,4.47,4.14,-1.76,-11.60,-15.90,-16.39,-16.13
10128.00,8.63,2.96,-2.51,-5.90,-11.82,-18.10,-17.90,-12.33
10132.00,7.23,0.76,-2.25,-10.24,-12.38,-14.58,-15.17,-5.29
10136.00,6.21,-2.67,-4.79,-13.83,-15.23,-14.96,-12.92,-2.48
10140.00,2.35,-5.38,-10.18,-15.45,-16.31,-13.94,-7.33,3.04
10144.00,1.82,-4.78,-11.15,-17.04,-14.77,-12.74,-0.88,6.47
10148.00,-3.93,-7.68,-13.76,-16.52,-12.08,-7.60,3.29,14.69
10152.00,-5.09,-9.12,-13.14,-12.15,-11.32,-1.99,4.61,16.86
10156.00,-6.88,-12.21,-13.27,-11.59,-8.67,1.15,12.13,22.31
10160.00,-8.47,-14.98,-11.93,-10.72,-1.41,7.34,18.70,27.72
10164.00,-11.61,-11.31,-12.11,-5.43,1.81,9.24,20.42,29.49
10168.00,-11.72,-13.10,-9.79,-3.60,4.04,16.25,24.10,29.21
10172.00,-12.71,-13.19,-4.59,1.76,8.80,17.15,25.09,30.35
10176.00,-13.18,-9.16,-5.47,2.94,12.46,20.26,28.51,30.44
10180.00,-9.19,-4.69,2.00,9.72,19.93,25.68,30.03,26.53
10184.00,-11.51,-3.50,2.85,12.17,22.20,26.61,30.09,24.08
10188.00,-5.48,1.45,7.35,19.07,25.17,28.43,26.01,21.03
10192.00,-1.50,1.80,13.38,18.88,25.16,24.01,22.21,18.04
10196.00,-0.25,8.63,15.17,22.41,25.88,26.75,18.61,12.71
10200.00,4.28,12.44,20.66,21.46,22.93,21.40,17.89,8.51
10204.00,7.77,15.71,18.57,24.57,23.89,18.96,11.74,5.82
10208.00,11.54,16.13,22.68,25.82,22.93,14.36,9.83,-1.85
10212.00,11.68,19.61,22.17,22.74,18.71,12.30,4.32,-3.77
10216.00,14.33,20.70,22.00,18.70,15.49,10.59,0.36,-4.19
10220.00,17.30,19.79,21.81,16.69,12.13,3.14,-1.73,-4.93
10224.00,19.74,21.76,19.60,13.19,6.53,-1.04,-3.12,-8.65
10228.00,18.18,20.98,15.57,10.11,4.96,-0.74,-5.25,-6.99
10232.00,17.52,18.41,14.51,8.71,1.92,-5.25,-6.27,-4.24
10236.00,19.63,15.35,9.03,5.61,-3.18,-5.72,-4.30,-4.50
10240.00,16.69,12.49,5.31,-0.73,-3.98,-4.09,-4.74,1.04
10244.00,15.39,11.75,3.78,0.05,-4.57,-2.74,-2.54,2.43
10248.00,13.35,5.15,3.29,-2.58,-3.53,-4.94,0.42,3.12
10252.00,8.33,1.83,0.65,-5.15,-3.66,-4.65,1.56,6.62
10256.00,5.08,-0.25,0.13,-1.95,-5.47,-2.05,5.35,9.64
10260.00,5.16,0.10,-1.23,-4.57,-3.35,3.33,5.16,11.60
10264.00,-0.20,-3.23,-5.36,-4.37,0.21,2.70,7.25,11.30
10268.00,-0.96,-0.87,-5.13,-3.51,1.60,5.40,10.59,12.53
10272.00,0.71,-4.85,-3.31,-1.63,5.01,8.22,11.65,10.96
10276.00,-1.23,-1.90,0.19,3.11,8.34,8.77,9.08,10.62
10280.00,-0.02,-2.47,2.93,4.81,8.17,8.42,11.45,8.06
10284.00,0.40,-2.05,5.09,8.80,10.45,11.59,8.66,5.74
10288.00,0.46,2.31,5.25,6.76,12.00,12.53,8.87,1.63
10292.00,2.39,1.06,5.75,11.50,8.04,7.52,4.82,-1.48
10296.00,1.12,6.89,7.63,9.56,7.27,8.23,-0.38,-7.63
10300.00,3.44,6.18,7.75,9.39,9.45,4.83,-4.17,-9.34
10304.00,5.47,10.31,8.86,9.92,5.00,-0.32,-6.24,-14.29
10308.00,7.32,7.64,9.52,8.02,4.17,-5.43,-11.95,-15.16
10312.00,5.89,9.50,9.68,4.72,2.28,-6.94,-14.28,-13.74
10316.00,6.75,10.10,7.69,4.18,-3.54,-9.35,-13.28,-16.22
10320.00,6.99,7.69,5.40,1.47,-6.84,-11.43,-14.05,-16.35
10324.00,11.20,4.57,1.27,-1.55,-11.08,-13.54,-17.41,-13.33
10328.00,8.73,4.94,-1.50,-8.12,-13.79,-15.64,-13.49,-12.76
10332.00,5.94,0.22,-2.33,-10.41,-11.42,-13.52,-15.76,-6.01
10336.00,4.03,0.53,-8.26,-9.57,-12.55,-12.43,-9.35,-4.01
10340.00,2.64,-5.08,-6.26,-11.15,-15.21,-12.20,-6.03,3.66
10344.00,0.98,-6.28,-11.86,-16.27,-13.88,-8.94,-4.56,8.12
10348.00,-5.29,-6.92,-12.47,-15.91,-11.68,-9.66,3.37,10.96
10352.00,-4.24,-12.39,-13.01,-15.07,-11.54,-4.89,5.68,19.58
10356.00,-9.92,-12.75,-15.67,-13.34,-9.15,0.03,10.67,19.20
10360.00,-10.29,-14.97,-11.62,-11.15,-5.81,7.39,18.36,24.89
10364.00,-10.58,-12.20,-14.60,-8.06,1.75,10.56,20.51,28.18
10368.00,-11.06,-11.44,-11.79,-5.85,2.76,17.17,21.43,28.95
10372.00,-15.05,-11.04,-5.79,0.35,8.67,17.94,27.35,30.71
10376.00,-14.27,-7.98,-6.75,4.39,14.62,21.80,27.68,29.30
10380.00,-10.94,-8.06,0.10,7.20,18.94,26.19,28.47,27.13
10384.00,-11.53,-2.64,5.78,14.49,22.05,26.11,27.37,22.63
10388.00,-9.85,-1.35,5.04,13.72,24.73,26.07,24.31,17.37
10392.00,-2.80,2.80,11.39,20.26,24.63,22.58,23.04,17.04
10396.00,-1.27,8.20,15.43,20.22,23.35,22.19,16.36,12.83
10400.00,4.00,11.50,16.96,19.38,23.26,22.29,14.32,8.81
10404.00,6.58,12.97,19.00,24.11,20.52,18.40,10.19,4.70
10408.00,10.62,15.71,22.00,21.03,17.36,14.36,7.99,-0.58
10412.00,10.84,17.41,20.69,18.57,18.54,10.67,3.51,-6.95
10416.00,14.77,18.38,17.76,17.19,12.21,6.65,-3.43,-8.90
10420.00,14.57,19.31,20.06,15.75,10.05,1.64,-3.44,-6.84
10424.00,14.49,17.14,16.70,9.84,6.99,-3.27,-6.56,-9.36
10428.00,16.76,19.24,13.40,9.06,3.97,-5.36,-6.56,-8.27
10432.00,16.41,13.35,8.93,5.40,0.08,-8.03,-7.37,-8.36
10436.00,18.06,10.67,10.01,0.14,-3.31,-6.63,-9.71,-7.21
10440.00,14.58,12.27,5.84,0.74,-4.31,-6.60,-9.18,-2.18
10444.00,12.48,8.49,0.96,-4.08,-5.60,-7.90,-5.93,-2.47
10448.00,9.77,6.08,-0.93,-7.39,-7.75,-7.33,-4.55,0.47
10452.00,8.94,-0.74,-5.04,-8.86,-7.49,-7.00,-0.40,3.39
10456.00,4.21,-0.69,-6.81,-8.22,-4.23,-4.16,-1.62,7.52
10460.00,3.34,-4.99,-5.51,-7.90,-5.57,-3.03,3.85,5.10
10464.00,-1.97,-3.69,-8.64,-6.83,-3.37,1.14,5.77,9.86
10468.00,-3.57,-6.62,-3.77,-3.32,-1.72,1.42,8.63,6.74
10472.00,-6.28,-6.31,-4.22,-1.86,1.89,2.82,8.49,8.14
10476.00,-5.23,-7.01,-2.27,-0.43,2.33,6.85,5.63,5.92
10480.00,-6.00,-5.45,-1.45,-0.31,5.70,7.36,3.99,0.43
10484.00,-4.59,-3.85,-2.64,4.40,6.88,6.46,4.89,-2.38
10488.00,-2.00,-3.46,-0.92,3.08,5.88,4.93,4.66,-2.33
10492.00,-1.23,2.21,1.04,3.37,8.09,6.31,-0.32,-7.99
10496.00,-3.10,0.94,2.14,5.15,6.07,3.23,-4.55,-12.91
10500.00,0.35,5.05,8.05,7.94,3.26,-0.44,-6.64,-15.29
10504.00,0.43,6.67,7.03,6.95,-0.49,-2.46,-10.35,-17.77
10508.00,4.39,4.58,7.31,5.94,-0.52,-7.59,-12.69,-21.47
10512.00,5.44,5.61,3.74,3.07,-5.89,-12.07,-18.08,-19.52
10516.00,4.75,3.05,4.25,-0.30,-5.35,-13.18,-21.52,-19.23
10520.00,4.41,5.88,3.17,-5.10,-11.97,-17.05,-21.16,-21.31
10524.00,4.95,4.73,-1.56,-9.42,-15.61,-18.50,-18.61,-20.02
10528.00,4.16,0.59,-5.75,-12.38,-16.43,-20.20,-19.02,-18.40
10532.00,5.30,-3.21,-5.95,-12.30,-19.47,-20.92,-19.75,-14.18
10536.00,0.24,-5.92,-9.19,-13.70,-21.28,-21.93,-14.94,-7.96
10540.00,0.26,-5.28,-10.89,-20.10,-18.55,-18.49,-13.92,-3.72
10544.00,-1.63,-11.04,-16.17,-20.52,-18.05,-16.37,-9.85,0.06
10548.00,-4.45,-14.87,-16.77,-18.37,-17.46,-11.37,-1.40,4.43
10552.00,-8.22,-13.89,-16.64,-20.14,-17.75,-7.98,-0.20,9.12
10556.00,-10.81,-15.98,-17.97,-17.35,-12.55,-6.12,5.78,18.01
10560.00,-12.13,-16.17,-17.12,-13.55,-10.84,-0.25,10.50,18.99
10564.00,-16.69,-19.79,-15.94,-11.45,-3.88,5.59,14.76,19.31
10568.00,-18.77,-16.35,-13.58,-8.70,1.26,10.95,15.38,20.97
10572.00,-17.62,-17.05,-11.61,-4.00,3.27,12.17,20.29,25.27
10576.00,-15.23,-15.31,-10.60,0.21,8.89,14.85,22.01,20.25
10580.00,-15.82,-9.92,-3.04,1.84,9.92,16.03,23.54,21.02
10584.00,-16.26,-10.89,-3.18,9.32,16.36,20.85,19.84,19.83
10588.00,-13.20,-4.96,1.47,9.78,15.16,20.93,16.92,15.30
10592.00,-6.50,-2.67,7.70,13.08,20.51,17.79,15.72,9.67
10596.00,-6.57,2.91,10.86,13.65,19.18,15.69,10.75,7.19
10600.00,-2.19,7.58,14.44,16.97,15.77,15.51,11.01,-0.48
10604.00,1.00,6.22,15.63,15.65,16.78,10.96,6.78,-1.66
10608.00,3.56,12.44,17.52,18.51,11.69,10.57,2.52,-6.80
10612.00,8.14,11.76,14.48,17.66,13.52,6.50,-5.10,-11.26
10616.00,7.48,12.55,17.73,12.81,5.96,0.22,-5.33,-14.72
10620.00,9.83,13.35,16.05,9.72,5.03,-2.84,-11.07,-16.24
10624.00,12.98,15.09,12.15,7.84,2.75,-5.96,-15.14,-17.43
10628.00,14.52,11.11,8.29,4.75,-2.62,-8.68,-14.39,-13.08
10632.00,13.79,13.17,8.70,2.30,-8.53,-11.26,-13.07,-16.72
10636.00,10.55,10.15,4.95,-2.27,-10.71,-14.76,-16.73,-10.83
10640.00,8.56,7.71,2.22,-6.01,-10.00,-11.49,-11.89,-11.76
10644.00,9.23,5.25,-1.28,-7.19,-12.47,-11.68,-13.13,-7.10
10648.00,6.46,-0.57,-5.02,-9.29,-10.88,-10.18,-10.56,-4.94
10652.00,2.99,-0.64,-7.58,-8.97,-11.72,-9.46,-5.40,-4.72
10656.00,-1.23,-4.25,-10.91,-13.71,-10.35,-7.19,-6.87,-1.71
10660.00,-2.87,-6.43,-8.33,-13.87,-12.30,-4.96,-0.62,0.11
10664.00,-2.70,-6.47,-8.98,-11.33,-9.66,-6.31,-0.96,2.19
10668.00,-6.11,-7.67,-9.40,-7.24,-6.52,-3.95,0.14,-0.45
10672.00,-6.35,-10.70,-8.62,-6.71,-4.75,-2.12,1.04,-0.85
10676.00,-9.56,-11.20,-8.22,-7.36,-3.48,-1.23,-0.09,1.22
10680.00,-7.66,-8.55,-4.11,-3.77,-1.75,-0.49,-0.27,-2.15
10684.00,-8.05,-5.72,-6.18,-0.56,-0.28,2.35,-0.35,-7.17
10688.00,-5.65,-7.40,-4.99,1.10,1.20,0.60,-3.72,-11.11
10692.00,-6.53,-4.12,-0.10,2.54,2.69,0.74,-6.99,-14.34
10696.00,-5.08,0.15,1.07,0.13,1.47,-2.10,-8.41,-18.11
10700.00,-4.76,-1.50,1.05,-0.25,0.99,-4.70,-10.22,-21.55
10704.00,-0.37,-0.33,0.48,1.88,-0.92,-8.97,-18.11,-21.59
10708.00,-0.57,3.39,3.28,1.06,-7.02,-11.80,-20.84,-23.91
10712.00,-1.18,4.42,1.84,-4.10,-10.25,-16.05,-19.77,-24.24
10716.00,2.49,1.34,-0.27,-4.64,-12.01,-17.78,-24.89,-23.72
10720.00,0.77,3.61,-1.75,-7.18,-12.50,-21.84,-25.74,-24.82
10724.00,1.05,0.97,-4.58,-12.07,-16.46,-25.32,-26.52,-23.46
10728.00,-0.99,-2.08,-9.62,-12.17,-19.56,-26.49,-26.37,-19.25
10732.00,2.23,-4.74,-9.48,-17.11,-23.29,-23.36,-21.15,-18.45
10736.00,-2.29,-8.99,-13.07,-20.04,-20.83,-25.72,-17.66,-10.34
10740.00,-2.85,-8.69,-16.52,-21.84,-24.18,-23.89,-17.36,-8.74
10744.00,-4.45,-10.48,-18.57,-20.28,-24.08,-19.45,-14.17,-2.60
10748.00,-6.76,-15.20,-18.69,-23.32,-20.18,-13.70,-6.11,3.35
10752.00,-12.73,-18.34,-19.94,-20.15,-16.77,-12.59,-2.63,6.66
10756.00,-12.79,-17.33,-19.69,-18.10,-13.53,-8.35,0.58,11.48
10760.00,-18.00,-20.01,-19.13,-19.54,-13.18,-3.54,5.45,14.14
10764.00,-18.86,-22.45,-21.26,-14.76,-8.03,3.96,10.57,17.27
10768.00,-20.04,-20.55,-16.81,-11.75,-2.81,5.40,13.80,18.87
10772.00,-21.57,-19.07,-12.97,-7.73,0.41,8.71,18.54,19.89
10776.00,-19.43,-17.20,-13.23,-4.75,3.68,13.15,19.22,20.58
10780.00,-19.87,-12.50,-6.13,-0.10,10.06,16.41,19.85,19.53
10784.00,-13.72,-8.38,-3.23,3.64,13.59,16.51,19.79,12.91
10788.00,-14.52,-5.28,-0.27,11.24,17.38,15.91,16.18,8.89
10792.00,-12.28,-1.67,4.33,11.67,17.61,17.42,15.22,5.98
10796.00,-7.79,-1.47,8.53,12.33,18.70,16.19,9.43,4.70
10800.00,-5.50,1.98,9.10,13.51,16.58,15.54,7.22,-0.87
10804.00,-0.84,8.46,15.02,13.93,12.49,11.46,1.15,-7.78
10808.00,2.57,12.18,15.80,15.63,14.25,5.97,-0.63,-8.97
10812.00,6.07,12.02,12.29,12.71,9.22,2.59,-6.46,-13.25
10816.00,6.63,11.86,16.17,10.36,8.45,-2.67,-9.39,-12.55
10820.00,11.93,14.06,11.00,8.06,0.86,-2.09,-9.53,-16.62
10824.00,10.64,15.75,11.46,5.14,-2.65,-9.60,-13.16,-15.94
10828.00,12.93,13.84,6.79,4.51,-4.42,-7.96,-14.84,-17.25
10832.00,11.47,12.61,7.63,-1.32,-7.79,-12.55,-12.95,-17.17
10836.00,10.69,8.34,1.80,-2.41,-9.07,-15.40,-16.73,-12.08
10840.00,8.94,3.81,-1.01,-6.44,-12.26,-12.11,-13.53,-9.52
10844.00,8.89,4.04,-3.37,-6.91,-11.31,-14.98,-12.49,-9.64
10848.00,7.67,0.74,-4.57,-10.79,-12.49,-13.71,-10.55,-5.16
10852.00,1.05,-1.81,-9.35,-9.83,-13.10,-8.72,-7.36,-0.77
10856.00,1.15,-6.74,-8.09,-10.45,-12.47,-10.59,-4.92,-1.89
10860.00,-2.85,-6.80,-10.24,-13.17,-10.36,-6.15,0.10,2.53
10864.00,-6.57,-9.08,-11.70,-11.59,-6.61,-1.93,0.08,2.37
10868.00,-6.40,-6.70,-9.60,-6.00,-4.29,-2.00,3.09,0.24
10872.00,-7.42,-11.70,-7.84,-5.10,-1.87,-1.50,1.43,2.21
10876.00,-6.82,-7.21,-6.00,-2.19,-1.50,0.69,3.92,-2.01
10880.00,-10.51,-6.96,-8.00,-0.08,0.44,2.12,1.82,-2.15
10884.00,-6.33,-7.31,-1.65,-0.94,4.44,2.08,2.50,-6.77
10888.00,-9.13,-5.07,-1.05,0.08,4.28,3.91,-2.64,-5.64
10892.00,-6.93,-3.44,-1.59,1.88,4.84,-0.90,-4.15,-13.60
10896.00,-3.33,-0.86,2.69,3.06,4.74,-1.42,-9.36,-15.96
10900.00,-4.10,0.43,3.58,2.52,1.36,-1.46,-9.50,-19.63
10904.00,1.77,1.40,1.95,1.92,-1.70,-7.90,-15.75,-22.06
10908.00,-0.45,4.89,6.08,1.29,-1.49,-10.44,-18.05,-22.06
10912.00,1.81,4.93,2.78,-2.26,-5.66,-10.81,-19.54,-25.47
10916.00,2.31,5.46,1.26,-4.82,-11.38,-15.30,-20.85,-21.82
10920.00,6.35,1.04,1.11,-7.89,-10.43,-18.71,-24.19,-20.20
10924.00,2.13,1.92,-1.71,-9.25,-16.86,-22.24,-21.18,-20.38
10928.00,4.51,-1.42,-5.70,-12.06,-19.18,-20.23,-22.74,-19.18
10932.00,0.96,-0.95,-6.71,-16.05,-18.58,-19.93,-17.59,-15.94
10936.00,0.12,-2.43,-9.33,-15.38,-20.73,-22.43,-17.05,-6.77
10940.00,-0.11,-9.78,-15.92,-16.41,-18.79,-19.63,-12.10,-2.02
10944.00,-2.01,-9.31,-14.82,-18.83,-17.48,-13.78,-9.13,1.05
10948.00,-6.74,-10.29,-18.09,-18.76,-17.93,-14.57,-2.27,5.89
10952.00,-10.37,-16.38,-19.17,-20.86,-16.68,-6.97,3.28,10.63
10956.00,-9.88,-16.24,-20.08,-14.97,-14.12,-3.93,3.83,14.84
10960.00,-15.68,-18.20,-18.67,-13.61,-5.85,1.58,11.21,18.53
10964.00,-15.89,-16.76,-17.25,-11.51,-5.36,8.10,13.24,22.83
10968.00,-16.77,-19.33,-12.40,-10.17,-0.27,8.52,17.20,23.14
10972.00,-17.93,-15.78,-8.69,-2.62,3.45,13.49,20.27,25.49
10976.00,-18.06,-11.83,-7.85,1.97,8.53,19.45,21.18,23.02
10980.00,-16.57,-10.74,-3.00,6.36,13.50,20.54,25.23,20.43
10984.00,-14.12,-5.18,-0.44,11.21,15.50,20.49,22.76,17.26
10988.00,-8.04,-3.10,6.23,10.94,19.81,23.36,19.97,16.49
10992.00,-9.24,-0.65,5.92,14.83,22.89,20.86,18.75,11.09
10996.00,-3.70,5.40,10.76,18.83,21.20,22.33,14.71,10.06
11000.00,-1.10,7.23,15.50,21.33,18.23,19.10,13.96,2.52
11004.00,3.39,10.59,19.11,19.13,17.92,13.78,7.59,1.68
11008.00,4.89,11.34,20.61,20.30,16.14,9.98,2.56,-5.01
11012.00,11.66,17.67,18.35,19.54,12.82,9.08,-2.30,-8.24
11016.00,12.17,16.04,20.92,14.85,9.53,6.09,-4.40,-8.88
11020.00,13.91,19.33,17.35,13.95,8.08,-0.14,-5.83,-10.88
11024.00,15.24,16.70,15.38,11.44,2.24,-3.37,-6.03,-12.41
11028.00,17.56,17.14,12.90,8.60,1.42,-6.69,-7.92,-11.68
11032.00,14.41,15.07,12.42,4.69,-3.62,-8.15,-9.36,-8.01
11036.00,14.43,14.81,5.10,-0.52,-3.69,-9.37,-11.02,-6.82
11040.00,12.63,12.31,5.27,-3.65,-5.43,-10.76,-10.38,-5.90
11044.00,11.35,6.12,1.59,-4.42,-8.68,-6.39,-6.73,-4.23
11048.00,8.76,5.30,-2.23,-4.15,-8.38,-6.60,-4.68,0.46
11052.00,8.07,2.75,-3.02,-8.48,-6.53,-7.36,-3.13,0.89
11056.00,4.21,-2.10,-2.64,-8.15,-4.33,-4.82,3.31,3.67
11060.00,2.15,-3.79,-6.03,-4.37,-3.64,0.82,3.92,8.08
11064.00,-0.33,-5.33,-3.79,-5.07,-4.18,3.76,5.00,6.41
11068.00,-2.67,-3.54,-5.27,-4.17,1.80,2.44,6.09,10.95
11072.00,-2.27,-5.94,-2.17,-3.02,2.09,5.67,8.24,6.16
11076.00,-4.83,-3.44,-2.09,1.61,4.06,9.99,7.16,7.22
11080.00,-4.52,-2.87,-1.19,2.02,8.04,9.68,6.41,2.59
11084.00,-6.16,0.17,2.38,6.45,7.58,7.24,4.65,2.34
11088.00,-1.33,-1.26,2.53,4.92,9.11,8.72,5.26,-0.07
11092.00,-1.32,1.03,4.31,8.43,7.56,5.17,0.34,-6.02
11096.00,-0.06,4.12,7.88,7.04,6.12,2.06,-3.53,-10.63
11100.00,0.71,7.88,6.36,10.35,4.18,1.15,-5.24,-9.56
11104.00,2.40,8.18,7.18,6.05,6.70,-3.04,-6.47,-13.96
11108.00,4.45,8.57,6.76,8.12,2.79,-3.08,-10.12,-14.94
11112.00,9.12,6.58,8.35,3.63,-0.31,-9.25,-11.69,-19.46
11116.00,9.66,10.43,4.66,4.37,-4.22,-9.96,-13.54,-19.69
11120.00,6.04,7.87,4.98,1.39,-9.63,-14.68,-15.76,-14.10
11124.00,9.68,4.18,0.74,-2.73,-8.25,-17.00,-14.41,-16.58
11128.00,9.69,3.65,-2.77,-7.01,-14.34,-13.61,-13.55,-12.01
11132.00,3.93,2.29,-3.77,-11.97,-12.01,-15.24,-12.42,-9.46
11136.00,5.64,-0.28,-7.89,-11.93,-15.31,-13.82,-11.34,-3.01
11140.00,0.04,-5.44,-7.61,-14.31,-15.59,-15.81,-5.28,3.49
11144.00,1.19,-4.59,-10.88,-17.05,-13.52,-8.65,-1.04,9.45
11148.00,-0.65,-6.52,-11.33,-16.42,-15.37,-6.86,4.17,11.05
11152.00,-3.83,-11.04,-15.25,-14.38,-12.66,-2.90,6.48,16.08
11156.00,-6.18,-13.86,-13.85,-12.32,-9.19,1.24,12.50,22.26
11160.00,-10.80,-15.37,-13.14,-11.13,-3.34,5.08,13.99,24.35
11164.00,-10.52,-13.83,-9.68,-5.31,0.93,8.37,19.22,29.15
11168.00,-11.35,-14.46,-9.21,-4.43,7.03,14.16,24.81,31.30
11172.00,-12.02,-10.51,-5.73,0.12,12.50,18.14,28.07,30.36
11176.00,-13.67,-7.44,-3.56,2.99,15.42,23.87,29.80,30.94
11180.00,-8.79,-8.01,2.08,6.87,15.89,23.24,26.99,28.50
11184.00,-7.10,-4.82,4.79,12.63,20.58,28.24,28.78,23.71
11188.00,-5.12,-0.74,8.05,15.83,22.55,26.01,27.68,20.72
11192.00,-4.63,3.46,10.38,22.30,23.04,26.49,23.06,15.66
11196.00,1.47,7.03,14.11,23.31,25.53,26.52,21.80,12.55
11200.00,3.59,10.21,17.58,22.81,26.33,20.59,16.60,9.54
11204.00,8.99,14.21,20.80,24.93,21.31,21.78,14.59,6.13
11208.00,11.29,17.96,21.78,21.53,19.21,17.93,9.19,1.20
11212.00,11.66,18.92,20.90,23.63,17.47,11.79,2.40,-2.63
11216.00,17.19,18.23,19.92,18.67,13.10,6.96,2.20,-5.31
11220.00,15.07,18.57,20.73,15.71,9.32,6.17,-3.75,-6.53
11224.00,18.78,19.14,20.68,12.84,8.12,-0.23,-4.49,-5.74
11228.00,18.23,17.34,14.24,12.65,2.39,-3.29,-5.22,-6.17
11232.00,20.93,16.47,12.93,8.26,-0.87,-2.74,-8.53,-4.10
11236.00,16.06,17.21,12.38,4.93,-3.12,-4.88,-3.85,-2.84
11240.00,17.76,14.54,8.78,3.05,-2.39,-6.43,-6.09,-0.36
11244.00,14.26,10.67,2.95,1.49,-6.26,-6.38,-4.77,-0.71
11248.00,14.27,4.43,0.51,-2.44,-6.32,-4.64,0.62,1.81
11252.00,11.42,6.53,1.01,-5.24,-2.49,-1.13,0.29,6.45
11256.00,7.27,2.54,-1.78,-2.25,-1.53,-0.37,4.63,7.35
11260.00,6.09,-0.71,-4.80,-2.21,0.60,4.31,4.72,12.29
11264.00,-0.47,-2.15,-5.38,-1.64,0.14,2.25,7.27,13.39
11268.00,-2.03,-2.10,-4.14,-3.08,2.74,7.02,9.20,10.79
11272.00,-2.50,-5.26,-2.34,-0.23,5.72,10.22,13.10,9.99
11276.00,-2.99,-4.44,0.71,3.50,5.21,11.20,10.26,7.94
11280.00,-0.88,-2.05,1.32,3.39,9.28,8.94,10.03,9.16
11284.00,-2.13,0.47,1.44,7.24,8.41,11.07,7.93,6.49
11288.00,0.38,0.60,6.16,8.87,12.86,9.54,6.51,-1.11
11292.00,0.19,2.55,6.96,10.28,10.55,9.97,1.71,-0.87
11296.00,3.17,3.89,9.62,8.72,10.46,7.10,0.64,-6.45
11300.00,5.79,6.52,9.58,12.27,8.84,1.64,-0.89,-8.86
11304.00,7.36,7.18,7.84,9.23,6.99,-1.08,-5.76,-10.91
11308.00,8.84,7.39,11.46,9.17,4.07,-3.36,-10.92,-12.76
11312.00,7.45,7.38,9.36,6.08,1.41,-7.41,-10.91,-13.61
11316.00,6.46,9.99,8.56,4.44,-1.63,-11.22,-16.19,-16.27
11320.00,7.02,7.27,2.97,0.70,-4.87,-11.16,-14.99,-14.65
11324.00,7.57,7.57,5.13,-3.48,-10.14,-15.03,-15.78,-11.23
11328.00,7.38,6.18,0.69,-5.39,-9.40,-17.47,-13.43,-12.56
11332.00,4.61,0.55,-0.83,-9.97,-13.82,-13.16,-15.24,-8.18
11336.00,5.83,0.68,-5.82,-10.82,-15.74,-16.03,-9.85,-2.24
11340.00,0.91,-2.82,-9.17,-11.82,-13.08,-14.85,-6.90,3.65
11344.00,-2.34,-7.71,-12.74,-12.27,-13.35,-12.88,-5.35,8.39
11348.00,-1.91,-7.33,-15.15,-14.12,-10.65,-7.02,3.24,10.20
11352.00,-5.56,-10.32,-13.87,-14.86,-8.25,-4.29,7.57,18.66
11356.00,-6.06,-11.89,-16.43,-11.77,-8.58,3.23,10.56,23.84
11360.00,-9.85,-11.81,-13.95,-12.39,-4.24,4.99,15.14,26.00
11364.00,-14.24,-15.99,-12.82,-8.32,-1.84,9.92,20.29,27.52
11368.00,-12.77,-11.46,-8.14,-3.40,7.32,14.84,21.58,31.14
11372.00,-13.13,-12.72,-9.87,-0.23,9.92,17.30,26.31,30.78
11376.00,-13.10,-10.13,-3.57,3.38,13.77,23.85,28.56,26.30
11380.00,-9.58,-6.77,-0.38,8.36,15.95,22.13,25.85,24.33
11384.00,-11.80,-6.34,4.49,11.27,22.49,26.94,27.45,22.72
11388.00,-9.52,0.26,7.73,16.69,22.25,24.25,22.84,19.86
11392.00,-3.04,3.97,8.84,18.42,23.00,23.69,24.19,14.66
11396.00,-0.69,7.79,12.39,20.68,22.04,23.84,21.18,9.98
11400.00,2.48,8.31,16.90,20.10,25.41,18.68,17.23,5.38
11404.00,4.08,11.24,18.08,23.19,20.35,16.03,10.75,0.17
11408.00,7.93,13.20,21.48,21.24,19.58,14.38,7.05,-0.62
11412.00,11.36,17.66,22.47,18.86,14.48,7.87,0.52,-3.31
11416.00,15.25,20.42,18.37,17.10,14.39,4.82,-2.95,-8.74
11420.00,17.88,18.92,17.14,15.83,8.66,-0.01,-5.75,-9.95
11424.00,19.25,18.71,17.70,12.36,7.26,-1.84,-6.83,-10.46
11428.00,17.11,18.38,12.28,7.16,0.61,-2.41,-7.66,-10.78
11432.00,17.77,17.08,11.51,5.50,-0.11,-5.64,-8.14,-9.32
11436.00,13.87,14.80,6.69,2.81,-4.71,-7.91,-8.11,-8.04
11440.00,15.01,9.72,3.03,0.37,-3.86,-7.80,-8.80,-3.03
11444.00,14.32,4.92,-0.29,-4.53,-7.29,-6.97,-6.40,-0.33
11448.00,11.37,5.94,-3.08,-5.55,-8.48,-9.25,-1.76,-0.58
11452.00,5.87,0.76,-2.68,-7.48,-8.53,-7.63,-2.62,0.55
11456.00,6.43,-1.74,-6.39,-6.29,-6.18,-3.98,2.87,5.82
11460.00,1.40,-1.44,-3.89,-8.08,-6.22,-2.29,2.42,4.25
11464.00,-1.69,-7.08,-4.00,-5.85,-2.60,1.26,3.28,6.89
11468.00,-4.82,-8.07,-4.62,-2.22,-1.29,3.59,7.13,7.06
11472.00,-3.25,-6.41,-3.32,-1.25,0.56,7.30,4.67,4.94
11476.00,-3.85,-6.83,-2.27,-0.35,4.58,8.20,6.29,2.62
11480.00,-6.03,-5.95,-4.13,2.19,3.36,9.22,5.22,4.88
11484.00,-6.27,-3.44,0.33,2.69,5.57,7.12,5.13,-0.73
11488.00,-3.61,-0.45,1.03,5.15,8.85,4.78,3.13,-5.90
11492.00,-0.70,-0.66,0.87,7.01,4.25,3.53,-0.77,-5.43
11496.00,-0.04,1.40,3.26,5.78,3.57,3.35,-5.20,-12.80
11500.00,1.31,1.02,5.96,4.57,6.04,-2.83,-5.76,-14.59
11504.00,1.00,3.92,4.56,3.65,1.84,-4.32,-9.49,-19.79
11508.00,1.12,7.09,7.58,1.78,-2.99,-6.43,-14.99,-20.72
11512.00,2.04,5.14,4.11,3.12,-4.95,-8.68,-14.81,-20.33
11516.00,2.90,7.82,3.22,-1.12,-9.69,-16.56,-18.39,-19.17
11520.00,5.90,3.20,3.29,-5.99,-9.71,-17.38,-21.44,-19.05
11524.00,3.58,2.96,-1.72,-9.65,-11.79,-19.00,-23.40,-20.84
11528.00,2.00,-1.38,-6.32,-9.91,-15.42,-19.33,-21.64,-16.77
11532.00,4.52,-1.82,-8.34,-14.30,-16.23,-20.44,-17.64,-14.54
11536.00,-0.52,-2.84,-10.28,-17.50,-19.74,-22.39,-14.81,-5.68
11540.00,-0.69,-6.81,-11.76,-15.47,-18.45,-16.23,-10.23,-3.93
11544.00,-3.49,-8.89,-13.72,-17.21,-20.62,-17.03,-10.83,-0.39
11548.00,-6.94,-14.51,-17.16,-17.29,-18.18,-11.73,-1.85,5.79
11552.00,-8.87,-13.02,-17.94,-17.53,-17.28,-7.71,2.99,11.86
11556.00,-10.73,-17.84,-17.92,-16.28,-11.03,-3.93,7.61,14.78
11560.00,-13.38,-19.16,-18.52,-14.90,-9.50,-0.97,12.01,20.53
11564.00,-13.30,-15.76,-18.23,-14.25,-4.23,6.54,12.67,20.17
11568.00,-15.93,-19.25,-15.88,-9.66,-0.99,9.94,17.28,24.44
11572.00,-17.55,-16.58,-11.69,-5.10,3.42,11.25,21.86,21.72
11576.00,-18.10,-15.72,-8.02,0.97,7.95,13.99,20.96,22.84
11580.00,-14.09,-14.02,-5.86,5.64,9.69,17.50,23.56,18.33
11584.00,-14.99,-8.27,-0.15,6.24,13.78,20.18,21.28,16.76
11588.00,-13.04,-3.01,2.43,12.81,16.79,21.15,19.26,13.30
11592.00,-8.40,-2.21,5.09,11.84,16.99,21.30,15.46,7.57
11596.00,-3.26,1.27,11.29,18.00,20.55,15.54,12.45,3.07
11600.00,-4.23,5.68,12.64,15.33,16.12,15.00,11.07,1.79
11604.00,2.79,6.71,13.55,16.26,17.97,14.39,3.03,-4.66
11608.00,6.19,9.65,15.55,17.16,16.19,9.78,-1.23,-10.15
11612.00,9.94,15.22,15.39,16.53,11.41,2.96,-5.05,-13.48
11616.00,10.32,14.68,17.86,12.29,7.41,-0.06,-8.79,-14.97
11620.00,14.03,14.73,15.93,11.81,1.59,-4.15,-11.12,-16.94
11624.00,11.06,16.21,9.84,8.72,-1.68,-5.22,-11.18,-14.75
11628.00,14.86,14.56,7.78,3.50,-3.17,-7.52,-15.84,-15.02
11632.00,11.23,8.88,4.56,-1.93,-6.64,-13.49,-13.45,-16.71
11636.00,10.66,10.92,1.48,-4.80,-11.24,-15.53,-12.64,-12.34
11640.00,11.11,6.98,-0.12,-7.25,-8.83,-12.77,-12.46,-11.46
11644.00,6.45,4.53,-2.14,-10.32,-13.48,-11.08,-12.12,-7.31
11648.00,6.26,0.98,-5.04,-8.67,-12.69,-13.35,-7.72,-7.28
11652.00,1.65,-1.70,-8.34,-12.61,-14.26,-11.47,-6.21,-2.53
11656.00,1.20,-3.22,-7.79,-12.46,-9.20,-10.57,-7.12,-2.33
11660.00,-3.68,-9.04,-8.80,-9.46,-11.63,-8.05,-3.68,-0.94
11664.00,-3.18,-9.58,-10.16,-10.83,-8.33,-3.25,1.25,0.30
11668.00,-6.75,-11.92,-9.02,-9.93,-4.45,-0.83,0.51,2.06
11672.00,-8.73,-8.80,-11.11,-5.87,-1.99,0.12,2.80,-0.03
11676.00,-9.81,-8.89,-10.17,-4.02,-0.62,0.25,-0.33,0.35
11680.00,-9.33,-8.20,-4.54,-4.78,0.70,-0.23,0.09,-0.92
11684.00,-9.79,-8.43,-6.93,-2.21,2.52,3.74,0.74,-5.02
11688.00,-7.21,-4.02,-1.27,-0.58,1.70,2.40,-0.74,-7.78
11692.00,-4.52,-3.94,0.87,3.11,-0.46,0.25,-3.35,-13.64
11696.00,-3.63,-1.00,0.46,0.95,0.08,-1.34,-9.01,-15.46
11700.00,-2.14,-0.20,2.90,3.80,-2.01,-3.47,-13.52,-20.23
11704.00,-0.97,1.10,2.41,0.72,-3.01,-6.67,-13.80,-20.03
11708.00,-1.77,1.11,1.99,-0.83,-2.75,-12.85,-17.07,-26.09
11712.00,1.03,0.27,1.99,0.07,-7.58,-14.71,-21.05,-26.03
11716.00,1.42,2.62,0.12,-5.58,-9.86,-18.37,-22.25,-26.12
11720.00,3.77,2.12,-2.76,-8.78,-13.11,-18.96,-26.94,-26.75
11724.00,1.88,1.14,-4.46,-9.73,-19.29,-21.00,-23.42,-21.88
11728.00,-0.07,-0.00,-5.89,-15.62,-17.74,-24.94,-24.30,-19.15
11732.00,1.35,-6.73,-9.87,-17.56,-24.20,-23.03,-23.15,-16.76
11736.00,-4.04,-5.82,-14.74,-19.05,-22.61,-23.79,-19.69,-9.74
11740.00,-2.17,-10.65,-13.98,-21.54,-25.22,-22.87,-14.04,-8.81
11744.00,-6.34,-12.14,-20.26,-23.29,-20.60,-19.71,-10.11,-0.30
11748.00,-10.02,-13.85,-20.34,-20.04,-21.50,-18.00,-6.53,5.27
11752.00,-11.63,-15.21,-22.37,-19.93,-16.83,-12.06,-3.88,9.47
11756.00,-12.48,-19.19,-19.17,-20.01,-16.25,-8.88,4.75,11.57
11760.00,-15.68,-19.08,-20.39,-16.20,-12.66,-3.81,5.86,15.81
11764.00,-17.06,-21.48,-18.54,-14.89,-5.93,0.77,11.19,16.38
11768.00,-17.33,-22.30,-19.60,-8.92,-4.74,7.58,13.69,20.60
11772.00,-19.10,-17.17,-12.77,-6.38,3.76,8.64,18.73,19.76
11776.00,-16.79,-17.78,-13.06,-3.74,7.23,12.35,19.51,20.22
11780.00,-19.70,-12.18,-8.60,2.73,11.40,17.65,21.01,18.26
11784.00,-14.00,-11.06,-3.03,6.67,11.09,18.19,19.97,15.98
11788.00,-12.77,-4.73,0.20,7.17,14.26,17.31,16.34,13.59
11792.00,-9.21,-2.85,3.32,9.89,18.10,16.22,14.45,8.95
11796.00,-8.76,2.34,8.05,15.10,16.86,18.04,10.05,1.59
11800.00,-5.46,4.06,11.37,14.48,18.35,12.82,6.90,-2.70
11804.00,-1.55,8.54,15.12,13.95,15.42,9.53,3.39,-7.01
11808.00,1.42,8.45,12.27,13.94,10.29,5.00,-0.92,-9.05
11812.00,8.81,14.13,15.65,13.56,12.24,0.92,-5.99,-13.53
11816.00,6.74,11.22,15.31,11.01,8.14,-1.20,-6.05,-13.47
11820.00,10.15,13.62,13.17,11.77,4.82,-4.57,-11.14,-17.82
11824.00,13.77,14.43,10.95,8.80,-2.12,-6.75,-13.39,-15.64
11828.00,11.19,12.25,8.88,2.67,-2.24,-10.19,-15.45,-14.59
11832.00,13.87,10.19,8.12,-2.16,-5.21,-13.96,-17.51,-15.63
11836.00,9.97,10.78,2.36,-0.95,-11.91,-15.50,-14.71,-13.45
11840.00,11.23,4.95,0.28,-5.81,-12.84,-11.68,-11.71,-12.98
11844.00,7.05,5.28,-4.15,-8.03,-13.34,-12.43,-13.04,-6.16
11848.00,6.18,0.54,-5.03,-9.06,-12.90,-14.60,-9.64,-3.33
11852.00,4.42,-4.17,-6.99,-13.47,-10.09,-11.73,-7.93,-0.63
11856.00,0.19,-4.37,-10.95,-9.96,-10.16,-8.73,-3.38,-1.86
11860.00,-2.63,-8.31,-10.34,-9.55,-8.87,-7.51,-3.26,3.02
11864.00,-5.93,-8.09,-9.86,-9.37,-5.10,-3.21,0.16,2.89
11868.00,-4.17,-11.44,-12.04,-6.05,-4.81,0.63,1.41,0.64
11872.00,-6.99,-11.63,-7.50,-5.52,-0.72,0.71,0.24,0.79
11876.00,-8.92,-10.62,-8.56,-4.63,1.70,0.89,3.17,-0.84
11880.00,-7.16,-8.64,-6.05,-4.09,0.16,2.45,-0.06,-2.31
11884.00,-8.30,-5.18,-1.53,-1.01,1.69,1.32,1.18,-6.08
11888.00,-7.43,-3.35,-0.06,3.03,2.31,3.54,-1.86,-5.46
11892.00,-7.30,-5.21,2.95,1.26,1.08,-0.57,-5.70,-11.79
11896.00,-4.29,0.00,3.34,3.45,0.47,-0.55,-9.24,-12.68
11900.00,-3.71,2.72,4.16,3.76,3.00,-3.34,-10.46,-15.64
11904.00,-0.76,2.84,5.03,3.17,-2.19,-8.74,-13.95,-21.35
11908.00,3.29,1.85,4.93,3.99,-1.20,-7.58,-18.56,-23.01
11912.00,4.50,4.47,1.29,1.56,-4.25,-11.26,-19.78,-25.54
11916.00,5.59,1.76,2.43,-0.95,-8.77,-16.51,-23.75,-22.66
11920.00,6.36,4.93,-0.47,-5.84,-12.67,-20.58,-20.44,-22.07
11924.00,1.91,3.86,-0.50,-9.53,-14.26,-22.81,-24.55,-19.79
11928.00,1.66,1.15,-2.85,-11.93,-20.14,-21.73,-21.06,-15.57
11932.00,4.62,0.15,-8.45,-12.37,-18.36,-23.60,-17.69,-11.09
11936.00,1.06,-5.02,-9.08,-16.97,-18.17,-19.55,-17.62,-9.49
11940.00,-3.17,-6.38,-11.04,-16.88,-22.56,-16.95,-13.89,-6.12
11944.00,-6.20,-8.13,-15.23,-18.35,-20.28,-16.00,-9.34,0.76
11948.00,-4.52,-14.43,-18.59,-21.98,-18.83,-10.61,-4.73,6.28
11952.00,-8.97,-12.92,-17.34,-19.91,-17.79,-9.38,3.61,10.21
11956.00,-10.20,-14.97,-16.15,-15.20,-11.42,-4.42,7.57,17.14
11960.00,-14.66,-15.79,-19.68,-12.43,-6.05,0.88,10.72,17.59
11964.00,-16.40,-16.77,-18.05,-9.35,-2.00,3.41,15.35,24.65
11968.00,-15.73,-16.41,-15.34,-9.23,-0.85,10.54,19.59,22.49
11972.00,-14.34,-13.91,-12.20,-5.07,4.85,13.07,21.92,24.08
11976.00,-18.28,-12.86,-9.59,-1.63,7.79,16.07,24.35,22.08
11980.00,-13.84,-11.73,-4.39,5.01,11.70,19.36,22.43,23.68
11984.00,-12.08,-6.64,1.51,6.67,14.55,21.24,20.82,21.12
11988.00,-10.95,-4.60,2.26,13.66,20.53,21.22,22.17,16.26
11992.00,-8.98,-1.23,8.56,14.55,19.70,23.08,17.95,14.13
11996.00,-3.60,6.47,12.26,18.21,19.34,17.81,17.72,9.52
12000.00,-0.99,8.05,15.23,19.76,21.72,19.41,10.85,1.24
12004.00,1.59,9.87,16.85,17.61,21.49,15.18,8.70,1.53
12008.00,9.07,15.67,16.96,18.72,16.15,12.44,4.01,-4.06
12012.00,9.86,14.25,19.66,17.29,13.47,7.24,-0.82,-5.33
12016.00,12.05,17.03,18.14,15.54,11.68,1.56,-1.50,-9.89
12020.00,12.47,18.51,14.92,15.50,6.78,-1.97,-6.34,-10.46
12024.00,15.69,14.97,16.60,9.60,2.94,-1.79,-7.13,-12.12
12028.00,17.20,16.24,11.83,5.36,-1.45,-3.06,-9.39,-8.67
12032.00,18.17,16.89,8.67,4.83,-3.78,-6.98,-7.75,-9.59
12036.00,15.50,14.78,8.07,0.31,-5.15,-10.08,-7.92,-8.69
12040.00,15.96,9.36,2.23,-0.08,-7.59,-8.15,-7.41,-7.44
12044.00,12.45,5.47,3.87,-2.85,-5.29,-7.36,-7.87,-1.77
12048.00,8.93,5.62,1.22,-7.85,-7.53,-6.12,-2.48,2.78
12052.00,8.61,3.97,-2.91,-8.10,-9.18,-6.54,-0.47,2.87
12056.00,4.15,-1.42,-6.30,-5.59,-5.10,-1.94,3.16,7.00
12060.00,3.33,-1.13,-5.06,-7.52,-2.00,-0.72,2.40,5.56
12064.00,-1.08,-5.21,-4.19,-6.64,-3.04,3.84,4.14,9.83
12068.00,-3.63,-5.13,-7.10,-3.18,1.85,6.43,6.34,9.99
12072.00,-3.87,-4.76,-2.67,0.91,4.05,6.53,6.33,10.31
12076.00,-2.04,-2.71,-4.42,-1.35,5.68,9.81,7.84,4.38
12080.00,-3.26,-5.53,-3.09,1.66,7.60,10.69,5.55,3.29
12084.00,-3.77,-0.18,2.57,3.35,9.67,7.97,7.36,1.22
12088.00,-2.72,0.97,4.56,7.19,6.51,9.68,2.32,-1.77
12092.00,-1.97,-0.54,3.87,5.52,6.67,6.44,0.42,-5.37
12096.00,-1.80,3.05,8.28,8.21,7.27,3.87,0.57,-8.23
12100.00,1.69,4.02,10.01,10.55,6.52,0.60,-2.65,-12.97
12104.00,4.20,6.78,7.76,6.02,4.41,-3.54,-6.62,-16.20
12108.00,4.92,10.06,6.08,8.52,3.74,-6.05,-8.89,-18.35
12112.00,7.18,9.87,6.91,3.94,0.59,-9.95,-15.82,-17.50
12116.00,7.83,8.38,3.95,1.54,-5.66,-8.16,-14.04,-15.22
12120.00,8.24,5.96,5.03,-1.88,-8.48,-12.46,-18.59,-17.87
12124.00,7.93,4.69,2.34,-4.27,-10.13,-15.43,-16.41,-13.15
12128.00,6.58,5.00,1.14,-7.72,-10.73,-14.40,-13.55,-13.62
12132.00,4.10,2.80,-5.21,-11.59,-12.65,-17.76,-14.25,-9.23
12136.00,3.97,0.06,-6.55,-9.56,-15.56,-15.77,-11.46,-3.54
12140.00,1.36,-4.16,-8.11,-11.47,-13.38,-15.73,-7.78,1.39
12144.00,-0.44,-4.06,-11.83,-16.90,-13.36,-10.16,-4.99,6.08
12148.00,-1.82,-9.95,-14.42,-16.61,-10.56,-5.05,0.89,13.85
12152.00,-6.55,-11.32,-13.07,-16.35,-11.81,-2.17,8.83,16.36
12156.00,-7.48,-13.33,-14.07,-14.46,-9.00,2.88,10.14,23.38
12160.00,-7.81,-12.63,-11.28,-8.32,-5.48,7.05,16.00,27.84
12164.00,-12.37,-10.88,-13.72,-8.37,1.42,9.80,21.43,26.97
12168.00,-10.84,-14.22,-10.26,-1.60,6.99,14.07,23.25,29.10
12172.00,-12.20,-9.28,-6.66,-0.09,9.29,20.41,27.25,27.94
12176.00,-11.54,-8.12,-5.61,5.21,12.16,24.02,28.99,31.08
12180.00,-11.83,-4.64,-2.01,10.27,18.10,22.90,28.84,26.46
12184.00,-7.35,-4.16,2.52,12.62,22.71,26.80,26.33,24.75
12188.00,-5.48,2.08,10.26,15.17,22.54,27.49,25.88,22.83
12192.00,-2.22,3.87,10.75,22.32,25.54,24.14,22.98,15.48
12196.00,2.05,6.52,18.03,21.23,26.17,24.56,18.54,14.08
12200.00,2.68,11.87,18.83,22.50,25.87,23.40,17.46,9.71
12204.00,9.06,16.46,22.05,25.24,22.90,18.73,11.29,5.35
12208.00,10.14,15.49,22.02,25.64,21.37,14.43,8.39,-0.80
12212.00,14.31,19.75,21.38,20.04,19.82,11.96,5.65,-0.91
12216.00,13.45,21.10,20.00,20.10,15.11,7.19,0.75,-5.77
12220.00,16.26,20.67,19.58,19.95,11.03,3.21,-2.42,-8.13
12224.00,17.92,19.12,17.53,12.16,8.31,1.14,-5.28,-8.82
12228.00,20.78,18.86,14.96,10.33,5.61,0.58,-4.98,-8.92
12232.00,20.61,16.43,12.65,7.19,-1.06,-5.03,-5.00,-4.29
12236.00,18.81,15.77,8.09,3.18,-1.76,-5.86,-4.37,-5.03
12240.00,18.72,13.26,5.48,2.12,-0.97,-7.71,-7.00,-1.48
12244.00,12.95,9.71,4.65,-0.52,-5.31,-4.05,-0.91,3.30
12248.00,12.52,9.31,0.83,-4.02,-3.91,-3.48,-0.79,4.19
12252.00,11.10,5.31,-0.05,-2.65,-6.31,-0.19,2.22,5.94
12256.00,7.15,0.83,-3.41,-1.95,-5.66,1.72,3.33,11.09
12260.00,5.98,0.70,-0.95,-2.56,-3.30,3.76,6.11,8.30
12264.00,3.14,0.27,-3.65,-2.30,-1.54,4.55,10.86,11.47
12268.00,-1.40,-0.41,-2.12,0.20,0.66,8.04,12.15,9.34
12272.00,-1.61,-1.87,-1.35,-1.41,5.39,10.08,9.47,12.17
12276.00,-0.47,-1.00,1.81,1.83,8.15,7.68,10.61,9.15
12280.00,-3.78,-2.07,-0.88,3.25,7.36,10.50,12.85,4.80
12284.00,-2.91,-1.69,1.16,5.04,8.98,9.56,8.88,2.83
12288.00,1.09,-1.07,4.62,6.40,9.93,9.45,6.57,2.12
12292.00,1.84,4.63,5.24,8.77,8.31,10.90,3.05,-4.08
12296.00,3.95,7.00,10.83,11.78,11.36,7.20,2.01,-7.76
12300.00,0.92,5.08,11.26,10.15,5.84,2.34,-0.86,-8.78
12304.00,3.64,10.18,10.05,10.35,7.29,0.24,-7.89,-12.76
12308.00,5.58,11.07,8.37,5.80,1.17,-0.96,-8.30,-13.62
12312.00,5.50,9.26,10.89,4.70,-1.18,-8.51,-11.50,-14.65
12316.00,7.89,11.18,5.61,5.38,-3.98,-10.19,-15.67,-15.08
12320.00,7.15,10.44,6.12,0.62,-8.47,-11.89,-15.28,-14.68
12324.00,7.21,6.57,2.53,-2.24,-8.33,-12.99,-13.52,-11.06
12328.00,8.40,4.07,0.51,-7.62,-13.17,-17.37,-14.39,-10.79
12332.00,8.14,3.30,-0.67,-8.90,-13.29,-14.28,-13.89,-4.52
12336.00,3.65,-1.32,-5.44,-11.74,-14.44,-16.96,-10.17,-3.62
12340.00,3.13,-0.85,-9.13,-11.62,-16.56,-12.34,-5.20,2.95
12344.00,-0.11,-4.21,-8.89,-15.28,-12.17,-13.12,-5.06,7.59
12348.00,-0.39,-9.42,-12.88,-14.18,-15.11,-7.57,2.57,13.95
12352.00,-7.87,-10.06,-13.33,-15.58,-11.00,-3.40,9.10,18.22
12356.00,-9.46,-9.89,-12.71,-11.57,-7.23,0.56,9.30,21.88
12360.00,-9.83,-13.82,-12.82,-10.61,-4.04,3.91,15.91,23.66
12364.00,-9.90,-14.02,-10.22,-8.99,0.05,10.77,19.04,26.53
12368.00,-14.89,-15.82,-11.50,-5.61,6.87,12.21,22.38,29.00
12372.00,-12.29,-13.01,-6.47,0.19,9.97,16.20,25.67,30.58
12376.00,-12.76,-8.49,-4.79,3.27,11.09,19.61,29.18,26.70
12380.00,-12.12,-8.15,-0.89,6.79,17.61,22.37,29.08,24.90
12384.00,-10.82,-6.76,4.52,9.71,22.19,27.02,27.75,22.72
12388.00,-9.41,1.02,6.64,17.24,23.81,25.39,23.89,17.88
12392.00,-4.56,1.12,8.53,17.38,25.36,23.89,20.40,14.66
12396.00,-3.03,8.65,12.45,20.92,26.34,22.97,17.19,9.85
12400.00,4.06,11.30,15.93,22.86,24.70,23.04,12.96,7.85
12404.00,3.65,13.46,20.54,20.80,21.96,15.39,10.30,4.59
12408.00,10.40,13.08,21.49,22.52,21.36,15.10,6.52,-0.30
12412.00,13.73,16.61,18.69,18.98,18.83,9.26,0.89,-4.34
12416.00,15.57,20.66,20.54,16.63,13.45,3.57,-3.13,-6.89
12420.00,18.21,20.59,16.53,14.66,9.86,4.42,-5.60,-10.43
12424.00,18.84,18.31,18.44,11.80,7.20,-0.16,-4.83,-8.04
12428.00,15.65,17.99,15.71,10.71,2.42,-3.14,-10.34,-11.38
12432.00,16.57,17.33,10.93,4.32,0.99,-6.08,-11.30,-6.16
12436.00,15.72,11.98,5.88,0.36,-2.60,-5.69,-7.19,-6.97
12440.00,15.93,8.30,5.36,-2.88,-4.72,-5.82,-9.52,-6.13
12444.00,13.76,6.84,1.19,-2.48,-5.39,-8.55,-5.03,-1.22
12448.00,10.62,6.41,-2.96,-4.12,-9.23,-6.34,-5.78,0.02
12452.00,8.20,0.09,-0.95,-4.23,-5.82,-4.40,-2.81,4.70
12456.00,5.54,0.49,-7.27,-5.03,-6.92,-5.22,3.30,2.84
12460.00,1.68,-3.11,-4.91,-8.91,-2.51,0.81,2.43,5.29
12464.00,-1.10,-5.17,-4.85,-7.18,-5.35,0.89,5.86,9.29
12468.00,-1.42,-4.28,-8.42,-4.48,-0.13,5.34,7.47,8.36
12472.00,-6.58,-6.54,-7.38,-2.50,-0.33,6.62,7.06,6.43
12476.00,-6.21,-4.43,-5.34,-1.25,3.58,7.35,5.50,7.22
12480.00,-4.87,-4.81,-2.09,2.02,6.45,5.44,3.77,1.35
12484.00,-6.62,-3.38,0.03,5.01,6.94,4.46,2.14,-1.06
12488.00,-2.89,-2.94,3.86,2.62,8.75,3.72,1.66,-2.39
12492.00,-0.95,-1.83,4.43,6.02,6.61,5.60,0.76,-5.71
12496.00,-0.30,4.03,2.23,8.44,4.18,1.92,-4.01,-12.91
12500.00,-0.64,1.31,6.64,6.52,4.75,-1.56,-6.77,-13.44
12504.00,1.28,3.19,5.35,2.83,-0.59,-4.78,-10.85,-16.56
12508.00,1.88,6.51,3.74,2.88,-1.93,-10.04,-12.08,-19.53
12512.00,5.85,3.70,2.92,1.86,-2.98,-10.53,-15.99,-18.52
12516.00,3.61,5.29,4.35,-2.10,-8.73,-15.45,-17.03,-19.10
12520.00,6.30,2.75,-0.95,-5.17,-9.39,-14.72,-20.67,-22.85
12524.00,3.23,4.66,-2.01,-5.55,-14.49,-19.98,-21.27,-19.97
12528.00,6.79,0.62,-4.91,-10.42,-14.67,-21.42,-17.91,-13.62
12532.00,3.01,1.02,-6.25,-13.28,-20.86,-22.62,-16.55,-10.67
12536.00,0.40,-2.40,-8.11,-14.31,-21.08,-21.58,-16.09,-9.42
12540.00,-3.29,-8.63,-10.95,-19.63,-19.50,-16.50,-14.51,-4.21
12544.00,-5.75,-10.60,-17.09,-18.88,-18.89,-16.38,-9.91,-0.34
12548.00,-5.30,-14.47,-15.18,-20.48,-19.14,-12.55,-4.50,5.59
12552.00,-7.75,-14.36,-19.36,-16.83,-14.95,-6.53,3.30,10.13
12556.00,-11.82,-18.57,-17.69,-17.02,-11.46,-3.80,5.90,13.54
12560.00,-12.84,-17.46,-17.57,-15.74,-8.60,-0.36,11.24,19.94
12564.00,-16.21,-20.41,-16.80,-14.44,-4.99,2.80,12.13,19.49
12568.00,-16.72,-19.63,-14.36,-6.88,-1.23,9.48,18.94,22.48
12572.00,-17.78,-14.87,-14.35,-3.85,6.22,11.31,17.98,21.39
12576.00,-16.85,-13.35,-6.72,-2.45,9.47,14.12,22.61,23.91
12580.00,-13.47,-10.68,-6.45,2.27,12.32,16.81,23.63,18.74
12584.00,-14.93,-11.00,-3.09,6.64,15.74,18.22,18.68,18.78
12588.00,-11.27,-4.44,1.86,12.57,18.02,19.12,20.34,14.30
12592.00,-10.35,-2.06,7.84,12.39,20.44,20.15,15.05,7.69
12596.00,-3.46,0.48,8.36,16.61,16.50,17.90,11.80,2.69
12600.00,-3.53,5.64,10.91,14.61,17.79,17.17,10.35,1.71
12604.00,2.82,7.58,13.18,17.96,17.45,14.05,4.28,-5.03
12608.00,3.72,12.83,13.15,15.09,12.60,9.12,1.17,-9.96
12612.00,6.06,15.10,14.40,17.23,13.12,6.16,-5.80,-11.43
12616.00,9.84,12.56,16.94,11.49,5.69,-0.98,-8.87,-12.75
12620.00,9.33,15.83,13.24,8.93,3.28,-3.89,-9.53,-12.63
12624.00,14.54,11.70,12.50,5.23,-0.37,-8.98,-13.50,-17.63
12628.00,14.70,14.54,8.78,1.99,-3.28,-9.10,-13.24,-14.05
12632.00,12.05,13.19,9.01,1.55,-4.84,-10.04,-15.01,-16.53
12636.00,10.85,6.50,4.49,-4.54,-7.21,-11.59,-14.53,-13.97
12640.00,10.43,6.17,1.91,-5.14,-11.47,-14.98,-14.18,-11.30
12644.00,7.84,0.73,-1.36,-7.64,-12.26,-11.67,-9.51,-8.91
12648.00,3.04,0.03,-3.61,-11.82,-12.32,-10.65,-11.52,-5.70
12652.00,0.78,-1.55,-5.52,-10.71,-13.92,-8.99,-8.50,-5.14
12656.00,0.13,-6.58,-9.38,-10.16,-12.83,-8.33,-4.61,1.58
12660.00,-3.30,-5.56,-10.49,-12.00,-9.03,-6.71,-4.80,1.23
12664.00,-5.74,-10.68,-11.45,-10.68,-7.61,-6.59,1.26,3.58
12668.00,-6.86,-11.60,-12.60,-7.63,-5.66,-1.39,2.19,3.20
12672.00,-7.58,-9.53,-10.75,-8.13,-3.02,-0.94,0.35,1.67
12676.00,-10.98,-9.26,-10.51,-4.04,0.95,-0.79,0.92,-2.01
12680.00,-9.89,-8.29,-4.82,-3.45,-1.76,3.48,-1.05,-5.14
12684.00,-7.45,-8.32,-4.96,1.34,0.68,-0.53,1.49,-7.00
12688.00,-5.92,-4.41,-3.58,-0.33,0.85,-0.73,-4.82,-7.05
12692.00,-5.48,-1.46,-0.41,0.79,2.64,-1.09,-5.17,-13.39
12696.00,-3.64,-0.38,1.24,4.52,-0.84,-4.72,-10.52,-16.03
12700.00,-1.30,1.03,3.49,1.48,-1.24,-6.04,-13.08,-21.02
12704.00,-2.02,0.97,4.66,1.84,-4.93,-7.70,-16.62,-24.69
12708.00,0.19,3.40,3.96,0.88,-6.02,-12.17,-17.98,-26.79
12712.00,3.63,2.75,3.78,-0.14,-6.97,-14.61,-19.89,-26.41
12716.00,2.33,2.95,-0.77,-3.85,-12.35,-20.21,-25.02,-26.50
12720.00,3.87,2.28,-3.01,-9.31,-14.88,-19.33,-26.69,-27.16
12724.00,1.08,-0.69,-3.30,-11.52,-19.64,-23.34,-27.63,-23.03
12728.00,-0.63,-3.27,-6.13,-13.54,-18.07,-25.03,-24.49,-22.65
12732.00,-1.15,-6.00,-8.17,-16.87,-23.34,-25.60,-22.78,-16.68
12736.00,-0.16,-5.53,-12.05,-20.06,-20.74,-24.86,-18.97,-14.24
12740.00,-5.34,-11.96,-14.60,-20.49,-21.49,-23.55,-18.69,-9.04
12744.00,-8.43,-12.22,-17.77,-23.41,-21.63,-17.18,-13.25,-2.04
12748.00,-8.65,-15.06,-18.72,-23.95,-19.80,-16.23,-4.82,3.12
12752.00,-14.19,-17.85,-19.70,-19.96,-20.35,-13.76,-1.06,5.77
12756.00,-12.03,-17.21,-23.15,-22.25,-15.86,-5.87,2.66,9.80
12760.00,-17.15,-19.78,-21.32,-19.17,-12.76,-1.81,9.18,15.81
12764.00,-19.78,-19.16,-18.97,-16.79,-6.31,1.71,11.34,19.08
12768.00,-19.96,-20.89,-18.11,-10.77,-5.25,7.22,13.06,20.04
12772.00,-20.10,-19.33,-15.08,-5.42,2.90,9.13,18.77,21.09
12776.00,-20.23,-14.65,-10.19,-3.51,5.15,11.29,17.27,19.92
12780.00,-17.46,-11.88,-6.92,3.22,8.43,16.77,19.19,15.67
12784.00,-13.50,-12.35,-0.79,2.83,15.01,15.66,16.66,16.11
12788.00,-15.00,-9.27,2.12,9.84,14.07,15.79,15.21,11.24
12792.00,-12.00,-1.92,5.26,13.27,18.63,15.85,12.69,7.14
12796.00,-7.41,2.00,9.06,12.46,19.25,17.60,8.71,1.55
12800.00,-4.46,6.49,12.35,17.53,14.17,14.51,8.91,-3.18
12804.00,-0.10,7.34,14.24,15.89,14.67,12.27,3.00,-6.16
12808.00,3.85,7.57,12.94,14.25,13.79,8.33,-2.04,-10.94
12812.00,7.37,13.65,12.56,15.01,9.28,4.09,-4.22,-11.62
12816.00,7.48,13.53,13.69,10.33,8.93,-2.97,-7.53,-14.35
12820.00,12.53,11.67,11.02,11.07,0.65,-6.26,-13.24,-15.33
12824.00,13.31,13.60,12.97,5.92,1.68,-8.99,-15.73,-16.75
12828.00,13.00,12.53,8.57,3.65,-2.08,-8.56,-13.39,-15.90
12832.00,12.18,8.77,8.40,-0.90,-5.28,-13.20,-13.52,-14.97
12836.00,11.47,7.99,4.44,-4.01,-9.26,-13.87,-12.70,-15.11
12840.00,7.95,7.27,0.91,-5.34,-11.46,-12.30,-13.12,-11.45
12844.00,7.14,1.46,-1.00,-7.56,-11.12,-11.25,-11.31,-6.79
12848.00,4.90,1.05,-3.53,-11.94,-10.69,-10.76,-7.70,-3.86
12852.00,1.63,-3.76,-7.06,-11.75,-14.34,-9.68,-7.57,-1.38
12856.00,-0.10,-3.19,-10.48,-10.37,-11.50,-8.27,-2.94,-0.76
12860.00,-1.69,-5.03,-12.68,-11.28,-11.96,-4.88,0.40,2.54
12864.00,-4.64,-8.13,-9.40,-10.19,-7.80,-2.25,-1.28,4.51
12868.00,-8.10,-10.97,-8.41,-6.92,-5.38,1.11,2.47,1.19
12872.00,-5.54,-9.76,-10.26,-8.28,-2.52,-0.62,1.46,1.52
12876.00,-6.68,-7.30,-6.27,-4.26,0.93,0.74,2.60,-1.89
12880.00,-7.14,-9.04,-4.32,-1.98,2.66,0.73,3.58,-0.16
12884.00,-6.12,-7.19,-5.10,-1.11,0.49,2.78,2.17,-3.93
12888.00,-7.66,-6.86,-1.84,0.10,5.47,0.14,-3.85,-6.90
12892.00,-5.17,-3.57,1.71,3.34,1.77,0.23,-6.26,-9.74
12896.00,-1.87,0.19,1.23,5.16,0.44,-0.85,-6.61,-13.99
12900.00,-4.49,-0.74,5.34,5.67,0.18,-5.95,-11.45,-16.19
12904.00,0.26,1.01,5.12,1.56,-2.75,-8.49,-13.92,-21.05
12908.00,3.29,2.00,3.96,3.08,-4.12,-12.18,-15.33,-21.71
12912.00,1.89,2.50,1.66,-2.44,-6.74,-11.68,-18.15,-20.97
12916.00,5.56,4.38,0.38,-0.57,-9.42,-15.91,-21.87,-23.76
12920.00,5.89,3.76,0.86,-6.62,-13.88,-20.86,-19.96,-22.88
12924.00,4.25,2.55,-2.95,-10.94,-13.79,-19.57,-22.24,-22.37
12928.00,2.78,0.78,-5.80,-11.32,-15.57,-22.83,-21.09,-18.85
12932.00,1.29,-1.87,-10.30,-13.15,-21.63,-22.80,-21.80,-11.32
12936.00,0.20,-5.79,-13.10,-14.27,-18.94,-20.45,-15.58,-6.63
12940.00,-4.14,-6.68,-12.38,-19.13,-18.59,-20.98,-13.77,-1.47
12944.00,-2.08,-10.14,-13.89,-19.77,-20.24,-14.20,-8.56,3.01
12948.00,-7.73,-10.93,-18.59,-21.40,-15.81,-14.17,-4.22,7.67
12952.00,-9.26,-15.22,-16.36,-18.10,-15.16,-7.06,3.40,13.49
12956.00,-9.30,-14.09,-20.44,-18.66,-12.60,-6.07,7.05,15.59
12960.00,-15.92,-19.05,-20.00,-13.99,-6.32,2.17,9.98,17.22
12964.00,-16.12,-18.25,-14.76,-10.84,-3.82,4.87,12.76,23.79
12968.00,-13.62,-15.17,-16.16,-6.82,2.45,12.39,20.00,25.78
12972.00,-16.59,-17.36,-13.01,-3.99,3.10,16.66,22.67,22.75
12976.00,-17.46,-11.24,-5.85,-1.59,7.12,16.89,24.30,21.45
12980.00,-14.58,-10.95,-4.15,2.95,12.04,19.11,23.59,23.36
12984.00,-11.67,-6.96,0.94,10.75,18.15,22.42,22.30,19.47
12988.00,-9.95,-5.33,3.04,11.85,19.78,24.13,19.58,16.68
12992.00,-5.66,1.67,6.34,15.15,20.39,20.31,20.54,14.28
12996.00,-3.61,6.29,12.36,19.99,19.06,20.34,17.92,8.29
13000.00,1.68,9.30,14.57,17.25,18.88,15.78,13.99,5.73
13004.00,2.82,10.20,17.59,17.44,16.97,13.06,5.94,-2.95
13008.00,7.43,13.63,16.23,20.27,17.66,11.81,4.11,-5.54
13012.00,11.58,15.31,18.39,18.74,13.11,6.35,-1.65,-7.06
13016.00,13.76,16.42,20.28,17.28,11.65,4.78,-5.76,-9.78
13020.00,15.85,19.97,17.51,15.59,9.22,2.45,-7.96,-10.73
13024.00,17.02,15.02,17.25,13.10,5.55,-2.80,-8.80,-10.36
13028.00,15.18,15.39,14.06,5.25,2.63,-4.55,-11.52,-13.33
13032.00,16.65,12.98,8.13,6.39,-2.78,-6.85,-10.93,-8.37
13036.00,13.41,14.43,8.06,0.77,-4.43,-9.07,-9.28,-5.56
13040.00,14.24,9.68,6.48,0.19,-6.59,-6.63,-7.25,-3.67
13044.00,14.19,4.86,1.53,-1.43,-6.38,-6.05,-8.21,-1.48
13048.00,7.55,4.75,-0.42,-4.36,-9.26,-7.69,-5.89,1.98
13052.00,7.50,2.84,-5.62,-8.75,-5.01,-4.61,-2.39,4.13
13056.00,6.11,-2.00,-6.31,-7.71,-7.79,-0.74,-0.39,3.85
13060.00,0.06,-4.52,-4.41,-7.76,-3.41,-1.25,5.07,7.89
13064.00,-0.08,-5.95,-8.01,-3.37,-2.36,-0.44,8.19,8.50
13068.00,-4.22,-5.10,-5.10,-1.59,0.24,6.58,5.02,7.13
13072.00,-2.04,-4.97,-6.53,0.05,2.52,8.41,7.33,6.80
13076.00,-4.43,-2.65,-2.28,0.68,5.23,7.03,9.94,6.68
13080.00,-2.56,-2.58,-2.54,4.71,6.84,6.81,6.57,4.60
13084.00,-3.82,-3.83,0.30,3.09,9.97,9.35,7.68,0.62
13088.00,-1.04,-2.72,2.68,5.42,6.83,9.89,6.93,-0.01
13092.00,-3.01,2.96,6.16,10.39,8.34,5.17,-0.29,-2.71
13096.00,1.63,3.90,6.06,8.07,9.26,6.20,-3.38,-9.99
13100.00,2.19,4.56,6.03,7.35,6.89,2.66,-3.58,-9.52
13104.00,1.86,7.35,6.24,6.48,3.98,0.77,-7.50,-12.87
13108.00,7.25,9.82,7.06,7.82,2.41,-5.52,-10.65,-13.92
13112.00,9.33,6.38,8.17,2.78,-2.60,-6.06,-14.43,-16.76
13116.00,7.49,7.55,8.50,0.77,-5.62,-12.31,-17.72,-17.20
13120.00,8.74,9.43,4.91,0.17,-8.87,-10.59,-16.74,-17.81
13124.00,6.35,4.80,0.35,-5.56,-12.25,-17.31,-17.40,-13.91
13128.00,8.47,5.95,-2.02,-5.62,-13.90,-18.41,-15.69,-13.10
13132.00,4.45,2.93,-4.69,-8.10,-12.43,-13.87,-15.92,-8.28
13136.00,6.54,0.10,-5.11,-10.62,-15.23,-16.21,-10.97,-1.13
13140.00,4.16,-5.36,-10.65,-13.73,-13.00,-13.57,-8.97,2.45
13144.00,-2.16,-6.22,-9.02,-16.66,-16.13,-13.04,-5.02,8.25
13148.00,-1.65,-8.26,-12.36,-12.94,-14.15,-5.82,3.70,10.60
13152.00,-6.10,-11.24,-16.36,-12.54,-11.17,-3.68,6.81,16.61
13156.00,-7.75,-12.74,-11.72,-11.00,-8.68,3.28,10.77,20.32
13160.00,-12.28,-14.82,-12.52,-11.91,-5.72,8.49,18.20,27.50
13164.00,-11.05,-13.48,-10.40,-6.16,2.36,12.25,20.52,26.28
13168.00,-12.06,-12.49,-12.00,-5.67,6.24,14.12,22.77,29.24
13172.00,-14.67,-12.87,-5.78,2.47,9.11,19.23,27.50,28.07
13176.00,-11.49,-9.08,-1.68,6.61,14.09,21.12,25.60,30.07
13180.00,-13.07,-5.44,-0.09,9.14,17.93,26.49,26.96,29.27
13184.00,-8.63,-1.46,3.30,11.75,20.58,26.89,30.21,23.02
13188.00,-7.57,1.11,6.58,17.75,22.02,27.42,28.44,21.98
13192.00,-1.08,5.37,10.99,19.44,23.44,24.51,23.92,18.74
13196.00,0.29,6.73,13.50,23.66,26.05,24.24,19.02,13.04
13200.00,3.48,13.67,17.51,21.73,24.46,22.91,16.04,7.07
13204.00,5.18,11.90,22.89,25.14,24.55,19.79,12.22,5.13
13208.00,11.75,16.23,20.16,22.08,19.50,15.87,7.87,-0.43
13212.00,13.05,18.48,20.72,22.27,18.54,14.13,2.43,-0.32
13216.00,15.03,18.66,20.64,20.22,17.46,7.51,0.13,-4.07
13220.00,16.46,19.23,22.58,15.95,10.24,6.78,-2.93,-8.46
13224.00,17.09,21.61,16.42,14.35,7.98,2.36,-2.21,-8.52
13228.00,17.42,20.32,14.03,12.78,3.13,-2.17,-4.05,-7.96
13232.00,18.70,19.93,14.18,9.09,2.87,-2.30,-8.51,-7.88
13236.00,19.65,13.27,12.10,1.96,-1.35,-2.85,-4.19,-1.31
13240.00,15.29,12.62,7.03,1.12,-2.85,-3.99,-5.80,0.10
13244.00,13.27,11.92,4.18,-0.33,-3.74,-4.55,-4.22,0.16
13248.00,10.46,5.30,3.14,-0.10,-6.70,-6.31,-0.61,5.06
13252.00,10.98,2.70,-1.75,-3.54,-5.16,-0.48,3.77,8.56
13256.00,7.87,1.04,-3.18,-2.84,-2.72,-0.76,4.00,7.25
13260.00,2.83,1.90,-4.82,-5.85,-2.69,4.18,5.36,11.84
13264.00,2.04,0.24,-3.31,-0.79,2.33,2.49,8.88,11.12
13268.00,1.54,-4.63,-5.47,-0.61,1.90,8.44,11.64,10.51
13272.00,-1.99,-3.87,-3.93,1.24,5.14,11.11,10.36,9.75
13276.00,-3.81,-1.63,1.75,1.01,4.89,10.59,10.19,10.79
13280.00,-4.63,-2.67,3.19,3.96,6.43,12.13,8.92,7.33
13284.00,-2.63,-2.12,1.05,5.13,11.17,12.69,7.52,4.91
13288.00,0.75,3.65,2.84,10.16,10.50,12.00,7.08,2.39
13292.00,1.45,5.03,4.98,9.55,12.52,8.70,3.09,-2.53
13296.00,0.12,2.72,10.01,9.98,11.26,3.92,-0.62,-7.23
13300.00,2.51,7.16,11.30,12.10,7.53,4.37,-1.57,-10.73
13304.00,3.31,6.24,11.29,8.99,7.28,-2.04,-3.93,-11.97
13308.00,5.40,9.45,8.10,8.41,3.15,-2.49,-8.09,-15.55
13312.00,6.08,10.51,9.26,6.15,-0.97,-8.73,-13.74,-13.42
13316.00,8.56,9.43,9.60,3.65,-4.59,-8.74,-13.68,-17.89
13320.00,10.69,9.36,3.84,-1.37,-7.06,-12.04,-12.99,-17.61
13324.00,6.32,8.77,1.72,-5.47,-8.25,-14.56,-17.44,-13.51
13328.00,7.03,4.23,1.31,-5.61,-13.03,-14.55,-17.52,-9.08
13332.00,7.10,2.78,-2.25,-8.06,-15.48,-16.76,-15.40,-5.01
13336.00,4.01,0.13,-5.26,-11.73,-14.31,-16.75,-9.74,-1.66
13340.00,2.33,-0.55,-6.75,-14.85,-13.79,-11.66,-4.92,2.49
13344.00,0.80,-3.74,-11.64,-12.42,-16.11,-8.45,-2.86,9.12
13348.00,-3.59,-8.47,-14.39,-16.80,-15.28,-9.74,1.36,12.69
13352.00,-4.42,-12.57,-15.35,-16.24,-11.64,-1.54,4.47,19.26
13356.00,-10.21,-10.62,-14.91,-13.31,-7.35,-0.58,13.58,23.23
13360.00,-11.71,-12.69,-12.52,-9.55,-2.82,5.09,16.52,25.71
13364.00,-9.87,-13.28,-11.19,-7.90,1.94,8.12,19.62,27.49
13368.00,-14.93,-15.29,-10.53,-5.49,3.73,17.12,24.46,29.82
13372.00,-12.18,-10.45,-9.08,0.00,8.77,16.39,27.87,28.85
13376.00,-11.11,-10.47,-3.62,3.56,11.03,20.32,27.40,26.70
13380.00,-12.93,-7.23,-2.09,9.06,15.60,22.73,29.76,24.18
13384.00,-11.05,-3.95,1.60,12.87,19.54,27.04,28.27,25.40
13388.00,-6.19,-2.66,9.14,17.98,22.92,25.40,24.74,18.74
13392.00,-6.16,1.14,9.04,17.80,24.77,22.86,23.93,13.62
13396.00,1.06,7.97,11.94,21.14,22.90,21.16,20.06,13.45
13400.00,0.63,10.75,16.67,22.03,23.54,22.58,15.71,7.00
13404.00,5.64,12.26,20.45,23.68,23.07,17.34,12.94,3.38
13408.00,7.35,16.79,20.36,19.56,17.43,14.64,8.11,-3.48
13412.00,9.50,15.13,19.12,19.39,16.71,10.23,2.84,-6.81
13416.00,11.74,17.64,21.90,15.89,14.52,7.50,-1.36,-5.29
13420.00,16.32,20.24,17.75,13.43,8.98,3.68,-2.65,-11.23
13424.00,18.40,18.65,14.80,11.41,3.87,-2.15,-4.83,-7.62
13428.00,16.60,18.17,16.56,10.91,3.18,-2.07,-10.76,-7.01
13432.00,15.26,15.46,10.32,5.53,1.22,-4.65,-6.73,-10.77
13436.00,14.60,14.36,8.93,2.09,-4.05,-7.26,-6.79,-9.16
13440.00,14.31,12.25,6.26,-2.35,-4.55,-9.58,-10.25,-4.37
13444.00,10.13,5.15,0.85,-3.39,-5.99,-5.78,-8.05,-2.27
13448.00,8.26,6.13,-0.90,-5.53,-8.55,-8.78,-1.94,0.43
13452.00,8.98,4.03,-5.40,-6.07,-8.89,-3.56,0.68,2.22
13456.00,4.23,-0.39,-3.25,-8.76,-6.77,-4.64,0.02,2.60
13460.00,2.98,-3.85,-4.32,-7.96,-6.49,-0.55,4.77,5.90
13464.00,0.39,-4.25,-6.59,-5.86,-4.80,2.02,4.44,8.09
13468.00,-2.91,-6.41,-4.07,-5.30,1.42,0.91,8.82,7.95
13472.00,-2.56,-4.98,-4.15,-1.50,2.65,5.39,5.88,6.07
13476.00,-5.17,-7.48,-4.33,-1.13,4.90,5.94,7.07,2.67
13480.00,-6.58,-3.90,-0.29,0.86,5.12,6.94,6.74,3.41
13484.00,-7.29,-2.51,-1.33,2.43,7.76,8.51,3.65,-0.16
13488.00,-3.29,-3.96,-0.64,4.49,5.01,6.93,0.50,-5.72
13492.00,-1.02,0.75,5.44,3.94,4.80,2.94,-2.16,-7.89
13496.00,-2.63,0.39,7.05,6.71,7.86,0.06,-4.95,-11.82
13500.00,0.25,3.70,6.41,8.10,2.60,-3.00,-6.23,-14.19
13504.00,0.76,2.16,5.79,6.86,3.10,-3.57,-12.76,-19.48
13508.00,1.87,7.48,5.88,1.72,1.01,-9.33,-15.08,-19.34
13512.00,1.96,6.51,3.77,1.55,-2.36,-13.10,-17.60,-22.05
13516.00,4.47,7.84,4.82,0.75,-8.24,-13.96,-18.24,-20.37
13520.00,6.33,4.38,2.85,-2.58,-12.27,-14.62,-22.61,-18.16
13524.00,3.63,1.08,-2.26,-8.87,-15.15,-19.39,-19.60,-16.34
13528.00,6.47,2.55,-4.63,-9.00,-15.49,-20.95,-21.39,-14.89
13532.00,1.55,-0.43,-8.12,-14.39,-19.65,-19.29,-20.73,-14.45
13536.00,-1.31,-6.54,-11.10,-16.95,-19.54,-21.76,-16.15,-6.76
13540.00,-1.43,-8.35,-15.11,-16.75,-20.75,-17.35,-13.10,-1.54
13544.00,-5.88,-8.69,-13.30,-18.03,-20.25,-17.99,-10.68,1.85
13548.00,-8.46,-10.14,-16.89,-20.04,-16.43,-14.82,-2.73,4.50
13552.00,-9.04,-14.21,-17.84,-19.96,-14.02,-6.51,1.45,13.10
13556.00,-12.06,-16.99,-20.80,-17.94,-10.15,-5.75,4.03,17.39
13560.00,-12.33,-16.57,-18.86,-15.72,-7.47,0.70,12.41,19.80
13564.00,-14.66,-17.87,-17.43,-12.62,-5.66,2.69,16.31,19.75
13568.00,-19.11,-16.30,-13.73,-8.14,0.36,10.94,16.80,21.93
13572.00,-17.51,-17.69,-13.70,-3.35,3.09,11.33,19.79,21.37
13576.00,-14.78,-15.87,-11.36,-2.41,7.10,14.27,23.30,22.47
13580.00,-13.62,-13.69,-3.49,1.43,13.02,17.96,24.07,20.32
13584.00,-15.42,-9.25,-2.76,9.06,13.97,19.09,23.06,19.40
13588.00,-13.98,-7.62,4.57,11.33,15.33,22.30,17.28,13.90
13592.00,-11.16,-0.13,5.24,15.71,20.33,18.06,17.50,8.82
13596.00,-3.89,4.31,8.45,18.02,17.24,20.14,12.25,4.39
13600.00,-1.72,6.40,12.84,15.92,19.55,17.53,9.77,-1.80
13604.00,3.77,7.10,16.22,15.97,16.82,14.49,2.91,-4.95
13608.00,4.99,12.43,17.70,18.45,14.96,7.63,1.90,-7.29
13612.00,9.05,10.87,14.57,14.82,12.71,2.53,-5.40,-12.95
13616.00,8.45,15.77,13.89,14.57,5.48,2.34,-9.22,-14.11
13620.00,9.88,15.63,12.99,10.76,3.33,-1.33,-11.84,-15.57
13624.00,13.32,14.80,12.36,5.22,2.45,-7.18,-11.19,-14.41
13628.00,11.81,12.05,10.17,3.40,-1.93,-10.92,-12.84,-14.27
13632.00,11.58,9.57,8.02,0.84,-5.45,-10.54,-15.87,-16.95
13636.00,11.65,8.60,5.61,-1.36,-10.09,-12.69,-15.78,-15.20
13640.00,7.78,6.20,2.00,-7.05,-11.86,-12.60,-12.51,-9.66
13644.00,10.03,3.47,-2.89,-9.08,-12.67,-11.50,-13.12,-8.35
13648.00,3.02,-0.70,-6.18,-11.11,-11.34,-13.33,-11.88,-5.41
13652.00,5.21,-3.49,-6.88,-11.64,-14.63,-9.35,-7.30,-1.49
13656.00,1.30,-2.73,-8.62,-9.44,-9.62,-9.34,-2.51,-1.55
13660.00,-0.72,-9.48,-12.12,-11.93,-12.34,-6.01,-1.20,-0.63
13664.00,-6.60,-10.93,-13.25,-9.34,-6.75,-2.68,0.86,0.51
13668.00,-6.76,-7.65,-9.91,-10.00,-6.27,-3.66,-0.95,4.02
13672.00,-8.63,-9.22,-7.99,-6.42,-5.56,1.54,0.98,1.72
13676.00,-7.53,-11.99,-8.85,-6.27,0.16,0.25,2.87,-1.75
13680.00,-7.87,-9.53,-8.26,-5.26,2.11,-0.35,2.44,-3.29
13684.00,-10.07,-5.26,-2.16,-3.47,-0.43,0.63,-1.78,-4.23
13688.00,-7.90,-6.21,-4.28,-1.34,1.40,3.50,-0.71,-8.63
13692.00,-4.95,-2.01,-0.79,0.22,2.24,-0.91,-4.47,-11.30
13696.00,-6.85,-3.76,-1.49,3.06,2.61,-1.60,-8.56,-17.68
13700.00,-4.17,-1.45,3.72,1.03,-0.60,-4.27,-11.23,-17.30
13704.00,0.01,-1.19,3.12,-1.18,-1.59,-8.86,-17.86,-22.30
13708.00,-2.21,0.47,2.26,-1.78,-7.30,-12.45,-19.46,-22.93
13712.00,3.48,3.26,2.52,-1.84,-8.48,-16.93,-24.02,-25.02
13716.00,4.43,4.15,-0.48,-3.82,-13.98,-18.32,-21.29,-25.84
13720.00,2.69,-0.62,-1.33,-8.26,-12.77,-20.06,-25.01,-26.65
13724.00,0.22,1.85,-6.39,-9.44,-18.45,-24.44,-22.81,-21.73
13728.00,0.37,-1.16,-5.09,-16.47,-21.27,-25.26,-23.83,-22.15
13732.00,2.12,-5.37,-12.83,-16.38,-23.70,-22.41,-22.61,-14.52
13736.00,-3.51,-7.00,-14.68,-20.42,-22.50,-24.79,-20.24,-10.88
13740.00,-1.71,-9.35,-16.09,-18.73,-24.51,-23.88,-15.01,-8.82
13744.00,-4.70,-12.28,-19.51,-23.97,-21.84,-21.38,-12.91,-1.90
13748.00,-6.78,-13.71,-18.08,-22.82,-20.01,-14.23,-6.26,2.78
13752.00,-11.01,-17.43,-21.46,-22.08,-16.36,-10.47,-0.26,8.30
13756.00,-14.83,-19.57,-21.38,-17.95,-16.15,-6.51,0.25,13.80
13760.00,-13.90,-19.81,-19.75,-19.92,-13.98,-1.90,8.85,14.30
13764.00,-19.94,-22.41,-17.57,-13.98,-7.60,3.19,11.95,16.67
13768.00,-18.51,-21.90,-15.80,-11.80,-5.15,6.18,12.44,21.46
13772.00,-19.43,-17.46,-16.26,-7.97,0.20,11.11,16.65,20.01
13776.00,-20.26,-14.92,-10.85,-2.61,3.67,12.41,17.84,20.51
13780.00,-16.82,-15.31,-5.96,3.55,11.40,17.11,19.43,15.36
13784.00,-17.57,-11.16,-2.60,2.89,15.13,19.75,19.81,16.33
13788.00,-14.98,-5.13,3.04,9.11,12.52,16.15,15.43,12.70
13792.00,-9.93,-3.12,6.08,13.97,14.37,19.07,11.70,7.36
13796.00,-8.77,0.52,7.48,11.54,15.02,17.13,9.78,1.94
13800.00,-1.22,3.55,9.37,12.96,16.60,14.28,9.16,-0.72
13804.00,-0.37,9.19,14.90,16.48,13.85,9.43,1.90,-3.56
13808.00,4.35,10.86,14.69,15.25,11.91,7.21,-2.84,-7.61
13812.00,6.52,11.30,17.18,14.06,7.54,1.26,-4.15,-11.44
13816.00,8.09,10.96,14.95,10.74,6.33,-1.10,-6.92,-15.70
13820.00,8.75,13.75,14.10,9.39,1.83,-2.51,-9.49,-13.96
13824.00,13.94,14.36,10.60,8.74,-0.40,-6.17,-11.41,-17.32
13828.00,12.36,14.18,11.07,1.57,-5.04,-11.81,-16.13,-18.20
13832.00,12.60,8.28,6.80,0.96,-4.80,-10.26,-15.90,-13.10
13836.00,10.19,9.27,3.76,-4.67,-10.27,-12.06,-13.86,-15.04
13840.00,7.91,4.83,-0.94,-8.06,-12.16,-11.84,-13.91,-12.86
13844.00,8.17,3.72,-3.01,-6.35,-10.55,-15.94,-13.15,-10.55
13848.00,3.19,-2.33,-3.39,-11.62,-12.83,-14.84,-10.61,-5.72
13852.00,5.02,-3.01,-5.62,-9.33,-13.09,-9.66,-7.53,-0.77
13856.00,0.06,-4.95,-10.91,-12.96,-11.76,-8.49,-6.46,1.97
13860.00,-3.35,-5.57,-11.94,-9.96,-8.97,-6.82,-2.58,3.26
13864.00,-4.08,-5.88,-12.88,-10.66,-5.66,-3.53,0.52,2.16
13868.00,-4.28,-8.62,-9.82,-7.73,-6.55,-1.34,2.94,4.08
13872.00,-9.39,-10.68,-10.86,-6.08,-1.48,-1.23,1.83,3.43
13876.00,-7.68,-6.85,-7.44,-6.37,-2.89,0.30,0.71,2.16
13880.00,-6.76,-6.71,-4.30,-2.45,0.60,1.14,2.38,-1.78
13884.00,-9.88,-6.94,-1.54,2.12,4.57,3.51,1.38,-4.59
13888.00,-5.70,-2.61,-1.04,2.50,3.04,4.74,0.87,-9.82
13892.00,-7.27,-4.70,2.84,1.81,5.42,2.20,-4.80,-10.25
13896.00,-3.75,-1.09,2.87,2.01,2.58,-2.78,-7.08,-14.29
13900.00,-2.59,3.46,0.83,4.53,-0.29,-3.84,-10.74,-17.07
13904.00,-1.35,0.13,3.47,1.26,1.39,-6.20,-14.36,-18.12
13908.00,0.34,5.47,1.60,1.26,-3.83,-9.45,-18.46,-23.38
13912.00,5.13,5.31,3.14,-2.53,-7.15,-14.01,-18.46,-23.61
13916.00,3.01,3.49,1.69,-2.22,-8.16,-18.27,-21.77,-24.62
13920.00,2.56,4.86,0.43,-4.42,-10.04,-19.89,-21.46,-22.84
13924.00,5.14,1.44,-4.52,-10.67,-14.60,-22.88,-24.32,-18.31
13928.00,3.87,2.57,-3.81,-11.41,-17.24,-20.91,-21.70,-18.02
13932.00,3.55,-0.61,-7.55,-15.01,-20.96,-23.84,-17.75,-14.88
13936.00,1.52,-2.85,-11.80,-16.15,-21.35,-22.00,-17.04,-9.55
13940.00,-3.25,-8.28,-13.31,-19.45,-21.81,-18.47,-11.22,-5.85
13944.00,-3.54,-11.71,-17.47,-21.69,-20.85,-16.30,-6.96,1.84
13948.00,-4.46,-12.57,-15.34,-17.25,-17.09,-11.87,-5.09,5.83
13952.00,-11.15,-13.27,-17.57,-18.29,-14.67,-7.77,0.04,12.71
13956.00,-9.48,-15.31,-17.81,-16.95,-11.90,-5.83,6.51,17.77
13960.00,-14.32,-17.47,-19.65,-16.92,-10.00,-0.96,11.96,20.79
13964.00,-14.47,-15.52,-16.56,-11.80,-6.02,4.30,14.62,22.04
13968.00,-14.15,-18.02,-13.56,-8.74,0.87,11.77,18.49,23.53
13972.00,-14.68,-17.31,-11.32,-1.35,6.19,12.44,23.73,25.98
13976.00,-15.84,-14.82,-5.55,-0.35,11.81,19.41,23.89,25.41
13980.00,-12.15,-10.04,-1.65,6.07,15.18,22.34,21.79,21.29
13984.00,-10.41,-8.69,-0.16,11.19,16.95,23.10,22.72,18.04
13988.00,-11.18,-1.69,6.13,14.58,19.24,21.40,20.71,15.35
13992.00,-4.69,1.98,8.02,15.09,22.35,22.30,17.68,13.43
13996.00,-1.82,3.24,11.48,20.30,21.01,21.17,14.16,9.69
14000.00,-1.70,6.70,13.17,16.91,18.84,17.98,11.95,5.72
14004.00,5.42,10.84,18.20,18.31,18.18,15.32,9.33,0.41
14008.00,9.13,12.19,17.02,17.48,18.53,13.56,2.49,-5.72
14012.00,10.66,17.52,16.67,18.69,14.87,9.83,-2.11,-6.04
14016.00,14.75,18.69,17.16,17.79,8.95,3.81,-4.94,-7.52
14020.00,15.11,15.15,16.94,16.20,8.83,1.18,-4.08,-12.22
14024.00,15.34,19.08,15.55,11.49,2.70,-2.48,-7.47,-10.55
14028.00,18.61,16.94,14.96,9.92,1.27,-4.69,-10.72,-11.28
14032.00,14.72,14.86,9.72,3.84,-2.80,-9.78,-11.01,-8.07
14036.00,15.91,14.09,5.44,1.58,-2.27,-6.05,-8.48,-7.46
14040.00,15.02,7.86,2.07,0.11,-4.22,-10.16,-10.59,-3.34
14044.00,12.23,5.37,0.21,-3.78,-9.29,-10.83,-4.71,-3.05
14048.00,10.23,4.60,0.09,-3.48,-8.07,-6.94,-4.56,-0.83
14052.00,7.13,1.58,-4.01,-6.53,-8.73,-7.50,-0.03,2.89
14056.00,4.61,1.39,-7.16,-5.30,-6.80,-3.47,-1.13,5.52
14060.00,3.63,-3.57,-3.28,-7.07,-6.45,-2.06,5.36,5.14
14064.00,-0.12,-2.65,-4.97,-5.99,-4.49,2.91,8.13,9.87
14068.00,-0.46,-6.00,-6.93,-3.36,-0.91,6.20,9.86,7.98
14072.00,-2.11,-2.51,-4.03,0.40,4.51,8.61,9.48,7.03
14076.00,-4.85,-5.49,-2.41,2.85,2.77,5.41,7.67,8.96
14080.00,-3.65,-1.51,-1.24,2.98,6.36,9.29,10.12,6.68
14084.00,-4.93,-1.52,0.36,3.42,8.43,6.85,7.86,3.16
14088.00,-3.19,-0.49,4.42,6.19,9.35,7.27,5.21,0.90
14092.00,-2.36,1.15,3.23,8.51,6.87,8.88,3.28,-3.30
14096.00,1.40,3.73,4.96,9.05,9.41,2.03,-2.38,-7.43
14100.00,2.87,6.37,6.71,10.30,4.94,3.59,-5.92,-10.53
14104.00,4.44,8.98,9.82,9.32,6.94,-0.59,-9.39,-12.09
14108.00,7.03,9.21,7.01,7.06,4.38,-3.98,-9.26,-13.86
14112.00,7.73,10.01,6.95,2.19,1.13,-9.78,-11.99,-17.45
14116.00,7.72,7.30,5.06,0.03,-3.40,-9.60,-15.44,-18.73
14120.00,6.49,10.01,2.25,-1.87,-9.44,-15.41,-17.50,-17.51
14124.00,8.66,7.94,-0.07,-3.94,-10.69,-14.15,-15.10,-16.80
14128.00,8.28,6.11,-2.90,-8.68,-13.98,-16.97,-16.93,-13.81
14132.00,7.38,1.39,-1.36,-7.01,-12.39,-14.86,-12.50,-8.36
14136.00,5.24,0.02,-5.98,-10.84,-16.78,-14.35,-12.09,-4.68
14140.00,1.70,-3.00,-7.73,-14.83,-13.50,-16.01,-6.99,2.68
14144.00,-0.15,-5.86,-13.53,-16.17,-12.77,-8.89,-3.62,7.44
14148.00,-5.03,-6.03,-11.76,-14.32,-11.09,-6.70,1.69,10.15
14152.00,-4.31,-8.28,-14.38,-16.03,-9.93,-4.02,9.04,19.63
14156.00,-6.18,-9.92,-15.56,-12.00,-5.51,3.18,12.43,22.12
14160.00,-7.79,-13.54,-15.06,-10.88,-2.95,5.71,14.80,25.55
14164.00,-12.22,-15.71,-11.01,-8.89,-0.28,12.07,21.57,27.96
14168.00,-14.64,-11.53,-8.62,-4.39,3.03,16.69,24.55,29.80
14172.00,-10.90,-12.56,-8.07,-1.37,7.88,19.31,27.55,32.38
14176.00,-13.30,-7.23,-4.01,4.41,13.24,23.62,26.14,27.46
14180.00,-10.88,-4.96,0.13,10.71,16.25,24.78,28.56,25.23
14184.00,-7.90,-2.96,5.76,15.48,21.43,24.73,27.06,23.81
14188.00,-7.43,-1.57,9.82,15.89,25.08,28.25,27.74,19.96
14192.00,-4.59,5.46,11.64,18.49,22.60,28.86,24.52,18.19
14196.00,-2.01,5.31,15.39,20.36,24.95,22.81,22.50,11.01
14200.00,5.27,10.35,17.49,22.39,27.25,22.34,15.49,9.83
14204.00,5.90,12.14,19.96,24.46,25.03,19.09,11.06,4.97
14208.00,9.15,15.76,22.82,22.67,20.09,14.43,6.55,2.67
14212.00,12.25,19.52,22.51,23.97,17.93,12.74,4.13,-3.64
14216.00,16.46,19.24,23.57,21.34,13.09,10.19,2.14,-6.97
14220.00,15.94,19.21,20.34,15.36,13.01,2.44,-2.80,-6.63
14224.00,17.02,18.76,17.42,12.60,7.00,-1.14,-4.63,-5.47
14228.00,17.88,19.17,14.31,9.53,4.22,0.71,-4.24,-6.70
14232.00,17.31,16.30,12.99,7.37,2.76,-6.00,-3.65,-5.23
14236.00,16.67,14.19,12.83,2.38,-0.16,-5.61,-5.37,-3.56
14240.00,14.51,11.51,6.33,3.65,-4.88,-5.70,-5.99,-2.73
14244.00,12.08,9.27,3.82,-1.41,-5.81,-3.72,-2.74,0.71
14248.00,12.23,9.40,0.12,-1.63,-6.23,-4.28,1.17,2.09
14252.00,11.66,5.00,1.93,-1.29,-5.63,-1.81,-0.08,4.56
14256.00,7.36,-0.36,-2.51,-5.70,-4.57,-0.57,5.00,9.67
14260.00,3.80,1.17,-1.81,-2.44,-3.03,3.73,7.05,11.57
14264.00,3.69,-4.14,-3.19,-4.17,0.73,4.79,10.18,12.56
14268.00,-0.67,-0.97,-3.88,-3.48,3.82,8.21,11.47,9.26
14272.00,-2.97,-5.10,-4.09,-0.81,7.26,10.46,9.92,11.18
14276.00,-0.71,-4.31,-0.38,3.09,8.79,12.56,11.57,6.90
14280.00,-4.92,-3.74,-0.92,5.84,7.03,10.33,9.87,7.19
14284.00,-1.07,1.76,3.18,9.35,11.48,11.18,6.49,2.46
14288.00,-2.84,-0.87,4.93,10.67,12.90,11.40,4.81,1.32
14292.00,-1.02,4.37,5.20,7.93,12.32,6.61,3.37,-2.06
14296.00,2.66,7.51,8.50,11.72,11.04,5.08,2.23,-8.58
14300.00,2.01,5.53,7.64,9.44,7.76,5.12,-2.12,-11.20
14304.00,6.90,8.50,8.78,8.33,4.16,2.42,-8.64,-11.72
14308.00,7.09,10.73,10.44,7.71,5.39,-0.98,-7.57,-16.65
14312.00,6.46,10.46,9.17,8.18,1.04,-4.82,-9.85,-14.91
14316.00,6.88,10.61,6.74,3.17,-3.98,-11.12,-16.40,-17.28
14320.00,8.63,8.11,5.60,-0.16,-5.07,-14.07,-14.66,-14.23
14324.00,6.56,7.68,3.73,-5.40,-11.60,-15.83,-17.91,-14.72
14328.00,6.39,7.48,-1.18,-5.14,-9.31,-17.59,-14.09,-9.10
14332.00,8.18,4.67,-0.85,-6.60,-14.46,-13.18,-11.47,-4.94
14336.00,3.12,-1.05,-5.40,-13.10,-12.95,-16.38,-11.53,-2.64
14340.00,4.35,-3.02,-9.70,-10.82,-16.44,-11.45,-6.83,2.58
14344.00,-0.49,-4.37,-11.83,-16.29,-15.11,-10.10,-4.79,7.19
14348.00,-1.56,-9.19,-12.61,-12.42,-14.28,-5.92,0.83,10.19
14352.00,-6.13,-10.81,-13.63,-15.09,-8.71,-4.94,8.42,18.74
14356.00,-6.27,-10.68,-16.25,-11.07,-9.34,1.43,11.77,23.23
14360.00,-7.63,-11.60,-15.01,-11.59,-2.39,5.77,15.10,25.77
14364.00,-11.54,-12.47,-14.48,-6.11,-0.87,11.85,17.98,25.55
14368.00,-10.51,-12.81,-8.69,-5.87,3.35,13.22,22.81,28.82
14372.00,-14.42,-12.10,-5.93,2.31,10.06,19.41,26.78,26.95
14376.00,-13.55,-10.88,-2.78,5.17,12.38,19.45,28.49,25.90
14380.00,-10.73,-5.26,-1.15,8.05,17.40,25.15,25.56,26.40
14384.00,-9.81,-5.02,1.60,13.32,18.97,25.82,27.36,22.06
14388.00,-8.04,1.43,8.34,16.81,21.04,24.66,25.37,18.90
14392.00,-6.88,4.46,12.53,17.93,25.25,26.50,22.53,16.11
14396.00,-1.33,4.41,13.45,20.44,22.73,25.10,18.15,9.59
14400.00,2.60,9.61,15.94,23.16,22.68,19.25,13.55,5.86
14404.00,7.72,11.63,17.15,24.14,24.01,16.59,10.89,4.77
14408.00,6.41,13.03,22.54,21.58,21.90,14.36,8.46,-1.78
14412.00,9.71,18.64,18.59,21.75,18.18,10.57,2.60,-6.68
14416.00,13.29,18.95,21.12,20.21,13.34,8.13,-0.10,-6.03
14420.00,14.29,18.93,16.66,16.93,11.05,3.14,-2.40,-8.55
14424.00,14.78,18.55,18.70,12.12,7.49,-2.25,-6.58,-8.42
14428.00,17.17,19.10,13.08,11.14,0.72,-6.03,-5.93,-10.36
14432.00,17.86,13.62,12.60,7.58,-2.90,-4.76,-8.50,-10.69
14436.00,17.26,13.39,9.46,0.10,-5.36,-7.55,-10.64,-7.30
14440.00,13.99,8.79,3.44,-0.81,-7.84,-6.07,-7.03,-5.88
14444.00,12.69,5.67,2.07,-2.31,-8.02,-7.38,-4.44,-0.38
14448.00,9.54,2.05,-1.70,-3.06,-5.23,-7.24,-5.96,2.28
14452.00,9.13,2.94,-4.74,-7.23,-6.92,-7.15,-3.48,5.11
14456.00,5.09,-2.09,-5.16,-6.61,-7.69,-1.85,2.06,7.38
14460.00,-0.14,-3.48,-3.93,-9.06,-6.05,-2.32,3.90,6.07
14464.00,-0.06,-5.57,-5.04,-5.08,-2.85,1.15,4.60,5.16
14468.00,-4.25,-7.40,-3.88,-4.59,1.43,0.81,7.03,9.47
14472.00,-4.96,-5.95,-6.99,-3.38,-0.44,4.47,6.10,4.77
14476.00,-7.45,-5.38,-3.39,-2.87,4.61,5.29,9.15,4.62
14480.00,-5.90,-3.91,-1.87,2.46,6.83,4.92,7.76,0.69
14484.00,-5.22,-5.72,-0.60,4.65,8.22,6.02,5.24,-1.00
14488.00,-4.88,0.33,2.08,7.03,7.91,5.55,4.06,-2.21
14492.00,-2.35,-0.64,1.40,7.82,5.57,4.02,0.36,-6.91
14496.00,-3.55,-0.81,5.48,8.72,6.63,3.63,-2.11,-9.67
14500.00,-0.83,2.80,5.56,7.33,4.10,0.30,-5.77,-12.81
14504.00,2.06,6.69,4.53,2.71,1.08,-5.83,-9.46,-18.80
14508.00,5.38,5.53,4.65,2.31,-1.13,-7.70,-16.81,-19.20
14512.00,6.73,5.78,5.36,1.14,-5.38,-11.80,-18.74,-19.80
14516.00,4.71,4.33,2.27,-3.62,-8.06,-12.92,-21.57,-20.67
14520.00,6.74,6.41,0.24,-2.22,-9.36,-19.34,-19.23,-22.96
14524.00,4.65,3.02,-0.33,-8.63,-16.13,-19.90,-21.78,-20.72
14528.00,5.47,1.34,-6.66,-8.86,-15.90,-17.80,-22.06,-15.66
14532.00,4.39,-1.02,-5.37,-14.36,-16.51,-22.82,-19.35,-13.50
14536.00,-0.37,-3.41,-8.44,-14.75,-19.47,-18.81,-16.49,-10.43
14540.00,-3.48,-8.61,-14.31,-19.27,-18.72,-20.24,-14.76,-4.32
14544.00,-2.67,-8.23,-15.64,-20.79,-19.11,-17.12,-7.29,2.67
14548.00,-4.92,-12.64,-17.48,-20.57,-19.47,-12.39,-1.53,6.02
14552.00,-9.41,-16.17,-16.54,-19.93,-14.18,-10.75,3.43,13.97
14556.00,-14.20,-14.42,-20.59,-16.60,-10.86,-3.27,7.47,14.27
14560.00,-16.56,-18.74,-16.92,-16.33,-9.18,0.32,9.05,17.08
14564.00,-16.06,-20.28,-15.74,-12.17,-5.56,5.99,12.29,23.01
14568.00,-17.39,-17.53,-16.47,-9.80,0.59,8.83,20.06,21.62
14572.00,-16.72,-18.57,-13.99,-5.32,6.30,12.69,19.38,21.55
14576.00,-17.91,-13.53,-7.45,-1.23,9.38,18.42,20.31,19.88
14580.00,-17.76,-11.21,-6.20,1.68,12.89,19.62,22.35,18.57
14584.00,-15.67,-8.57,-2.32,4.73,13.46,19.88,19.49,18.13
14588.00,-10.65,-4.68,4.13,10.22,15.49,20.63,20.62,13.71
14592.00,-10.85,-2.94,4.52,15.52,16.63,17.62,17.49,9.13
14596.00,-4.44,3.17,8.28,13.29,18.77,18.13,11.58,2.56
14600.00,-2.09,3.77,14.50,15.68,18.94,17.02,7.05,2.13
14604.00,0.38,8.23,16.13,17.99,16.74,13.43,3.36,-6.13
14608.00,5.48,9.78,14.31,17.94,13.39,10.01,-1.87,-6.75
14612.00,7.61,14.09,17.83,17.32,12.26,5.84,-4.97,-9.13
14616.00,8.31,16.25,14.08,13.58,9.76,0.26,-9.63,-11.82
14620.00,9.24,14.61,14.35,10.19,5.51,-1.92,-10.20,-15.44
14624.00,11.54,13.88,11.71,5.37,1.92,-8.07,-13.01,-17.59
14628.00,11.05,11.22,9.14,1.27,-2.04,-8.04,-13.31,-14.65
14632.00,13.56,8.67,6.08,1.16,-7.89,-10.79,-15.41,-15.42
14636.00,10.75,9.01,3.61,-3.57,-8.13,-11.52,-12.28,-13.61
14640.00,11.87,4.63,1.75,-6.09,-9.76,-13.50,-12.63,-10.73
14644.00,7.71,4.85,-2.45,-6.40,-12.40,-13.45,-10.58,-9.85
14648.00,4.85,-1.56,-5.90,-8.53,-10.96,-10.58,-8.82,-5.09
14652.00,3.47,-1.81,-6.68,-10.86,-13.17,-9.29,-7.62,-2.17
14656.00,0.89,-5.05,-9.13,-10.10,-9.06,-7.54,-3.52,-0.16
14660.00,-2.58,-9.25,-10.29,-11.95,-7.42,-5.90,-1.24,2.33
14664.00,-4.76,-11.10,-9.49,-9.64,-8.18,-5.90,-2.89,3.06
14668.00,-5.28,-11.03,-12.43,-9.18,-4.85,-1.67,3.42,3.80
14672.00,-9.67,-12.33,-9.09,-7.03,-4.62,2.36,-0.31,1.60
14676.00,-6.87,-8.22,-6.51,-3.99,-3.83,3.43,-0.21,1.79
14680.00,-10.85,-9.17,-7.04,-0.94,-0.03,2.55,2.22,-2.80
14684.00,-11.17,-5.89,-6.93,-1.76,3.28,-0.42,-1.39,-8.12
14688.00,-5.70,-4.22,-0.45,-0.69,1.26,0.70,-0.81,-9.62
14692.00,-9.04,-5.16,-2.17,3.80,0.24,0.48,-4.37,-12.64
14696.00,-7.43,-3.41,1.69,2.26,-1.23,-4.56,-11.30,-13.83
14700.00,-4.50,0.42,2.66,1.65,-0.64,-5.34,-14.62,-19.58
14704.00,-3.98,1.17,0.59,1.10,-0.68,-10.09,-14.21,-23.55
14708.00,-2.56,3.23,2.67,0.60,-5.93,-12.93,-18.14,-22.47
14712.00,-0.28,4.28,-1.21,-3.94,-9.00,-14.33,-23.01,-27.33
14716.00,0.54,0.58,-1.11,-4.24,-10.03,-19.00,-22.45,-27.17
14720.00,0.83,3.07,-2.52,-8.89,-12.52,-20.72,-24.41,-27.50
14724.00,4.38,2.25,-4.05,-8.92,-16.00,-23.11,-27.18,-20.89
14728.00,-0.14,-0.69,-8.20,-16.43,-18.17,-25.35,-23.14,-19.58
14732.00,0.05,-5.30,-12.54,-17.94,-22.88,-24.45,-21.64,-16.30
14736.00,-2.24,-4.73,-15.32,-17.06,-23.23,-24.05,-17.87,-12.79
14740.00,-3.90,-10.74,-14.97,-21.29,-24.95,-22.59,-17.45,-6.38
14744.00,-4.99,-12.27,-15.90,-23.48,-24.92,-20.76,-10.50,-2.14
14748.00,-8.43,-16.58,-19.63,-22.24,-23.53,-18.14,-7.69,3.15
14752.00,-9.90,-19.43,-19.26,-23.06,-16.42,-10.49,-1.03,10.22
14756.00,-15.90,-17.98,-19.49,-21.00,-13.27,-9.11,2.89,11.98
14760.00,-17.23,-19.71,-18.83,-19.58,-11.32,-4.02,9.56,16.49
14764.00,-17.15,-19.31,-17.25,-15.85,-7.08,4.11,13.28,17.94
14768.00,-18.84,-19.57,-17.33,-13.43,-0.71,6.23,12.48,18.59
14772.00,-19.15,-16.20,-12.77,-7.90,0.50,10.86,18.50,21.24
14776.00,-20.22,-17.87,-11.44,-4.53,3.87,12.34,17.91,20.60
14780.00,-16.97,-13.02,-5.75,-0.02,11.97,14.59,20.71,19.51
14784.00,-13.38,-11.97,-1.32,7.52,15.00,17.20,17.69,13.10
14788.00,-14.15,-9.23,-0.35,10.06,15.02,20.39,16.09,13.21
14792.00,-12.22,-5.34,3.63,9.35,16.70,18.57,15.86,5.30
14796.00,-5.76,0.72,8.91,14.19,17.78,17.79,11.82,3.55
14800.00,-2.63,6.24,11.51,14.93,16.27,15.48,9.39,-1.20
14804.00,2.61,5.02,11.68,16.47,14.03,12.84,2.89,-3.24
14808.00,1.71,7.91,12.57,15.15,14.83,5.01,-1.11,-9.23
14812.00,6.78,13.35,12.58,15.58,11.88,5.14,-7.48,-13.90
14816.00,6.70,12.52,13.28,13.45,5.25,-2.45,-9.07,-17.02
14820.00,10.61,15.27,11.56,7.84,2.53,-3.09,-10.39,-15.97
14824.00,10.70,13.14,8.98,8.70,-0.79,-9.48,-12.84,-17.12
14828.00,10.49,10.88,10.92,5.11,-3.34,-11.74,-14.17,-14.51
14832.00,11.13,10.80,6.37,-1.85,-8.36,-11.69,-15.66,-14.55
14836.00,9.11,9.73,4.92,-3.45,-7.83,-11.26,-15.91,-14.53
14840.00,9.43,8.07,-1.02,-5.59,-8.93,-16.04,-14.39,-10.47
14844.00,7.49,3.33,-5.20,-6.60,-10.83,-13.10,-14.16,-5.75
14848.00,3.50,0.23,-5.20,-8.05,-12.18,-12.12,-8.15,-4.71
14852.00,2.53,-1.97,-8.54,-11.31,-12.32,-10.40,-9.33,-2.36
14856.00,-1.20,-3.71,-7.97,-11.74,-11.16,-9.43,-6.70,0.34
14860.00,-4.40,-6.51,-10.78,-12.53,-8.72,-6.46,-0.55,3.10
14864.00,-3.79,-9.84,-8.64,-8.75,-5.71,-3.59,1.50,2.08
14868.00,-7.32,-9.47,-12.02,-9.99,-6.67,-0.48,2.73,3.19
14872.00,-9.04,-8.27,-7.47,-4.49,-3.47,1.85,1.66,0.17
14876.00,-7.08,-7.55,-5.87,-3.06,-1.44,1.42,3.02,0.12
14880.00,-9.76,-6.39,-3.65,-4.01,1.67,1.68,-0.31,-2.67
14884.00,-6.96,-5.55,-3.92,0.70,3.46,2.62,0.71,-4.37
14888.00,-8.35,-3.26,-3.01,2.05,3.08,0.96,-0.45,-6.24
14892.00,-3.83,-1.87,0.31,3.05,4.55,2.11,-3.61,-13.17
14896.00,-5.51,-1.93,2.27,1.78,3.60,0.77,-7.10,-15.13
14900.00,-3.84,1.43,4.22,5.95,2.27,-6.16,-9.95,-19.16
14904.00,0.36,0.50,1.43,4.91,-2.27,-4.47,-13.83,-18.95
14908.00,3.57,1.41,4.65,1.57,-1.56,-10.19,-15.33,-24.56
14912.00,4.49,1.60,2.78,-1.24,-6.71,-14.51,-20.93,-24.32
14916.00,1.78,5.61,1.60,-5.08,-8.92,-17.95,-20.97,-24.32
14920.00,4.91,3.43,0.13,-7.02,-14.67,-18.78,-24.17,-20.64
14924.00,3.17,0.90,-2.30,-10.67,-16.78,-21.73,-24.10,-22.69
14928.00,3.47,-1.45,-5.43,-11.28,-15.67,-21.14,-19.94,-18.90
14932.00,3.87,0.30,-6.05,-16.59,-19.00,-22.75,-18.51,-11.66
14936.00,2.59,-5.27,-8.60,-16.49,-18.90,-20.76,-14.92,-10.30
14940.00,-0.09,-8.90,-13.43,-16.44,-18.78,-21.18,-13.05,-3.85
14944.00,-3.37,-9.31,-16.50,-18.96,-21.37,-16.62,-10.82,2.90
14948.00,-6.57,-12.15,-17.51,-17.82,-17.69,-13.25,-1.88,8.58
14952.00,-6.92,-15.64,-16.14,-19.95,-14.03,-10.87,3.55,12.83
14956.00,-10.27,-14.73,-20.66,-15.27,-11.78,-1.97,7.44,14.59
14960.00,-12.90,-19.17,-15.37,-14.71,-10.57,3.19,11.54,20.05
14964.00,-12.84,-17.16,-16.74,-9.64,-3.33,7.21,14.09,24.58
14968.00,-18.02,-14.54,-14.74,-6.69,0.92,11.04,20.43,23.00
14972.00,-16.30,-14.33,-11.43,-3.02,5.54,16.55,19.88,22.31
14976.00,-17.73,-15.77,-7.74,2.84,7.92,15.40,22.24,22.36
14980.00,-16.06,-11.81,-5.60,2.67,14.49,19.15,24.03,21.16
14984.00,-11.37,-7.47,-1.31,9.31,17.27,22.75,23.42,19.18
14988.00,-7.72,-3.43,6.56,11.42,17.52,22.75,22.52,15.61
14992.00,-4.83,-0.66,9.94,17.32,20.10,19.25,19.56,12.07
14996.00,-3.53,3.68,9.30,17.63,21.25,18.35,13.61,8.40
15000.00,1.38,6.13,12.50,19.24,18.84,18.27,12.51,5.02
15004.00,2.35,9.92,17.31,22.28,20.83,16.54,7.75,1.93
15008.00,9.29,13.73,19.70,19.56,15.57,13.14,1.68,-6.23
15012.00,8.92,14.99,16.98,18.28,12.04,6.12,1.70,-8.73
15016.00,13.07,18.47,19.22,18.25,11.56,6.53,-3.28,-9.86
15020.00,14.69,19.99,19.71,12.12,8.78,1.43,-3.87,-10.98
15024.00,17.96,16.73,14.24,11.41,6.68,-2.28,-10.54,-9.58
15028.00,15.07,13.81,15.02,5.45,-0.95,-5.63,-9.52,-13.22
15032.00,15.34,14.56,9.66,3.00,-4.55,-5.43,-8.27,-9.29
15036.00,17.63,13.56,8.00,3.35,-4.18,-10.96,-9.09,-9.44
15040.00,12.02,10.95,4.62,-1.32,-7.54,-6.46,-9.70,-4.23
15044.00,11.29,5.94,0.63,-4.20,-8.42,-6.85,-5.66,-2.09
15048.00,8.63,3.19,-2.14,-7.86,-7.30,-8.23,-2.20,1.65
15052.00,7.01,-0.81,-3.57,-8.54,-8.11,-7.44,-2.67,5.19
15056.00,5.61,-0.11,-4.64,-5.07,-7.64,-4.51,-1.17,5.65
15060.00,4.14,-2.76,-5.74,-8.79,-4.52,-0.19,2.27,9.22
15064.00,-2.11,-4.90,-4.68,-5.64,-4.53,1.07,7.68,8.17
15068.00,-3.09,-4.12,-6.03,-3.77,-1.55,5.24,7.63,9.83
15072.00,-1.88,-3.83,-5.27,-1.33,1.51,4.56,10.42,6.40
15076.00,-4.29,-5.42,-3.17,-0.19,4.89,10.13,10.76,6.94
15080.00,-4.22,-3.41,-1.04,1.45,3.99,8.06,7.51,3.96
15084.00,-3.59,-3.75,1.64,5.51,8.73,6.64,6.47,2.69
15088.00,-2.82,-0.91,1.48,7.74,7.82,6.50,6.37,-3.11
15092.00,-2.78,1.58,6.98,8.62,6.43,4.24,2.68,-7.17
15096.00,0.83,1.77,8.52,9.50,9.50,2.22,-1.60,-9.67
15100.00,4.21,6.54,8.59,8.52,6.74,2.22,-6.05,-13.78
15104.00,5.93,8.03,8.37,8.59,2.01,-1.92,-9.02,-13.53
15108.00,5.08,5.41,6.33,8.03,2.56,-6.22,-9.37,-15.34
15112.00,6.10,10.36,7.29,2.03,-0.46,-10.07,-11.16,-17.47
15116.00,8.02,9.31,5.29,1.61,-4.42,-12.71,-16.86,-19.69
15120.00,9.98,7.68,6.75,1.42,-6.41,-11.68,-18.83,-15.71
15124.00,9.95,4.72,2.75,-2.22,-9.73,-13.82,-18.21,-16.73
15128.00,6.79,4.85,-2.72,-4.80,-11.99,-14.83,-14.51,-13.84
15132.00,5.66,2.40,-2.19,-7.27,-12.92,-18.26,-12.93,-8.99
15136.00,5.55,-1.80,-5.32,-11.93,-17.10,-16.42,-12.24,-2.81
15140.00,3.35,-2.53,-7.15,-13.55,-17.71,-15.26,-5.65,0.06
15144.00,0.96,-3.98,-13.13,-14.97,-14.77,-11.20,-4.47,4.98
15148.00,-5.07,-7.07,-13.43,-14.85,-12.37,-9.70,-0.59,13.85
15152.00,-6.81,-12.68,-13.67,-12.27,-10.52,-1.83,6.99,15.21
15156.00,-5.66,-13.43,-12.75,-13.64,-5.34,3.33,9.76,20.21
15160.00,-12.08,-12.74,-11.70,-8.95,-4.97,7.14,15.68,26.10
15164.00,-10.57,-13.49,-12.47,-5.27,-1.12,12.26,19.28,26.95
15168.00,-13.94,-14.98,-10.37,-1.44,7.13,13.68,24.23,28.74
15172.00,-13.71,-10.40,-6.50,1.94,8.82,18.32,28.41,28.10
15176.00,-12.73,-8.16,-2.53,4.12,12.57,20.95,29.36,27.61
15180.00,-13.03,-7.17,0.34,7.48,19.39,27.41,26.96,27.38
15184.00,-9.71,-5.82,2.81,11.76,21.63,27.54,28.93,27.15
15188.00,-5.97,1.59,7.08,18.58,21.37,27.53,26.68,19.25
15192.00,-5.63,5.19,11.26,20.29,24.62,26.92,21.62,18.64
15196.00,-1.04,8.96,14.85,21.66,24.48,27.03,18.84,12.94
15200.00,4.60,9.52,16.77,24.75,26.47,20.39,16.40,8.49
15204.00,7.62,12.72,21.16,25.39,22.10,19.47,14.91,3.65
15208.00,8.02,14.85,21.52,23.41,20.27,15.41,10.73,3.03
15212.00,15.36,20.02,20.71,23.84,20.55,10.12,4.83,-1.93
15216.00,16.01,19.20,22.70,19.12,15.99,8.46,-0.12,-3.65
15220.00,15.12,20.35,21.44,16.09,9.38,5.53,-1.38,-7.86
15224.00,18.73,20.78,18.95,13.06,6.43,1.78,-2.62,-8.92
15228.00,21.39,18.27,18.86,11.16,2.63,0.39,-3.49,-8.04
15232.00,20.52,17.86,12.73,5.87,1.33,-4.67,-6.83,-6.65
15236.00,15.95,15.77,8.30,5.84,0.86,-3.21,-5.63,-5.20
15240.00,16.37,13.42,5.51,3.16,-4.83,-2.86,-4.35,-0.05
15244.00,12.89,9.31,6.00,-1.87,-3.36,-6.02,-2.93,1.72
15248.00,11.95,9.41,0.03,-4.87,-5.70,-5.73,0.07,2.62
15252.00,7.01,6.19,-2.05,-1.66,-2.14,-1.57,0.75,4.50
15256.00,7.83,1.47,-0.66,-2.20,-4.17,0.58,2.37,11.22
15260.00,3.91,1.93,-1.30,-3.79,0.50,3.61,5.87,9.28
15264.00,4.02,-3.15,-1.06,-0.60,0.09,4.95,10.26,13.50
15268.00,-0.44,-2.01,-1.31,1.33,0.49,8.69,10.85,11.24
15272.00,-2.66,-2.60,0.25,-1.56,2.94,6.85,9.94,12.75
15276.00,-0.48,-2.81,0.94,3.48,7.53,8.82,11.10,11.27
15280.00,-2.63,-3.09,-1.25,3.15,10.01,11.20,8.14,8.52
15284.00,-1.33,-1.84,2.51,7.53,7.84,11.59,6.65,2.98
15288.00,0.65,-0.18,3.55,6.34,10.83,8.20,4.94,1.18
15292.00,1.59,4.16,6.82,12.04,9.35,9.15,4.47,-2.60
15296.00,4.01,7.03,6.01,12.50,11.48,7.11,0.26,-3.91
15300.00,1.49,5.11,9.76,9.51,8.77,5.48,-4.31,-8.49
15304.00,4.08,8.50,9.28,7.61,4.08,0.83,-5.64,-12.59
15308.00,5.70,7.69,11.40,9.36,4.47,-2.30,-7.25,-16.48
15312.00,7.92,7.01,8.32,5.02,2.31,-6.50,-10.44,-13.91
15316.00,10.13,10.78,8.04,4.29,-4.73,-7.58,-13.21,-17.90
15320.00,6.89,10.78,4.90,-1.44,-4.37,-13.18,-14.09,-12.80
15324.00,11.26,5.55,1.15,-1.67,-7.86,-15.91,-16.17,-11.37
15328.00,9.77,6.18,2.09,-7.75,-12.06,-12.83,-14.77,-11.69
15332.00,7.31,2.77,-3.07,-6.75,-12.98,-14.67,-12.09,-6.68
15336.00,5.05,1.82,-5.63,-13.19,-15.44,-13.45,-8.53,-3.50
15340.00,4.01,-1.58,-7.62,-12.84,-16.94,-15.41,-8.71,0.89
15344.00,1.54,-3.59,-9.55,-15.48,-12.81,-10.38,-0.73,8.95
15348.00,-4.73,-9.79,-13.10,-14.03,-15.45,-7.34,2.68,11.64
15352.00,-3.25,-8.60,-14.23,-14.29,-10.07,-1.44,7.79,15.34
15356.00,-8.29,-12.16,-13.27,-12.02,-8.72,-0.75,9.31,20.07
15360.00,-12.58,-15.63,-12.00,-8.05,-1.81,7.25,17.39,24.85
15364.00,-10.42,-13.20,-10.01,-7.16,-0.12,11.92,21.29,26.26
15368.00,-13.09,-12.09,-11.82,-3.17,4.37,13.75,24.93,29.97
15372.00,-11.28,-9.94,-5.33,0.37,9.78,21.04,24.73,27.57
15376.00,-12.96,-8.13,-5.28,6.43,12.71,19.82,29.19,30.24
15380.00,-10.45,-5.50,1.23,9.91,18.65,25.40,26.40,27.32
15384.00,-8.11,-3.25,1.95,10.95,21.71,25.29,26.78,24.55
15388.00,-5.55,-2.26,5.15,17.62,20.15,25.41,23.31,18.17
15392.00,-4.75,1.64,11.56,19.84,23.72,24.30,21.15,15.30
15396.00,-1.32,4.10,13.39,18.69,24.28,25.16,16.94,12.06
15400.00,2.11,11.40,14.86,19.49,23.25,21.71,15.17,5.38
15404.00,3.31,15.03,16.57,22.68,20.63,18.21,12.93,0.00
15408.00,7.45,13.99,21.35,20.54,21.88,13.17,4.85,-3.87
15412.00,13.95,19.30,20.69,22.02,14.23,11.24,3.57,-5.60
15416.00,14.69,20.20,18.64,18.00,13.05,7.16,-2.02,-7.72
15420.00,16.02,18.18,19.03,13.87,9.08,3.61,-2.49,-7.07
15424.00,14.64,18.97,17.13,13.53,3.08,-2.22,-4.75,-9.31
15428.00,16.39,18.30,12.85,10.90,2.19,-2.56,-7.32,-8.80
15432.00,17.46,15.60,9.79,4.59,-2.60,-8.12,-8.33,-8.22
15436.00,13.73,10.86,10.01,2.62,-6.27,-8.05,-6.49,-4.46
15440.00,13.81,9.62,4.99,-0.45,-7.59,-8.99,-5.27,-4.43
15444.00,14.25,8.41,2.03,-5.36,-6.97,-9.87,-5.66,-1.36
15448.00,10.80,5.27,-3.30,-6.93,-7.03,-6.58,-6.04,-0.40
15452.00,9.05,1.18,-2.91,-6.41,-9.61,-3.86,-1.24,1.61
15456.00,2.09,0.52,-3.34,-7.61,-6.96,-4.58,1.33,3.39
15460.00,1.42,-4.14,-6.15,-9.14,-2.66,-0.05,3.45,5.06
15464.00,-1.98,-6.69,-8.92,-8.20,-1.81,0.51,2.74,7.63
15468.00,-4.24,-4.28,-8.57,-3.74,-1.65,1.11,6.28,6.29
15472.00,-3.62,-7.85,-4.79,-3.21,1.68,3.50,5.91,6.54
15476.00,-5.84,-7.71,-3.09,0.60,5.49,5.54,5.30,4.95
15480.00,-3.77,-2.42,-4.03,1.71,7.27,8.01,6.59,0.70
15484.00,-4.12,-3.47,-1.77,2.10,4.91,6.51,2.08,1.24
15488.00,-6.38,0.17,2.52,5.90,4.90,4.27,0.51,-1.76
15492.00,-1.03,-1.10,5.26,4.06,8.51,1.76,-2.10,-7.73
15496.00,0.77,2.01,4.38,5.77,6.30,1.07,-5.63,-10.92
15500.00,-1.58,1.87,7.77,6.06,5.41,-3.03,-5.86,-15.42
15504.00,0.86,6.96,4.30,5.36,-0.06,-4.04,-10.15,-15.21
15508.00,2.17,6.22,5.51,2.77,-1.75,-6.51,-16.64,-20.60
15512.00,5.70,5.90,2.76,3.40,-4.65,-8.53,-15.71,-20.84
15516.00,6.87,5.09,4.08,-2.56,-5.04,-14.28,-20.11,-20.04
15520.00,6.24,4.05,3.07,-4.09,-11.84,-18.34,-21.31,-20.01
15524.00,4.88,1.94,0.77,-6.52,-14.17,-16.55,-21.29,-16.42
15528.00,5.90,2.59,-4.51,-12.72,-17.29,-17.91,-21.34,-17.33
15532.00,3.66,0.95,-8.99,-12.28,-17.59,-19.37,-18.23,-14.33
15536.00,-0.25,-4.30,-7.99,-17.99,-21.77,-20.56,-14.39,-7.62
15540.00,-0.12,-8.55,-15.34,-16.39,-17.77,-17.18,-14.86,-1.45
15544.00,-3.71,-8.94,-13.94,-19.26,-19.02,-17.57,-9.49,2.90
15548.00,-5.99,-14.16,-19.75,-19.42,-19.71,-11.68,-5.59,6.16
15552.00,-7.09,-14.61,-19.92,-16.59,-15.36,-9.87,0.78,10.18
15556.00,-14.34,-18.89,-16.31,-15.85,-13.60,-3.24,4.38,14.57
15560.00,-14.47,-20.10,-16.57,-16.77,-7.18,1.33,9.72,19.59
15564.00,-17.31,-16.84,-16.27,-14.47,-2.51,6.60,12.22,21.71
15568.00,-19.03,-19.19,-16.94,-10.89,0.72,6.75,15.58,24.26
15572.00,-17.92,-14.77,-10.93,-3.97,5.93,13.81,20.62,23.05
15576.00,-18.73,-14.55,-10.19,1.64,10.64,16.15,23.64,22.75
15580.00,-14.25,-14.40,-5.03,1.13,14.25,18.66,23.24,22.10
15584.00,-13.10,-7.62,-2.17,6.58,13.96,18.75,22.06,19.20
15588.00,-12.05,-7.06,1.52,13.15,16.70,18.19,19.49,11.48
15592.00,-9.92,-0.74,5.63,13.66,18.66,20.11,17.50,11.02
15596.00,-4.79,2.00,11.13,18.01,16.31,17.70,15.32,3.89
15600.00,-0.95,5.77,12.38,17.76,15.93,17.63,8.59,0.98
15604.00,1.85,10.40,16.14,16.71,16.35,10.72,6.98,-5.51
15608.00,4.92,12.87,15.31,17.15,12.29,7.61,-1.00,-10.03
15612.00,9.17,11.40,16.53,14.55,9.92,6.78,-2.80,-10.46
15616.00,11.10,12.36,13.55,13.78,8.30,-1.48,-6.41,-11.75
15620.00,10.58,15.49,13.06,11.38,1.78,-3.04,-10.34,-17.23
15624.00,10.86,14.31,14.33,8.38,-1.29,-5.83,-13.47,-15.88
15628.00,14.49,15.37,8.55,4.49,-2.07,-10.40,-11.91,-16.19
15632.00,13.08,11.64,5.04,1.81,-7.89,-9.36,-16.99,-16.21
15636.00,12.83,8.07,1.23,-3.12,-9.16,-13.82,-13.90,-12.99
15640.00,8.90,7.71,-1.55,-4.91,-10.57,-14.02,-14.43,-8.92
15644.00,9.22,1.29,-4.67,-10.70,-10.34,-14.29,-13.76,-8.51
15648.00,6.59,0.21,-6.49,-9.31,-14.59,-10.41,-9.71,-4.62
15652.00,2.62,-4.26,-8.52,-11.26,-13.12,-12.39,-8.01,-1.94
15656.00,0.01,-5.12,-9.73,-10.79,-11.54,-10.24,-6.57,1.67
15660.00,-0.02,-7.02,-11.42,-12.73,-11.96,-4.26,-1.64,1.35
15664.00,-5.55,-10.49,-12.19,-12.28,-8.51,-2.24,0.60,3.62
15668.00,-7.50,-11.29,-11.71,-8.04,-4.76,-0.21,-1.08,0.20
15672.00,-8.02,-7.67,-7.62,-5.32,-4.73,-1.90,1.44,0.53
15676.00,-9.36,-7.44,-6.99,-5.83,-0.64,2.36,2.83,-1.87
15680.00,-10.61,-7.66,-7.05,-1.64,2.59,3.69,3.39,-3.57
15684.00,-10.67,-5.63,-6.27,-3.58,-0.55,-0.37,-2.19,-4.54
15688.00,-6.82,-8.08,-2.45,0.47,4.31,-0.56,-3.11,-7.02
15692.00,-6.21,-5.78,-3.06,0.71,1.27,1.75,-6.39,-15.07
15696.00,-4.39,-1.43,2.08,2.21,-0.17,-4.13,-10.97,-18.33
15700.00,-3.99,-1.93,-0.02,3.71,1.43,-5.74,-10.15,-19.61
15704.00,-1.33,1.16,1.65,0.26,-0.75,-10.11,-15.40,-20.11
15708.00,2.04,3.13,3.96,1.60,-3.28,-9.85,-18.32,-25.28
15712.00,3.39,3.35,0.78,-0.37,-6.60,-17.66,-23.98,-26.75
15716.00,0.72,3.25,-0.76,-3.39,-11.44,-16.03,-23.44,-27.54
15720.00,2.45,3.32,-3.84,-8.86,-12.99,-22.43,-22.52,-26.09
15724.00,4.13,-1.00,-3.24,-11.92,-18.58,-25.40,-25.32,-23.77
15728.00,2.52,-1.47,-7.68,-15.07,-21.44,-23.65,-25.69,-18.48
15732.00,-0.17,-4.14,-12.07,-16.63,-19.76,-26.46,-23.30,-16.66
15736.00,-0.54,-6.57,-12.23,-18.65,-23.94,-21.68,-17.73,-11.82
15740.00,-1.77,-8.69,-15.69,-19.86,-23.40,-22.82,-18.73,-7.84
15744.00,-5.37,-14.62,-19.52,-22.75,-21.99,-19.71,-11.51,-1.35
15748.00,-10.70,-17.35,-22.08,-24.02,-21.91,-16.26,-8.98,3.28
15752.00,-11.66,-14.94,-20.52,-22.77,-16.25,-9.89,-2.23,8.42
15756.00,-12.59,-17.89,-20.48,-21.05,-15.37,-9.21,1.65,11.80
15760.00,-16.89,-20.94,-20.30,-19.66,-9.31,-0.29,9.24,15.30
15764.00,-17.01,-19.62,-20.39,-16.94,-7.53,2.88,13.30,16.61
15768.00,-20.58,-19.81,-14.89,-10.12,-3.56,5.21,16.67,19.85
15772.00,-17.41,-16.91,-15.88,-7.14,0.64,8.88,19.59,19.96
15776.00,-19.52,-17.96,-10.90,-3.74,4.67,16.05,18.46,17.29
15780.00,-16.52,-12.28,-5.67,2.47,7.98,14.24,16.92,19.37
15784.00,-16.31,-12.95,-5.17,6.66,11.19,15.91,17.19,13.08
15788.00,-11.54,-6.91,2.53,9.91,13.28,17.54,16.90,13.41
15792.00,-7.73,-1.72,3.62,12.45,16.99,19.11,15.73,8.45
15796.00,-4.84,-0.48,8.11,15.52,17.71,15.93,12.45,4.21
15800.00,-1.21,1.58,8.57,14.41,15.65,14.87,7.31,0.90
15804.00,-0.47,5.50,13.89,17.46,14.77,11.98,4.87,-5.52
15808.00,5.85,9.95,15.61,15.02,11.13,6.22,-2.09,-7.27
15812.00,4.61,9.56,12.49,12.33,11.21,3.53,-5.20,-11.46
15816.00,6.72,12.13,15.83,11.82,5.86,0.89,-7.10,-14.47
15820.00,10.09,15.84,10.98,8.23,2.36,-2.81,-12.47,-15.39
15824.00,10.45,15.20,10.48,6.85,0.23,-9.45,-13.19,-14.43
15828.00,12.57,11.01,10.59,1.05,-3.52,-9.62,-16.71,-18.59
15832.00,10.43,12.09,6.53,0.29,-9.07,-14.54,-15.96,-14.38
15836.00,12.74,8.91,1.75,-2.15,-9.62,-11.59,-13.60,-10.79
15840.00,10.27,8.24,-1.65,-4.83,-12.10,-13.99,-12.08,-9.94
15844.00,7.48,3.54,-5.14,-6.95,-10.64,-12.31,-10.32,-8.33
15848.00,6.17,-1.18,-6.53,-11.82,-14.81,-13.57,-12.02,-7.25
15852.00,1.06,-2.88,-5.58,-12.78,-11.04,-8.28,-4.72,-2.64
15856.00,-1.52,-4.69,-8.71,-11.71,-9.76,-8.02,-3.72,-2.29
15860.00,-1.37,-7.11,-9.47,-10.42,-8.50,-7.65,-1.60,1.94
15864.00,-3.54,-9.22,-9.47,-10.17,-7.93,-3.08,-0.02,0.16
15868.00,-7.39,-11.31,-9.87,-7.25,-6.56,-2.31,0.43,2.18
15872.00,-9.04,-10.85,-6.79,-7.38,-3.32,-0.73,1.55,-0.05
15876.00,-10.02,-10.29,-5.06,-4.97,0.46,3.37,3.31,0.72
15880.00,-9.21,-5.59,-4.64,-1.05,0.22,1.39,4.30,-3.22
15884.00,-7.29,-4.21,-2.33,-0.21,0.69,5.06,0.88,-6.61
15888.00,-5.78,-5.15,-0.73,0.64,3.13,4.33,0.77,-6.42
15892.00,-6.59,-2.10,0.08,0.56,2.88,3.01,-1.94,-9.98
15896.00,-1.73,-1.23,2.96,5.71,2.98,0.44,-5.38,-15.60
15900.00,-4.38,1.02,3.22,4.32,2.36,-4.23,-11.69,-16.16
15904.00,-0.49,1.20,5.10,2.65,-1.46,-6.59,-15.14,-22.25
15908.00,-0.07,5.40,3.84,3.40,-2.93,-9.77,-15.06,-21.23
15912.00,4.04,3.06,3.95,0.80,-7.55,-14.82,-19.81,-21.02
15916.00,3.19,3.72,0.84,-5.40,-10.35,-14.09,-21.46,-21.17
15920.00,4.51,5.67,-2.61,-6.00,-12.05,-16.07,-24.90,-22.71
15924.00,1.71,2.22,-3.83,-11.04,-16.04,-18.01,-21.45,-22.03
15928.00,5.33,0.33,-6.25,-9.67,-17.78,-21.33,-20.25,-18.04
15932.00,4.50,-1.41,-9.16,-14.51,-18.92,-22.49,-18.95,-14.28
15936.00,1.43,-2.77,-9.67,-15.23,-20.28,-22.17,-17.05,-9.40
15940.00,-2.61,-9.18,-12.07,-20.41,-19.47,-17.09,-14.49,-4.33
15944.00,-1.90,-11.03,-13.81,-18.29,-19.97,-16.55,-8.13,-0.05
15948.00,-9.01,-10.31,-17.99,-21.19,-17.95,-11.26,-2.25,8.54
15952.00,-10.47,-13.27,-19.88,-17.07,-15.44,-7.81,0.74,12.02
15956.00,-11.16,-18.67,-19.56,-19.27,-10.13,-1.54,8.39,17.08
15960.00,-13.27,-19.34,-19.30,-14.62,-9.58,-1.38,11.36,19.70
15964.00,-15.11,-19.39,-16.07,-12.89,-5.26,5.00,13.05,23.89
15968.00,-18.24,-14.62,-15.41,-8.56,2.30,8.27,20.49,24.02
15972.00,-16.82,-16.99,-13.12,-2.20,5.90,13.75,19.74,22.01
15976.00,-16.53,-12.65,-6.59,2.68,8.52,19.83,23.36,24.53
15980.00,-14.42,-8.79,-5.97,5.85,15.54,18.97,22.15,21.50
15984.00,-14.33,-8.59,2.66,6.64,15.58,20.73,25.11,18.36
15988.00,-12.09,-5.84,2.55,12.58,16.88,19.75,21.57,15.70
15992.00,-9.17,1.68,9.82,17.23,20.90,23.31,17.92,13.63
15996.00,-4.85,3.46,9.81,17.73,22.38,20.02,15.64,9.79
16000.00,-0.70,6.74,14.92,18.94,22.59,17.57,11.31,3.36
16004.00,3.27,11.14,15.21,22.26,17.80,16.67,6.89,-1.54
16008.00,8.10,16.03,17.22,21.32,17.57,9.53,1.39,-4.06
16012.00,7.89,14.03,18.70,17.71,12.68,7.26,-2.04,-6.99
16016.00,11.57,18.48,16.56,17.48,9.24,2.23,-3.72,-8.74
16020.00,15.06,15.11,16.21,14.02,9.19,-0.53,-7.89,-12.05
16024.00,13.88,17.82,13.51,10.05,6.43,-4.66,-8.35,-12.58
16028.00,16.12,15.11,12.84,7.94,2.64,-4.71,-9.49,-11.12
16032.00,17.69,16.41,10.36,2.35,-0.78,-5.62,-10.73,-9.60
16036.00,16.93,12.49,7.81,-0.84,-3.87,-8.72,-11.48,-7.05
16040.00,13.62,11.64,6.38,0.34,-7.62,-10.48,-9.99,-5.78
16044.00,11.42,6.52,3.53,-4.76,-8.67,-8.82,-4.39,-0.51
16048.00,11.12,1.90,0.60,-6.23,-5.68,-5.58,-4.79,1.66
16052.00,8.74,1.12,-3.44,-8.89,-6.91,-6.88,-3.70,2.75
16056.00,2.07,1.09,-6.21,-5.82,-5.58,-4.64,-0.09,6.16
16060.00,3.88,-3.11,-3.16,-5.98,-5.15,-0.94,5.29,5.96
16064.00,-1.02,-3.09,-6.04,-6.15,-0.42,2.94,4.12,9.86
16068.00,-3.48,-3.30,-7.83,-1.80,-0.40,5.60,6.76,8.63
16072.00,-1.81,-2.68,-2.07,0.39,4.40,5.01,8.14,10.45
16076.00,-1.99,-3.31,-2.84,1.47,4.98,7.18,8.06,6.97
16080.00,-2.51,-1.77,0.48,4.04,6.47,8.50,10.35,3.54
16084.00,-2.23,-1.24,-0.00,3.68,8.82,6.32,4.19,2.31
16088.00,-2.88,-1.47,2.41,9.06,8.85,8.78,6.22,-0.26
16092.00,0.99,3.82,4.58,5.45,8.05,8.14,2.59,-5.01
16096.00,0.17,4.71,6.41,8.82,9.24,6.40,0.45,-8.83
16100.00,1.83,4.45,8.83,10.39,5.06,2.45,-6.72,-12.28
16104.00,5.54,6.41,11.00,7.55,6.90,-1.10,-10.32,-12.79
16108.00,3.02,6.15,9.84,8.41,2.91,-2.45,-12.26,-16.06
16112.00,6.80,7.57,7.55,6.32,0.35,-9.09,-12.76,-19.00
16116.00,7.57,6.94,6.13,2.21,-6.31,-12.69,-17.12,-17.14
16120.00,8.54,6.55,3.42,-0.38,-4.77,-10.61,-15.48,-18.71
16124.00,6.73,7.07,1.20,-5.83,-9.12,-13.73,-15.45,-14.69
16128.00,7.07,3.96,-0.17,-8.56,-12.10,-16.14,-14.73,-12.99
16132.00,6.63,2.34,-1.72,-9.26,-15.01,-15.07,-14.94,-8.10
16136.00,5.89,-2.02,-8.68,-10.57,-14.40,-16.07,-11.28,-1.39
16140.00,-0.11,-0.96,-8.13,-15.40,-17.61,-15.21,-8.40,0.96
16144.00,1.03,-4.94,-10.95,-15.54,-14.57,-10.03,-2.90,5.33
16148.00,-4.03,-9.23,-11.75,-14.67,-11.62,-7.85,3.21,11.59
16152.00,-4.18,-12.73,-14.47,-14.98,-12.31,-2.41,4.37,19.66
16156.00,-8.27,-10.42,-14.66,-12.19,-7.89,1.61,14.07,20.28
16160.00,-9.11,-12.70,-15.37,-12.04,-3.83,4.48,18.42,24.04
16164.00,-11.80,-14.82,-12.76,-7.51,-0.78,9.26,19.04,30.07
16168.00,-11.61,-14.33,-8.85,-3.78,4.10,15.35,21.97,29.28
16172.00,-14.24,-11.61,-7.78,3.07,7.65,19.27,24.22,28.58
16176.00,-9.66,-11.15,-5.06,7.14,12.40,24.63,26.54,30.67
16180.00,-11.71,-4.31,-1.41,7.97,17.13,25.56,26.49,27.55
16184.00,-10.17,-2.27,2.12,12.90,21.16,24.80,28.54,22.76
16188.00,-5.82,1.04,10.70,15.34,23.35,28.77,25.71,19.39
16192.00,-4.29,3.16,13.09,22.17,26.48,26.82,23.84,15.72
16196.00,-1.37,9.48,13.44,24.15,25.99,25.36,22.20,12.35
16200.00,2.62,13.54,17.66,25.08,26.95,24.75,18.52,8.34
16204.00,7.62,13.64,18.50,21.54,21.16,21.58,14.45,1.89
16208.00,9.44,18.36,24.13,25.74,23.23,18.27,8.18,-1.51
16212.00,12.95,20.38,24.05,20.64,19.15,11.70,4.44,-0.31
16216.00,14.19,19.53,22.97,20.55,16.77,9.20,2.72,-6.13
16220.00,18.44,20.91,20.57,19.93,9.17,4.14,-1.37,-4.31
16224.00,16.70,21.35,19.26,15.88,6.23,2.47,-4.30,-5.09
16228.00,20.21,18.30,17.22,12.39,2.86,-2.20,-3.88,-6.38
16232.00,20.69,18.69,14.11,8.81,1.64,-5.26,-7.64,-4.12
16236.00,18.10,17.51,8.51,5.04,-2.64,-6.01,-4.62,-1.28
16240.00,15.27,11.42,7.39,4.03,-3.01,-7.70,-6.39,-0.19
16244.00,15.51,8.38,2.44,1.42,-3.48,-4.88,-0.70,2.61
16248.00,11.12,8.58,3.64,-3.86,-4.54,-4.95,1.42,5.65
16252.00,9.77,3.22,-2.52,-2.09,-1.93,-2.38,1.33,6.54
16256.00,5.01,3.86,-3.52,-3.01,-1.16,2.24,6.01,9.42
16260.00,6.44,2.19,-4.02,-2.06,0.22,3.23,8.78,11.54
16264.00,1.30,0.56,-3.16,-2.25,-0.26,6.33,8.49,10.12
16268.00,-2.44,-4.80,-4.26,-2.84,2.21,7.13,11.67,13.16
16272.00,-0.81,-0.39,-1.86,-1.06,4.40,6.91,12.49,9.82
16276.00,-2.88,-4.86,0.84,1.98,4.55,9.19,13.26,7.42
16280.00,-3.03,-2.04,1.81,2.97,10.33,12.01,8.50,5.71
16284.00,-3.46,1.76,2.41,5.91,10.35,9.50,6.95,4.57
16288.00,0.85,-0.44,2.83,7.57,9.71,9.40,8.95,-0.64
16292.00,0.34,2.42,9.07,10.80,8.58,6.91,4.27,-4.89
16296.00,1.67,6.85,7.20,10.53,9.93,6.40,2.68,-6.67
16300.00,4.60,5.40,9.89,11.75,10.34,5.43,-3.29,-7.43
16304.00,6.98,7.10,10.22,7.90,4.65,-0.20,-6.15,-13.12
16308.00,8.62,10.66,11.05,5.86,1.57,-1.18,-8.67,-13.82
16312.00,10.08,8.11,9.53,5.60,0.86,-6.69,-11.09,-17.12
16316.00,8.13,11.57,9.46,2.61,-1.03,-7.15,-12.04,-18.18
16320.00,10.33,10.22,5.22,-0.25,-7.95,-13.18,-16.18,-15.88
16324.00,6.42,5.23,0.75,-4.87,-8.96,-15.02,-14.76,-12.80
16328.00,5.91,3.12,-1.99,-7.14,-12.00,-16.42,-17.11,-12.30
16332.00,8.04,0.64,-4.38,-11.07,-11.67,-17.80,-15.14,-7.21
16336.00,4.06,1.52,-7.23,-12.86,-15.40,-16.65,-10.08,-3.94
16340.00,0.86,-1.33,-6.76,-14.84,-13.90,-11.67,-8.98,3.41
16344.00,-2.23,-6.97,-8.74,-15.26,-15.92,-8.90,-2.70,6.32
16348.00,-4.44,-6.26,-14.42,-16.60,-12.31,-7.45,-0.17,10.29
16352.00,-5.26,-10.58,-14.55,-13.47,-10.33,-2.24,4.20,15.26
16356.00,-6.87,-13.00,-15.52,-10.63,-7.91,0.35,11.07,21.40
16360.00,-8.27,-13.34,-15.45,-12.96,-2.32,5.26,14.72,24.19
16364.00,-10.22,-13.15,-10.59,-6.03,0.43,11.72,21.16,26.89
16368.00,-14.24,-13.87,-8.75,-3.48,5.86,15.24,23.04,29.15
16372.00,-15.12,-11.94,-6.35,-2.17,11.58,17.36,25.89,28.85
16376.00,-14.38,-10.70,-5.33,2.83,11.91,20.58,26.64,28.90
16380.00,-11.98,-6.97,-1.02,8.98,15.00,23.50,27.90,24.46
16384.00,-11.01,-5.25,5.72,11.05,20.96,23.68,28.68,21.70
16388.00,-9.06,-3.24,8.35,16.27,22.43,25.83,23.19,20.09
16392.00,-4.00,3.80,9.84,17.02,23.52,24.10,24.53,15.75
16396.00,0.76,4.87,12.59,19.02,21.74,25.07,17.36,9.70
16400.00,2.93,9.10,19.26,24.36,22.45,22.83,16.46,6.54
16404.00,4.29,10.77,20.85,22.04,23.21,18.11,12.07,2.29
16408.00,7.10,16.55,20.59,21.82,20.41,15.96,8.37,-3.27
16412.00,13.38,17.10,20.58,21.38,16.14,11.04,3.19,-3.60
16416.00,14.79,18.92,18.53,17.55,13.79,5.32,0.56,-9.25
16420.00,17.71,18.53,21.19,17.13,11.64,-0.37,-2.93,-10.79
16424.00,15.12,19.83,18.31,9.88,6.41,0.03,-6.52,-9.39
16428.00,17.08,18.11,14.44,7.41,2.36,-3.15,-6.44,-11.31
16432.00,17.94,17.13,12.67,4.21,-2.84,-7.94,-7.99,-8.63
16436.00,18.10,15.02,6.98,3.13,-1.56,-7.42,-9.36,-4.47
16440.00,13.92,11.26,6.36,-0.65,-5.57,-9.23,-7.07,-6.62
16444.00,13.74,9.55,3.32,-5.94,-8.40,-7.03,-6.61,-2.91
16448.00,7.00,4.26,-2.23,-6.26,-6.39,-6.37,-5.79,-0.42
16452.00,6.43,2.46,-2.71,-7.34,-6.70,-7.99,-0.23,3.16
16456.00,3.27,1.06,-4.43,-6.22,-7.36,-3.00,1.52,4.73
16460.00,3.58,-5.43,-7.36,-6.36,-7.00,0.21,4.00,4.76
16464.00,-1.51,-3.55,-7.94,-7.33,-0.90,-1.06,2.92,8.57
16468.00,-4.51,-5.98,-5.71,-3.97,-0.39,4.24,4.13,9.54
16472.00,-2.67,-7.76,-6.68,-4.00,-0.44,3.12,8.67,5.66
16476.00,-6.37,-3.37,-5.43,0.07,0.81,6.73,5.27,7.02
16480.00,-3.43,-6.99,-4.49,3.09,4.39,7.77,6.59,0.43
16484.00,-4.93,-6.05,-2.30,3.55,3.93,7.69,2.56,-2.35
16488.00,-4.88,-1.20,0.00,6.62,8.21,8.03,2.18,-2.28
16492.00,-2.14,1.02,3.89,4.11,6.64,2.18,-0.62,-8.40
16496.00,0.01,0.43,3.75,7.69,7.11,3.90,-5.65,-11.36
16500.00,-2.18,1.77,5.05,3.61,2.49,-1.93,-5.60,-15.13
16504.00,2.46,6.14,6.48,5.60,0.03,-2.58,-9.25,-18.17
16508.00,1.59,3.51,4.21,2.22,1.00,-8.46,-13.14,-18.02
16512.00,2.68,5.89,5.86,0.20,-5.88,-9.69,-16.68,-23.40
16516.00,4.73,5.08,4.56,-3.15,-9.92,-12.29,-17.08,-21.59
16520.00,5.55,4.64,2.96,-6.15,-8.88,-17.66,-19.56,-20.95
16524.00,5.71,2.92,-3.07,-5.33,-16.25,-17.71,-19.13,-18.24
16528.00,4.85,-0.16,-3.23,-8.41,-16.75,-22.55,-18.70,-16.95
16532.00,2.82,-3.63,-8.53,-14.64,-20.36,-22.57,-18.19,-9.94
16536.00,-0.05,-5.33,-8.42,-15.38,-20.10,-20.64,-15.01,-7.66
16540.00,-1.72,-6.11,-12.61,-19.04,-19.55,-16.16,-14.19,-5.34
16544.00,-4.86,-9.64,-17.85,-20.47,-21.65,-15.08,-6.10,2.78
16548.00,-8.61,-12.45,-15.30,-18.03,-16.67,-14.13,-3.83,5.51
16552.00,-9.90,-14.21,-17.12,-20.98,-13.99,-10.51,3.42,13.96
16556.00,-10.07,-17.85,-17.19,-16.84,-14.37,-2.78,3.80,15.26
16560.00,-14.57,-15.38,-17.84,-15.93,-8.02,-0.04,9.94,20.15
16564.00,-15.94,-16.31,-15.80,-13.16,-4.33,7.14,12.86,20.42
16568.00,-19.05,-15.45,-15.72,-7.90,1.32,10.29,15.38,25.00
16572.00,-15.07,-13.99,-12.43,-7.40,5.15,13.55,21.42,21.75
16576.00,-19.23,-13.24,-6.43,0.18,6.99,17.47,21.36,20.18
16580.00,-15.20,-13.72,-6.68,4.26,10.10,18.31,20.24,19.14
16584.00,-16.46,-9.03,-2.40,7.46,12.44,21.39,19.05,16.81
16588.00,-13.61,-5.28,5.08,11.71,19.18,20.01,17.06,15.20
16592.00,-6.35,0.60,8.44,12.75,18.17,16.99,15.45,8.11
16596.00,-4.32,1.34,10.45,14.71,16.72,18.79,13.66,2.93
16600.00,-3.38,3.15,10.40,15.72,16.57,16.83,6.77,2.21
16604.00,-0.68,8.82,12.81,19.04,16.94,11.76,4.43,-5.97
16608.00,4.35,12.46,13.53,15.12,16.10,6.48,0.69,-5.61
16612.00,5.86,14.70,14.48,15.09,9.36,2.52,-2.39,-11.90
16616.00,11.68,14.88,16.09,13.01,8.81,1.97,-9.23,-13.77
16620.00,11.74,15.13,16.44,10.93,1.99,-3.35,-8.99,-16.47
16624.00,11.60,16.33,10.70,8.05,-1.28,-4.70,-11.85,-16.22
16628.00,15.65,14.88,7.20,4.35,-1.48,-9.91,-12.98,-13.32
16632.00,14.19,12.09,7.60,-1.65,-7.66,-12.20,-16.62,-16.58
16636.00,13.83,6.65,3.58,-1.20,-9.86,-15.37,-12.80,-10.42
16640.00,8.07,5.75,-1.57,-8.44,-11.73,-13.38,-12.38,-11.06
16644.00,8.67,2.15,-1.40,-8.24,-12.65,-12.91,-10.01,-8.00
16648.00,4.39,1.98,-7.36,-9.64,-12.61,-11.04,-9.75,-4.26
16652.00,3.83,-4.69,-8.83,-11.31,-14.03,-11.00,-5.17,-2.49
16656.00,1.07,-3.06,-9.32,-12.07,-12.76,-10.99,-3.96,-0.14
16660.00,-0.74,-5.90,-11.07,-11.77,-8.12,-8.59,-4.08,-0.54
16664.00,-3.34,-6.75,-10.28,-8.67,-8.00,-4.35,0.16,2.99
16668.00,-8.27,-7.96,-11.79,-8.57,-4.29,-4.20,2.76,1.72
16672.00,-10.19,-7.76,-9.36,-7.84,-1.25,-1.95,1.58,3.13
16676.00,-7.88,-10.14,-6.70,-4.06,-0.40,3.15,1.89,1.22
16680.00,-8.03,-9.73,-7.47,-3.89,1.56,3.29,-1.33,-2.59
16684.00,-10.26,-9.35,-3.68,-0.84,2.80,4.38,-0.85,-3.38
16688.00,-9.35,-3.82,-3.52,-0.60,-0.10,2.72,-5.28,-10.64
16692.00,-6.07,-3.79,-2.83,0.13,4.01,-0.72,-7.09,-12.23
16696.00,-4.93,0.09,0.19,0.49,2.59,-3.21,-11.11,-13.85
16700.00,-3.53,0.87,1.12,3.06,1.86,-4.41,-10.23,-17.18
16704.00,0.84,2.70,1.54,1.42,-0.93,-6.50,-16.18,-21.32
16708.00,-1.22,0.70,-0.06,-2.39,-6.20,-10.46,-17.89,-23.60
16712.00,-0.19,0.51,2.80,-2.66,-9.40,-16.14,-20.95,-27.13
16716.00,3.41,1.42,-2.36,-2.65,-11.48,-20.75,-24.69,-27.08
16720.00,1.25,1.83,-3.89,-8.61,-17.13,-20.84,-24.58,-26.31
16724.00,0.99,-2.33,-4.69,-12.90,-16.89,-20.72,-25.39,-24.81
16728.00,3.31,-3.52,-7.76,-12.01,-20.62,-21.80,-22.74,-20.28
16732.00,0.29,-5.66,-12.67,-18.51,-24.00,-25.80,-22.43,-16.81
16736.00,-3.95,-6.92,-11.66,-19.85,-25.52,-22.11,-18.24,-13.42
16740.00,-6.11,-9.42,-16.50,-20.54,-20.93,-19.82,-17.42,-8.48
16744.00,-8.40,-10.97,-20.75,-21.82,-25.06,-18.12,-12.15,-3.37
16748.00,-9.42,-14.39,-19.96,-24.12,-21.41,-16.27,-6.28,5.13
16752.00,-11.28,-19.68,-20.62,-22.36,-18.94,-10.66,-4.22,9.12
16756.00,-12.55,-20.16,-22.21,-18.56,-15.11,-6.13,0.66,10.09
16760.00,-17.26,-20.04,-19.73,-20.39,-10.35,-2.85,8.16,18.17
16764.00,-18.38,-21.79,-20.17,-13.11,-6.88,0.27,10.62,17.26
16768.00,-19.31,-17.37,-17.43,-10.68,-1.61,8.33,16.55,18.55
16772.00,-17.74,-16.84,-14.35,-5.05,1.95,8.59,16.40,20.05
16776.00,-16.47,-15.80,-12.20,-4.49,6.56,15.92,17.22,18.32
16780.00,-17.84,-15.97,-8.60,0.54,10.85,16.99,20.79,17.68
16784.00,-13.24,-9.30,-2.38,3.46,13.70,19.36,18.12,14.35
16788.00,-12.39,-7.90,0.27,7.35,16.20,19.66,15.27,10.96
16792.00,-11.45,-4.19,3.41,11.55,18.55,19.36,15.37,9.57
16796.00,-8.38,-1.20,10.48,15.02,15.71,15.90,9.83,3.13
16800.00,-5.37,6.37,10.60,15.20,16.31,15.58,7.88,-1.77
16804.00,0.09,5.99,13.86,16.52,16.87,12.67,4.40,-4.63
16808.00,2.47,10.24,16.45,17.58,14.63,6.10,-0.09,-10.52
16812.00,5.21,12.76,12.44,13.94,12.25,5.39,-2.69,-12.31
16816.00,11.29,13.61,12.66,13.36,6.98,-2.61,-10.50,-12.77
16820.00,10.70,15.52,11.74,9.22,2.14,-6.02,-10.78,-16.02
16824.00,11.75,12.46,11.05,6.53,-1.92,-9.14,-11.32,-14.41
16828.00,11.78,9.89,7.14,5.07,-1.81,-11.95,-14.73,-18.34
16832.00,12.53,12.76,8.10,-0.46,-9.39,-11.17,-15.33,-14.82
16836.00,11.00,10.48,4.89,-1.11,-9.27,-11.73,-16.88,-11.24
16840.00,10.75,7.11,1.61,-6.55,-13.60,-15.36,-12.85,-10.02
16844.00,7.16,3.99,-4.10,-8.36,-13.37,-14.37,-12.98,-10.04
16848.00,3.89,-1.42,-5.26,-11.35,-11.47,-11.11,-7.62,-3.97
16852.00,5.12,-4.45,-5.42,-12.04,-10.05,-12.64,-6.78,-3.24
16856.00,-1.00,-6.90,-6.87,-12.80,-9.66,-6.47,-5.17,-2.89
16860.00,-4.29,-6.17,-9.70,-11.49,-9.33,-4.68,-1.28,0.83
16864.00,-6.02,-7.91,-10.57,-9.13,-5.64,-3.85,-1.24,1.27
16868.00,-7.12,-8.38,-7.50,-7.14,-3.56,-3.12,1.48,3.19
16872.00,-9.79,-11.74,-10.12,-8.67,-4.78,-0.69,3.82,1.33
16876.00,-5.99,-9.76,-7.98,-3.72,0.91,0.01,5.22,-1.65
16880.00,-6.43,-8.32,-6.42,0.15,3.22,1.93,4.04,-2.62
16884.00,-8.05,-4.24,-1.85,0.38,3.66,1.64,0.31,-2.38
16888.00,-5.18,-6.42,-0.52,3.49,4.43,3.99,-3.70,-8.56
16892.00,-4.79,-0.89,0.47,0.81,1.13,2.97,-5.39,-12.37
16896.00,-4.96,1.27,1.57,3.94,0.20,-1.45,-8.50,-13.50
16900.00,-0.63,0.22,3.66,3.11,0.43,-4.12,-12.92,-16.76
16904.00,-1.45,2.35,2.42,1.42,-2.66,-8.91,-14.70,-21.18
16908.00,3.63,4.40,4.96,3.75,-2.97,-10.16,-18.75,-20.06
16912.00,4.40,5.20,2.50,-0.72,-4.75,-10.89,-20.37,-21.05
16916.00,4.43,3.52,3.83,-2.46,-10.71,-14.13,-22.15,-22.91
16920.00,3.79,0.94,0.71,-6.84,-10.50,-19.42,-21.67,-21.98
16924.00,3.13,0.95,-2.36,-8.85,-16.02,-17.92,-24.12,-19.64
16928.00,4.08,-0.53,-6.50,-9.32,-19.20,-23.41,-20.52,-16.37
16932.00,2.84,-0.77,-10.00,-16.67,-18.91,-20.40,-17.30,-12.50
16936.00,1.32,-3.32,-9.89,-14.87,-19.74,-18.41,-18.49,-10.00
16940.00,-1.05,-8.83,-15.52,-17.15,-18.43,-19.20,-14.81,-6.30
16944.00,-5.70,-9.66,-16.01,-18.74,-21.29,-13.99,-7.16,0.59
16948.00,-7.05,-10.80,-16.61,-20.02,-16.45,-12.13,-3.51,6.48
16952.00,-7.91,-14.65,-19.20,-20.01,-13.45,-7.98,-0.55,11.17
16956.00,-12.83,-13.97,-17.57,-19.65,-12.94,-2.97,4.12,14.26
16960.00,-12.75,-17.03,-17.48,-17.25,-8.31,2.54,12.69,19.85
16964.00,-13.02,-18.23,-14.08,-12.13,-3.90,5.78,14.90,22.58
16968.00,-16.72,-18.17,-14.54,-5.54,3.11,11.12,17.65,25.75
16972.00,-14.00,-15.66,-9.97,-2.45,7.24,14.02,21.71,23.15
16976.00,-14.40,-14.54,-8.38,1.82,9.91,19.92,22.57,22.59
16980.00,-13.42,-10.23,-3.82,5.26,11.15,21.84,25.08,20.73
16984.00,-11.99,-6.18,1.61,6.62,19.04,22.47,20.98,20.70
16988.00,-11.67,-1.32,2.52,14.84,20.39,20.52,22.35,13.90
16992.00,-6.99,2.36,8.72,15.28,20.73,20.82,19.54,12.71
16996.00,-2.84,6.21,9.67,15.78,22.66,20.45,17.84,10.13
17000.00,-0.51,6.99,15.57,21.07,21.45,19.52,11.57,1.92
17004.00,5.47,12.46,16.95,20.40,21.21,15.02,7.00,-0.10
17008.00,7.24,11.32,18.88,18.26,18.84,9.73,5.15,-1.78
17012.00,11.04,15.89,19.41,16.87,14.65,5.61,0.20,-5.27
17016.00,12.53,17.47,17.95,18.67,9.44,2.91,-4.22,-11.26
17020.00,15.55,19.76,17.51,13.81,9.69,-1.64,-7.24,-12.76
17024.00,13.65,18.19,13.80,9.93,5.46,-3.82,-10.55,-9.64
17028.00,16.86,17.92,12.60,5.48,0.84,-6.40,-7.95,-9.21
17032.00,14.91,15.62,10.41,6.33,-2.69,-6.97,-8.95,-8.40
17036.00,15.06,12.38,9.46,1.21,-4.88,-8.54,-10.90,-7.86
17040.00,12.43,9.67,6.66,-0.92,-6.83,-7.94,-7.59,-3.00
17044.00,12.94,7.99,-0.31,-5.27,-5.99,-9.97,-7.55,-2.26
17048.00,9.70,5.06,-0.53,-4.76,-6.71,-7.58,-4.97,2.37
17052.00,7.84,2.89,-4.96,-5.71,-7.44,-3.48,0.79,1.69
17056.00,6.44,-1.24,-5.88,-8.01,-6.22,-1.87,1.17,6.46
17060.00,2.89,-0.32,-4.57,-7.35,-5.50,0.76,4.14,7.90
17064.00,1.87,-4.83,-6.07,-3.73,-4.64,3.26,8.11,6.48
17068.00,-2.39,-2.43,-6.62,-4.49,2.35,5.97,8.45,6.73
17072.00,-2.57,-2.77,-4.87,-3.18,4.07,6.54,7.61,7.94
17076.00,-4.94,-3.57,-3.42,2.36,6.29,9.33,11.02,5.18
17080.00,-6.33,-4.15,-0.74,2.18,8.87,10.12,10.40,2.01
17084.00,-5.37,-3.19,0.13,5.77,6.86,6.63,6.45,0.55
17088.00,-1.00,0.27,1.43,6.00,6.68,10.15,6.06,0.11
17092.00,-0.57,3.21,6.09,10.30,10.77,4.57,1.10,-2.79
17096.00,-0.60,3.27,8.08,9.36,6.22,5.72,-1.51,-7.27
17100.00,1.17,7.47,9.99,6.75,6.30,2.62,-4.81,-13.87
17104.00,1.99,9.09,10.40,9.86,4.82,-0.39,-8.39,-12.24
17108.00,6.76,7.99,9.88,5.93,3.90,-6.80,-11.05,-15.15
17112.00,4.64,6.69,5.89,6.22,0.34,-9.28,-11.56,-14.80
17116.00,8.08,6.43,5.16,2.06,-4.59,-11.99,-17.75,-15.09
17120.00,10.24,6.73,3.52,-1.85,-8.92,-14.48,-17.67,-14.95
17124.00,5.81,5.04,4.32,-5.35,-10.23,-16.50,-16.20,-12.66
17128.00,9.50,5.00,1.83,-6.63,-12.53,-18.25,-16.30,-11.21
17132.00,4.98,2.00,-3.95,-8.65,-12.60,-17.96,-16.35,-5.56
17136.00,3.30,-1.76,-5.06,-10.39,-12.91,-16.30,-13.34,-4.82
17140.00,3.98,-5.07,-9.57,-15.56,-17.91,-13.75,-8.05,1.92
17144.00,1.46,-5.81,-11.17,-15.28,-16.95,-11.36,-1.14,9.00
17148.00,-2.70,-9.43,-13.60,-17.11,-11.37,-9.45,-0.78,15.04
17152.00,-6.19,-12.88,-14.08,-13.54,-10.19,-5.69,6.25,18.56
17156.00,-6.08,-13.54,-12.17,-11.11,-7.43,0.77,11.32,23.67
17160.00,-8.10,-10.90,-13.53,-8.92,-2.17,3.65,16.75,25.24
17164.00,-11.44,-15.44,-9.58,-8.88,3.43,8.47,22.56,27.38
17168.00,-10.65,-12.49,-9.63,-1.31,3.20,15.14,22.50,29.58
17172.00,-12.97,-9.90,-4.57,1.61,9.87,16.84,25.33,31.37
17176.00,-10.40,-9.78,-3.54,5.95,12.24,21.32,26.80,27.36
17180.00,-8.71,-7.38,0.27,11.08,16.93,25.71,26.86,25.28
17184.00,-10.92,-2.82,5.87,10.80,23.68,24.76,28.67,22.85
17188.00,-6.16,1.25,10.28,16.69,25.31,28.87,27.20,21.77
17192.00,-4.55,1.92,10.31,20.70,25.99,27.27,25.23,19.01
17196.00,-2.10,6.73,13.70,19.70,23.77,26.46,21.87,12.76
17200.00,0.90,12.56,16.59,24.59,24.39,21.63,14.66,7.89
17204.00,7.84,15.38,20.34,24.54,25.94,18.36,11.89,6.60
17208.00,12.53,15.44,22.88,25.62,20.69,14.26,7.02,2.78
17212.00,13.25,20.16,24.42,22.92,19.18,10.29,5.77,-1.10
17216.00,15.18,21.78,22.68,19.10,16.25,8.96,-1.23,-6.68
17220.00,18.21,20.86,19.78,19.55,9.46,2.42,-2.23,-4.38
17224.00,17.27,19.82,18.67,13.72,5.78,0.83,-2.94,-4.62
17228.00,21.58,19.40,18.83,10.31,5.63,0.68,-4.88,-7.31
17232.00,18.96,19.46,12.34,8.44,-0.67,-2.14,-5.60,-6.12
17236.00,19.92,13.26,11.24,2.25,0.96,-5.62,-4.56,-1.05
17240.00,14.73,11.47,5.06,2.25,-1.58,-3.07,-3.58,-2.98
17244.00,15.65,10.05,3.63,-2.07,-3.48,-4.59,-1.49,3.81
17248.00,13.21,6.48,3.80,-1.18,-3.95,-4.65,1.69,5.54
17252.00,8.41,1.84,0.91,-4.55,-6.72,-2.51,3.55,9.12
17256.00,4.71,1.25,-1.50,-5.24,-5.15,1.29,6.56,9.19
17260.00,1.59,-1.01,-1.60,-4.37,-0.69,2.11,4.46,11.13
17264.00,3.42,-1.86,-2.37,-3.16,0.76,4.15,8.20,9.19
17268.00,2.36,-2.50,-4.29,-0.49,1.12,8.61,11.32,9.46
17272.00,0.42,-3.14,0.33,-0.34,3.62,10.14,9.96,10.05
17276.00,-0.83,-2.84,0.53,3.80,9.07,10.83,9.68,7.32
17280.00,-1.62,-3.21,2.28,7.17,8.33,9.62,8.05,6.82
17284.00,-2.37,1.00,2.91,4.62,9.89,12.89,10.29,4.92
17288.00,-2.92,1.19,3.02,10.98,10.65,9.73,7.35,0.38
17292.00,-0.84,1.94,6.34,8.49,12.43,7.61,5.82,-3.41
17296.00,2.99,3.62,9.19,9.84,7.19,8.52,0.97,-7.94
17300.00,3.87,5.27,7.42,9.39,8.31,3.92,-0.84,-9.48
17304.00,4.05,8.35,7.71,9.71,4.36,0.30,-7.00,-13.57
17308.00,7.22,9.61,8.18,6.64,4.29,-0.67,-8.37,-16.22
17312.00,7.32,8.73,8.64,4.73,1.95,-8.10,-14.69,-17.90
17316.00,9.19,9.59,8.83,1.72,-3.74,-7.95,-14.48,-13.59
17320.00,8.69,9.41,3.83,1.52,-4.74,-11.39,-17.94,-16.44
17324.00,9.04,6.62,0.58,-2.17,-9.17,-13.91,-17.60,-13.59
17328.00,9.30,3.86,-1.60,-3.68,-14.18,-13.70,-15.36,-12.80
17332.00,8.66,1.04,-0.80,-9.26,-15.61,-14.67,-14.44,-5.67
17336.00,2.97,-2.54,-7.88,-10.91,-13.03,-14.41,-13.03,-4.42
17340.00,4.85,-4.25,-8.87,-11.93,-15.13,-14.21,-9.22,3.03
17344.00,-2.38,-3.35,-12.00,-14.26,-13.07,-12.01,-2.25,10.06
17348.00,-0.75,-7.05,-11.46,-14.18,-13.96,-7.67,2.69,11.94
17352.00,-4.28,-12.98,-16.43,-16.31,-10.39,-5.16,4.33,17.68
17356.00,-9.54,-10.76,-12.21,-11.95,-9.47,2.35,10.18,19.37
17360.00,-9.20,-15.46,-15.66,-9.60,-2.23,7.96,18.22,23.35
17364.00,-13.86,-15.36,-14.69,-9.62,1.17,10.13,18.86,26.10
17368.00,-11.55,-15.76,-9.52,-1.77,6.56,14.36,22.94,28.57
17372.00,-11.36,-13.91,-5.80,-1.55,8.17,17.54,26.04,30.79
17376.00,-13.38,-11.08,-4.89,4.50,11.63,20.66,26.48,30.52
17380.00,-13.82,-6.46,0.38,6.07,16.61,24.95,29.17,26.90
17384.00,-8.23,-6.35,4.25,13.71,18.05,23.25,27.42,25.72
17388.00,-6.54,-0.28,6.23,15.58,24.47,23.22,22.77,21.09
17392.00,-2.20,1.18,9.16,16.10,23.68,23.01,23.50,17.13
17396.00,-2.44,8.45,13.87,20.67,25.28,23.54,18.24,11.39
17400.00,0.47,10.91,15.36,23.65,22.39,19.09,13.10,7.16
17404.00,5.46,14.11,17.24,20.36,21.63,18.74,11.34,0.35
17408.00,9.33,15.13,19.31,21.59,21.25,13.52,3.99,-0.60
17412.00,11.72,18.62,21.10,17.96,18.83,7.89,3.18,-4.24
17416.00,12.79,20.07,18.00,17.41,14.81,7.71,-2.27,-5.84
17420.00,14.48,19.64,19.46,15.49,10.82,-0.29,-6.66,-8.02
17424.00,15.81,16.59,17.26,10.54,4.59,-2.89,-7.25,-10.30
17428.00,18.65,19.17,14.93,6.45,0.45,-5.56,-9.21,-9.04
17432.00,16.45,13.55,9.32,6.49,-2.34,-6.26,-10.91,-6.02
17436.00,16.99,14.36,9.30,1.23,-5.98,-9.52,-7.68,-5.35
17440.00,15.22,10.53,3.83,-0.15,-4.82,-9.63,-9.25,-5.50
17444.00,10.54,6.29,1.68,-1.72,-4.74,-5.72,-5.67,0.24
17448.00,9.01,3.32,-1.30,-6.83,-9.17,-8.70,-4.08,0.46
17452.00,5.29,-0.65,-4.83,-7.62,-7.46,-6.18,-2.79,3.30
17456.00,4.67,-3.34,-5.17,-8.60,-4.11,-3.75,0.32,2.87
17460.00,0.16,-1.96,-7.78,-5.64,-4.75,-1.75,4.77,8.44
17464.00,-1.54,-5.53,-7.83,-3.83,-4.54,1.99,4.56,8.49
17468.00,-4.28,-5.31,-7.49,-4.42,-1.45,3.14,6.01,8.27
17472.00,-3.09,-3.67,-5.95,-3.27,2.13,3.34,4.93,7.82
17476.00,-2.75,-4.50,-5.59,1.26,5.46,5.43,8.17,2.59
17480.00,-5.53,-5.15,-4.02,1.96,5.35,7.56,5.49,3.18
17484.00,-6.29,-5.15,0.28,3.93,5.61,4.87,4.06,-2.52
17488.00,-3.09,-3.77,2.86,6.85,5.19,6.31,4.67,-6.40
17492.00,-1.51,-0.70,1.60,5.75,7.69,1.76,1.48,-7.12
17496.00,-3.35,0.58,4.85,8.67,4.92,2.63,-5.72,-13.41
17500.00,2.48,3.77,7.27,5.52,6.16,-3.31,-7.56,-12.78
17504.00,4.06,4.17,3.77,2.82,-0.13,-2.26,-9.89,-15.22
17508.00,4.30,5.16,3.33,4.16,-2.63,-6.63,-13.05,-19.69
17512.00,2.97,5.41,7.06,-0.17,-5.69,-13.15,-18.66,-23.43
17516.00,2.78,5.78,2.94,0.72,-8.55,-15.60,-18.15,-22.39
17520.00,7.71,6.57,1.22,-6.66,-10.80,-16.86,-20.06,-21.53
17524.00,6.20,0.65,-1.66,-7.22,-14.62,-20.72,-21.25,-19.82
17528.00,2.34,1.22,-3.59,-10.41,-14.54,-20.34,-20.88,-17.86
17532.00,4.23,-2.54,-9.13,-12.16,-19.56,-18.46,-18.45,-14.32
17536.00,1.21,-3.50,-12.02,-17.02,-18.91,-20.04,-13.85,-9.13
17540.00,-1.97,-6.50,-15.38,-19.62,-18.45,-17.77,-13.43,-3.38
17544.00,-4.90,-8.04,-12.95,-18.96,-20.17,-14.99,-10.02,2.56
17548.00,-6.18,-12.42,-19.61,-17.58,-16.05,-13.50,-6.03,8.33
17552.00,-10.59,-12.82,-17.08,-17.02,-16.35,-9.82,0.52,9.22
17556.00,-11.16,-18.25,-20.55,-16.45,-14.89,-5.09,5.00,15.97
17560.00,-12.14,-17.76,-17.68,-13.98,-9.21,2.39,8.94,19.30
17564.00,-17.39,-17.02,-16.29,-13.63,-4.71,6.54,14.34,22.25
17568.00,-16.78,-20.01,-12.80,-7.28,1.02,8.77,16.13,23.06
17572.00,-18.36,-16.83,-11.86,-4.83,6.41,15.25,17.84,23.19
17576.00,-14.41,-12.74,-11.12,1.17,9.36,16.48,22.08,24.31
17580.00,-15.61,-11.01,-3.46,5.57,13.23,19.05,20.83,22.70
17584.00,-13.06,-8.51,-2.31,5.68,13.09,19.38,18.47,17.92
17588.00,-12.59,-4.99,3.99,8.29,16.04,20.27,17.01,13.38
17592.00,-8.78,-2.81,6.75,12.15,20.02,20.05,18.52,8.97
17596.00,-3.84,3.45,7.41,17.38,16.90,19.10,11.96,4.56
17600.00,-0.41,3.36,10.00,15.53,19.35,17.51,10.03,2.70
17604.00,0.47,10.66,14.89,17.37,14.40,12.66,5.99,-1.77
17608.00,4.30,10.63,14.04,17.84,14.95,9.84,0.21,-7.96
17612.00,8.82,12.87,15.01,12.98,10.12,4.56,-3.84,-9.60
17616.00,10.72,12.04,15.78,11.46,8.44,0.29,-5.13,-15.25
17620.00,10.26,15.81,12.43,8.92,2.57,-4.12,-12.68,-14.06
17624.00,14.62,12.06,13.98,8.91,2.23,-7.15,-13.30,-14.06
17628.00,11.87,12.07,9.87,4.35,-5.52,-7.22,-13.41,-16.56
17632.00,13.65,11.92,4.67,0.58,-4.49,-10.99,-14.02,-16.41
17636.00,10.11,9.44,3.13,-1.13,-11.12,-10.95,-12.66,-14.47
17640.00,11.29,7.41,1.39,-5.11,-10.97,-13.59,-15.37,-12.88
17644.00,5.50,5.35,-2.33,-7.00,-10.80,-12.49,-12.81,-8.43
17648.00,4.54,0.50,-3.67,-10.77,-15.12,-12.78,-7.94,-7.37
17652.00,1.93,-0.21,-7.08,-11.15,-9.94,-12.61,-8.37,-5.16
17656.00,-1.62,-6.69,-9.32,-11.24,-13.75,-7.93,-3.01,-1.44
17660.00,-1.59,-8.71,-8.53,-13.50,-8.47,-4.78,-4.84,-0.91
17664.00,-4.15,-9.15,-10.65,-10.52,-8.39,-4.66,-0.37,3.82
17668.00,-5.61,-11.74,-11.57,-11.06,-5.97,-3.77,2.76,2.70
17672.00,-6.97,-10.46,-7.98,-8.23,-2.34,0.64,1.85,0.40
17676.00,-9.15,-8.79,-8.70,-7.37,-1.04,1.67,0.57,1.28
17680.00,-9.72,-9.49,-6.44,-2.66,-0.08,3.01,1.81,-0.42
17684.00,-10.48,-6.92,-2.60,-3.18,0.95,4.33,-1.77,-5.53
17688.00,-5.56,-7.46,-0.66,-1.73,0.10,2.93,-5.01,-11.61
17692.00,-4.57,-6.26,0.26,1.28,2.85,-1.24,-6.15,-10.62
17696.00,-7.34,-1.11,2.90,1.06,3.03,-1.67,-9.08,-17.97
17700.00,-2.29,1.04,2.91,1.06,0.30,-5.47,-10.86,-20.86
17704.00,-4.12,-1.25,4.26,0.80,-4.08,-9.34,-17.26,-20.41
17708.00,0.04,1.52,2.76,1.84,-5.71,-12.07,-17.06,-23.08
17712.00,3.43,3.53,1.72,-0.27,-8.38,-14.59,-21.28,-26.33
17716.00,2.44,1.19,-0.76,-3.36,-11.60,-17.72,-21.24,-28.43
17720.00,2.13,1.05,0.23,-6.27,-16.51,-20.31,-22.90,-23.80
17724.00,2.99,0.13,-5.62,-12.88,-19.40,-24.23,-27.56,-24.32
17728.00,2.66,0.36,-6.84,-14.00,-18.83,-25.11,-25.41,-22.55
17732.00,-0.87,-3.02,-8.23,-19.17,-21.83,-24.50,-20.45,-17.83
17736.00,-0.68,-5.72,-12.58,-17.58,-21.22,-24.15,-18.55,-12.53
17740.00,-1.62,-10.57,-14.51,-22.89,-22.58,-23.98,-18.42,-8.76
17744.00,-8.29,-12.95,-16.56,-20.54,-22.52,-19.48,-11.72,-1.52
17748.00,-7.09,-15.62,-18.56,-22.87,-22.47,-15.26,-6.31,3.43
17752.00,-13.96,-15.69,-21.47,-22.25,-20.42,-13.77,-0.62,8.77
17756.00,-14.72,-16.86,-18.97,-22.34,-14.00,-9.33,1.10,13.12
17760.00,-14.03,-19.72,-20.38,-20.46,-10.95,-3.16,4.88,14.72
17764.00,-19.07,-18.07,-17.80,-16.49,-5.46,-0.22,10.95,17.32
17768.00,-19.23,-17.46,-17.38,-12.17,-1.65,8.93,13.32,20.56
17772.00,-19.56,-16.09,-13.38,-9.60,3.91,12.40,17.55,20.83
17776.00,-20.46,-15.90,-11.24,-2.14,7.64,15.45,20.15,20.22
17780.00,-15.19,-14.19,-5.16,0.50,9.80,17.55,18.02,16.21
17784.00,-14.45,-8.27,-4.32,7.16,12.86,16.91,19.69,14.91
17788.00,-10.98,-7.62,-0.08,9.90,16.07,17.73,16.05,11.23
17792.00,-11.39,-3.06,5.58,9.46,15.83,15.03,15.29,9.68
17796.00,-5.96,-1.70,6.27,16.05,15.54,15.13,10.83,4.45
17800.00,-5.56,2.52,12.29,16.43,15.88,11.11,5.29,-3.53
17804.00,-1.72,8.59,11.92,17.01,15.67,11.17,1.75,-4.51
17808.00,3.60,9.64,15.57,13.52,11.12,5.92,-0.23,-9.21
17812.00,5.76,9.75,13.20,15.57,10.99,4.29,-3.57,-14.34
17816.00,8.24,11.20,13.49,12.80,8.01,-0.59,-8.59,-15.31
17820.00,11.12,14.66,12.48,11.90,1.82,-5.70,-13.52,-16.99
17824.00,10.91,12.97,10.56,4.75,0.82,-6.18,-15.46,-16.20
17828.00,12.32,11.04,9.12,1.65,-6.03,-9.75,-13.64,-18.86
17832.00,12.48,9.12,4.45,0.90,-5.35,-10.30,-13.32,-13.82
17836.00,10.69,7.70,0.70,-1.94,-8.27,-11.87,-15.29,-14.54
17840.00,9.50,7.63,-0.81,-7.94,-12.64,-16.54,-16.06,-10.41
17844.00,10.03,4.14,-1.56,-7.42,-11.16,-15.23,-12.05,-8.92
17848.00,6.87,1.52,-5.45,-8.64,-10.56,-10.84,-8.68,-6.39
17852.00,1.07,-2.85,-9.17,-12.25,-11.70,-11.68,-7.60,-4.04
17856.00,-0.71,-7.25,-10.65,-11.90,-13.48,-11.01,-6.48,1.50
17860.00,-1.81,-5.19,-11.40,-8.73,-8.71,-6.94,-0.25,2.33
17864.00,-1.97,-5.92,-11.33,-8.76,-9.98,-4.19,-2.33,2.71
17868.00,-7.07,-8.26,-9.38,-7.22,-5.20,-0.64,1.17,3.96
17872.00,-7.96,-6.95,-8.40,-5.26,-4.02,1.72,4.89,-0.15
17876.00,-8.98,-10.87,-6.74,-3.45,0.23,2.30,2.71,-0.98
17880.00,-7.97,-7.04,-6.28,-1.16,0.94,1.56,0.68,-1.64
17884.00,-6.21,-7.83,-2.51,0.38,1.55,3.60,0.39,-4.84
17888.00,-5.49,-6.11,-0.89,3.14,4.14,2.67,-0.65,-6.21
17892.00,-4.03,-2.42,0.76,1.36,2.82,1.43,-2.95,-9.25
17896.00,-3.26,0.36,3.74,5.39,3.41,-1.12,-6.52,-12.56
17900.00,-2.45,1.11,4.49,3.17,0.27,-2.12,-8.54,-16.67
17904.00,-1.53,0.87,5.51,4.95,-1.97,-7.81,-12.83,-18.45
17908.00,3.55,2.23,1.95,2.60,-1.35,-9.21,-16.40,-22.25
17912.00,1.74,4.52,3.23,1.25,-8.37,-14.28,-20.34,-23.44
17916.00,4.65,6.11,0.75,-1.91,-9.25,-15.80,-19.10,-23.07
17920.00,2.00,3.67,-1.72,-5.18,-13.34,-19.01,-20.15,-21.00
17924.00,3.50,2.82,-4.51,-8.75,-14.11,-21.19,-23.59,-18.84
17928.00,3.25,-1.51,-6.03,-10.22,-17.38,-19.35,-23.69,-17.44
17932.00,0.10,-1.90,-6.71,-15.69,-19.72,-21.36,-20.78,-13.44
17936.00,-0.15,-6.58,-9.98,-18.70,-20.13,-20.28,-17.36,-11.23
17940.00,-3.06,-6.90,-13.47,-17.93,-21.10,-20.27,-11.29,-6.20
17944.00,-4.75,-7.71,-14.76,-17.54,-20.77,-18.16,-7.53,-0.28
17948.00,-6.50,-10.64,-17.12,-20.42,-19.09,-12.46,-4.24,6.54
17952.00,-10.32,-15.95,-16.32,-18.39,-16.95,-10.87,0.85,13.50
17956.00,-13.67,-14.72,-16.50,-18.43,-10.39,-3.57,7.86,13.68
17960.00,-15.02,-16.39,-17.58,-13.83,-9.19,-0.37,8.76,19.43
17964.00,-13.66,-19.66,-15.03,-13.14,-1.65,7.29,13.35,21.35
17968.00,-16.51,-16.47,-15.30,-9.65,1.22,8.20,20.33,23.06
17972.00,-18.64,-17.32,-11.89,-3.25,5.82,13.61,18.93,23.01
17976.00,-16.01,-14.17,-9.15,-0.20,10.29,16.42,23.88,24.93
17980.00,-16.91,-8.26,-1.34,4.53,11.93,21.73,21.50,21.46
17984.00,-10.62,-7.43,-1.37,9.64,16.58,23.31,21.34,19.09
17988.00,-8.21,-5.47,3.44,11.12,16.88,20.31,19.39,14.88
17992.00,-9.03,-0.87,8.18,14.55,18.94,22.55,17.66,10.54
17996.00,-1.21,3.81,12.10,15.46,21.54,21.05,13.44,8.14
18000.00,1.19,7.44,15.90,17.85,20.31,18.95,12.70,2.05
18004.00,2.05,10.66,16.24,18.01,19.01,17.43,5.61,0.14
18008.00,5.01,13.33,19.21,17.97,17.89,9.22,2.62,-3.19
18012.00,8.87,13.76,20.03,20.82,14.93,8.35,0.12,-9.25
18016.00,14.50,15.90,19.75,17.50,12.44,2.49,-0.97,-7.91
18020.00,15.43,19.07,15.36,13.23,7.82,1.83,-5.87,-12.51
18024.00,17.21,17.43,15.17,8.56,3.58,-5.18,-9.44,-11.37
18028.00,14.24,15.10,14.99,8.26,2.08,-4.72,-8.23,-9.11
18032.00,17.79,15.88,11.49,5.70,-2.90,-7.38,-9.69,-7.59
18036.00,15.90,11.65,8.15,0.20,-4.48,-7.64,-10.20,-7.11
18040.00,12.24,11.30,5.96,0.53,-7.80,-10.15,-9.24,-3.27
18044.00,10.80,5.12,-0.14,-3.73,-8.33,-7.39,-5.02,-3.97
18048.00,7.74,6.00,-1.50,-6.19,-9.32,-8.58,-3.69,1.26
18052.00,4.91,3.37,-4.51,-7.52,-8.61,-6.07,-3.45,5.34
18056.00,6.27,0.28,-6.02,-7.19,-6.41,-1.07,2.32,4.59
18060.00,2.58,-3.77,-4.86,-5.21,-3.64,0.38,1.98,7.36
18064.00,0.50,-6.46,-7.45,-3.37,-4.41,-0.52,3.74,9.30
18068.00,-0.02,-6.48,-7.36,-3.33,-0.06,3.71,5.22,8.61
18072.00,-4.36,-4.90,-4.83,0.91,3.26,6.97,7.37,5.76
18076.00,-5.64,-3.80,-2.76,-0.26,5.30,9.51,7.29,7.27
18080.00,-3.09,-4.56,-3.36,1.62,8.20,7.61,8.15,5.91
18084.00,-2.36,-0.83,0.19,6.69,8.00,6.19,6.36,2.65
18088.00,-5.04,1.46,2.41,7.30,7.50,9.08,5.68,-0.84
18092.00,0.66,1.70,2.85,6.98,9.90,4.13,3.61,-6.56
18096.00,-1.70,4.08,6.92,7.83,6.22,3.68,-3.80,-7.31
18100.00,2.56,7.50,9.12,9.95,8.43,1.89,-3.02,-13.40
18104.00,3.03,8.18,10.70,7.78,2.46,-2.33,-6.68,-15.22
18108.00,4.72,7.37,10.51,7.63,2.48,-3.50,-10.66,-15.16
18112.00,6.63,7.51,10.23,2.72,-2.18,-5.86,-11.30,-17.49
18116.00,10.19,7.34,6.61,0.36,-5.84,-10.28,-15.28,-17.08
18120.00,10.64,8.86,3.43,0.50,-9.14,-15.22,-18.58,-17.39
18124.00,10.58,6.75,3.22,-5.32,-10.05,-14.51,-18.13,-12.67
18128.00,4.97,6.41,-0.46,-4.95,-13.47,-17.19,-16.07,-12.86
18132.00,8.18,3.03,-3.70,-7.84,-16.66,-15.34,-16.06,-9.38
18136.00,6.47,0.62,-6.76,-12.33,-16.71,-17.50,-11.22,-0.50
18140.00,4.26,-1.87,-8.25,-13.04,-17.43,-11.06,-9.30,-0.38
18144.00,-0.40,-5.72,-13.50,-14.30,-13.80,-8.92,-3.96,9.40
18148.00,-0.68,-6.64,-12.53,-16.03,-12.64,-9.43,2.40,10.42
18152.00,-6.03,-9.34,-14.76,-14.60,-10.94,-4.82,6.19,17.99
18156.00,-7.07,-12.01,-13.11,-10.90,-7.76,0.25,12.55,20.64
18160.00,-7.45,-11.90,-11.16,-12.35,-4.62,4.41,17.85,26.69
18164.00,-12.84,-11.51,-11.33,-5.93,-0.80,12.67,18.87,27.38
18168.00,-11.72,-10.80,-10.02,-3.09,4.71,16.99,24.23,31.83
18172.00,-12.27,-11.01,-6.22,0.97,10.95,18.08,28.50,31.78
18176.00,-12.33,-9.05,-1.56,6.03,12.23,23.20,30.18,29.93
18180.00,-9.95,-5.48,1.59,6.98,18.21,25.99,27.32,26.26
18184.00,-7.02,-5.63,4.18,14.11,22.95,26.21,25.84,26.88
18188.00,-5.92,1.91,8.13,15.78,24.39,28.27,26.43,21.12
18192.00,-2.21,1.61,10.70,22.01,25.92,25.94,23.46,19.35
18196.00,-1.80,6.00,17.31,23.75,25.72,23.07,18.14,11.96
18200.00,5.08,9.24,19.10,22.37,25.94,20.66,14.27,9.72
18204.00,9.31,14.02,22.69,24.18,25.18,20.97,13.22,3.03
18208.00,9.65,15.76,21.97,24.71,19.26,17.91,7.90,-1.86
18212.00,11.93,19.75,23.34,20.64,19.96,9.89,6.17,-1.70
18216.00,16.98,22.50,20.12,18.21,13.96,8.87,-0.15,-5.96
18220.00,18.24,21.14,22.96,18.24,11.46,4.60,-3.58,-8.71
18224.00,18.64,19.45,17.04,13.92,8.57,3.33,-5.92,-5.15
18228.00,20.76,20.14,18.07,12.45,5.19,-1.02,-4.83,-6.22
18232.00,20.61,15.12,15.62,5.24,2.69,-5.02,-7.07,-5.11
18236.00,18.37,15.56,12.07,2.46,-0.09,-5.61,-3.56,-3.14
18240.00,16.27,14.05,4.86,1.72,-4.07,-6.11,-5.83,0.03
18244.00,16.38,11.18,5.75,0.30,-4.63,-6.79,-1.74,3.85
18248.00,10.28,6.66,0.61,-2.94,-6.59,-1.79,-2.34,5.72
18252.00,11.17,2.39,1.60,-4.92,-6.07,-3.11,1.91,8.28
18256.00,6.09,0.75,-0.76,-2.45,-1.18,1.24,2.49,7.20
18260.00,6.22,-2.50,-1.46,-1.37,-0.46,3.86,6.31,11.60
18264.00,3.02,-1.83,-1.92,-4.02,1.97,4.69,8.80,11.70
18268.00,0.47,-2.58,-4.87,0.64,2.81,6.91,11.85,13.84
18272.00,0.91,-3.04,-1.58,2.74,2.98,8.75,11.07,10.16
18276.00,-1.13,-3.57,0.09,4.36,5.34,8.38,9.93,6.99
18280.00,-4.05,0.31,-1.15,2.81,7.79,12.62,8.52,6.27
18284.00,-2.51,0.46,5.56,6.98,11.84,12.38,10.78,4.28
18288.00,-3.10,0.69,5.02,9.22,12.40,11.56,8.59,1.76
18292.00,0.14,2.20,8.89,12.16,10.45,9.49,4.69,-4.82
18296.00,2.22,6.94,10.08,12.54,11.62,7.98,-0.62,-5.87
18300.00,4.99,4.34,8.25,12.00,9.19,4.43,-2.05,-11.10
18304.00,4.93,8.14,9.71,8.74,3.69,1.46,-6.78,-11.06
18308.00,6.28,10.91,11.07,10.09,3.14,-2.47,-9.20,-16.50
18312.00,6.01,10.53,7.35,6.21,-2.11,-4.92,-11.55,-15.89
18316.00,10.50,8.60,7.45,4.95,-4.61,-9.96,-12.68,-18.18
18320.00,10.01,7.01,4.25,2.29,-5.88,-14.04,-13.16,-13.06
18324.00,9.83,8.92,4.84,-2.89,-9.93,-16.25,-18.25,-15.16
18328.00,10.27,7.54,0.02,-4.01,-13.48,-14.53,-12.87,-12.35
18332.00,4.49,1.12,-0.69,-10.29,-11.31,-13.84,-14.41,-5.95
18336.00,5.69,1.93,-4.56,-10.90,-15.02,-16.87,-11.00,-2.10
18340.00,3.62,-4.32,-10.70,-13.52,-16.45,-13.17,-7.58,1.42
18344.00,-1.14,-6.30,-10.34,-15.87,-15.86,-9.30,-2.19,5.63
18348.00,-4.59,-9.64,-10.41,-14.79,-11.18,-6.71,2.47,13.49
18352.00,-6.23,-10.97,-15.48,-12.10,-11.70,-4.38,5.44,16.87
18356.00,-6.40,-11.32,-13.04,-13.83,-9.02,1.53,11.07,22.80
18360.00,-8.09,-13.92,-15.41,-10.30,-2.12,4.34,14.91,24.32
18364.00,-12.40,-13.32,-11.04,-7.85,-0.15,7.97,21.23,29.97
18368.00,-11.77,-13.24,-8.20,-3.16,5.88,17.02,22.32,29.15
18372.00,-14.98,-11.86,-8.04,0.09,8.49,18.53,26.47,30.83
18376.00,-10.86,-10.51,-6.35,4.39,14.84,20.11,26.29,26.84
18380.00,-9.26,-6.71,0.20,10.43,17.19,26.37,29.71,26.89
18384.00,-8.88,-4.99,1.87,13.02,22.12,27.00,26.39,21.04
18388.00,-8.67,0.99,9.19,16.55,20.74,24.37,24.33,21.62
18392.00,-6.27,0.32,11.78,16.15,21.40,24.36,21.43,16.39
18396.00,-3.38,4.50,12.87,19.37,23.57,24.45,19.71,12.51
18400.00,4.53,11.93,17.73,21.57,21.64,20.17,14.90,6.65
18404.00,3.75,12.71,19.88,22.65,20.95,17.60,12.45,0.77
18408.00,9.69,14.16,19.54,21.33,19.62,15.45,4.45,-3.42
18412.00,13.67,17.91,22.42,18.74,18.69,12.42,1.23,-4.52
18416.00,12.70,19.62,20.82,16.99,14.57,5.70,-2.87,-9.84
18420.00,18.06,17.30,19.91,17.27,11.03,3.46,-5.03,-8.72
18424.00,17.39,17.81,16.86,13.17,4.77,-2.87,-8.99,-7.24
18428.00,15.64,16.60,15.84,8.56,0.83,-6.50,-10.15,-8.98
18432.00,18.58,17.54,9.60,3.52,-0.73,-7.51,-8.63,-8.37
18436.00,14.56,13.25,5.53,2.37,-3.66,-9.83,-8.39,-9.12
18440.00,16.42,10.87,3.10,0.64,-5.78,-7.94,-6.45,-5.19
18444.00,10.07,7.32,-0.65,-6.01,-8.91,-10.18,-4.00,-4.42
18448.00,11.07,4.30,-1.98,-5.66,-7.25,-6.10,-4.73,1.20
18452.00,5.70,0.65,-5.51,-8.10,-7.74,-5.29,-2.39,4.81
18456.00,4.82,0.07,-3.13,-4.73,-5.26,-3.00,0.45,6.49
18460.00,0.16,-2.33,-6.15,-6.77,-5.15,-2.05,3.29,7.79
18464.00,1.07,-5.66,-4.80,-5.52,-2.31,3.19,5.50,4.96
18468.00,-1.71,-6.37,-4.24,-6.86,-0.70,5.31,3.93,8.57
18472.00,-4.79,-6.67,-5.28,-1.73,0.74,3.97,8.37,4.80
18476.00,-4.66,-5.00,-6.05,-2.50,3.44,4.99,6.02,6.32
18480.00,-4.84,-5.27,-0.30,0.71,6.66,6.12,4.52,0.97
18484.00,-6.59,-5.06,-0.93,2.03,3.60,7.41,4.73,-0.72
18488.00,-4.34,-2.37,1.34,3.43,4.12,5.23,1.65,-3.64
18492.00,-4.80,-1.44,2.67,5.45,6.27,3.15,-2.81,-8.37
18496.00,-0.18,1.60,5.25,5.17,7.49,-0.41,-3.39,-11.61
18500.00,1.05,3.99,4.20,5.64,2.14,1.39,-7.55,-13.56
18504.00,-0.15,2.05,5.22,4.17,1.74,-2.47,-9.16,-17.14
18508.00,3.93,6.60,7.77,3.60,-2.31,-5.53,-13.25,-18.58
18512.00,2.92,5.63,6.17,1.60,-6.42,-9.83,-15.19,-19.74
18516.00,3.84,3.50,3.47,-0.43,-6.50,-13.37,-18.25,-19.83
18520.00,3.44,5.12,0.63,-5.50,-10.51,-15.64,-21.55,-19.94
18524.00,4.33,1.84,-3.40,-8.33,-15.22,-19.40,-20.91,-19.60
18528.00,4.36,-1.27,-2.63,-11.21,-18.59,-21.21,-19.77,-16.28
18532.00,1.94,0.27,-6.64,-11.68,-18.17,-21.05,-18.99,-11.16
18536.00,-0.15,-2.79,-8.36,-14.24,-20.18,-19.23,-13.75,-6.09
18540.00,-3.26,-4.81,-14.46,-15.87,-19.82,-19.82,-13.77,-1.57
18544.00,-2.56,-11.46,-16.22,-18.78,-18.35,-14.25,-6.98,0.10
18548.00,-6.03,-13.92,-16.77,-18.24,-15.90,-12.07,-2.20,5.73
18552.00,-7.45,-14.82,-16.66,-18.79,-17.11,-7.67,-0.34,9.74
18556.00,-13.86,-17.06,-20.19,-18.59,-14.29,-5.79,5.58,17.57
18560.00,-16.23,-18.04,-16.57,-13.18,-10.70,-1.63,8.65,16.72
18564.00,-16.32,-19.41,-15.40,-12.70,-7.01,2.50,14.50,19.99
18568.00,-18.97,-17.86,-14.40,-7.99,0.10,9.36,18.78,23.79
18572.00,-15.08,-15.81,-11.24,-5.38,4.34,13.10,19.40,22.77
18576.00,-18.78,-16.13,-6.81,-1.37,6.25,16.31,18.96,22.15
18580.00,-17.64,-10.98,-3.06,2.91,10.55,18.24,20.37,21.32
18584.00,-14.12,-8.46,-0.22,7.05,17.20,17.91,19.89,19.62
18588.00,-13.11,-3.77,3.42,10.01,19.38,21.79,20.25,15.48
18592.00,-8.99,-0.32,7.01,11.76,15.89,18.19,15.70,9.98
18596.00,-7.15,0.22,9.27,13.41,17.07,17.94,13.02,4.90
18600.00,-1.20,2.95,12.88,14.52,16.59,15.02,11.15,2.63
18604.00,1.99,7.99,13.19,16.66,17.70,14.49,5.49,-1.70
18608.00,5.48,9.75,16.17,16.72,14.64,10.28,0.66,-9.74
18612.00,9.76,14.30,18.17,16.30,13.64,5.81,-5.54,-10.51
18616.00,8.10,12.91,15.08,12.16,5.66,-1.12,-8.82,-11.86
18620.00,13.47,16.14,14.70,9.73,3.13,-4.06,-10.72,-17.19
18624.00,12.94,14.25,11.86,6.00,-2.13,-7.34,-12.95,-13.90
18628.00,14.74,13.88,7.25,5.13,-5.09,-10.30,-13.49,-13.97
18632.00,13.40,8.80,8.20,1.42,-8.54,-9.67,-13.18,-12.03
18636.00,11.04,8.87,3.94,-4.19,-11.33,-13.34,-16.90,-15.21
18640.00,12.18,6.62,-1.27,-6.41,-8.85,-11.66,-13.24,-10.27
18644.00,5.76,3.54,-2.69,-6.71,-10.68,-15.00,-10.84,-10.37
18648.00,7.42,-0.96,-4.13,-11.56,-12.13,-14.05,-10.63,-7.24
18652.00,2.99,-1.69,-9.83,-10.18,-12.58,-10.52,-8.01,-3.65
18656.00,0.54,-7.28,-10.71,-9.47,-9.99,-6.89,-6.30,-2.99
18660.00,-4.56,-9.11,-11.45,-13.24,-11.59,-5.43,-1.07,-1.25
18664.00,-3.24,-11.08,-8.87,-9.41,-9.15,-4.75,-2.75,2.12
18668.00,-5.05,-9.89,-10.45,-7.84,-6.70,-2.29,2.23,1.07
18672.00,-6.84,-11.32,-11.33,-6.73,-2.12,-2.58,1.43,1.76
18676.00,-8.78,-7.66,-5.81,-4.72,0.89,3.12,2.03,-0.09
18680.00,-6.64,-7.03,-5.68,-4.02,0.03,4.40,3.46,-3.29
18684.00,-10.90,-5.71,-3.60,-2.55,0.44,0.40,-1.20,-5.76
18688.00,-8.35,-5.65,-2.04,2.03,3.28,1.94,-0.68,-10.66
18692.00,-6.69,-2.95,0.41,3.45,0.02,1.77,-7.29,-13.77
18696.00,-5.84,-3.37,-0.96,1.12,3.50,-3.81,-8.73,-14.88
18700.00,-4.79,1.04,0.11,2.05,-0.51,-3.48,-10.24,-19.75
18704.00,-1.74,-1.30,4.12,-0.92,-1.74,-7.96,-13.51,-23.20
18708.00,0.49,3.65,3.75,-1.38,-6.35,-9.68,-16.54,-25.56
18712.00,0.15,1.58,-0.57,-1.18,-6.98,-16.91,-19.63,-23.44
18716.00,4.31,1.09,0.39,-6.76,-13.36,-19.14,-25.10,-25.53
18720.00,1.62,1.42,-1.54,-6.09,-14.77,-21.32,-24.33,-26.33
18724.00,4.28,1.39,-2.67,-12.89,-15.47,-22.31,-23.76,-21.50
18728.00,1.00,-0.35,-9.44,-12.02,-22.12,-24.63,-26.05,-20.72
18732.00,-2.05,-3.80,-11.39,-14.52,-24.29,-25.22,-24.01,-17.96
18736.00,-1.33,-5.52,-13.05,-17.71,-22.74,-25.96,-21.78,-10.21
18740.00,-3.78,-9.99,-15.26,-18.94,-24.20,-22.81,-14.35,-6.90
18744.00,-8.87,-13.46,-18.38,-22.88,-21.53,-21.49,-11.05,-3.91
18748.00,-7.56,-16.33,-21.74,-24.77,-21.87,-13.42,-8.98,1.24
18752.00,-11.81,-17.50,-23.54,-21.37,-16.62,-10.90,-1.51,10.20
18756.00,-14.68,-18.17,-22.09,-21.61,-16.89,-6.19,1.85,11.97
18760.00,-16.91,-18.39,-20.57,-16.50,-11.87,-2.66,4.90,17.07
18764.00,-17.76,-20.12,-19.52,-14.17,-9.34,1.33,9.22,20.17
18768.00,-18.96,-20.47,-19.70,-9.59,-0.70,7.78,15.21,18.41
18772.00,-20.57,-18.34,-11.95,-8.25,3.55,8.25,17.13,19.36
18776.00,-18.99,-18.96,-12.06,-1.66,6.54,12.65,18.38,18.27
18780.00,-15.36,-13.15,-9.26,-0.99,9.34,17.31,19.79,19.71
18784.00,-16.52,-9.62,-1.25,6.26,11.14,18.39,18.10,13.86
18788.00,-12.79,-8.19,-0.67,7.63,13.61,18.25,18.21,11.09
18792.00,-9.17,-3.62,3.31,11.86,16.47,18.67,16.53,8.70
18796.00,-8.40,-1.60,8.95,14.14,15.10,15.99,11.07,4.27
18800.00,-3.71,6.43,13.30,17.71,17.49,12.76,8.27,-2.25
18804.00,-0.41,9.59,14.38,18.30,12.60,10.86,1.89,-5.34
18808.00,5.36,9.68,16.31,15.41,13.42,8.00,1.40,-10.96
18812.00,4.04,13.17,17.04,11.63,7.78,1.76,-3.94,-14.23
18816.00,11.12,14.70,13.00,12.27,6.34,-2.90,-10.26,-15.96
18820.00,13.37,15.24,14.46,8.24,2.86,-3.47,-11.79,-14.14
18824.00,10.54,11.38,11.19,4.95,1.25,-7.84,-12.52,-16.64
18828.00,13.84,9.99,8.54,0.77,-1.93,-8.76,-12.45,-15.72
18832.00,11.89,10.91,6.02,2.11,-5.59,-10.81,-13.82,-14.22
18836.00,11.58,9.47,0.88,-3.75,-11.63,-14.37,-14.22,-14.90
18840.00,12.14,4.60,-1.91,-8.47,-11.17,-15.06,-14.77,-12.43
18844.00,6.52,5.22,-3.38,-6.90,-10.75,-12.31,-13.51,-6.27
18848.00,6.94,1.24,-4.52,-11.33,-14.01,-10.66,-8.04,-7.08
18852.00,4.81,-0.23,-5.37,-12.13,-13.12,-11.93,-7.11,-2.12
18856.00,-2.01,-4.04,-7.56,-13.16,-12.95,-6.20,-2.54,1.44
18860.00,-3.02,-8.36,-7.86,-8.66,-9.95,-4.84,-4.45,2.68
18864.00,-4.19,-9.53,-9.73,-10.98,-8.06,-4.32,1.06,0.69
18868.00,-7.76,-8.59,-7.74,-7.83,-3.81,-3.27,2.46,0.93
18872.00,-6.84,-9.35,-7.42,-5.67,-0.98,-0.67,4.97,3.37
18876.00,-8.09,-7.22,-7.52,-2.65,-2.87,3.59,1.60,2.04
18880.00,-8.08,-10.12,-3.43,0.22,3.03,4.94,3.06,-3.82
18884.00,-8.75,-4.77,-2.57,-1.75,1.67,1.81,0.66,-4.16
18888.00,-6.28,-4.14,-3.65,3.60,3.63,1.49,-0.17,-6.45
18892.00,-5.78,-3.32,0.26,3.68,4.66,1.44,-2.57,-13.54
18896.00,-2.15,-3.15,3.28,3.67,0.86,-2.73,-8.11,-16.09
18900.00,-1.15,-1.29,4.02,4.69,2.13,-5.47,-12.44,-16.87
18904.00,-1.31,1.36,5.80,4.56,-2.77,-8.74,-11.40,-21.23
18908.00,0.55,3.96,5.22,1.60,-4.23,-10.27,-19.23,-22.72
18912.00,5.17,4.90,3.70,0.83,-7.60,-11.84,-17.13,-24.30
18916.00,6.04,2.46,0.55,-3.47,-6.93,-15.03,-19.39,-21.73
18920.00,3.82,5.05,1.84,-4.61,-12.48,-19.47,-22.00,-22.60
18924.00,6.52,-0.05,-1.35,-6.57,-14.92,-21.22,-21.29,-19.36
18928.00,1.58,1.05,-3.91,-14.02,-19.61,-22.53,-23.47,-17.78
18932.00,3.23,-1.20,-6.96,-13.41,-18.12,-22.35,-20.05,-15.29
18936.00,2.86,-6.85,-9.06,-14.54,-20.57,-18.71,-17.99,-7.77
18940.00,0.69,-8.50,-12.52,-16.86,-22.08,-18.18,-10.93,-5.76
18944.00,-4.75,-8.73,-17.02,-20.04,-18.23,-16.10,-10.06,2.32
18948.00,-5.73,-14.72,-18.96,-18.93,-19.46,-13.97,-2.85,5.90
18952.00,-9.44,-15.12,-20.23,-17.49,-15.95,-7.69,-0.43,14.13
18956.00,-12.18,-15.97,-18.49,-15.60,-12.37,-5.55,6.59,13.62
18960.00,-11.45,-15.15,-20.03,-13.86,-8.12,0.22,10.57,18.25
18964.00,-16.47,-18.51,-18.05,-10.70,-5.23,7.72,14.32,20.85
18968.00,-18.30,-14.62,-16.58,-8.48,1.97,12.69,18.24,23.88
18972.00,-17.66,-15.34,-12.67,-3.13,5.56,14.13,19.13,22.02
18976.00,-13.93,-14.98,-6.51,0.12,8.45,15.20,22.49,21.92
18980.00,-15.73,-11.89,-4.26,5.36,11.21,21.54,24.03,21.43
18984.00,-15.03,-7.57,0.97,7.95,16.21,22.55,24.47,20.59
18988.00,-7.55,-4.97,6.63,11.78,19.16,22.61,22.76,15.34
18992.00,-8.73,1.02,5.78,17.46,21.36,23.32,18.19,10.20
18996.00,-2.82,3.43,12.20,15.54,22.53,21.66,17.36,5.66
19000.00,-2.28,6.22,12.63,21.42,21.19,18.38,11.30,3.05
19004.00,5.80,9.89,17.64,19.77,20.38,16.83,6.57,-0.45
19008.00,6.61,14.50,16.61,18.91,16.05,11.50,4.66,-5.32
19012.00,7.64,16.12,18.67,15.99,16.31,9.42,2.43,-7.92
19016.00,10.29,17.87,16.54,14.46,9.93,6.46,-1.63,-8.10
19020.00,13.94,17.38,19.23,13.56,6.13,1.54,-7.27,-11.92
19024.00,14.60,19.51,14.24,11.18,2.22,-1.67,-6.24,-10.68
19028.00,17.15,18.76,14.64,9.27,1.37,-6.47,-9.01,-9.35
19032.00,14.21,12.36,8.79,5.52,-2.78,-8.68,-9.01,-8.82
19036.00,14.67,11.97,5.06,0.91,-3.45,-7.39,-8.41,-9.86
19040.00,14.70,9.97,4.89,-0.82,-5.06,-8.97,-9.31,-2.84
19044.00,10.06,5.32,3.87,-1.92,-8.79,-7.24,-6.44,-3.99
19048.00,8.60,6.13,0.66,-5.23,-7.75,-6.81,-3.48,1.10
19052.00,7.85,1.98,-2.48,-5.68,-4.89,-7.74,-2.18,2.38
19056.00,4.61,1.53,-6.55,-6.96,-5.73,-4.53,1.21,3.43
19060.00,0.26,-4.92,-4.40,-4.63,-2.56,-3.13,1.56,5.66
19064.00,-2.12,-4.79,-3.77,-6.67,-2.23,2.20,4.91,7.36
19068.00,-1.39,-6.10,-7.59,-5.40,-0.58,2.44,6.45,9.38
19072.00,-2.10,-4.91,-3.17,-3.20,3.41,8.34,7.66,6.74
19076.00,-4.96,-3.34,-1.38,1.42,5.02,9.12,6.40,7.21
19080.00,-2.13,-4.10,-3.30,3.01,7.94,9.19,9.54,6.23
19084.00,-3.42,-3.23,1.57,5.18,6.39,10.51,6.46,-0.35
19088.00,-5.12,-2.53,1.36,8.53,10.18,7.17,3.77,-1.96
19092.00,-1.58,3.85,6.10,7.99,8.96,5.74,3.31,-5.24
19096.00,1.16,4.51,6.48,8.39,9.08,4.87,0.39,-6.60
19100.00,2.97,7.48,8.14,10.71,5.07,1.19,-4.75,-11.09
19104.00,2.48,8.85,6.58,6.60,6.07,-1.92,-10.44,-12.39
19108.00,3.54,7.35,6.65,7.88,3.27,-3.01,-8.85,-17.98
19112.00,7.06,6.23,10.01,2.19,-1.00,-9.27,-11.67,-19.33
19116.00,8.96,8.39,8.51,3.30,-5.33,-12.72,-15.81,-16.46
19120.00,6.55,10.11,2.48,-2.48,-5.17,-15.46,-17.64,-17.33
19124.00,10.26,7.44,1.00,-3.46,-9.21,-13.62,-18.58,-12.07
19128.00,8.99,6.64,-1.63,-5.89,-13.38,-16.15,-14.00,-13.33
19132.00,4.25,3.44,-3.75,-7.14,-16.15,-14.42,-16.39,-9.83
19136.00,2.26,0.17,-7.38,-12.84,-14.48,-15.06,-12.52,-3.46
19140.00,0.75,-1.59,-9.79,-15.93,-14.16,-12.16,-7.73,0.30
19144.00,-2.08,-7.70,-10.04,-16.56,-12.71,-13.11,-1.00,9.30
19148.00,-1.85,-10.05,-13.22,-14.73,-11.54,-6.72,0.23,13.60
19152.00,-4.68,-11.79,-15.14,-12.59,-10.70,-1.01,4.28,15.91
19156.00,-9.58,-14.53,-14.71,-11.26,-6.45,-1.13,13.73,24.24
19160.00,-11.51,-14.97,-14.08,-8.22,-4.49,5.41,15.31,25.78
19164.00,-12.73,-10.91,-14.13,-5.29,1.16,9.51,19.52,25.98
19168.00,-13.58,-13.63,-11.97,-2.09,7.83,17.04,25.85,27.43
19172.00,-14.25,-12.81,-8.35,-1.80,11.08,20.51,25.87,28.94
19176.00,-11.20,-8.89,-4.19,3.75,15.13,22.16,26.40,27.90
19180.00,-11.46,-7.79,1.15,10.75,18.44,25.26,27.19,26.36
19184.00,-11.33,-1.37,3.60,13.38,23.53,28.69,28.65,22.45
19188.00,-5.93,-1.26,6.11,15.97,23.94,28.21,23.83,19.03
19192.00,-4.99,3.26,11.48,18.90,25.48,27.16,21.25,16.92
19196.00,0.11,5.67,17.85,20.54,24.25,22.74,21.97,15.00
19200.00,4.69,11.18,18.42,22.78,22.91,20.51,15.37,10.42
19204.00,9.05,16.71,22.62,24.94,25.66,19.83,12.30,2.22
19208.00,9.65,18.19,22.78,23.05,23.11,16.70,5.94,-0.51
19212.00,13.99,19.50,21.61,21.25,16.62,10.40,4.05,-0.19
19216.00,16.67,21.20,21.38,21.04,13.88,6.28,-1.49,-5.71
19220.00,16.67,20.47,22.34,15.53,10.82,2.31,-2.50,-7.06
19224.00,20.30,18.02,19.00,15.44,7.79,0.85,-5.92,-7.00
19228.00,17.94,21.06,17.66,13.38,3.39,-3.02,-7.73,-8.79
19232.00,18.28,15.86,14.59,8.58,0.41,-3.74,-3.87,-3.72
19236.00,19.47,12.88,11.97,2.90,-3.14,-6.62,-7.05,-1.80
19240.00,14.72,11.89,8.34,0.99,-4.29,-4.62,-2.29,-0.61
19244.00,14.28,7.74,5.65,0.66,-5.42,-4.73,-4.22,2.74
19248.00,10.33,7.68,2.30,-2.55,-6.96,-4.40,1.21,6.43
19252.00,9.06,3.40,0.76,-3.20,-2.43,-4.37,1.47,8.59
19256.00,8.22,3.16,-2.71,-5.96,-1.30,-0.16,3.15,7.22
19260.00,5.05,1.30,-1.24,-2.13,-1.78,0.40,5.74,9.86
19264.00,0.00,-3.74,-5.76,-3.76,2.23,2.34,9.54,10.89
19268.00,-1.80,-3.09,-3.02,-0.03,1.98,7.14,10.82,11.02
19272.00,-1.30,-0.72,-2.27,0.93,4.66,7.67,10.02,9.00
19276.00,-0.86,-0.06,-0.46,2.37,8.20,9.63,12.67,10.44
19280.00,-2.00,-1.20,-0.62,5.31,7.76,12.64,9.03,8.18
19284.00,-4.31,1.31,1.07,7.99,8.04,10.77,10.70,4.18
19288.00,-2.27,3.10,4.36,8.19,11.63,10.45,5.94,0.73
19292.00,2.53,1.99,4.46,8.08,10.85,9.20,5.99,-3.88
19296.00,1.59,4.16,10.37,10.47,9.33,8.03,1.62,-4.42
19300.00,3.64,4.43,8.75,8.27,9.87,2.73,-4.24,-10.67
19304.00,4.38,10.55,9.63,10.86,5.52,0.95,-5.27,-12.36
19308.00,6.73,8.32,9.30,7.10,1.55,-4.36,-10.94,-14.90
19312.00,5.85,11.57,11.05,7.37,0.63,-8.67,-13.88,-14.37
19316.00,7.77,7.13,8.99,3.35,-5.01,-7.47,-15.76,-15.28
19320.00,10.75,6.78,6.55,-2.27,-5.33,-9.59,-15.83,-13.60
19324.00,7.59,7.34,0.79,-1.62,-7.39,-14.48,-15.44,-12.93
19328.00,7.31,5.62,-0.10,-6.02,-13.98,-17.66,-13.96,-9.78
19332.00,8.54,1.98,-2.49,-10.02,-15.77,-14.52,-14.17,-6.51
19336.00,3.97,2.09,-3.77,-9.18,-14.60,-13.80,-10.10,-1.09
19340.00,4.50,-4.15,-8.81,-15.71,-16.48,-15.18,-6.58,0.68
19344.00,-0.82,-4.77,-13.09,-11.96,-14.32,-11.85,-0.69,9.05
19348.00,-1.21,-6.99,-12.88,-15.19,-14.51,-6.24,4.01,13.75
19352.00,-7.54,-11.24,-11.50,-13.13,-13.05,-1.58,9.13,18.88
19356.00,-6.02,-13.55,-14.76,-14.36,-5.90,2.11,13.39,23.81
19360.00,-9.00,-11.05,-12.38,-8.34,-4.05,3.60,15.45,23.74
19364.00,-13.44,-12.83,-12.01,-6.28,0.28,11.02,20.89,28.60
19368.00,-12.02,-12.88,-9.22,-3.62,5.87,14.94,23.02,27.96
19372.00,-13.79,-11.16,-8.40,-2.22,10.78,17.73,27.36,30.14
19376.00,-12.02,-7.85,-6.18,2.57,12.99,20.67,29.17,28.18
19380.00,-13.18,-7.34,-1.52,10.51,18.40,26.26,25.38,25.33
19384.00,-9.74,-5.70,5.84,10.20,20.95,25.13,24.56,24.44
19388.00,-6.28,-0.79,6.01,16.70,24.12,25.93,24.08,19.81
19392.00,-6.35,2.82,8.97,20.39,21.92,24.65,19.99,17.22
19396.00,-3.66,6.65,13.99,18.66,24.38,21.16,17.47,12.28
19400.00,4.19,8.65,18.88,24.33,24.48,19.03,13.88,4.82
19404.00,7.52,14.95,21.44,23.15,21.32,15.22,11.98,1.30
19408.00,6.76,15.81,18.66,22.92,21.83,13.98,4.05,-2.99
19412.00,11.57,18.44,20.84,22.65,14.96,9.07,1.88,-3.59
19416.00,13.45,17.12,20.47,16.37,12.42,3.70,0.24,-8.44
19420.00,16.85,19.63,18.79,16.35,8.87,4.05,-4.63,-7.87
19424.00,18.24,20.90,15.18,12.55,5.31,-0.02,-4.77,-8.13
19428.00,15.68,16.65,14.32,6.34,4.08,-4.06,-10.60,-8.36
19432.00,16.16,15.74,11.53,3.13,0.19,-3.97,-11.03,-7.87
19436.00,16.84,14.12,8.91,3.72,-3.05,-5.31,-10.64,-6.88
19440.00,12.11,8.06,2.45,0.82,-5.76,-7.31,-5.76,-4.13
19444.00,13.78,9.78,3.98,-3.02,-7.09,-6.91,-7.06,-2.13
19448.00,10.30,3.18,-2.24,-7.09,-9.94,-8.54,-2.91,1.80
19452.00,8.82,-0.36,-0.92,-6.15,-7.41,-3.22,-0.92,1.68
19456.00,4.59,-2.63,-2.84,-8.93,-4.76,-4.55,3.14,5.99
19460.00,2.48,-2.04,-4.29,-5.47,-2.84,-1.43,1.62,4.89
19464.00,1.51,-6.97,-8.91,-6.80,-3.17,0.77,6.91,9.37
19468.00,-5.03,-7.17,-4.77,-3.87,0.77,5.30,6.45,8.50
19472.00,-6.24,-7.40,-7.09,-3.53,2.51,4.35,7.53,7.21
19476.00,-5.76,-6.42,-3.40,-0.19,4.19,5.10,7.12,7.20
19480.00,-4.86,-2.90,-0.74,2.34,2.91,6.52,6.93,0.67
19484.00,-4.98,-3.55,-1.42,2.58,8.44,6.84,2.67,1.19
19488.00,-4.53,-1.72,-0.95,6.21,5.82,7.39,0.28,-5.45
19492.00,-5.21,-0.80,2.91,6.55,5.25,4.86,-2.23,-8.41
19496.00,-3.33,-0.13,5.18,7.34,5.85,1.29,-3.19,-13.26
19500.00,0.14,5.20,3.72,7.32,2.69,-1.47,-9.07,-16.97
19504.00,1.04,4.58,4.38,7.62,0.30,-4.67,-8.65,-18.59
19508.00,1.51,2.98,5.52,1.66,0.18,-6.31,-16.86,-17.96
19512.00,6.09,7.09,6.88,2.26,-2.43,-10.70,-15.61,-22.98
19516.00,6.54,6.79,5.11,0.99,-6.65,-13.70,-19.58,-21.70
19520.00,3.40,3.45,0.52,-2.47,-8.58,-18.96,-18.58,-21.91
19524.00,6.43,3.00,-1.14,-9.17,-12.79,-19.50,-21.05,-18.99
19528.00,5.02,3.25,-6.68,-11.26,-18.16,-21.91,-20.92,-13.91
19532.00,4.50,0.37,-5.07,-13.25,-17.85,-18.99,-18.78,-10.09
19536.00,-1.45,-1.91,-8.84,-14.75,-20.66,-20.70,-17.63,-9.69
19540.00,-1.83,-4.86,-12.53,-15.82,-19.80,-19.27,-10.97,-4.71
19544.00,-4.12,-9.19,-16.01,-19.73,-19.69,-16.68,-7.01,2.17
19548.00,-6.29,-11.28,-16.37,-21.82,-17.07,-13.54,-2.30,4.53
19552.00,-8.79,-12.39,-19.34,-17.19,-16.46,-6.81,-0.80,11.54
19556.00,-10.50,-17.30,-19.71,-17.32,-13.08,-6.39,3.61,15.51
19560.00,-13.55,-15.87,-20.33,-16.92,-8.09,-0.28,11.49,16.80
19564.00,-14.68,-18.26,-18.73,-9.98,-6.72,5.39,16.57,23.70
19568.00,-16.14,-18.35,-15.08,-9.27,-0.12,8.98,19.39,21.58
19572.00,-17.92,-17.62,-14.28,-6.83,4.11,11.14,21.91,25.07
19576.00,-17.87,-16.33,-10.94,1.06,6.82,18.67,19.25,23.24
19580.00,-17.64,-13.20,-7.12,3.96,11.35,18.40,21.24,19.18
19584.00,-14.71,-9.25,-2.15,5.72,15.27,21.10,20.90,18.82
19588.00,-9.84,-4.62,3.19,9.74,18.65,19.85,17.18,15.15
19592.00,-10.76,-0.91,7.03,13.39,20.44,20.97,15.71,11.70
19596.00,-3.20,2.03,11.88,16.88,20.95,15.57,13.16,5.23
19600.00,-3.99,4.08,12.34,14.73,16.10,14.75,10.73,-0.28
19604.00,-0.70,9.02,13.87,16.31,14.56,11.15,6.14,-3.06
19608.00,3.55,11.94,14.62,16.90,13.22,8.36,0.19,-5.45
19612.00,7.08,14.44,15.51,14.54,10.58,2.92,-3.49,-11.20
19616.00,7.78,12.85,15.69,13.78,6.02,1.26,-5.45,-12.56
19620.00,10.02,14.69,14.95,10.11,2.21,-1.52,-11.64,-13.27
19624.00,12.51,12.81,10.98,8.88,0.24,-6.67,-13.22,-14.10
19628.00,12.92,10.92,11.17,4.80,-4.98,-8.79,-15.92,-15.17
19632.00,11.55,13.07,4.91,-0.33,-5.29,-9.45,-12.27,-15.22
19636.00,9.48,10.12,3.86,-3.75,-9.46,-12.74,-12.74,-14.08
19640.00,11.38,7.10,0.66,-4.48,-10.11,-12.17,-13.09,-12.93
19644.00,6.54,4.47,-5.30,-9.78,-14.62,-14.66,-13.97,-7.70
19648.00,4.82,-0.56,-5.40,-8.37,-11.16,-11.19,-12.09,-3.02
19652.00,1.63,-4.56,-6.30,-9.73,-12.73,-10.03,-7.22,-4.17
19656.00,0.25,-6.31,-9.60,-9.46,-9.29,-9.92,-6.42,-0.12
19660.00,-4.55,-7.10,-11.22,-13.31,-11.54,-6.78,-4.68,-0.21
19664.00,-2.78,-7.45,-10.58,-8.81,-8.90,-6.33,-1.42,3.72
19668.00,-4.98,-9.30,-8.46,-9.91,-7.19,-3.82,1.30,-0.57
19672.00,-6.62,-7.94,-9.21,-6.75,-2.43,1.04,2.93,-0.21
19676.00,-8.27,-11.70,-8.62,-4.93,-0.28,0.91,3.60,-0.19
19680.00,-11.53,-8.88,-6.34,-3.34,0.52,1.81,3.38,-0.70
19684.00,-7.61,-5.81,-3.81,-2.72,3.59,-0.08,-2.71,-6.74
19688.00,-7.85,-6.38,-4.01,-1.91,3.24,2.02,-1.12,-8.94
19692.00,-5.43,-5.40,-1.04,3.95,2.75,1.74,-7.79,-14.74
19696.00,-3.01,-0.94,-0.49,4.25,2.37,-0.46,-7.84,-14.54
19700.00,-5.44,-1.49,0.15,3.60,-1.27,-6.35,-12.74,-21.38
19704.00,-3.34,0.75,3.51,2.03,-0.43,-6.20,-14.40,-22.58
19708.00,-0.86,2.51,4.50,-1.32,-6.99,-12.30,-20.11,-26.57
19712.00,-0.73,2.13,3.71,-2.22,-9.48,-12.98,-21.10,-25.99
19716.00,1.12,3.34,0.36,-6.77,-12.28,-16.29,-22.08,-27.53
19720.00,1.80,3.48,-1.94,-5.74,-14.34,-20.43,-24.47,-22.77
19724.00,-0.15,-1.26,-3.07,-8.76,-19.03,-25.41,-23.79,-25.51
19728.00,1.44,-0.42,-7.14,-13.43,-21.58,-23.48,-22.42,-19.17
19732.00,-0.51,-4.50,-11.89,-15.09,-21.52,-23.11,-21.34,-16.06
19736.00,0.29,-6.01,-12.17,-20.99,-21.77,-23.25,-21.38,-12.06
19740.00,-5.93,-8.46,-15.89,-20.58,-24.11,-23.55,-15.82,-8.15
19744.00,-7.57,-12.23,-17.05,-20.74,-25.07,-17.00,-10.91,-3.72
19748.00,-10.17,-16.42,-18.36,-23.01,-19.09,-17.40,-8.29,5.28
19752.00,-10.26,-19.69,-19.70,-20.60,-20.39,-11.13,-4.08,9.06
19756.00,-13.03,-18.62,-23.14,-18.33,-15.43,-9.53,3.00,12.38
19760.00,-16.22,-20.39,-22.22,-18.97,-11.97,-4.75,9.02,16.97
19764.00,-17.46,-22.31,-20.28,-13.90,-9.25,1.27,13.44,17.91
19768.00,-19.53,-18.87,-15.92,-10.18,-3.67,7.66,15.37,19.62
19772.00,-21.04,-18.65,-15.63,-7.39,0.97,8.16,16.17,19.71
19776.00,-19.05,-18.58,-11.63,-2.87,7.73,16.00,18.64,19.90
19780.00,-17.71,-11.55,-5.12,-0.16,7.65,14.40,19.63,19.62
19784.00,-13.94,-10.78,-5.67,5.37,10.58,18.79,19.77,12.40
19788.00,-10.73,-7.51,0.51,6.97,13.90,17.67,14.92,10.51
19792.00,-7.81,-4.48,4.63,13.10,15.25,15.68,13.66,9.64
19796.00,-5.83,-1.40,9.16,12.03,16.44,14.91,8.59,2.53
19800.00,-2.92,4.03,9.63,17.35,14.60,13.89,7.70,-3.77
19804.00,-0.40,4.98,11.63,13.32,13.38,9.73,3.53,-7.41
19808.00,4.59,7.46,14.70,14.98,12.77,4.98,-2.29,-11.36
19812.00,5.22,11.74,14.01,12.86,11.46,1.71,-6.66,-13.23
19816.00,7.17,11.07,14.41,14.20,4.68,-1.77,-7.60,-17.32
19820.00,10.61,15.95,12.89,7.37,2.58,-2.95,-9.07,-18.58
19824.00,12.82,14.65,12.39,7.16,-1.61,-7.88,-14.75,-14.70
19828.00,13.35,12.54,10.36,1.62,-6.40,-12.93,-16.16,-15.13
19832.00,12.98,10.42,7.23,-0.96,-9.28,-11.97,-13.11,-17.24
19836.00,13.72,10.34,1.75,-1.34,-8.95,-13.73,-15.71,-11.59
19840.00,10.02,6.02,-1.08,-5.14,-11.59,-11.85,-16.03,-9.11
19844.00,6.09,4.79,-2.37,-7.90,-11.02,-15.36,-11.42,-6.30
19848.00,3.05,-2.16,-5.26,-9.84,-14.81,-13.17,-11.93,-5.35
19852.00,3.00,-3.30,-9.35,-13.62,-14.54,-10.99,-4.92,-1.05
19856.00,-1.04,-2.96,-9.36,-10.66,-11.56,-6.49,-3.30,-1.32
19860.00,-3.85,-7.04,-10.87,-9.52,-7.39,-4.34,-1.72,2.62
19864.00,-5.42,-6.50,-12.56,-8.32,-7.79,-1.56,-2.00,1.12
19868.00,-6.71,-11.19,-8.15,-9.59,-5.24,-0.15,1.36,0.47
19872.00,-7.46,-9.95,-9.48,-6.61,-4.90,1.09,0.51,1.91
19876.00,-10.63,-10.48,-6.17,-6.15,-1.79,-0.24,2.16,2.60
19880.00,-8.56,-10.12,-3.93,-0.62,0.99,4.67,3.66,-1.35
19884.00,-8.67,-5.71,-4.93,0.33,2.94,3.76,0.50,-3.87
19888.00,-8.33,-7.06,-2.88,2.06,5.26,1.58,-1.63,-8.22
19892.00,-5.71,-1.62,-1.75,2.54,1.19,-0.28,-3.16,-10.63
19896.00,-4.88,-2.73,2.61,5.63,4.09,-2.15,-5.69,-13.94
19900.00,0.35,-0.60,1.86,5.62,1.15,-3.12,-9.21,-15.40
19904.00,-1.52,0.46,5.11,1.16,-3.25,-6.11,-13.34,-22.43
19908.00,2.62,5.03,3.31,2.67,-3.85,-11.30,-15.39,-24.77
19912.00,2.84,5.12,4.96,-1.79,-4.89,-15.32,-19.40,-22.71
19916.00,2.26,1.59,-0.50,-1.05,-7.14,-15.37,-20.72,-22.37
19920.00,1.90,4.11,1.59,-5.10,-14.90,-18.29,-22.91,-20.00
19924.00,2.61,3.52,-2.26,-7.66,-15.90,-18.71,-20.64,-20.48
19928.00,2.76,0.41,-6.09,-11.18,-15.36,-21.68,-20.06,-17.31
19932.00,4.29,-4.41,-10.09,-12.39,-19.57,-22.10,-18.85,-14.72
19936.00,0.08,-4.70,-11.61,-16.53,-20.15,-18.84,-15.20,-7.38
19940.00,-1.54,-9.49,-13.94,-17.09,-19.75,-17.19,-15.43,-5.14
19944.00,-4.30,-9.11,-14.30,-17.87,-22.16,-17.97,-10.41,2.75
19948.00,-5.66,-12.17,-17.73,-18.36,-15.67,-12.14,-4.52,7.96
19952.00,-9.09,-15.09,-16.58,-20.44,-14.63,-7.49,-1.01,11.70
19956.00,-13.25,-17.77,-16.87,-19.54,-11.91,-2.53,5.18,13.97
19960.00,-16.18,-15.06,-16.96,-15.67,-10.64,-0.92,9.66,18.89
19964.00,-15.19,-15.27,-16.51,-12.36,-2.26,3.87,14.93,20.01
19968.00,-15.14,-18.81,-12.46,-10.36,1.30,12.47,17.62,25.35
19972.00,-14.53,-16.51,-10.74,-4.24,4.17,13.07,23.20,26.36
19976.00,-15.51,-13.67,-5.86,-0.62,11.62,18.83,22.06,22.50
19980.00,-14.83,-11.01,-5.05,5.39,14.56,19.88,21.68,24.49
19984.00,-11.21,-7.10,1.77,8.38,19.07,19.67,23.24,17.25
19988.00,-9.37,-4.41,2.90,14.03,18.23,21.25,23.70,18.47
19992.00,-7.12,-1.95,8.74,17.25,22.25,19.64,18.66,12.96
19996.00,-3.60,4.23,9.41,16.53,22.90,20.88,16.80,6.82
20000.00,2.48,8.90,16.83,19.59,18.40,18.02,14.10,2.63
20004.00,3.62,9.51,16.53,22.09,17.67,14.58,7.41,-2.45
20008.00,8.57,13.41,16.17,18.71,15.51,12.05,1.83,-4.81
20012.00,8.67,15.11,20.88,16.17,12.75,7.20,-2.37,-7.53
20016.00,14.90,16.56,16.64,18.09,9.55,5.02,-5.40,-7.11
20020.00,12.56,19.80,16.53,12.42,10.17,2.89,-6.52,-9.39
20024.00,14.91,17.66,14.97,8.74,5.68,-4.76,-9.11,-13.05
20028.00,18.12,18.40,15.58,9.52,0.33,-3.95,-8.33,-12.36
20032.00,14.03,13.92,11.87,5.30,-1.56,-7.92,-12.15,-11.33
20036.00,15.29,13.82,7.95,3.22,-3.59,-10.86,-11.96,-7.20
20040.00,14.74,10.59,5.10,-3.46,-7.65,-8.18,-9.49,-3.48
20044.00,10.03,7.59,3.83,-4.67,-9.94,-5.91,-5.16,-0.79
20048.00,8.39,6.39,-1.21,-7.47,-7.13,-7.12,-2.12,-1.32
20052.00,6.14,3.99,-3.40,-7.26,-4.83,-7.49,-3.48,5.59
20056.00,3.95,-2.58,-4.44,-9.17,-3.96,-3.61,1.51,7.51
20060.00,2.21,-1.11,-7.92,-4.89,-2.50,1.58,4.89,6.90
20064.00,-0.91,-3.63,-3.54,-7.49,-1.85,1.46,5.06,5.81
20068.00,0.05,-3.51,-7.14,-5.40,-0.88,6.61,7.12,8.92
20072.00,-4.86,-5.24,-4.92,-0.11,4.11,8.33,6.50,8.91
20076.00,-3.81,-3.98,-4.32,1.98,5.39,9.29,8.34,4.82
20080.00,-4.37,-3.07,-1.18,0.39,7.01,7.56,8.17,5.92
20084.00,-4.70,-0.31,3.39,5.81,6.85,7.50,5.27,-0.71
20088.00,-2.57,2.17,2.49,6.31,7.63,9.17,2.13,-0.07
20092.00,0.92,0.30,6.27,9.11,7.21,4.24,1.74,-3.17
20096.00,-0.99,1.52,7.64,9.11,10.19,5.82,0.75,-9.82
20100.00,-0.06,3.01,8.40,9.25,5.21,3.82,-6.83,-13.71
20104.00,4.84,8.80,9.93,8.82,4.86,-3.65,-7.06,-15.04
20108.00,4.68,5.67,8.71,7.86,1.64,-6.49,-12.62,-14.50
20112.00,9.02,10.15,6.96,6.50,-1.52,-6.99,-15.24,-17.54
20116.00,6.29,9.06,8.25,1.24,-1.94,-8.88,-15.17,-18.27
20120.00,6.24,9.87,6.41,-0.07,-8.51,-11.30,-14.67,-14.55
20124.00,10.33,4.60,3.83,-1.59,-12.12,-17.21,-14.39,-13.85
20128.00,5.47,2.17,1.53,-7.69,-14.86,-18.15,-14.05,-11.16
20132.00,5.26,2.31,-3.93,-8.97,-15.30,-15.80,-13.92,-7.27
20136.00,3.59,0.69,-4.15,-11.85,-13.20,-16.86,-10.58,-2.27
20140.00,3.49,-5.19,-8.61,-11.54,-17.46,-14.51,-5.01,2.41
20144.00,2.17,-3.87,-12.80,-16.89,-14.55,-9.81,-5.36,5.07
20148.00,-0.58,-6.57,-11.74,-14.33,-13.29,-7.73,0.69,13.53
20152.00,-5.26,-12.55,-15.35,-12.50,-9.68,-1.36,9.01,19.39
20156.00,-9.93,-13.14,-12.76,-11.61,-7.03,0.44,9.68,23.31
20160.00,-11.73,-13.77,-14.11,-8.32,-1.60,6.83,14.72,27.32
20164.00,-12.90,-12.64,-12.42,-9.57,1.56,11.55,20.06,25.97
20168.00,-11.88,-11.82,-11.90,-4.83,7.93,14.95,23.26,27.98
20172.00,-11.64,-9.13,-5.85,3.07,8.09,19.12,28.63,29.84
20176.00,-14.03,-11.35,-2.33,4.89,16.61,23.08,28.49,28.24
20180.00,-8.79,-5.96,0.53,8.87,20.56,22.67,30.90,25.88
20184.00,-9.74,-2.79,6.62,12.00,21.48,28.61,27.74,24.67
20188.00,-4.34,1.52,8.59,16.26,25.12,25.15,28.67,21.28
20192.00,-3.15,2.54,14.25,18.65,23.31,25.43,23.02,18.08
20196.00,0.87,7.07,15.99,23.03,25.52,23.23,20.57,15.04
20200.00,4.97,13.60,16.84,22.22,22.74,24.24,17.52,6.25
20204.00,5.80,15.55,18.47,22.64,24.71,17.02,11.24,4.55
20208.00,11.43,15.14,23.96,25.34,19.16,17.42,7.37,2.57
20212.00,12.76,17.97,22.81,23.43,16.66,10.20,4.38,-2.85
20216.00,13.79,20.41,22.66,21.99,12.83,7.88,-1.42,-3.50
20220.00,16.53,22.69,21.52,19.44,13.02,4.04,-1.03,-5.63
20224.00,21.15,21.99,17.21,15.17,7.30,2.98,-2.47,-8.85
20228.00,18.74,19.37,17.96,10.72,6.06,-0.72,-7.96,-5.15
20232.00,20.45,15.57,13.98,8.92,2.09,-5.15,-5.12,-7.17
20236.00,18.27,14.44,9.78,6.57,-1.14,-2.73,-4.36,-3.69
20240.00,15.70,15.16,6.25,3.31,-2.31,-2.93,-4.21,-1.05
20244.00,11.89,10.40,2.50,-3.11,-5.56,-5.28,-1.21,3.88
20248.00,10.85,7.82,1.17,-2.48,-5.96,-5.08,-2.61,1.93
20252.00,7.12,1.83,0.14,-3.38,-4.63,-1.17,3.66,6.30
20256.00,6.35,0.90,-1.70,-4.56,-3.71,-1.04,4.36,7.72
20260.00,2.19,-0.84,-4.40,-4.95,-3.59,0.43,7.78,12.24
20264.00,1.70,-3.29,-4.88,-4.43,2.13,6.60,11.37,9.54
20268.00,2.38,-0.36,-0.89,0.28,4.69,6.26,8.87,10.79
20272.00,-0.73,-1.57,-4.56,1.38,4.87,7.95,10.55,11.01
20276.00,-0.49,-2.69,-0.94,4.57,6.92,10.27,11.22,7.92
20280.00,-0.63,-0.25,3.18,5.29,10.91,10.81,9.17,7.00
20284.00,-0.69,1.79,0.88,8.00,10.79,10.07,7.16,5.44
20288.00,-1.69,0.74,4.44,6.41,11.78,9.52,6.49,0.41
20292.00,0.80,2.59,7.91,11.86,8.53,10.29,5.47,-1.79
20296.00,0.27,4.90,10.38,11.98,8.61,7.96,-1.06,-8.14
20300.00,3.15,5.15,7.26,12.44,8.66,3.07,-5.19,-9.54
20304.00,2.72,6.48,9.72,8.14,4.02,-0.96,-6.70,-11.00
20308.00,5.49,9.74,7.38,9.73,5.05,-2.89,-10.77,-14.98
20312.00,9.48,8.31,8.89,6.01,-1.66,-4.60,-10.68,-18.19
20316.00,10.34,11.72,9.54,3.70,-2.43,-11.31,-12.50,-18.23
20320.00,9.63,6.07,3.09,-0.27,-6.96,-11.43,-13.15,-13.76
20324.00,8.02,8.86,1.26,-3.53,-8.11,-12.90,-17.49,-11.45
20328.00,6.44,3.20,-0.94,-7.24,-11.70,-14.67,-16.01,-12.27
20332.00,7.56,3.57,-4.12,-7.69,-11.79,-13.99,-11.44,-8.09
20336.00,5.80,-0.75,-6.93,-12.76,-15.60,-14.07,-9.61,-1.72
20340.00,4.71,-2.55,-6.87,-13.65,-13.83,-13.57,-8.26,1.95
20344.00,-0.35,-6.82,-12.04,-13.12,-13.16,-10.19,-1.47,7.20
20348.00,-4.03,-10.11,-12.38,-12.79,-12.08,-6.70,1.13,11.77
20352.00,-4.88,-8.59,-14.87,-14.49,-12.81,-4.11,5.02,18.58
20356.00,-5.56,-11.34,-16.14,-10.74,-7.48,1.65,10.03,21.96
20360.00,-7.70,-14.69,-14.46,-9.28,-3.47,3.51,15.82,24.39
20364.00,-14.07,-14.51,-10.87,-6.63,-1.81,10.79,21.27,28.46
20368.00,-10.41,-11.07,-8.23,-4.79,7.39,13.67,25.20,31.18
20372.00,-12.34,-11.01,-8.32,2.18,9.35,17.71,26.26,31.30
20376.00,-12.47,-8.84,-3.47,6.50,11.35,23.21,27.65,25.93
20380.00,-11.26,-7.25,-0.61,7.93,16.81,22.01,26.74,28.29
20384.00,-7.75,-6.56,0.93,14.36,19.15,25.31,28.30,24.08
20388.00,-8.42,-3.22,6.49,17.90,22.97,25.67,26.73,19.78
20392.00,-3.45,3.42,12.73,19.94,24.77,23.83,22.32,17.81
20396.00,-0.12,7.47,14.77,20.84,23.20,24.43,20.26,12.25
20400.00,3.43,7.83,16.98,23.75,25.74,20.14,15.74,4.18
20404.00,3.43,13.13,20.89,23.88,22.18,17.99,12.52,0.24
20408.00,8.92,13.42,19.67,21.66,19.28,15.09,5.31,-1.92
20412.00,12.98,16.66,21.86,21.11,17.47,9.58,1.53,-2.53
20416.00,11.93,19.19,18.27,16.47,12.44,7.30,0.75,-8.66
20420.00,17.07,20.38,20.43,15.83,11.82,4.16,-3.37,-10.35
20424.00,15.06,16.80,18.61,9.97,3.75,0.05,-8.84,-7.48
20428.00,19.26,15.25,14.78,7.68,3.59,-6.23,-9.90,-8.31
20432.00,16.84,17.17,11.53,4.32,1.16,-6.98,-8.03,-9.92
20436.00,14.46,12.62,7.30,2.62,-6.32,-7.01,-10.29,-5.19
20440.00,16.15,8.05,3.72,-1.72,-7.03,-6.08,-6.49,-6.99
20444.00,10.33,9.33,2.62,-5.22,-7.23,-8.44,-3.73,-2.68
20448.00,11.42,2.05,-2.47,-6.54,-7.82,-9.22,-1.58,-0.15
20452.00,4.84,3.19,-3.23,-4.66,-5.46,-5.34,-2.87,1.12
20456.00,1.53,0.51,-6.40,-9.07,-4.05,-2.93,2.12,4.49
20460.00,1.10,-3.84,-5.77,-6.28,-4.59,-1.09,4.67,5.15
20464.00,1.48,-4.48,-5.90,-4.52,-2.70,2.89,2.99,7.39
20468.00,-1.35,-4.12,-8.57,-6.43,1.27,0.65,6.15,7.33
20472.00,-5.06,-5.90,-5.14,-1.79,0.93,6.17,6.19,7.18
20476.00,-6.86,-7.54,-3.69,0.56,4.36,7.25,8.08,7.08
20480.00,-3.10,-3.13,-4.45,1.71,3.54,9.25,4.29,2.30
20484.00,-3.64,-2.26,-2.94,2.28,8.35,7.68,6.70,-1.45
20488.00,-6.68,-4.18,2.78,4.66,6.21,6.50,2.94,-5.61
20492.00,-0.86,0.75,4.11,7.38,7.46,3.78,-0.34,-6.50
20496.00,-1.62,1.61,4.55,8.29,6.36,2.69,-5.70,-12.69
20500.00,1.53,5.37,3.96,8.02,3.92,-2.83,-6.66,-15.71
20504.00,3.70,2.74,8.41,4.20,4.06,-2.17,-9.70,-15.94
20508.00,0.70,7.33,5.97,5.57,0.66,-5.46,-14.39,-20.37
20512.00,3.32,6.81,2.90,-0.59,-6.00,-9.59,-16.31,-20.23
20516.00,5.77,3.24,1.30,-0.17,-9.05,-16.59,-17.96,-20.95
20520.00,3.14,4.31,2.33,-3.54,-8.53,-18.66,-22.86,-20.64
20524.00,6.39,3.50,0.23,-4.92,-16.06,-18.71,-21.24,-20.29
20528.00,1.86,0.76,-6.08,-12.16,-18.54,-18.16,-22.56,-15.99
20532.00,1.37,-2.65,-8.81,-14.87,-19.83,-21.75,-21.04,-14.12
20536.00,-0.36,-2.48,-10.74,-15.79,-19.63,-18.05,-16.84,-7.82
20540.00,-0.92,-5.32,-12.22,-17.38,-21.52,-17.57,-12.78,-1.55
20544.00,-4.32,-11.02,-13.20,-20.22,-18.21,-18.34,-6.90,1.82
20548.00,-4.86,-11.39,-16.65,-17.52,-18.62,-12.46,-5.15,8.23
20552.00,-10.24,-17.19,-17.62,-18.73,-17.77,-6.42,-0.38,11.05
20556.00,-10.80,-17.11,-19.36,-15.14,-13.75,-3.60,4.60,16.35
20560.00,-12.44,-18.18,-16.03,-15.58,-7.99,1.78,9.94,19.50
20564.00,-16.76,-18.52,-15.52,-13.67,-5.59,4.80,16.56,20.55
20568.00,-19.34,-18.71,-17.12,-7.89,-2.62,8.91,18.11,23.05
20572.00,-18.79,-15.54,-12.96,-4.47,3.63,13.32,18.91,24.75
20576.00,-15.46,-15.68,-7.74,-3.27,8.21,15.99,22.51,21.94
20580.00,-14.77,-13.18,-4.13,2.88,10.98,18.58,21.50,18.26
20584.00,-13.42,-10.39,0.48,8.13,16.82,19.38,22.33,17.61
20588.00,-12.69,-6.57,3.91,9.21,17.50,20.79,20.06,16.02
20592.00,-9.32,-1.93,4.63,12.98,18.06,17.73,13.87,9.79
20596.00,-7.78,1.79,8.88,14.60,16.99,17.98,11.09,6.18
20600.00,-4.08,7.27,10.65,18.61,16.04,12.73,6.62,1.70
20604.00,2.02,6.02,12.66,16.57,14.61,14.34,2.20,-3.93
20608.00,2.54,11.98,15.60,15.64,15.97,5.86,-1.81,-7.87
20612.00,6.89,14.64,15.50,15.03,10.19,5.61,-3.92,-10.24
20616.00,8.83,15.85,17.67,11.12,8.08,-1.24,-5.83,-12.80
20620.00,11.79,13.82,12.63,12.23,6.20,-4.60,-9.56,-15.23
20624.00,14.53,13.41,12.91,5.03,2.02,-7.02,-11.95,-13.94
20628.00,12.69,11.75,11.50,4.96,-4.04,-9.22,-13.15,-16.52
20632.00,14.44,12.96,6.83,0.56,-4.44,-13.58,-12.91,-16.07
20636.00,9.57,6.55,1.99,-5.37,-8.01,-12.85,-14.28,-14.56
20640.00,10.10,4.50,-0.96,-3.62,-11.19,-14.64,-11.29,-10.00
20644.00,6.56,4.51,-3.67,-8.65,-12.84,-13.06,-9.57,-7.36
20648.00,7.65,2.54,-4.62,-11.36,-10.31,-13.62,-10.83,-5.74
20652.00,0.59,-4.01,-6.35,-10.46,-14.07,-9.37,-6.02,-2.03
20656.00,2.31,-5.38,-11.79,-13.04,-10.83,-7.73,-4.34,-2.71
20660.00,-4.49,-7.87,-10.88,-12.50,-9.93,-7.55,-4.24,-1.45
20664.00,-5.64,-7.88,-8.94,-11.37,-7.23,-6.43,-0.38,1.93
20668.00,-5.98,-11.18,-11.91,-10.02,-5.24,-2.16,0.02,4.27
20672.00,-10.28,-11.49,-10.10,-5.94,-1.32,0.93,-0.13,2.97
20676.00,-8.88,-8.76,-8.15,-6.10,-3.04,2.96,4.04,-2.26
20680.00,-6.57,-11.13,-7.22,-3.82,0.39,3.50,0.60,-2.72
20684.00,-8.25,-6.74,-4.71,0.33,-1.00,1.43,0.96,-6.91
20688.00,-7.64,-4.44,-0.18,-1.16,1.38,3.32,-2.82,-10.37
20692.00,-6.93,-3.40,-0.53,1.62,0.23,2.02,-7.18,-11.57
20696.00,-6.06,-3.05,1.66,3.34,-1.15,-2.03,-7.10,-14.08
20700.00,-1.80,0.38,3.84,2.53,-0.97,-5.85,-14.32,-20.63
20704.00,-3.38,1.29,3.36,0.64,-1.32,-7.65,-13.42,-20.49
20708.00,-2.54,2.62,1.47,2.04,-6.54,-12.19,-16.83,-25.97
20712.00,-0.70,3.60,-0.65,-1.76,-10.20,-15.64,-21.50,-24.63
20716.00,3.47,3.60,-0.78,-4.06,-13.19,-20.43,-24.64,-26.01
20720.00,3.42,1.33,-1.53,-6.45,-16.97,-19.46,-25.36,-27.57
20724.00,3.88,-1.46,-6.74,-11.01,-18.77,-22.73,-25.99,-21.60
20728.00,1.34,-1.48,-6.67,-15.71,-17.74,-23.59,-23.36,-22.11
20732.00,-0.74,-5.13,-8.52,-18.16,-21.66,-22.87,-23.86,-15.01
20736.00,-2.79,-8.68,-14.00,-18.41,-21.13,-22.38,-18.91,-12.50
20740.00,-4.64,-11.28,-15.12,-21.26,-24.88,-22.41,-14.25,-5.17
20744.00,-5.52,-14.33,-17.81,-21.42,-20.48,-17.44,-13.50,-3.82
20748.00,-10.32,-15.49,-19.37,-22.72,-18.76,-14.34,-8.32,2.35
20752.00,-11.86,-17.71,-20.22,-20.36,-20.12,-9.67,-2.53,10.26
20756.00,-14.71,-20.50,-23.26,-19.23,-13.14,-7.34,3.19,10.44
20760.00,-14.75,-22.51,-23.15,-19.08,-11.27,-4.09,8.72,14.15
20764.00,-19.83,-21.11,-18.70,-16.50,-7.61,1.21,11.50,19.50
20768.00,-19.43,-20.72,-19.75,-11.98,-2.84,7.65,13.59,19.34
20772.00,-19.08,-18.02,-14.45,-9.21,2.82,9.53,19.66,20.06
20776.00,-17.66,-17.41,-12.28,-2.64,6.11,14.17,18.76,21.72
20780.00,-16.93,-12.54,-8.66,3.66,7.98,14.38,21.26,18.88
20784.00,-13.85,-9.92,-3.32,7.52,13.96,16.16,20.12,13.64
20788.00,-11.36,-9.50,-1.15,6.93,14.44,15.51,19.15,10.41
20792.00,-10.25,-2.51,4.45,12.13,17.57,15.39,12.93,7.16
20796.00,-4.72,0.35,9.81,13.46,17.25,15.74,13.20,4.20
20800.00,-3.75,3.77,9.60,16.92,13.89,13.65,9.08,-0.19
20804.00,1.98,4.92,10.46,17.28,12.60,9.84,4.31,-4.50
20808.00,1.78,9.09,15.65,14.79,10.46,8.17,-3.27,-11.04
20812.00,5.23,11.52,12.98,14.60,10.47,1.40,-3.65,-12.58
20816.00,11.33,13.03,15.67,10.93,7.67,-2.21,-6.14,-14.93
20820.00,10.55,13.77,15.66,9.55,2.53,-4.32,-10.95,-15.78
20824.00,12.28,14.80,13.71,7.64,0.40,-6.49,-12.57,-16.44
20828.00,14.07,11.41,9.16,3.59,-5.18,-11.08,-17.28,-16.38
20832.00,10.23,9.17,6.84,-0.95,-4.97,-12.86,-14.19,-15.77
20836.00,10.14,9.58,1.43,-3.30,-7.59,-11.26,-15.04,-11.84
20840.00,12.06,4.96,-0.13,-7.46,-9.58,-12.16,-12.40,-13.26
20844.00,5.46,4.93,-2.81,-10.21,-11.27,-15.18,-10.19,-5.74
20848.00,4.96,-1.74,-4.73,-7.85,-14.84,-10.02,-11.90,-6.88
20852.00,1.26,-3.83,-5.61,-12.30,-13.71,-11.14,-5.39,-5.04
20856.00,-0.47,-3.90,-9.10,-11.04,-12.06,-6.97,-5.26,0.46
20860.00,-3.48,-4.92,-8.77,-12.69,-9.32,-5.70,-1.61,0.22
20864.00,-5.91,-9.69,-10.48,-10.73,-8.96,-3.92,-1.14,2.74
20868.00,-6.62,-10.92,-8.79,-9.46,-3.72,-0.16,0.30,0.62
20872.00,-6.39,-11.65,-9.51,-5.79,-4.91,2.92,1.62,0.45
20876.00,-7.58,-7.73,-8.50,-6.07,0.82,1.65,4.96,2.49
20880.00,-6.40,-5.43,-6.08,-2.89,2.74,4.86,2.46,-1.98
20884.00,-5.57,-8.37,-3.68,-1.79,0.24,3.81,2.30,-4.02
20888.00,-9.07,-3.86,-2.99,1.51,4.72,3.60,-0.82,-5.81
20892.00,-6.76,-3.94,1.21,3.96,4.50,-1.30,-3.05,-10.05
20896.00,-3.70,-1.79,1.84,1.23,2.31,-3.04,-7.88,-13.18
20900.00,-2.86,-0.98,5.11,4.25,3.08,-3.22,-11.24,-17.52
20904.00,1.13,2.38,6.01,4.52,0.60,-7.92,-12.20,-21.22
20908.00,2.46,4.41,4.63,-0.27,-3.51,-9.39,-17.37,-20.52
20912.00,1.75,2.52,3.61,-0.24,-4.19,-11.30,-21.30,-24.71
20916.00,1.55,5.53,0.08,-4.93,-11.79,-16.10,-20.01,-24.24
20920.00,3.62,1.54,-2.08,-5.66,-13.35,-17.35,-20.59,-21.39
20924.00,1.83,2.18,-3.75,-11.03,-16.54,-21.69,-20.87,-20.97
20928.00,1.08,2.05,-3.39,-14.06,-19.35,-22.91,-19.96,-16.53
20932.00,3.64,-2.65,-6.59,-15.51,-21.45,-20.72,-22.02,-13.72
20936.00,-0.23,-5.71,-10.94,-17.89,-21.12,-22.24,-15.29,-8.89
20940.00,-2.51,-9.00,-13.58,-17.30,-20.71,-21.18,-14.25,-4.90
20944.00,-5.69,-10.97,-14.52,-19.45,-19.20,-14.49,-8.69,1.76
20948.00,-5.90,-10.82,-16.15,-19.14,-16.68,-14.04,-4.92,7.15
20952.00,-7.29,-15.01,-19.20,-17.01,-16.15,-10.60,3.06,10.75
20956.00,-13.42,-16.25,-19.95,-15.45,-13.43,-1.43,6.49,18.50
20960.00,-12.42,-17.42,-16.80,-13.55,-9.53,-0.78,11.43,21.47
20964.00,-16.40,-15.86,-17.18,-10.69,-3.35,4.83,14.89,24.21
20968.00,-14.46,-19.03,-15.04,-9.08,1.07,12.19,20.03,25.06
20972.00,-17.74,-17.74,-13.17,-5.53,4.39,15.80,20.10,26.59
20976.00,-16.86,-12.17,-7.35,-1.01,8.35,19.06,23.63,22.48
20980.00,-15.28,-10.37,-4.61,7.04,13.95,17.87,22.58,22.87
20984.00,-13.29,-8.81,2.66,10.93,17.86,22.84,23.01,20.41
20988.00,-12.18,-1.97,2.93,10.35,20.56,23.11,19.07,17.17
20992.00,-9.36,1.34,6.75,17.92,19.51,21.59,17.29,11.73
20996.00,-5.52,3.11,10.00,19.60,22.17,19.18,14.22,6.42
21000.00,0.69,8.41,14.99,21.29,21.75,19.29,14.04,2.04
21004.00,3.29,9.40,16.67,17.80,21.20,15.14,8.88,0.21
21008.00,5.07,14.92,18.48,21.08,17.75,12.52,4.51,-2.03
21012.00,9.75,16.52,19.00,17.27,16.06,8.89,1.42,-9.71
21016.00,12.60,18.28,19.64,16.91,8.78,3.65,-2.33,-10.66
21020.00,12.98,15.45,17.17,13.77,8.47,-1.87,-7.15,-10.90
21024.00,15.79,15.00,14.61,8.46,3.69,-1.18,-9.60,-9.05
21028.00,17.05,14.56,12.25,6.54,-0.50,-3.67,-7.39,-11.95
21032.00,14.71,15.75,11.76,3.77,-2.14,-8.84,-10.81,-10.97
21036.00,15.61,13.30,5.32,1.68,-2.98,-7.71,-7.72,-5.66
21040.00,13.53,11.36,3.05,-1.26,-7.98,-11.33,-9.09,-7.13
21044.00,11.02,8.30,2.81,-4.70,-8.46,-8.03,-8.85,-1.75
21048.00,11.81,3.14,-2.31,-4.03,-10.10,-6.21,-5.48,-0.25
21052.00,6.21,2.69,-4.85,-5.76,-5.59,-7.04,-1.03,2.57
21056.00,5.23,-2.28,-4.86,-7.61,-7.81,-1.21,3.11,6.55
21060.00,1.19,-5.01,-3.58,-4.54,-3.07,-2.86,2.88,8.83
21064.00,-0.71,-1.71,-8.13,-5.29,-4.55,2.18,8.04,6.35
21068.00,-2.43,-4.63,-4.37,-5.61,-0.96,6.11,6.06,7.73
21072.00,-3.47,-3.92,-5.90,-2.08,0.50,6.65,7.48,7.69
21076.00,-3.37,-4.32,-1.59,0.53,3.86,5.82,9.01,7.07
21080.00,-4.12,-4.26,1.10,4.78,4.29,6.49,6.99,2.38
21084.00,-4.64,-0.39,0.64,5.43,8.62,6.26,4.89,0.36
21088.00,-0.46,-0.42,2.30,4.38,6.71,9.89,6.54,-3.24
21092.00,-2.51,0.58,4.95,9.82,9.73,6.69,1.04,-6.31
21096.00,1.94,5.78,8.93,8.30,9.49,5.14,0.29,-7.21
21100.00,2.95,5.27,9.05,7.04,7.96,3.20,-7.12,-12.44
21104.00,3.66,7.77,8.40,9.18,5.65,1.27,-9.33,-16.20
21108.00,3.65,10.17,8.31,4.75,0.15,-6.25,-10.07,-14.80
21112.00,4.91,6.23,9.58,4.88,-1.85,-9.96,-12.98,-19.46
21116.00,8.35,7.25,8.48,0.57,-5.33,-12.08,-16.82,-17.85
21120.00,7.46,8.87,6.20,1.10,-8.54,-14.51,-18.02,-15.54
21124.00,5.93,7.72,1.05,-5.20,-8.75,-12.72,-19.05,-16.61
21128.00,8.60,6.24,0.05,-7.62,-12.18,-14.61,-18.23,-12.52
21132.00,7.22,0.08,-2.57,-8.14,-11.97,-18.34,-14.57,-8.18
21136.00,4.11,-2.19,-8.10,-11.23,-16.88,-13.68,-12.01,-1.91
21140.00,2.14,-2.75,-9.51,-12.78,-13.52,-12.84,-8.20,2.75
21144.00,-2.33,-8.38,-11.95,-12.76,-16.79,-9.95,-2.57,8.37
21148.00,-1.53,-9.47,-12.10,-14.93,-11.62,-9.75,0.13,14.73
21152.00,-7.83,-11.53,-14.74,-14.08,-11.59,-1.64,8.02,16.99
21156.00,-8.93,-12.34,-12.75,-13.13,-7.44,1.52,12.03,21.92
21160.00,-8.01,-11.11,-14.42,-8.87,-2.52,4.07,16.04,26.17
21164.00,-9.60,-13.58,-13.02,-7.18,1.41,12.53,21.54,30.02
21168.00,-10.32,-10.82,-9.74,-3.75,6.28,15.60,26.36,29.91
21172.00,-13.18,-12.77,-5.15,-0.74,8.54,21.24,28.86,30.80
21176.00,-12.03,-8.07,-1.26,3.80,14.80,20.89,26.99,28.53
21180.00,-9.18,-7.72,2.80,7.62,19.12,23.90,27.74,27.96
21184.00,-8.34,-2.89,5.65,15.27,20.74,25.84,28.93,26.78
21188.00,-8.98,-1.81,10.20,15.95,24.19,24.77,27.35,22.68
21192.00,-1.21,4.73,11.25,21.66,24.90,28.26,21.34,16.07
21196.00,-0.47,6.54,17.10,20.08,26.68,23.33,19.76,11.32
21200.00,4.32,11.42,16.44,23.74,26.82,23.48,17.73,9.85
21204.00,5.28,15.96,20.82,25.37,25.43,18.56,14.93,3.26
21208.00,8.30,18.99,22.10,23.49,22.67,15.55,9.26,0.46
21212.00,13.32,17.68,21.97,22.57,20.64,10.99,2.49,-2.52
21216.00,13.37,18.43,21.05,22.55,16.69,7.20,3.04,-4.15
21220.00,15.47,21.08,20.30,19.47,9.37,3.18,-1.94,-7.42
21224.00,17.12,21.28,17.35,11.97,10.11,3.06,-3.03,-7.89
21228.00,19.34,19.25,15.01,12.36,4.14,-0.22,-6.79,-7.83
21232.00,16.39,15.35,12.87,5.75,3.51,-4.71,-4.05,-4.77
21236.00,16.61,14.68,8.40,4.59,-1.29,-3.63,-7.95,-5.98
21240.00,15.46,10.47,7.45,-0.91,-3.04,-7.35,-4.38,-1.77
21244.00,13.88,11.72,5.62,-2.43,-6.28,-3.02,-2.54,1.91
21248.00,13.55,5.23,0.77,-3.72,-6.60,-4.20,-0.02,6.23
21252.00,10.47,4.95,1.13,-5.29,-6.33,-2.90,1.86,5.21
21256.00,4.41,0.58,-0.66,-2.10,-2.68,-1.95,2.73,7.51
21260.00,1.71,-2.35,-5.55,-5.86,0.18,0.89,5.30,11.16
21264.00,3.57,-0.88,-4.84,-3.68,2.85,2.40,7.05,12.99
21268.00,1.94,-1.24,-3.92,-2.02,0.58,6.45,11.54,11.30
21272.00,-2.21,-0.72,-2.98,2.15,4.99,8.60,13.25,12.03
21276.00,-0.15,-3.07,-2.92,3.31,7.85,9.68,13.59,8.27
21280.00,-2.99,-3.03,0.18,4.59,10.09,8.65,9.40,8.62
21284.00,-0.87,-0.89,5.34,8.27,8.84,10.62,9.12,4.79
21288.00,-3.65,-0.69,5.88,6.11,8.83,12.58,7.44,0.76
21292.00,0.49,3.58,7.24,8.19,10.02,6.98,5.94,-1.64
21296.00,-0.36,7.19,8.28,11.10,10.42,4.03,1.81,-5.75
21300.00,4.87,4.57,11.17,10.10,6.47,6.02,-3.00,-10.59
21304.00,6.73,7.00,9.58,6.98,3.66,1.64,-8.38,-10.87
21308.00,4.27,10.10,11.16,6.84,1.55,-1.56,-7.35,-15.51
21312.00,10.24,10.99,7.37,6.09,2.70,-6.54,-13.83,-17.16
21316.00,7.96,7.94,8.64,2.51,-5.27,-7.51,-14.92,-15.97
21320.00,7.90,9.33,6.20,1.65,-6.28,-11.67,-13.05,-15.93
21324.00,10.38,4.65,4.01,-1.38,-10.66,-13.25,-14.60,-15.00
21328.00,7.71,5.45,-0.68,-5.41,-10.23,-16.37,-12.75,-11.81
21332.00,5.06,2.39,-3.21,-7.86,-12.84,-17.03,-11.84,-5.21
21336.00,2.30,-0.67,-6.37,-11.32,-12.42,-14.28,-11.56,-3.15
21340.00,3.34,-4.85,-6.78,-11.64,-16.26,-10.73,-6.87,0.55
21344.00,0.96,-5.94,-12.28,-16.19,-13.71,-11.79,-4.10,5.91
21348.00,-0.53,-10.72,-11.69,-17.20,-12.86,-9.11,1.40,12.26
21352.00,-7.50,-10.71,-12.39,-14.53,-11.72,-4.48,8.41,17.55
21356.00,-7.73,-13.14,-15.79,-12.43,-7.60,-0.63,9.67,22.96
21360.00,-10.92,-11.22,-11.63,-11.01,-5.88,3.82,16.30,27.39
21364.00,-10.29,-15.05,-10.02,-8.84,-1.88,8.98,22.22,28.46
21368.00,-12.94,-13.77,-9.87,-2.57,2.97,16.78,25.20,30.07
21372.00,-14.31,-13.89,-8.04,-0.02,8.86,20.12,25.11,29.14
21376.00,-13.67,-9.54,-6.49,3.10,13.28,19.96,29.56,30.36
21380.00,-13.19,-5.25,1.57,9.78,19.49,23.93,28.36,24.75
21384.00,-7.56,-6.49,5.29,14.07,17.75,24.56,24.62,24.63
21388.00,-9.57,-3.02,7.63,15.46,20.03,23.86,26.86,20.75
21392.00,-5.57,1.48,12.14,20.34,23.26,23.70,20.20,13.61
21396.00,-1.41,8.18,14.62,18.91,22.66,24.89,16.93,13.64
21400.00,-0.19,8.62,15.23,21.03,23.94,21.64,15.02,8.01
21404.00,4.59,12.87,20.95,19.77,23.76,19.67,11.39,3.42
21408.00,7.17,16.37,20.47,19.83,20.65,11.88,7.99,-0.49
21412.00,10.33,19.45,22.95,22.37,14.25,12.40,-0.02,-2.86
21416.00,11.83,17.77,18.46,16.04,13.13,6.83,0.40,-6.85
21420.00,15.74,18.58,16.74,15.81,9.02,3.32,-4.82,-8.69
21424.00,16.83,19.08,17.22,14.46,4.19,-3.52,-5.56,-11.84
21428.00,16.83,15.83,15.28,7.59,-0.01,-2.12,-9.59,-9.99
21432.00,18.72,16.96,11.18,5.05,-3.14,-8.23,-9.18,-6.25
21436.00,13.55,13.24,10.43,1.85,-1.92,-8.03,-10.61,-4.35
21440.00,13.62,11.23,3.65,1.31,-3.61,-9.36,-10.20,-6.95
21444.00,13.03,6.87,4.10,-3.87,-6.12,-8.57,-3.63,-3.87
21448.00,8.18,6.41,-1.29,-7.78,-5.31,-7.75,-3.89,-1.07
21452.00,4.40,2.17,-1.72,-5.48,-5.32,-5.63,0.38,4.65
21456.00,5.82,-0.67,-3.51,-8.59,-5.60,-2.78,-1.45,2.70
21460.00,-0.59,-0.81,-5.74,-6.13,-5.78,-1.80,2.21,7.67
21464.00,-1.22,-5.60,-5.79,-4.52,-3.39,-0.98,4.32,7.52
21468.00,-4.93,-4.27,-6.57,-6.83,-1.49,3.56,6.83,6.73
21472.00,-5.06,-5.50,-5.25,-2.56,-0.24,5.01,8.37,8.64
21476.00,-6.09,-5.63,-3.14,0.21,4.40,3.94,6.49,2.82
21480.00,-5.76,-6.22,-2.36,1.12,5.37,6.57,4.21,3.91
21484.00,-5.73,-2.90,-0.29,0.86,5.12,5.82,5.49,1.56
21488.00,-5.65,-0.55,0.06,2.82,8.74,7.56,0.68,-2.42
21492.00,-1.00,0.21,0.93,4.53,4.06,5.67,-0.24,-8.13
21496.00,-3.74,3.25,3.87,4.18,3.74,4.14,-3.89,-10.94
21500.00,-1.01,3.27,3.59,3.90,4.10,-0.79,-8.18,-16.30
21504.00,3.42,6.75,8.02,3.04,-0.27,-4.46,-10.48,-15.18
21508.00,0.85,5.77,4.79,4.96,-0.89,-9.10,-16.58,-19.37
21512.00,5.74,5.36,4.97,2.48,-6.43,-9.32,-18.40,-19.03
21516.00,7.36,6.53,3.30,-2.67,-9.40,-13.94,-17.62,-21.43
21520.00,3.52,2.93,-0.04,-4.67,-11.81,-17.42,-18.95,-20.05
21524.00,5.57,0.75,-2.62,-6.58,-14.44,-17.45,-20.81,-19.05
21528.00,4.86,1.70,-2.92,-10.62,-15.90,-21.24,-18.45,-17.08
21532.00,2.26,-0.09,-5.25,-12.55,-18.42,-22.11,-20.32,-10.64
21536.00,2.05,-3.36,-10.48,-18.15,-17.73,-19.19,-14.27,-10.45
21540.00,-2.83,-4.94,-13.64,-17.41,-22.51,-19.25,-13.76,-3.29
21544.00,-6.45,-8.40,-17.10,-21.57,-20.21,-15.81,-7.35,1.74
21548.00,-5.11,-10.74,-16.15,-18.62,-15.92,-10.70,-3.94,8.53
21552.00,-9.95,-16.34,-18.39,-17.74,-13.57,-9.25,0.50,9.65
21556.00,-11.41,-19.00,-17.22,-16.82,-14.92,-6.53,7.13,16.38
21560.00,-15.63,-17.39,-18.80,-13.12,-9.11,0.76,10.30,20.97
21564.00,-13.80,-17.08,-19.06,-12.85,-5.94,7.14,16.23,21.85
21568.00,-16.63,-16.30,-16.55,-8.91,0.26,7.11,15.58,25.16
21572.00,-18.96,-18.91,-12.00,-6.85,2.14,14.57,21.81,24.39
21576.00,-16.73,-15.63,-7.51,1.15,5.89,14.01,23.27,22.49
21580.00,-13.71,-12.33,-7.44,4.76,9.64,17.44,19.12,20.18
21584.00,-12.32,-10.89,-2.75,5.17,15.32,19.45,23.01,19.32
21588.00,-10.34,-6.30,4.11,11.11,15.25,21.70,17.30,12.26
21592.00,-6.86,-0.41,5.54,11.42,19.93,20.70,14.43,11.83
21596.00,-6.33,2.78,10.92,13.57,18.03,16.68,14.54,6.41
21600.00,-1.67,6.17,9.95,17.71,18.56,13.06,10.41,1.34
21604.00,1.74,10.26,15.63,17.21,14.26,10.78,3.36,-3.26
21608.00,6.31,9.24,14.28,15.64,11.74,6.19,-1.33,-7.23
21612.00,8.45,12.98,16.31,12.99,12.48,4.55,-1.64,-13.52
21616.00,12.03,12.88,13.75,12.88,6.68,-1.23,-9.13,-14.01
21620.00,10.40,14.41,13.07,8.86,3.64,-3.46,-10.15,-15.11
21624.00,13.45,13.70,11.81,5.83,-1.77,-5.70,-14.04,-17.78
21628.00,14.33,11.06,11.88,3.83,-2.43,-12.07,-13.82,-13.93
21632.00,12.65,11.66,6.93,-1.40,-5.14,-14.17,-14.42,-12.25
21636.00,10.17,6.41,5.82,-3.04,-7.10,-11.23,-12.47,-13.75
21640.00,9.00,7.54,-0.50,-6.77,-8.99,-11.68,-15.38,-8.53
21644.00,6.65,3.46,-2.74,-8.20,-10.94,-12.23,-13.17,-5.95
21648.00,3.29,1.82,-7.18,-8.41,-14.46,-10.10,-9.46,-3.13
21652.00,4.22,-1.43,-7.12,-13.58,-11.02,-13.05,-6.70,-0.40
21656.00,-2.08,-6.40,-10.60,-10.12,-11.23,-7.09,-6.14,-2.44
21660.00,-4.44,-8.09,-12.87,-10.27,-10.31,-7.03,-3.85,1.56
21664.00,-5.43,-10.28,-11.51,-11.34,-7.99,-2.61,0.15,2.75
21668.00,-6.32,-8.57,-8.12,-9.84,-6.62,0.04,0.21,1.91
21672.00,-7.70,-7.85,-11.85,-7.81,-1.57,-1.06,3.30,1.81
21676.00,-9.85,-10.77,-9.22,-3.55,0.66,-0.86,-0.43,-0.08
21680.00,-8.04,-7.01,-6.59,-1.56,-0.28,2.40,1.18,-2.09
21684.00,-10.53,-9.73,-3.04,0.70,1.19,0.45,-2.27,-7.58
21688.00,-6.31,-3.31,-4.27,1.95,4.17,0.43,-2.51,-9.61
21692.00,-7.69,-3.41,-0.16,-0.75,0.36,0.25,-3.93,-10.98
21696.00,-5.84,0.11,2.64,1.26,2.53,-4.80,-9.02,-16.22
21700.00,-3.38,-0.19,3.94,3.91,-1.33,-3.36,-10.57,-20.56
21704.00,-0.73,-1.21,4.34,2.49,-3.16,-7.81,-14.00,-23.61
21708.00,2.28,1.20,1.75,1.28,-6.21,-10.41,-18.37,-22.09
21712.00,3.44,0.50,0.29,-2.52,-6.86,-13.65,-19.42,-23.71
21716.00,0.09,2.72,-0.15,-3.80,-13.49,-20.76,-22.50,-28.15
21720.00,3.81,-0.87,-0.25,-6.05,-16.86,-22.75,-24.96,-27.14
21724.00,3.79,0.49,-6.51,-8.89,-19.79,-25.26,-23.39,-23.07
21728.00,-0.13,-2.90,-8.01,-15.14,-21.21,-26.03,-23.83,-20.22
21732.00,0.86,-6.26,-9.03,-15.25,-19.74,-23.67,-21.09,-14.12
21736.00,-0.75,-7.32,-15.07,-21.44,-20.94,-23.33,-19.07,-9.87
21740.00,-4.34,-9.63,-17.52,-19.59,-21.86,-21.94,-17.06,-9.54
21744.00,-8.87,-10.32,-19.66,-22.29,-24.27,-19.07,-11.85,-1.60
21748.00,-10.42,-17.14,-18.00,-22.64,-21.38,-16.79,-8.73,5.09
21752.00,-14.12,-17.40,-21.76,-23.65,-19.05,-12.32,-0.44,6.76
21756.00,-12.05,-17.81,-18.94,-18.85,-15.92,-7.79,3.66,13.00
21760.00,-16.99,-18.63,-19.49,-18.44,-10.78,-2.44,6.47,14.35
21764.00,-20.34,-20.33,-17.67,-15.84,-4.95,2.04,11.21,19.30
21768.00,-17.51,-18.47,-19.08,-12.91,-4.75,7.67,15.96,19.84
21772.00,-18.33,-17.06,-15.58,-8.79,0.61,8.55,17.00,21.61
21776.00,-20.59,-15.18,-11.92,-5.52,5.48,12.37,18.13,21.62
21780.00,-18.57,-14.39,-9.12,0.91,9.08,18.57,17.35,15.91
21784.00,-17.77,-8.41,-4.60,3.42,13.93,16.82,18.33,15.43
21788.00,-15.59,-9.53,-1.36,10.31,15.16,19.11,16.23,13.38
21792.00,-9.99,-4.56,2.14,10.44,17.64,15.37,14.18,5.75
21796.00,-4.74,2.92,7.63,14.51,14.63,16.37,10.03,4.53
21800.00,-3.06,2.63,9.03,16.10,14.07,13.50,8.81,-1.67
21804.00,1.17,4.90,10.95,15.21,16.93,12.68,4.96,-5.53
21808.00,3.19,11.74,15.90,14.23,11.57,5.20,0.14,-10.24
21812.00,7.64,14.20,12.51,12.71,10.18,2.77,-3.03,-13.88
21816.00,7.33,11.00,13.00,11.64,4.79,-1.53,-7.47,-13.73
21820.00,12.86,14.82,12.99,7.34,4.07,-2.13,-9.84,-16.82
21824.00,13.99,14.00,10.46,6.92,-1.00,-9.76,-14.21,-14.41
21828.00,14.45,13.97,6.84,1.45,-5.20,-12.30,-16.23,-18.38
21832.00,13.15,8.50,6.32,1.08,-7.37,-12.64,-15.18,-16.71
21836.00,10.74,8.73,1.33,-5.43,-9.00,-12.57,-13.35,-12.17
21840.00,8.96,8.17,-0.65,-7.55,-11.58,-14.02,-15.28,-11.97
21844.00,5.72,5.03,-3.11,-9.18,-11.66,-13.05,-10.14,-5.72
21848.00,5.54,-1.16,-5.97,-12.30,-13.55,-12.04,-10.78,-7.72
21852.00,3.83,-1.54,-7.14,-10.09,-10.25,-10.30,-7.38,-1.07
21856.00,-2.11,-4.16,-7.71,-13.15,-12.39,-10.09,-3.01,-2.82
21860.00,-4.04,-6.28,-8.28,-13.21,-7.74,-6.18,-3.86,2.48
21864.00,-4.99,-10.04,-11.08,-8.31,-6.58,-4.85,2.01,2.31
21868.00,-5.18,-10.78,-11.16,-9.35,-5.47,-1.39,0.41,4.85
21872.00,-5.14,-10.40,-8.30,-5.92,-4.93,1.37,3.95,2.80
21876.00,-9.40,-7.03,-8.18,-5.15,-0.22,0.16,3.05,0.83
21880.00,-7.36,-8.17,-4.60,-4.37,3.32,1.63,2.32,-2.36
21884.00,-7.46,-7.78,-4.58,1.35,3.76,0.90,1.79,-5.08
21888.00,-5.56,-7.14,-0.67,1.52,3.98,-0.05,-0.64,-9.83
21892.00,-5.46,-2.99,1.26,1.91,5.74,-0.40,-2.07,-9.60
21896.00,-1.37,-1.87,1.95,4.22,4.62,0.12,-6.06,-16.99
21900.00,-3.87,2.64,4.11,5.89,3.34,-6.04,-8.07,-15.81
21904.00,2.24,1.53,2.18,5.15,-1.12,-8.55,-16.18,-22.48
21908.00,1.61,1.72,5.13,2.64,-3.49,-8.23,-15.36,-20.23
21912.00,2.67,3.89,5.35,-2.43,-8.64,-13.83,-20.66,-25.45
21916.00,3.85,2.57,0.97,-3.37,-9.33,-14.86,-20.13,-22.80
21920.00,2.03,1.78,-1.50,-5.60,-10.53,-19.43,-22.68,-24.50
21924.00,2.15,1.50,-0.88,-6.75,-14.37,-19.62,-24.74,-19.84
21928.00,2.45,-1.98,-5.12,-9.96,-17.57,-22.49,-19.21,-19.64
21932.00,1.24,-1.22,-6.21,-16.06,-19.05,-24.00,-20.74,-13.90
21936.00,-0.76,-2.41,-12.89,-14.61,-19.53,-18.59,-17.21,-8.28
21940.00,-2.71,-7.33,-15.02,-18.46,-22.20,-18.22,-11.37,-2.91
21944.00,-3.74,-10.10,-13.44,-17.24,-20.73,-14.14,-7.91,1.95
21948.00,-8.85,-12.94,-17.04,-21.97,-16.69,-12.69,-1.79,9.12
21952.00,-10.43,-17.03,-16.59,-17.51,-13.89,-6.94,3.51,13.16
21956.00,-11.93,-15.37,-19.39,-14.92,-13.95,-4.27,4.06,17.66
21960.00,-14.99,-15.84,-18.02,-14.43,-10.44,1.59,12.30,19.29
21964.00,-13.81,-19.22,-16.39,-11.99,-3.86,4.96,12.87,24.43
21968.00,-17.00,-15.42,-12.54,-6.89,2.82,9.71,20.31,23.02
21972.00,-14.43,-14.77,-10.14,-1.35,6.16,13.77,19.70,26.72
21976.00,-17.23,-11.42,-9.57,-1.95,10.35,18.04,25.26,24.78
21980.00,-13.14,-12.12,-1.69,3.05,15.53,20.55,21.37,19.71
21984.00,-14.85,-6.02,0.23,10.18,17.87,23.55,21.86,20.90
21988.00,-8.87,-4.35,5.03,12.80,18.35,22.67,20.40,14.10
21992.00,-8.20,-0.08,7.09,14.03,21.23,22.51,19.80,12.04
21996.00,-4.17,2.99,10.92,15.70,21.18,22.64,16.55,6.14
22000.00,-1.57,9.33,15.03,20.30,19.05,16.31,14.23,4.71
22004.00,3.96,9.05,14.56,19.18,21.48,13.96,7.00,1.19
22008.00,6.79,12.15,17.74,18.66,15.99,12.86,5.00,-6.70
22012.00,9.25,16.93,17.93,16.11,14.58,6.47,0.00,-8.01
22016.00,10.85,18.92,20.84,14.54,11.94,4.74,-5.26,-8.26
22020.00,16.87,15.91,15.11,14.19,8.40,2.35,-7.38,-12.70
22024.00,14.42,15.45,13.31,11.50,2.78,-4.23,-10.08,-13.71
22028.00,18.32,16.60,13.53,6.14,0.81,-2.97,-9.34,-11.16
22032.00,18.35,13.11,9.02,3.00,-1.82,-9.37,-11.98,-8.35
22036.00,15.51,11.62,8.00,1.52,-3.47,-6.46,-10.85,-8.68
22040.00,15.74,12.23,6.47,-0.84,-8.28,-8.31,-6.54,-6.11
22044.00,9.48,7.96,0.01,-4.67,-6.64,-8.76,-6.34,-0.64
22048.00,11.40,3.38,-1.43,-3.79,-7.40,-6.47,-4.45,0.44
22052.00,7.68,3.59,-5.59,-6.41,-8.94,-4.24,-3.55,1.07
22056.00,5.56,-1.83,-2.76,-6.24,-6.64,-2.54,0.46,4.55
22060.00,1.69,-0.78,-4.96,-5.66,-6.28,-2.11,4.40,9.51
22064.00,0.59,-2.66,-6.00,-4.99,-2.18,2.60,7.95,7.15
22068.00,-3.17,-2.55,-3.99,-3.35,0.61,6.04,9.82,8.52
22072.00,-3.36,-2.88,-6.23,-3.99,2.69,7.75,8.48,9.63
22076.00,-5.30,-3.58,-2.25,1.18,6.85,7.00,9.79,8.94
22080.00,-1.93,-5.93,-3.13,3.67,4.47,9.97,8.71,2.03
22084.00,-3.21,-1.03,2.02,6.61,8.15,6.43,5.14,-0.85
22088.00,-5.19,-2.52,5.15,5.49,6.49,9.05,3.52,-1.11
22092.00,-0.60,2.31,5.32,5.65,7.22,4.60,2.42,-4.49
22096.00,-2.16,5.30,8.56,7.69,7.19,2.13,-1.97,-8.68
22100.00,1.17,7.34,5.92,9.51,4.92,1.32,-3.18,-10.73
22104.00,2.85,6.58,7.14,9.86,3.11,-0.10,-6.73,-15.17
22108.00,4.77,9.62,6.11,4.20,1.34,-6.08,-10.07,-14.40
22112.00,8.60,9.41,6.12,2.40,-2.97,-7.06,-14.92,-18.95
22116.00,7.76,8.70,5.07,3.53,-2.00,-11.19,-16.96,-18.22
22120.00,7.93,6.83,3.63,1.66,-7.72,-11.80,-17.03,-15.05
22124.00,8.88,7.56,2.89,-5.81,-8.80,-14.33,-18.82,-15.12
22128.00,9.45,5.51,0.99,-7.44,-11.92,-14.18,-18.06,-9.62
22132.00,4.79,1.60,-5.45,-7.17,-16.40,-17.06,-15.15,-8.92
22136.00,5.29,-2.21,-7.08,-10.64,-13.58,-16.40,-8.83,-3.34
22140.00,1.18,-5.63,-7.23,-13.00,-16.92,-14.92,-6.14,-0.03
22144.00,-1.61,-8.01,-11.77,-14.96,-15.13,-8.52,-3.01,4.85
22148.00,-1.69,-10.82,-14.05,-16.91,-14.58,-8.70,2.29,14.18
22152.00,-6.47,-8.31,-12.95,-11.78,-10.94,-4.12,9.01,19.58
22156.00,-6.13,-9.77,-16.13,-13.78,-7.31,0.60,11.71,19.42
22160.00,-9.58,-11.71,-15.38,-11.78,-2.73,4.48,17.43,23.89
22164.00,-12.93,-11.83,-12.37,-8.24,1.80,11.22,22.38,28.60
22168.00,-12.54,-14.40,-9.95,-4.92,5.31,15.84,22.51,31.91
22172.00,-14.48,-9.60,-5.16,1.07,9.44,21.00,29.01,32.47
22176.00,-11.72,-11.52,-4.34,2.80,13.95,20.68,28.34,29.50
22180.00,-10.91,-6.88,-2.13,8.03,19.56,25.99,26.70,26.08
22184.00,-11.51,-3.31,4.22,13.88,21.39,24.59,28.77,25.06
22188.00,-4.87,1.19,6.25,19.00,23.05,27.01,25.39,20.47
22192.00,-3.69,1.64,13.67,17.93,25.67,25.94,25.16,16.47
22196.00,0.17,8.93,13.19,22.42,26.91,23.02,18.38,10.79
22200.00,3.12,13.57,16.07,22.80,24.05,22.49,18.86,7.71
22204.00,4.64,15.18,21.36,24.51,21.55,17.30,10.05,2.57
22208.00,8.65,17.19,20.04,23.63,19.42,16.43,9.01,2.15
22212.00,13.27,19.30,21.05,20.90,20.75,13.68,6.29,-3.24
22216.00,14.53,22.17,19.80,21.01,16.04,9.69,-1.50,-2.82
22220.00,18.29,21.52,20.00,18.82,10.11,4.09,-2.97,-8.56
22224.00,18.29,21.88,19.28,14.72,6.96,2.51,-2.06,-6.28
22228.00,19.85,21.50,17.76,13.07,2.37,-1.20,-6.79,-5.10
22232.00,21.37,17.38,14.36,7.42,0.96,-3.68,-8.06,-4.15
22236.00,19.72,12.96,12.23,3.04,-2.96,-3.55,-5.65,-4.68
22240.00,14.19,14.46,5.73,0.86,-4.34,-4.59,-4.53,-3.53
22244.00,13.94,8.76,5.37,0.13,-3.60,-5.28,-3.62,-0.81
22248.00,10.94,8.68,4.12,-1.06,-6.09,-4.28,-2.78,5.61
22252.00,10.36,4.29,-2.33,-1.20,-6.65,-3.56,3.41,7.43
22256.00,6.30,3.82,-4.07,-3.60,-2.92,-0.65,2.36,8.84
22260.00,3.13,-0.59,-2.43,-3.84,-3.42,0.85,6.51,12.82
22264.00,1.90,0.60,-3.38,-4.94,-0.26,2.88,10.42,9.43
22268.00,-2.02,-3.27,-1.14,-2.03,0.69,7.29,10.48,10.88
22272.00,0.79,-0.62,-4.47,0.63,3.54,6.46,9.22,10.48
22276.00,-4.20,-2.34,-1.95,0.63,5.54,11.88,10.45,8.23
22280.00,-1.03,-2.21,0.53,3.58,6.83,11.75,10.16,7.74
22284.00,-2.27,0.42,3.97,7.87,7.85,9.95,8.63,3.09
22288.00,0.39,2.75,5.13,9.18,8.37,10.09,5.54,-0.08
22292.00,-0.06,5.34,4.48,10.86,10.30,9.02,1.92,-4.90
22296.00,3.42,7.25,6.73,11.42,12.08,4.35,1.00,-6.63
22300.00,4.89,5.65,10.79,9.94,9.22,3.99,-3.09,-8.68
22304.00,3.18,7.30,11.61,10.99,7.88,-1.18,-4.18,-11.08
22308.00,7.58,11.10,7.98,7.70,0.90,-3.71,-7.56,-14.68
22312.00,6.25,8.35,10.09,7.51,1.48,-7.22,-10.01,-17.08
22316.00,7.32,8.46,8.96,0.98,-4.26,-9.01,-13.74,-15.87
22320.00,6.86,10.31,3.55,0.49,-6.14,-12.96,-13.33,-12.82
22324.00,11.31,5.63,2.56,-0.86,-9.20,-15.70,-15.38,-14.87
22328.00,6.68,4.19,-1.60,-6.49,-10.02,-17.29,-14.80,-8.51
22332.00,4.88,0.62,-4.25,-7.06,-14.27,-16.52,-11.35,-7.94
22336.00,6.02,0.08,-6.45,-13.10,-15.48,-12.50,-12.46,-1.07
22340.00,1.69,-4.81,-7.91,-15.24,-14.42,-15.44,-5.17,4.19
22344.00,-2.09,-6.86,-9.16,-12.12,-15.07,-12.09,-4.24,7.92
22348.00,-1.33,-8.98,-11.61,-17.04,-15.22,-9.60,-0.02,11.93
22352.00,-3.86,-8.28,-16.28,-16.59,-11.44,-1.15,4.57,19.45
22356.00,-5.85,-11.58,-12.88,-12.69,-8.90,3.01,11.35,22.59
22360.00,-9.07,-11.86,-15.77,-12.99,-4.68,7.93,13.99,25.14
22364.00,-11.38,-13.96,-14.71,-8.93,0.95,10.94,18.08,29.29
22368.00,-12.01,-14.50,-9.20,-2.27,5.00,12.74,21.30,28.57
22372.00,-11.25,-11.71,-5.98,-0.96,7.05,17.84,25.02,28.56
22376.00,-15.21,-12.35,-5.06,6.26,12.54,23.67,25.43,28.05
22380.00,-13.44,-7.00,1.40,9.73,17.57,25.46,26.82,26.56
22384.00,-8.72,-3.28,3.44,12.46,22.57,24.87,24.14,23.35
22388.00,-6.38,-1.48,5.66,15.01,20.84,25.46,25.99,19.76
22392.00,-4.72,2.78,8.65,19.22,24.54,22.60,20.42,15.39
22396.00,-2.94,7.57,12.67,19.70,25.92,23.92,17.22,9.11
22400.00,1.88,8.41,18.83,23.27,24.61,21.79,12.79,8.16
22404.00,5.94,11.99,18.87,21.98,23.47,17.52,11.67,4.76
22408.00,6.32,14.53,21.95,19.98,17.32,16.28,6.35,-3.68
22412.00,13.95,18.55,22.32,19.06,14.72,8.86,3.28,-6.52
22416.00,11.94,19.72,22.14,17.95,13.35,4.47,-2.52,-5.83
22420.00,14.09,18.85,16.36,13.31,11.33,0.73,-5.70,-7.12
22424.00,18.71,19.74,14.73,12.33,6.93,0.09,-7.69,-8.15
22428.00,16.33,18.90,16.17,8.25,2.95,-5.25,-8.31,-9.70
22432.00,15.83,14.39,8.91,2.75,-2.27,-7.51,-11.16,-6.48
22436.00,17.27,13.76,9.03,0.93,-6.03,-8.83,-6.77,-6.14
22440.00,15.32,9.83,6.72,-0.58,-6.17,-9.93,-7.09,-5.54
22444.00,11.15,7.43,3.56,-3.47,-4.66,-8.33,-3.66,-2.93
22448.00,8.76,2.08,-2.07,-4.38,-7.97,-7.63,-3.29,0.02
22452.00,6.75,2.40,-3.80,-4.99,-9.56,-7.28,-1.89,2.01
22456.00,1.50,-3.30,-4.33,-7.00,-8.87,-4.20,2.15,4.35
22460.00,-0.07,-2.30,-6.54,-4.45,-6.66,-2.41,3.87,7.22
22464.00,-2.56,-3.25,-8.77,-7.39,-2.33,-1.12,2.65,8.88
22468.00,-1.24,-6.94,-4.11,-5.71,-2.37,0.91,4.36,9.39
22472.00,-3.51,-7.04,-4.72,-2.27,0.65,3.38,4.95,5.30
22476.00,-3.02,-5.00,-6.10,0.48,4.40,4.66,5.60,2.45
22480.00,-5.60,-2.73,-0.92,2.44,3.82,6.30,7.08,2.85
22484.00,-5.07,-4.95,-0.11,1.70,5.86,5.51,2.46,-1.22
22488.00,-4.67,-3.41,0.14,6.49,8.13,7.42,1.27,-2.54
22492.00,-5.12,0.23,4.04,5.87,8.72,6.36,0.68,-6.90
22496.00,-1.49,1.07,4.04,4.42,6.95,1.90,-6.35,-12.13
22500.00,-2.08,4.76,3.69,8.45,2.36,0.53,-6.37,-12.09
22504.00,1.88,3.56,4.70,4.48,3.88,-3.59,-13.64,-18.89
22508.00,0.83,7.71,4.13,5.59,0.15,-9.75,-12.56,-19.97
22512.00,4.75,4.76,6.52,1.69,-2.05,-12.95,-18.05,-22.17
22516.00,6.84,3.39,5.23,-2.13,-5.84,-13.11,-21.35,-22.35
22520.00,7.52,6.23,0.06,-6.38,-10.14,-14.48,-21.07,-18.82
22524.00,6.64,0.96,-0.44,-5.54,-13.59,-20.13,-19.14,-20.28
22528.00,6.08,-0.49,-1.80,-11.95,-14.13,-18.49,-19.78,-17.10
22532.00,4.70,-2.10,-5.70,-13.39,-16.73,-21.46,-18.00,-12.05
22536.00,1.34,-5.95,-9.67,-18.15,-17.25,-19.01,-15.12,-7.90
22540.00,-0.99,-5.52,-15.01,-15.45,-20.06,-20.81,-13.21,-0.98
22544.00,-1.71,-8.63,-15.26,-18.23,-21.19,-14.31,-7.19,-0.29
22548.00,-7.24,-12.44,-16.87,-21.12,-17.63,-10.09,-1.60,4.95
22552.00,-10.49,-15.67,-16.95,-18.58,-14.20,-6.56,2.74,9.41
22556.00,-14.32,-15.68,-19.05,-15.52,-10.30,-6.68,6.82,18.07
22560.00,-15.54,-19.11,-20.39,-17.52,-9.81,2.57,12.08,18.37
22564.00,-16.01,-20.51,-16.01,-11.22,-5.10,7.06,15.22,22.27
22568.00,-17.36,-15.66,-16.80,-6.99,-0.28,10.44,19.04,23.85
22572.00,-16.68,-15.73,-14.22,-3.99,6.30,13.25,18.49,22.00
22576.00,-18.81,-16.63,-6.50,-0.06,9.99,14.65,20.63,24.66
22580.00,-14.42,-11.53,-7.18,3.00,10.24,20.88,23.05,22.74
22584.00,-12.96,-6.99,-3.65,6.31,16.45,19.25,22.04,14.97
22588.00,-9.32,-7.12,3.23,13.09,14.61,20.90,19.40,12.36
22592.00,-6.63,-1.21,3.86,14.90,19.50,17.21,15.93,7.11
22596.00,-6.38,3.59,10.40,13.81,16.94,17.34,15.02,3.18
22600.00,-1.93,7.75,11.32,16.47,20.44,15.69,7.26,-1.26
22604.00,0.73,8.53,16.06,17.09,18.78,13.08,3.18,-3.00
22608.00,6.97,12.70,16.56,18.55,13.99,8.84,1.91,-5.82
22612.00,8.25,12.59,15.61,15.15,10.52,3.21,-2.02,-10.36
22616.00,11.94,13.96,13.99,10.89,9.52,1.13,-5.62,-14.40
22620.00,10.35,14.84,15.69,8.19,1.76,-2.29,-9.51,-15.79
22624.00,11.33,15.06,11.30,8.88,1.36,-7.93,-15.11,-15.40
22628.00,10.77,11.68,8.28,3.32,-4.92,-12.17,-13.09,-13.14
22632.00,10.73,13.39,5.85,0.30,-4.01,-13.82,-14.64,-13.47
22636.00,13.06,9.16,5.60,-2.73,-7.85,-12.61,-14.58,-11.13
22640.00,11.53,7.76,-2.05,-5.14,-9.29,-13.27,-14.38,-11.12
22644.00,8.81,2.27,-2.30,-6.74,-10.36,-13.64,-12.74,-8.44
22648.00,7.57,-1.72,-5.75,-10.79,-13.08,-10.22,-11.83,-6.86
22652.00,2.87,-1.93,-10.10,-13.48,-12.19,-12.85,-7.95,-3.13
22656.00,2.12,-3.02,-10.91,-13.30,-10.98,-7.09,-5.54,0.71
22660.00,-4.77,-9.00,-8.50,-9.42,-11.07,-7.58,-0.92,2.45
22664.00,-5.37,-9.34,-8.71,-12.03,-7.86,-2.12,1.46,2.45
22668.00,-4.43,-12.06,-11.45,-11.45,-4.73,-2.62,3.21,1.53
22672.00,-9.14,-8.01,-9.44,-4.91,-1.49,-2.56,4.20,3.01
22676.00,-7.47,-8.69,-6.59,-6.60,-0.75,0.02,0.51,-1.52
22680.00,-8.61,-8.57,-7.79,-3.59,-1.25,-0.30,-1.03,-1.66
22684.00,-6.58,-9.10,-2.83,-0.67,0.78,-0.34,0.56,-7.66
22688.00,-7.21,-7.49,-4.21,0.06,2.09,-0.14,-1.47,-11.34
22692.00,-8.42,-6.08,-2.83,-0.31,3.89,1.09,-7.07,-12.20
22696.00,-6.60,-0.63,-0.38,3.13,1.90,-1.87,-7.98,-18.73
22700.00,-3.26,2.09,-0.12,1.29,-2.59,-5.41,-12.15,-18.98
22704.00,-1.67,1.52,0.71,2.84,-2.33,-10.26,-18.12,-21.13
22708.00,0.88,1.14,2.16,-2.57,-4.30,-12.85,-19.61,-24.83
22712.00,0.02,1.33,-0.62,-4.65,-6.35,-16.41,-23.38,-28.11
22716.00,4.26,1.64,-0.34,-6.89,-10.02,-18.43,-26.02,-26.24
22720.00,4.22,0.78,-3.95,-9.60,-16.43,-20.32,-22.67,-26.12
22724.00,1.44,0.68,-2.63,-10.28,-18.09,-23.15,-23.17,-24.86
22728.00,-0.86,-3.90,-7.69,-12.35,-20.10,-23.71,-22.60,-21.23
22732.00,2.57,-6.54,-10.01,-16.38,-21.05,-23.25,-23.91,-18.09
22736.00,-3.62,-5.60,-15.59,-18.00,-22.25,-21.26,-18.86,-13.59
22740.00,-4.85,-10.53,-16.23,-21.52,-22.17,-20.04,-18.61,-5.97
22744.00,-8.24,-13.55,-16.18,-23.38,-22.84,-18.14,-14.46,-1.86
22748.00,-7.55,-14.48,-22.12,-22.13,-22.73,-16.57,-5.68,4.54
22752.00,-12.76,-18.53,-18.99,-20.70,-20.85,-12.92,-1.04,9.18
22756.00,-12.98,-17.81,-20.11,-19.17,-13.33,-6.58,0.51,11.05
22760.00,-14.17,-18.66,-22.29,-18.83,-11.15,-3.52,7.63,13.35
22764.00,-20.16,-20.07,-20.56,-16.44,-9.74,-0.29,9.08,20.14
22768.00,-19.12,-22.22,-17.62,-13.39,-0.99,7.69,13.21,20.64
22772.00,-17.98,-17.83,-16.70,-7.81,3.85,9.68,19.61,17.97
22776.00,-20.29,-16.90,-10.35,-5.14,5.31,12.05,17.88,19.14
22780.00,-18.11,-15.31,-8.82,0.67,10.78,14.20,17.64,15.54
22784.00,-14.22,-10.89,-5.32,7.02,12.91,17.34,16.18,14.56
22788.00,-10.85,-7.50,0.18,8.37,13.66,17.24,18.78,11.72
22792.00,-12.36,-5.27,2.85,13.28,17.92,17.44,14.10,7.94
22796.00,-7.47,-1.18,9.80,12.42,17.99,17.73,10.11,2.43
22800.00,-2.59,4.43,13.14,15.18,14.00,13.99,4.77,-2.96
22804.00,2.10,6.15,11.27,18.22,15.88,10.16,4.49,-5.66
22808.00,4.01,8.79,16.52,15.00,11.87,4.80,1.25,-10.72
22812.00,5.26,10.26,15.09,12.72,11.85,3.03,-6.74,-14.85
22816.00,8.63,15.54,14.51,14.12,6.49,-3.02,-6.94,-14.27
22820.00,11.34,15.95,12.63,7.94,2.01,-4.79,-13.75,-15.56
22824.00,13.31,11.46,12.42,8.77,-1.85,-7.09,-14.65,-16.38
22828.00,14.95,12.47,7.42,1.90,-1.86,-8.07,-14.12,-18.24
22832.00,11.75,10.71,7.15,-1.62,-5.61,-13.53,-14.14,-14.46
22836.00,12.47,7.42,1.12,-1.48,-11.22,-14.75,-16.64,-13.50
22840.00,9.94,5.93,-0.43,-4.83,-13.28,-15.96,-12.95,-12.55
22844.00,8.45,0.57,-1.82,-8.13,-9.98,-12.28,-11.15,-9.78
22848.00,7.35,-0.85,-5.70,-8.41,-14.17,-14.87,-9.31,-6.63
22852.00,4.22,-1.39,-5.30,-11.12,-12.90,-8.90,-6.44,-2.58
22856.00,2.72,-5.01,-7.25,-10.41,-12.54,-6.98,-4.19,0.37
22860.00,-1.98,-6.03,-11.43,-9.49,-8.62,-5.77,-2.66,0.37
22864.00,-3.23,-9.71,-9.95,-7.67,-9.56,-3.42,-0.49,0.78
22868.00,-7.32,-10.71,-10.81,-7.33,-6.35,-3.60,0.84,1.70
22872.00,-6.56,-8.72,-11.05,-4.06,-4.09,0.73,1.89,0.16
22876.00,-8.40,-9.13,-8.09,-4.27,1.72,2.71,3.72,0.21
22880.00,-7.45,-10.04,-5.50,-1.83,1.36,4.46,3.99,0.72
22884.00,-9.71,-8.61,-3.88,-1.51,2.14,4.60,0.90,-5.88
22888.00,-7.44,-5.21,-0.89,2.50,1.27,4.61,-0.08,-9.00
22892.00,-6.39,-4.16,2.77,1.82,2.84,-0.69,-4.12,-11.62
22896.00,-3.00,0.12,-0.36,1.29,3.26,-0.03,-7.59,-12.17
22900.00,-4.53,2.87,5.64,3.83,-0.56,-1.71,-9.03,-17.36
22904.00,1.77,2.49,4.66,4.92,-3.01,-5.76,-12.50,-19.26
22908.00,3.70,5.47,1.42,1.04,-5.35,-9.17,-16.29,-20.66
22912.00,4.20,4.08,4.85,1.79,-5.12,-12.17,-18.00,-25.25
22916.00,1.33,1.88,0.45,-2.46,-8.20,-16.79,-20.89,-21.89
22920.00,6.37,5.41,0.35,-5.85,-13.84,-19.30,-20.02,-22.07
22924.00,5.16,-0.08,-2.65,-7.20,-14.94,-21.91,-20.83,-20.85
22928.00,1.15,2.51,-3.91,-12.69,-17.32,-23.52,-21.58,-19.35
22932.00,3.15,-3.43,-8.84,-15.93,-20.93,-21.60,-21.61,-12.19
22936.00,-0.45,-2.63,-9.75,-16.71,-19.23,-20.41,-18.83,-7.24
22940.00,-3.87,-9.30,-11.91,-19.92,-18.60,-18.80,-15.33,-6.31
22944.00,-5.57,-7.87,-13.44,-17.80,-21.97,-18.28,-7.42,-0.70
22948.00,-4.71,-13.27,-18.37,-18.39,-16.47,-13.43,-4.58,8.32
22952.00,-10.58,-16.02,-20.09,-19.73,-16.36,-8.67,1.80,13.36
22956.00,-12.75,-17.48,-16.44,-16.32,-9.77,-2.47,5.56,15.96
22960.00,-13.43,-17.87,-16.86,-13.77,-9.14,-0.12,9.04,18.15
22964.00,-16.42,-16.55,-16.95,-12.23,-3.41,4.33,14.08,21.46
22968.00,-16.72,-17.65,-14.19,-9.27,2.67,10.14,20.56,23.32
22972.00,-13.86,-14.62,-13.30,-2.67,6.28,14.38,23.70,25.27
22976.00,-14.32,-13.27,-7.08,0.21,11.84,15.36,23.92,25.06
22980.00,-13.21,-9.96,-5.50,2.96,12.47,19.94,23.27,20.70
22984.00,-14.01,-5.54,1.70,8.75,15.10,23.14,21.35,20.33
22988.00,-8.10,-4.43,5.56,11.79,18.89,22.16,20.76,14.34
22992.00,-6.18,-0.29,6.45,15.93,22.18,23.38,20.56,13.39
22996.00,-2.79,3.10,9.33,17.21,21.51,20.54,15.30,5.84
23000.00,-0.03,8.04,14.58,17.33,20.13,16.39,12.93,5.77
23004.00,1.28,12.50,18.02,18.13,17.69,15.09,9.77,0.38
23008.00,8.96,14.19,19.59,20.40,17.43,11.73,2.24,-5.93
23012.00,9.29,17.56,16.38,17.77,14.33,8.73,-0.88,-6.71
23016.00,10.43,16.34,19.99,17.87,12.50,2.52,-4.50,-7.81
23020.00,14.79,16.26,15.62,14.69,10.10,-0.69,-3.90,-10.08
23024.00,17.17,19.16,17.79,9.78,5.29,-4.89,-8.91,-10.81
23028.00,18.33,17.05,15.06,5.87,-0.24,-5.41,-8.44,-11.51
23032.00,16.78,16.63,7.96,2.29,-0.23,-4.92,-8.17,-9.63
23036.00,15.79,11.56,9.40,2.67,-2.73,-6.32,-9.67,-8.25
23040.00,14.26,7.51,4.77,0.20,-5.77,-9.66,-10.19,-2.94
23044.00,13.30,7.33,3.47,-3.50,-9.67,-9.15,-6.58,-1.69
23048.00,8.23,5.12,-2.59,-4.96,-6.71,-4.89,-4.78,-0.75
23052.00,8.23,-0.48,-3.85,-8.26,-5.57,-6.68,-3.39,4.02
23056.00,5.28,0.15,-2.36,-5.42,-5.22,-3.55,1.55,3.35
23060.00,0.50,-3.16,-3.74,-6.70,-5.68,-2.71,3.34,6.43
23064.00,-1.55,-5.96,-5.49,-6.39,-3.54,0.23,4.89,9.85
23068.00,-1.80,-3.25,-4.25,-5.53,-1.76,4.94,9.61,7.82
23072.00,-5.76,-3.71,-4.98,-2.29,0.05,8.59,6.08,6.03
23076.00,-5.10,-5.84,-3.83,-0.89,3.96,7.79,7.85,7.46
23080.00,-1.76,-2.08,-0.64,0.84,4.70,6.64,10.37,5.34
23084.00,-4.12,-3.56,3.60,3.05,6.87,8.15,8.06,3.70
23088.00,-0.48,-0.67,3.08,5.27,9.17,5.48,4.92,0.42
23092.00,0.62,3.49,6.19,7.73,7.10,8.94,1.56,-7.45
23096.00,1.42,5.31,5.00,10.88,7.14,4.39,-2.45,-9.11
23100.00,3.03,7.30,10.32,10.50,6.92,0.12,-7.11,-13.45
23104.00,2.71,5.24,7.48,10.16,4.28,1.26,-9.94,-13.99
23108.00,5.22,6.16,7.51,4.70,-0.08,-2.54,-10.38,-18.55
23112.00,5.66,9.34,7.87,3.20,1.19,-8.67,-15.59,-15.13
23116.00,5.84,10.07,6.32,1.13,-4.37,-12.47,-15.81,-18.62
23120.00,8.26,10.01,3.33,0.15,-8.84,-11.75,-15.27,-16.58
23124.00,9.74,8.05,1.32,-1.99,-8.95,-14.29,-14.44,-12.83
23128.00,8.72,5.11,-2.28,-4.99,-13.93,-18.20,-14.13,-11.61
23132.00,4.47,1.57,-3.76,-11.07,-13.55,-18.19,-12.30,-8.87
23136.00,1.92,0.53,-5.36,-9.53,-15.51,-15.12,-11.02,-0.51
23140.00,3.37,-3.40,-6.87,-13.84,-15.79,-12.14,-5.04,3.02
23144.00,0.97,-7.16,-12.21,-16.19,-17.04,-11.92,-0.84,6.63
23148.00,-3.00,-7.54,-12.28,-13.97,-12.90,-7.57,1.55,10.09
23152.00,-3.40,-12.34,-14.53,-15.41,-8.12,-1.84,7.91,18.90
23156.00,-6.83,-10.60,-12.95,-11.92,-5.20,0.03,11.39,20.94
23160.00,-10.09,-13.35,-12.67,-12.30,-4.23,6.54,16.20,23.53
23164.00,-11.48,-13.99,-11.94,-6.02,-1.49,10.69,21.48,29.13
23168.00,-10.99,-11.15,-10.85,-1.82,4.53,14.88,24.27,27.39
23172.00,-10.20,-10.56,-8.95,2.35,11.57,16.87,28.11,32.17
23176.00,-12.27,-10.03,-5.15,3.75,16.60,23.39,30.18,30.80
23180.00,-8.75,-8.02,0.68,9.04,16.69,24.37,28.45,25.38
23184.00,-9.50,-2.94,2.81,12.68,21.10,25.56,29.35,23.32
23188.00,-8.81,2.46,8.55,19.16,25.91,27.25,28.00,20.48
23192.00,-3.50,2.96,11.84,19.36,25.53,26.29,24.80,18.33
23196.00,0.00,5.67,17.31,22.25,23.64,22.51,18.73,11.26
23200.00,4.20,12.54,19.84,25.90,26.91,23.05,14.71,7.31
23204.00,5.58,12.23,21.50,23.66,24.26,20.25,14.29,4.08
23208.00,8.63,16.54,21.95,21.21,20.20,14.12,10.38,2.40
23212.00,15.44,20.09,21.95,22.12,16.30,10.25,1.96,-4.70
23216.00,15.30,17.88,24.15,21.35,16.86,8.68,1.49,-2.99
23220.00,15.45,20.75,19.70,15.68,14.04,2.29,-3.15,-4.59
23224.00,18.29,19.62,21.21,12.02,6.32,3.13,-2.96,-6.09
23228.00,19.14,17.11,18.38,9.88,2.33,-0.28,-7.39,-6.21
23232.00,20.70,16.38,14.53,10.10,2.99,-1.87,-6.31,-5.73
23236.00,20.08,16.55,10.16,2.08,-3.19,-7.25,-3.78,-1.08
23240.00,16.39,11.82,9.45,-0.07,-4.72,-5.94,-3.44,-1.13
23244.00,11.95,9.70,4.21,-2.06,-1.94,-5.77,-2.49,0.67
23248.00,10.42,5.63,0.65,-4.13,-5.79,-2.98,-3.02,4.27
23252.00,7.66,5.35,0.93,-1.40,-3.59,-0.46,2.73,6.94
23256.00,7.05,3.33,0.06,-6.23,-2.13,-2.36,2.23,7.31
23260.00,4.96,-1.43,-3.16,-4.42,-1.19,1.55,6.38,10.04
23264.00,2.98,-0.02,-2.67,-4.06,-1.51,2.41,9.44,9.27
23268.00,1.01,-0.71,-2.02,-1.55,0.82,5.64,11.59,13.80
23272.00,-2.96,-1.65,-3.58,3.08,5.27,9.99,11.26,11.86
23276.00,-0.89,-0.25,0.69,5.16,5.53,12.45,10.05,10.80
23280.00,-0.14,-1.41,1.99,3.81,9.63,12.97,10.39,8.54
23284.00,-3.79,-2.55,2.26,6.21,10.63,8.79,7.07,5.82
23288.00,-0.27,0.83,3.08,7.78,9.75,10.95,9.06,0.96
23292.00,1.41,4.43,6.23,11.21,12.56,8.51,4.48,-5.06
23296.00,0.82,4.36,10.21,10.46,8.83,8.27,2.82,-5.58
23300.00,2.05,8.44,11.30,11.13,7.08,2.77,-4.42,-9.10
23304.00,6.71,9.18,7.68,9.49,8.37,2.60,-6.84,-12.63
23308.00,7.36,8.02,9.85,8.92,2.65,-1.44,-8.77,-13.25
23312.00,5.58,7.81,9.92,4.69,-1.32,-7.32,-13.58,-13.78
23316.00,9.70,8.01,6.19,0.87,-3.72,-10.81,-15.58,-15.85
23320.00,7.07,9.63,7.00,-1.33,-7.16,-11.79,-16.17,-15.40
23324.00,8.52,8.75,3.41,-1.68,-7.47,-13.69,-14.20,-10.93
23328.00,6.92,7.21,0.70,-6.60,-13.37,-16.97,-14.72,-11.89
23332.00,7.43,2.74,-1.96,-7.89,-15.70,-16.17,-13.36,-7.84
23336.00,5.95,2.19,-7.69,-9.09,-13.04,-15.80,-10.70,-4.25
23340.00,1.53,-4.19,-7.72,-15.22,-13.12,-12.56,-8.81,2.76
23344.00,-0.12,-3.75,-12.44,-13.12,-16.91,-12.94,-1.81,6.36
23348.00,-5.09,-7.96,-12.02,-14.17,-12.18,-9.48,1.43,11.69
23352.00,-7.05,-10.35,-11.54,-14.27,-11.69,-1.80,4.62,18.57
23356.00,-9.60,-10.61,-12.89,-12.68,-6.05,1.13,12.96,20.70
23360.00,-12.34,-11.29,-12.40,-11.08,-2.40,6.60,14.98,26.64
23364.00,-11.36,-15.44,-14.86,-8.41,2.57,8.07,19.49,27.83
23368.00,-11.80,-14.84,-8.28,-4.11,5.47,15.29,24.61,27.50
23372.00,-11.91,-14.33,-7.60,-0.76,7.83,16.55,24.59,27.45
23376.00,-13.31,-12.44,-5.57,3.25,15.85,22.25,27.91,26.86
23380.00,-13.58,-8.88,0.78,6.54,17.07,21.86,25.66,25.62
23384.00,-9.79,-2.93,4.60,13.18,19.83,24.61,24.85,21.01
23388.00,-9.32,-0.53,8.60,15.88,24.26,26.27,23.95,19.61
23392.00,-4.21,0.57,8.58,21.00,23.17,23.11,22.59,15.68
23396.00,0.88,7.88,16.23,20.72,26.43,25.79,21.05,10.01
23400.00,3.25,12.21,18.76,24.01,21.48,18.46,16.99,7.68
23404.00,3.87,11.22,17.79,24.30,24.11,16.12,11.23,2.63
23408.00,8.27,16.39,20.25,20.72,18.50,12.29,5.53,-2.86
23412.00,13.29,15.63,19.52,18.85,15.74,9.77,2.43,-7.25
23416.00,15.84,18.04,20.40,20.32,12.05,5.94,0.98,-5.13
23420.00,16.76,17.85,19.63,15.37,8.53,-0.21,-6.49,-10.56
23424.00,16.49,18.76,16.85,12.40,5.07,-3.14,-6.84,-7.81
23428.00,17.88,18.27,15.27,9.14,-0.26,-4.45,-9.94,-11.16
23432.00,18.93,13.73,12.20,6.30,0.18,-4.38,-10.94,-9.97
23436.00,14.05,15.38,8.23,1.08,-3.27,-7.10,-6.79,-5.15
23440.00,12.99,11.02,3.70,0.50,-7.03,-10.43,-5.27,-3.40
23444.00,11.09,7.54,2.44,-4.15,-6.95,-6.69,-6.03,-1.47
23448.00,10.92,3.08,-1.46,-4.79,-8.90,-7.74,-5.08,-0.96
23452.00,5.05,1.65,-3.90,-6.04,-8.21,-7.53,-3.91,0.93
23456.00,4.60,-1.98,-3.11,-7.75,-7.47,-5.45,-1.62,3.32
23460.00,0.65,-3.87,-3.76,-5.77,-3.54,-1.98,1.07,5.69
23464.00,-2.41,-2.69,-6.80,-6.86,-1.04,2.90,6.93,5.95
23468.00,-3.16,-6.37,-3.79,-2.99,-3.07,2.18,3.91,7.96
23472.00,-6.47,-4.12,-3.75,-2.23,0.10,4.63,9.25,5.54
23476.00,-7.27,-5.04,-6.19,-0.74,2.43,8.12,8.98,4.75
23480.00,-4.03,-3.09,-4.60,1.55,6.33,7.94,8.07,0.60
23484.00,-4.66,-3.04,-0.02,2.31,8.10,7.50,5.64,-2.36
23488.00,-5.76,-0.77,0.05,4.79,5.30,4.24,1.96,-3.26
23492.00,-4.43,-0.14,0.71,5.58,6.26,2.94,-0.91,-5.29
23496.00,-1.89,4.02,6.92,6.59,5.82,-0.38,-6.42,-9.72
23500.00,-0.74,4.41,5.71,7.83,5.28,-1.66,-8.72,-15.89
23504.00,2.51,6.84,6.69,5.23,-0.16,-6.44,-12.14,-16.76
23508.00,4.20,2.92,4.29,2.80,0.95,-6.59,-12.99,-19.20
23512.00,3.94,3.45,2.77,2.01,-2.19,-8.81,-16.36,-19.19
23516.00,4.39,3.79,4.37,0.04,-9.32,-13.86,-21.10,-21.14
23520.00,2.98,6.19,3.72,-6.39,-11.71,-15.83,-21.68,-21.59
23524.00,4.17,4.76,0.21,-8.51,-14.77,-19.77,-22.28,-18.72
23528.00,5.21,0.59,-3.30,-8.21,-17.88,-18.62,-18.42,-13.89
23532.00,1.01,0.13,-5.76,-11.35,-19.23,-22.88,-18.86,-11.09
23536.00,1.43,-5.53,-12.29,-18.26,-20.05,-19.82,-15.89,-8.42
23540.00,0.25,-6.26,-13.54,-19.39,-20.72,-20.02,-14.10,-5.16
23544.00,-4.11,-9.79,-14.08,-20.11,-18.64,-15.22,-9.15,3.93
23548.00,-5.16,-12.59,-15.70,-18.73,-20.24,-12.52,-5.75,8.64
23552.00,-11.48,-13.81,-18.38,-19.71,-14.34,-8.52,2.47,11.31
23556.00,-14.01,-17.45,-17.93,-18.19,-14.85,-5.03,7.29,16.80
23560.00,-11.76,-15.36,-18.02,-12.97,-9.68,-0.55,8.92,18.56
23564.00,-15.61,-17.64,-15.09,-11.02,-5.93,3.90,15.66,20.86
23568.00,-18.81,-19.68,-12.50,-7.66,-1.67,11.63,17.97,25.28
23572.00,-18.20,-14.96,-13.36,-3.52,3.14,12.43,21.98,23.47
23576.00,-15.55,-15.40,-6.51,-3.05,10.61,14.73,20.51,19.74
23580.00,-14.35,-11.96,-6.07,4.48,12.99,17.71,19.69,20.25
23584.00,-12.07,-7.18,0.95,8.66,15.02,19.83,22.80,19.49
23588.00,-11.90,-3.72,2.50,8.84,18.01,20.38,20.49,15.33
23592.00,-6.65,0.44,8.46,12.08,19.67,20.01,15.51,9.23
23596.00,-6.13,2.86,11.17,17.61,19.19,17.26,13.72,6.20
23600.00,-4.54,7.62,11.68,15.13,16.15,14.77,9.53,0.91
23604.00,2.43,6.81,14.72,16.45,14.35,12.16,6.41,-3.72
23608.00,2.69,9.75,15.82,14.67,13.65,6.53,1.03,-7.53
23612.00,8.02,15.20,18.15,15.40,13.68,2.88,-3.92,-13.50
23616.00,11.94,15.52,14.58,12.65,8.64,1.38,-7.58,-14.57
23620.00,12.59,15.66,16.41,8.42,6.56,-4.47,-10.34,-15.66
23624.00,14.79,11.96,10.61,9.55,-0.81,-7.07,-10.64,-14.39
23628.00,13.95,12.89,9.38,4.05,-5.06,-8.76,-14.62,-16.52
23632.00,12.52,13.42,9.09,0.69,-5.10,-11.97,-16.39,-16.69
23636.00,11.68,8.17,2.41,-4.26,-10.03,-10.72,-16.59,-14.40
23640.00,12.30,4.92,-0.05,-5.21,-11.75,-12.56,-11.53,-10.20
23644.00,8.09,3.42,-2.89,-7.31,-13.78,-14.75,-11.83,-6.22
23648.00,5.51,1.71,-8.02,-9.95,-12.20,-13.60,-9.91,-3.88
23652.00,1.94,-0.81,-8.28,-9.22,-12.66,-12.63,-8.73,-4.24
23656.00,-1.86,-7.63,-10.33,-11.79,-12.02,-7.90,-4.96,-2.39
23660.00,-3.01,-8.00,-11.06,-9.88,-11.71,-4.67,-1.30,1.49
23664.00,-3.53,-10.00,-8.88,-9.74,-8.27,-5.88,-2.70,2.32
23668.00,-5.06,-7.74,-11.66,-10.51,-6.92,-2.94,1.96,-0.20
23672.00,-9.33,-10.36,-10.27,-4.95,-5.08,-2.26,3.90,3.35
23676.00,-6.85,-9.11,-6.97,-5.35,0.59,0.74,-0.11,-2.94
23680.00,-8.10,-9.00,-4.54,-2.52,1.37,3.64,1.79,-0.76
23684.00,-7.01,-5.22,-6.73,1.01,-0.15,2.76,-1.16,-5.56
23688.00,-10.29,-6.19,-4.80,-0.07,1.47,3.45,-3.58,-7.79
23692.00,-8.52,-3.93,1.72,-0.58,2.34,-2.49,-6.87,-11.89
23696.00,-3.20,-1.85,-1.46,4.02,-0.02,-3.54,-7.64,-17.87
23700.00,-1.12,-0.16,-0.29,4.29,-1.65,-7.21,-12.14,-18.28
23704.00,0.44,1.15,2.73,2.83,-4.70,-9.85,-14.17,-23.61
23708.00,0.44,1.54,2.23,-0.50,-4.73,-12.50,-18.17,-26.18
23712.00,-1.14,3.74,1.52,-3.87,-10.33,-16.80,-21.69,-25.52
23716.00,0.50,4.55,-1.49,-3.29,-13.77,-19.62,-22.54,-24.52
23720.00,3.13,1.01,-1.00,-8.99,-15.03,-19.38,-26.64,-22.84
23724.00,4.16,0.55,-3.90,-10.55,-15.37,-23.15,-22.83,-23.55
23728.00,1.96,-3.48,-5.33,-14.56,-19.22,-21.80,-25.20,-20.12
23732.00,-0.07,-3.66,-9.78,-14.69,-19.76,-24.56,-24.91,-14.99
23736.00,-0.19,-8.93,-12.65,-18.18,-24.01,-21.15,-19.48,-14.35
23740.00,-4.75,-8.82,-17.99,-21.98,-22.31,-19.60,-14.96,-4.85
23744.00,-4.76,-12.16,-16.76,-22.45,-22.95,-19.25,-11.31,-3.57
23748.00,-6.76,-12.74,-18.34,-20.60,-20.06,-16.41,-6.00,2.20
23752.00,-12.50,-15.50,-21.69,-22.47,-18.06,-10.65,-2.66,8.94
23756.00,-12.20,-19.10,-20.85,-18.18,-16.69,-6.59,2.47,12.32
23760.00,-14.58,-19.99,-19.07,-17.31,-9.49,-0.51,5.78,14.16
23764.00,-15.97,-18.37,-18.68,-13.07,-7.85,0.21,12.92,16.04
23768.00,-19.15,-18.99,-19.40,-12.73,-3.12,5.67,12.75,18.65
23772.00,-17.84,-16.09,-12.96,-7.05,0.31,11.77,19.50,22.22
23776.00,-17.17,-18.04,-10.25,-5.05,4.74,11.63,16.59,18.76
23780.00,-15.04,-14.57,-6.71,-1.01,9.60,14.94,16.73,19.69
23784.00,-14.80,-10.28,-3.67,7.20,14.11,16.68,16.88,15.73
23788.00,-13.29,-6.73,2.41,7.24,16.81,18.42,14.27,13.20
23792.00,-11.25,-2.38,3.48,13.41,15.54,16.43,15.19,9.13
23796.00,-7.61,1.68,10.49,13.59,16.96,14.90,11.58,5.24
23800.00,-2.67,4.35,10.61,17.75,17.41,15.92,9.27,-3.93
23804.00,2.07,5.06,10.84,13.81,16.87,11.23,3.36,-7.54
23808.00,1.26,10.19,14.67,13.38,13.53,5.91,-0.51,-7.38
23812.00,7.71,12.30,16.27,14.97,10.04,0.98,-2.56,-13.69
23816.00,7.24,11.26,16.55,10.65,5.08,1.37,-10.09,-13.66
23820.00,10.87,14.03,12.50,7.37,3.69,-2.76,-9.36,-13.99
23824.00,10.38,14.91,10.29,5.75,-0.04,-8.58,-14.76,-16.59
23828.00,10.24,11.65,7.01,0.82,-3.13,-12.00,-16.88,-17.06
23832.00,12.75,9.91,7.61,0.17,-6.25,-10.75,-13.26,-13.34
23836.00,9.97,10.19,2.64,-3.03,-9.91,-11.25,-15.86,-13.03
23840.00,9.18,8.13,0.77,-7.29,-9.81,-12.38,-12.05,-9.71
23844.00,6.87,4.41,-1.27,-8.83,-13.71,-13.86,-13.18,-10.32
23848.00,4.11,-0.47,-3.51,-8.39,-11.29,-14.38,-10.38,-5.13
23852.00,2.05,-3.30,-5.67,-11.82,-11.97,-11.21,-5.67,-2.49
23856.00,-1.63,-2.69,-7.56,-9.80,-13.09,-8.40,-5.91,-1.70
23860.00,-3.36,-7.67,-11.55,-13.54,-11.37,-5.63,-0.08,0.85
23864.00,-3.40,-6.52,-7.93,-12.07,-5.88,-4.57,2.23,4.17
23868.00,-6.98,-10.86,-11.90,-7.10,-7.23,-1.93,0.14,1.18
23872.00,-9.23,-11.16,-10.38,-6.64,-3.38,-0.68,4.84,3.44
23876.00,-7.19,-6.58,-7.54,-2.53,0.69,-0.13,1.64,-1.04
23880.00,-8.81,-5.61,-3.89,-2.90,-0.13,1.97,3.69,-2.05
23884.00,-6.69,-8.93,-2.86,-0.63,4.37,1.62,-1.50,-5.81
23888.00,-6.71,-6.15,-2.00,2.98,4.94,1.13,-0.93,-6.20
23892.00,-6.35,-4.94,0.28,5.37,4.23,1.89,-6.40,-11.60
23896.00,-2.36,-0.16,4.38,2.31,1.21,-2.86,-8.54,-12.36
23900.00,-1.69,2.99,2.06,2.67,1.03,-5.44,-12.02,-15.89
23904.00,-0.96,0.21,4.43,4.47,-0.25,-8.11,-12.28,-20.26
23908.00,-0.63,5.31,2.59,1.14,-3.62,-7.89,-16.09,-24.40
23912.00,2.56,1.55,4.50,1.77,-7.02,-12.18,-17.86,-23.74
23916.00,4.15,3.83,2.30,-1.49,-7.91,-14.60,-22.77,-21.84
23920.00,6.68,5.56,-1.28,-3.65,-13.44,-16.63,-22.51,-20.89
23924.00,1.80,0.59,-2.09,-7.31,-14.93,-21.05,-22.89,-19.63
23928.00,4.28,-0.60,-7.49,-9.42,-17.48,-22.96,-22.50,-19.86
23932.00,2.60,-3.88,-8.95,-12.08,-20.48,-23.60,-18.80,-12.52
23936.00,-1.10,-5.68,-12.38,-18.19,-22.41,-19.17,-16.09,-8.63
23940.00,-1.70,-6.11,-13.44,-17.72,-19.46,-17.30,-15.15,-1.75
23944.00,-3.49,-9.00,-17.81,-20.70,-18.20,-14.55,-10.48,3.81
23948.00,-7.85,-10.64,-16.85,-20.34,-16.15,-12.13,-3.95,4.38
23952.00,-8.54,-12.46,-16.63,-17.99,-15.64,-9.91,2.68,12.12
23956.00,-12.24,-15.74,-18.84,-18.62,-11.62,-2.44,3.87,16.96
23960.00,-11.97,-15.53,-18.75,-15.85,-6.78,3.41,9.32,19.66
23964.00,-14.76,-15.90,-17.96,-10.33,-3.35,3.34,13.95,22.16
23968.00,-17.57,-14.55,-15.68,-5.48,0.44,9.90,17.23,24.43
23972.00,-16.38,-16.28,-9.09,-2.30,3.57,14.36,20.26,23.17
23976.00,-18.21,-14.89,-7.20,0.47,8.00,18.75,20.60,22.36
23980.00,-12.05,-9.99,-4.57,3.17,15.83,19.46,22.01,20.07
23984.00,-13.02,-9.42,0.38,6.76,15.97,23.18,20.61,21.91
23988.00,-8.54,-6.12,3.80,13.77,20.54,22.98,19.19,16.88
23992.00,-8.72,2.62,7.40,14.54,20.61,20.62,20.94,12.94
23996.00,-2.17,1.64,10.54,16.65,20.78,21.57,17.34,7.47
24000.00,-2.05,5.79,15.74,17.21,18.54,20.36,12.65,1.06
24004.00,3.68,9.23,18.46,22.30,21.72,16.96,8.66,-1.36
24008.00,8.98,13.21,18.59,22.03,16.49,10.19,4.88,-2.29
24012.00,10.57,17.46,17.16,16.83,12.55,9.66,-1.74,-8.87
24016.00,15.00,17.11,19.62,17.09,9.51,3.23,-3.55,-10.65
24020.00,16.61,18.98,18.45,12.61,7.91,-1.22,-4.49,-12.33
24024.00,17.06,18.44,14.86,12.85,3.27,-0.85,-7.35,-10.67
24028.00,17.05,14.64,15.54,6.54,-1.56,-5.77,-11.21,-11.93
24032.00,16.50,12.62,8.37,3.46,-4.56,-9.39,-8.93,-7.84
24036.00,13.16,13.64,7.31,0.08,-3.07,-7.84,-7.85,-6.49
24040.00,13.26,11.43,3.39,-4.08,-6.77,-7.80,-6.04,-3.10
24044.00,11.82,8.16,-0.21,-2.23,-9.05,-7.40,-5.85,-4.54
24048.00,6.90,4.64,0.52,-4.52,-9.26,-9.01,-5.86,-1.52
24052.00,4.72,3.15,-0.83,-6.63,-9.80,-3.15,-1.01,1.33
24056.00,5.68,0.70,-3.26,-5.25,-8.23,-2.68,2.38,7.58
24060.00,0.35,-1.08,-6.68,-7.99,-2.16,1.63,5.96,8.81
24064.00,1.35,-3.24,-7.72,-5.33,-3.10,4.15,4.61,8.12
24068.00,-1.07,-4.38,-6.64,-4.28,-2.29,2.03,7.36,10.56
24072.00,-3.71,-5.08,-2.50,-0.38,0.08,4.06,7.54,8.97
24076.00,-1.73,-6.89,-0.48,2.58,3.37,9.65,7.24,6.48
24080.00,-5.15,-4.87,-1.29,5.33,4.45,10.85,7.22,6.75
24084.00,-3.65,-0.56,0.71,5.55,5.91,8.24,7.40,3.79
24088.00,-0.93,-1.34,1.94,7.29,7.69,7.54,2.59,-1.91
24092.00,-1.77,3.23,7.02,8.43,8.18,8.98,2.37,-5.60
24096.00,0.44,5.93,7.81,10.48,9.99,5.31,-0.43,-9.13
24100.00,1.71,7.57,5.94,8.65,5.19,0.21,-3.36,-10.70
24104.00,3.25,6.49,10.87,9.34,5.25,-3.13,-5.50,-16.52
24108.00,6.21,7.13,8.53,6.00,2.93,-2.92,-8.79,-16.34
24112.00,5.04,7.30,7.72,6.39,0.05,-5.91,-11.24,-16.52
24116.00,8.01,7.12,6.55,4.45,-6.21,-11.16,-17.09,-15.06
24120.00,9.14,5.34,2.82,0.81,-5.73,-12.93,-18.57,-18.06
24124.00,10.51,3.96,3.42,-3.92,-8.95,-14.03,-15.36,-14.48
24128.00,5.15,6.49,-1.82,-9.17,-14.25,-16.02,-17.47,-12.18
24132.00,7.38,3.96,-3.38,-10.93,-16.19,-14.64,-15.88,-9.96
24136.00,2.77,0.39,-4.05,-14.22,-15.63,-17.44,-12.81,-4.77
24140.00,1.47,-1.36,-7.12,-16.00,-17.50,-12.39,-9.74,-0.08
24144.00,-2.52,-7.10,-11.29,-15.43,-15.29,-11.33,-3.95,6.40
24148.00,-5.34,-10.19,-14.54,-13.06,-13.94,-8.09,0.35,13.97
24152.00,-4.35,-9.19,-13.21,-13.26,-10.77,-3.20,6.42,17.51
24156.00,-8.83,-14.02,-14.85,-14.24,-7.25,3.70,12.05,20.81
24160.00,-9.69,-13.17,-14.38,-10.76,-5.50,7.94,18.58,25.53
24164.00,-12.37,-11.65,-9.94,-5.64,1.46,10.34,18.79,25.61
24168.00,-12.42,-14.48,-9.72,-1.78,5.52,16.72,23.22,29.70
24172.00,-10.83,-10.42,-4.54,0.57,10.24,18.98,25.45,31.68
24176.00,-14.56,-9.15,-4.03,3.20,14.21,22.87,27.98,28.73
24180.00,-8.85,-7.82,2.33,9.59,17.69,23.82,26.39,27.05
24184.00,-8.29,-5.63,5.57,14.89,19.99,27.16,26.02,24.36
24188.00,-6.27,0.30,10.03,15.89,24.56,27.97,27.95,21.58
24192.00,-1.53,2.80,11.20,17.77,25.48,25.06,23.85,15.68
24196.00,-0.32,8.34,15.40,20.00,24.40,26.72,19.30,14.17
24200.00,3.31,12.55,16.41,24.65,22.78,23.86,15.19,10.64
24204.00,6.79,14.76,21.26,26.07,24.26,21.69,13.84,2.17
24208.00,12.36,18.68,19.45,21.40,23.28,13.56,6.04,1.18
24212.00,13.17,17.91,22.14,20.00,20.80,10.41,6.77,-3.49
24216.00,13.61,21.77,23.19,22.12,16.92,7.75,1.48,-6.78
24220.00,17.03,19.48,20.95,18.18,9.34,5.92,0.03,-4.99
24224.00,20.16,20.08,20.26,12.79,6.16,2.75,-2.13,-6.24
24228.00,20.78,18.97,15.63,13.28,5.38,0.14,-4.04,-7.96
24232.00,20.39,19.34,15.68,6.94,3.36,-1.97,-7.50,-3.66
24236.00,19.97,15.60,8.87,2.84,0.36,-5.69,-4.98,-4.80
24240.00,13.96,14.49,6.58,-0.57,-5.21,-7.03,-6.88,0.99
24244.00,16.13,9.37,6.64,1.05,-5.02,-3.34,-4.52,1.56
24248.00,9.66,5.87,3.64,-1.09,-6.89,-2.86,-2.17,1.84
24252.00,9.26,5.73,0.72,-4.51,-1.79,-1.19,-0.55,9.01
24256.00,6.74,3.52,-3.62,-5.67,-3.23,2.16,4.45,8.59
24260.00,5.73,0.43,-3.15,-3.16,-3.45,3.46,5.06,10.80
24264.00,3.81,-0.04,-5.73,-0.18,-1.83,4.65,8.58,9.47
24268.00,0.32,-2.33,-0.81,-2.80,4.31,8.98,8.55,12.66
24272.00,-1.92,-0.43,-3.84,-1.44,4.54,7.83,10.77,8.62
24276.00,-0.46,-1.92,0.36,1.45,5.13,10.80,9.29,8.99
24280.00,-3.04,0.58,3.30,5.26,10.73,12.37,10.57,8.13
24284.00,-3.10,-0.46,4.72,7.42,11.03,11.18,8.51,6.24
24288.00,0.78,2.68,5.04,6.74,10.63,11.26,8.30,2.36
24292.00,-0.32,4.72,5.21,7.42,11.87,7.46,4.34,-1.55
24296.00,3.34,7.46,8.71,8.71,11.68,6.01,0.11,-5.26
24300.00,1.08,6.31,11.55,11.47,8.11,2.49,-0.40,-9.29
24304.00,4.75,6.32,11.25,9.80,5.34,-0.20,-5.27,-12.25
24308.00,8.71,10.35,7.81,9.75,5.03,-0.93,-9.39,-15.46
24312.00,7.58,8.69,9.70,3.25,-0.20,-8.19,-9.90,-17.72
24316.00,7.62,9.04,8.49,1.80,-0.87,-9.55,-16.60,-15.33
24320.00,9.74,9.90,3.11,0.18,-6.22,-13.84,-13.80,-13.64
24324.00,6.79,6.35,2.55,-2.11,-11.60,-15.15,-17.33,-15.42
24328.00,7.71,7.01,0.85,-6.22,-9.35,-15.82,-15.52,-9.71
24332.00,5.41,4.24,-3.78,-10.27,-11.54,-14.72,-12.43,-5.17
24336.00,3.03,2.42,-8.38,-11.80,-15.96,-14.77,-13.02,-4.17
24340.00,2.59,-1.69,-8.69,-12.13,-14.65,-10.96,-6.73,4.82
24344.00,0.97,-3.68,-9.19,-16.60,-16.21,-9.25,-2.59,9.64
24348.00,-1.94,-9.85,-11.24,-15.36,-12.28,-7.39,0.61,12.64
24352.00,-5.12,-9.90,-13.85,-13.74,-11.42,-3.22,6.79,18.41
24356.00,-5.77,-12.37,-15.71,-10.53,-6.94,-0.35,13.96,22.90
24360.00,-10.39,-13.09,-11.41,-9.49,-3.28,4.27,17.57,27.43
24364.00,-12.15,-16.09,-10.22,-5.28,0.15,10.89,21.83,25.80
24368.00,-14.37,-14.26,-11.08,-1.54,6.24,16.12,21.58,30.13
24372.00,-13.20,-14.41,-8.94,0.50,11.70,17.34,27.46,26.99
24376.00,-12.96,-8.11,-5.49,6.04,11.11,21.19,24.89,28.73
24380.00,-13.42,-9.52,-1.46,6.12,18.87,23.95,28.99,27.61
24384.00,-8.96,-4.49,4.14,11.87,21.60,23.91,25.64,22.38
24388.00,-7.78,-1.91,8.97,15.49,23.66,26.05,27.31,19.92
24392.00,-2.61,0.50,8.61,19.38,25.05,23.77,24.13,15.81
24396.00,0.78,6.49,12.72,20.71,21.67,22.78,19.18,10.08
24400.00,-0.30,11.50,16.13,23.25,25.21,20.98,16.60,5.88
24404.00,5.26,11.75,20.03,20.06,20.79,19.92,11.17,0.43
24408.00,9.77,13.34,21.78,21.80,21.69,13.08,4.01,-3.53
24412.00,13.01,17.99,19.11,21.28,15.97,9.40,3.12,-2.65
24416.00,14.06,17.72,17.66,17.80,13.58,7.97,-0.25,-5.41
24420.00,17.68,20.69,20.68,17.06,11.07,2.92,-2.31,-11.06
24424.00,16.40,19.38,14.80,11.61,5.14,-1.18,-7.26,-8.12
24428.00,16.34,15.63,13.41,9.39,4.25,-2.58,-10.15,-9.88
24432.00,17.60,15.85,12.44,2.73,0.18,-8.80,-7.45,-10.26
24436.00,16.95,14.91,6.37,1.21,-5.07,-5.75,-6.43,-5.59
24440.00,13.37,12.41,3.14,-1.37,-7.33,-5.91,-7.20,-4.45
24444.00,14.26,9.13,0.53,-1.96,-5.72,-5.69,-8.61,-4.21
24448.00,8.36,5.67,-1.28,-5.68,-9.30,-8.85,-3.54,-0.95
24452.00,6.90,0.83,-2.31,-7.80,-8.30,-4.71,-0.10,3.56
24456.00,5.95,0.16,-6.15,-9.08,-4.29,-3.23,2.56,3.59
24460.00,2.21,-1.56,-7.33,-5.27,-5.02,-0.01,2.97,7.31
24464.00,0.37,-3.24,-5.68,-3.99,-2.56,1.62,4.95,8.78
24468.00,-3.24,-6.11,-4.60,-6.66,-1.49,1.39,6.34,6.65
24472.00,-2.16,-6.14,-5.14,-3.87,-1.05,2.92,6.08,5.62
24476.00,-4.48,-3.87,-1.83,-0.58,0.72,8.39,5.50,4.36
24480.00,-7.55,-3.22,-2.19,1.27,3.25,9.05,6.31,3.25
24484.00,-6.51,-4.04,1.92,1.09,4.85,5.96,2.28,-2.45
24488.00,-4.47,-0.64,3.08,5.85,5.51,6.74,2.69,-5.81
24492.00,-2.42,-0.13,1.66,4.76,6.30,5.06,-2.12,-9.74
24496.00,-4.02,-0.03,5.66,8.10,6.80,1.24,-5.78,-12.72
24500.00,1.61,4.03,6.57,7.50,2.96,-2.39,-10.09,-15.58
24504.00,3.87,3.14,5.88,4.00,3.06,-6.21,-9.18,-16.18
24508.00,5.02,6.92,6.55,2.56,-0.56,-6.62,-13.61,-20.42
24512.00,6.67,6.48,3.19,2.55,-3.03,-11.59,-18.01,-22.97
24516.00,3.79,6.17,2.88,-1.09,-8.11,-12.51,-20.04,-23.26
24520.00,4.14,3.97,3.00,-6.05,-12.00,-18.56,-22.44,-22.17
24524.00,6.23,1.59,-1.74,-5.17,-12.68,-17.13,-20.56,-20.70
24528.00,4.17,3.53,-1.80,-12.06,-18.02,-22.39,-21.99,-17.02
24532.00,1.72,-3.41,-8.48,-11.19,-19.47,-21.50,-18.11,-13.53
24536.00,-1.42,-3.24,-8.61,-17.17,-17.67,-20.19,-14.28,-7.45
24540.00,-3.35,-8.62,-14.27,-16.85,-21.23,-16.23,-12.40,-4.29
24544.00,-2.78,-9.65,-16.58,-19.71,-20.27,-14.05,-6.50,2.15
24548.00,-6.19,-10.46,-17.64,-20.73,-20.19,-13.27,-3.28,6.06
24552.00,-7.73,-16.80,-18.73,-19.06,-17.60,-10.09,2.84,11.10
24556.00,-10.53,-18.39,-19.61,-18.99,-14.73,-2.54,5.75,14.63
24560.00,-11.69,-15.42,-16.85,-16.92,-8.69,-1.93,9.96,18.38
24564.00,-16.91,-17.71,-17.10,-13.90,-6.66,2.56,12.36,21.62
24568.00,-19.09,-18.20,-13.14,-7.72,-2.26,7.43,15.65,21.57
24572.00,-17.67,-17.55,-13.53,-4.39,4.66,13.30,17.58,25.55
24576.00,-18.06,-12.78,-6.45,0.95,7.85,14.37,22.47,21.89
24580.00,-13.70,-13.61,-3.88,3.44,10.94,16.70,20.74,22.30
24584.00,-14.77,-8.60,-0.64,5.49,15.29,17.63,21.42,19.64
24588.00,-9.55,-4.12,3.44,12.23,14.82,22.13,17.45,13.19
24592.00,-7.86,-0.31,4.00,12.99,19.46,20.82,16.38,7.28
24596.00,-7.78,4.25,10.35,13.71,19.45,18.81,11.92,3.96
24600.00,-1.93,3.11,12.12,15.55,16.56,15.75,9.29,-0.03
24604.00,0.77,10.93,12.51,18.13,16.32,11.36,5.99,-3.64
24608.00,5.90,9.63,14.43,15.41,15.61,10.43,-0.09,-8.88
24612.00,9.82,14.29,15.32,13.39,12.36,5.95,-5.57,-13.26
24616.00,9.22,13.61,16.39,11.54,6.05,-2.09,-7.70,-14.63
24620.00,10.14,12.14,14.52,11.70,4.08,-1.56,-9.41,-14.01
24624.00,13.47,15.55,10.46,9.51,-2.01,-8.03,-12.62,-16.99
24628.00,15.37,10.76,8.03,4.44,-1.09,-11.54,-13.99,-14.77
24632.00,12.53,10.14,8.12,2.30,-5.98,-12.07,-13.44,-16.68
24636.00,11.66,9.28,3.13,-4.89,-10.26,-10.76,-16.72,-10.49
24640.00,9.01,6.32,-2.13,-8.19,-11.14,-11.77,-12.34,-8.53
24644.00,6.36,1.65,-2.02,-5.97,-10.91,-15.36,-12.77,-10.01
24648.00,7.24,-1.97,-4.37,-10.27,-11.00,-12.77,-9.37,-5.51
24652.00,5.24,-1.83,-7.14,-13.14,-14.35,-11.36,-6.19,-2.51
24656.00,-0.20,-5.87,-10.14,-11.16,-11.70,-9.77,-4.59,0.78
24660.00,-2.12,-5.33,-9.80,-12.60,-7.70,-6.77,-4.47,0.74
24664.00,-4.13,-7.79,-12.49,-8.86,-9.34,-3.31,-1.81,2.26
24668.00,-8.19,-11.07,-11.13,-8.57,-4.70,-3.84,3.48,-0.49
24672.00,-7.85,-11.63,-9.93,-4.86,-4.04,-0.23,1.83,1.21
24676.00,-10.89,-9.20,-6.51,-5.77,0.61,3.06,1.50,-1.89
24680.00,-11.50,-10.55,-6.45,-2.46,0.68,2.21,3.35,-2.39
24684.00,-10.07,-7.40,-5.87,0.67,3.24,2.20,0.40,-5.63
24688.00,-9.73,-7.32,-4.61,-1.55,0.69,-1.05,-3.76,-9.12
24692.00,-5.68,-1.90,-0.68,3.30,3.29,-0.53,-7.85,-15.00
24696.00,-4.73,-3.83,0.07,4.03,0.32,-0.92,-7.55,-18.74
24700.00,-3.94,-2.82,0.02,1.59,-1.41,-7.92,-13.32,-20.51
24704.00,-0.84,0.68,-0.21,2.03,-2.45,-9.29,-16.73,-20.51
24708.00,1.59,3.31,1.02,0.46,-3.91,-10.49,-20.53,-24.79
24712.00,2.65,4.28,-0.77,-3.96,-8.64,-17.12,-23.09,-24.99
24716.00,2.52,0.49,-2.63,-5.89,-13.69,-17.27,-23.96,-27.32
24720.00,2.27,2.93,-4.11,-6.70,-16.38,-22.50,-26.58,-24.79
24724.00,0.86,1.19,-4.86,-8.64,-15.47,-23.21,-25.63,-22.68
24728.00,1.60,-2.47,-6.25,-13.31,-21.67,-25.89,-22.00,-18.99
24732.00,2.15,-6.01,-10.81,-18.37,-22.79,-26.32,-22.74,-15.37
24736.00,0.15,-5.56,-13.67,-20.41,-21.19,-24.43,-18.96,-11.94
24740.00,-3.47,-10.96,-16.59,-19.80,-22.89,-22.32,-16.67,-9.12
24744.00,-7.34,-14.83,-19.77,-23.38,-20.33,-20.98,-10.60,-3.31
24748.00,-7.11,-13.20,-22.13,-21.73,-20.85,-16.82,-7.95,3.84
24752.00,-14.04,-16.43,-19.11,-20.38,-19.08,-12.47,-1.67,6.22
24756.00,-16.27,-19.71,-23.53,-21.42,-17.42,-8.48,4.33,12.65
24760.00,-17.45,-19.50,-19.71,-15.95,-10.66,-2.45,5.59,14.39
24764.00,-15.90,-19.03,-18.43,-15.11,-5.88,3.75,11.40,15.88
24768.00,-19.26,-20.84,-15.73,-9.96,-1.29,4.07,15.99,19.36
24772.00,-19.07,-16.75,-14.68,-9.53,2.02,8.24,15.72,22.48
24776.00,-18.21,-14.57,-11.51,-2.95,7.12,13.89,17.46,18.28
24780.00,-18.89,-13.13,-8.17,1.96,9.97,14.22,19.09,16.27
24784.00,-17.69,-10.48,-1.03,4.16,13.79,17.47,19.28,16.86
24788.00,-11.52,-9.54,3.18,6.49,13.34,17.27,14.79,13.22
24792.00,-11.70,-3.15,5.88,11.29,15.55,17.29,14.36,8.40
24796.00,-5.02,0.39,6.46,16.45,14.88,16.11,9.81,4.55
24800.00,-1.58,5.75,12.94,16.68,18.72,11.97,5.30,-1.97
24804.00,2.21,7.28,11.63,17.61,15.93,9.74,1.88,-7.67
24808.00,5.15,8.82,12.86,16.06,13.60,6.64,-3.15,-9.61
24812.00,5.26,14.32,13.53,12.75,12.27,5.45,-3.09,-11.96
24816.00,6.92,11.72,12.21,13.05,8.48,1.29,-10.39,-12.62
24820.00,8.86,11.45,12.22,7.57,2.21,-2.52,-10.22,-15.44
24824.00,13.53,15.02,9.20,4.82,0.05,-7.87,-11.26,-14.64
24828.00,10.80,12.68,6.98,3.28,-5.51,-9.57,-15.19,-16.02
24832.00,12.40,11.68,4.33,-2.09,-8.03,-12.01,-17.10,-17.50
24836.00,13.51,8.13,1.83,-4.56,-7.73,-11.33,-12.49,-11.79
24840.00,7.40,4.05,-2.07,-5.92,-13.69,-12.81,-11.89,-10.51
24844.00,5.49,4.78,-1.64,-7.98,-11.07,-14.97,-10.15,-8.08
24848.00,5.40,1.93,-5.23,-11.00,-14.61,-13.01,-11.26,-5.93
24852.00,1.90,-0.21,-6.37,-8.93,-13.33,-11.00,-6.27,-0.96
24856.00,0.03,-5.39,-10.20,-10.14,-11.59,-8.08,-5.39,1.34
24860.00,-3.69,-4.63,-10.78,-10.60,-7.75,-5.95,-1.61,-0.87
24864.00,-6.52,-6.77,-10.25,-7.65,-7.31,-1.84,-0.56,2.65
24868.00,-6.33,-8.84,-10.78,-10.02,-5.83,-1.71,3.10,4.35
24872.00,-5.17,-11.39,-7.27,-7.08,-3.43,-1.30,1.09,3.70
24876.00,-8.75,-6.38,-8.16,-4.56,1.82,2.27,0.58,-1.16
24880.00,-6.79,-7.07,-3.17,0.17,-1.03,3.03,1.11,-3.40
24884.00,-5.47,-5.24,-4.53,-0.46,0.41,1.23,2.53,-4.83
24888.00,-5.71,-5.86,-0.48,3.07,5.44,1.54,-1.24,-8.18
24892.00,-5.59,-1.53,2.96,4.91,5.03,3.14,-4.40,-10.52
24896.00,-5.66,-2.82,0.19,2.70,2.34,0.35,-8.60,-12.12
24900.00,-1.36,2.67,3.71,3.14,0.43,-2.93,-9.15,-15.29
24904.00,-0.03,4.04,4.43,4.64,-2.61,-5.95,-11.84,-20.06
24908.00,2.43,3.36,3.24,3.70,-0.97,-10.94,-17.76,-24.63
24912.00,1.15,5.18,5.27,-0.54,-6.19,-14.84,-21.15,-23.68
24916.00,5.59,6.20,0.33,-1.16,-9.64,-18.03,-22.62,-25.19
24920.00,5.66,3.87,-2.05,-3.75,-13.64,-20.16,-22.37,-20.48
24924.00,5.30,3.72,-1.42,-10.31,-17.17,-21.48,-24.39,-22.43
24928.00,1.69,-0.94,-4.45,-12.43,-15.34,-22.64,-21.45,-16.96
24932.00,3.91,-3.37,-7.83,-15.91,-21.24,-21.61,-19.05,-12.97
24936.00,-0.81,-2.59,-11.08,-17.38,-19.44,-22.10,-15.03,-6.82
24940.00,-3.27,-5.87,-15.18,-15.97,-19.85,-21.17,-11.22,-1.41
24944.00,-3.18,-10.45,-16.47,-18.95,-20.26,-14.60,-8.89,3.44
24948.00,-7.88,-14.40,-17.61,-18.48,-20.42,-12.87,-5.52,7.43
24952.00,-7.91,-16.82,-15.96,-17.75,-13.94,-9.74,-1.19,9.87
24956.00,-10.29,-14.42,-17.87,-18.93,-14.03,-3.35,5.94,14.55
24960.00,-15.32,-17.51,-16.19,-15.16,-9.79,-0.58,10.92,19.78
24964.00,-17.43,-18.12,-17.57,-13.83,-4.23,3.97,13.81,21.54
24968.00,-17.83,-18.16,-14.60,-8.12,1.54,12.23,18.65,25.26
24972.00,-17.79,-14.03,-13.08,-1.75,6.52,16.60,20.51,22.40
24976.00,-15.55,-11.56,-9.55,-0.56,9.07,15.40,23.88,22.89
24980.00,-13.02,-9.15,-5.20,5.14,13.75,21.04,21.15,21.66
24984.00,-13.07,-8.02,-1.83,9.14,16.97,22.96,22.07,21.21
24988.00,-9.06,-1.88,5.90,10.71,20.93,22.76,21.80,17.41
24992.00,-7.77,-1.79,8.78,15.20,22.77,22.98,19.08,12.58
24996.00,-2.88,5.43,13.04,16.43,21.43,22.08,15.67,9.69
25000.00,1.93,7.89,16.44,17.64,20.35,18.98,12.66,1.86
25004.00,2.92,13.15,14.66,18.12,17.66,13.48,5.80,1.53
25008.00,6.57,12.67,17.25,21.02,16.71,10.86,2.52,-6.08
25012.00,11.04,13.90,17.01,17.92,14.15,8.87,0.26,-9.18
25016.00,13.65,17.98,20.92,14.82,13.63,2.97,-1.67,-11.04
25020.00,16.33,17.57,18.68,15.42,6.89,-1.61,-5.21,-12.82
25024.00,14.64,19.27,17.98,10.16,3.32,-1.83,-8.44,-12.31
25028.00,17.56,17.05,11.12,9.11,-0.62,-5.61,-7.23,-11.25
25032.00,15.45,14.59,12.36,1.80,-2.13,-9.08,-12.30,-9.76
25036.00,15.20,11.67,7.80,-0.04,-3.95,-6.56,-11.34,-8.39
25040.00,12.81,11.97,5.74,-1.01,-5.95,-7.09,-9.79,-3.12
25044.00,10.38,9.04,3.63,-3.50,-5.31,-8.12,-5.08,-3.51
25048.00,11.01,5.63,-1.92,-5.93,-8.61,-9.22,-4.98,-1.89
25052.00,4.90,1.55,-4.05,-4.73,-5.95,-5.84,-0.02,4.38
25056.00,6.56,-0.87,-3.88,-5.52,-5.14,-5.59,-0.96,5.31
25060.00,2.94,-4.93,-5.36,-6.16,-1.97,0.46,3.30,7.14
25064.00,0.07,-5.82,-5.51,-7.14,-4.70,3.81,3.42,6.15
25068.00,-2.82,-5.18,-7.46,-1.08,-2.03,4.33,5.84,7.55
25072.00,-4.54,-4.56,-6.06,-2.31,0.91,7.56,7.23,7.55
25076.00,-2.22,-4.50,-1.87,-0.17,3.09,9.81,6.77,4.58
25080.00,-3.08,-2.01,-2.09,3.78,5.12,9.60,5.94,4.32
25084.00,-4.95,-4.20,1.31,3.17,7.30,6.93,7.68,-0.71
25088.00,-1.17,-1.62,1.58,7.34,10.88,9.68,4.98,-3.24
25092.00,-1.66,-0.21,5.01,9.03,9.32,4.69,3.80,-5.07
25096.00,0.54,1.64,9.04,6.14,5.56,5.93,1.07,-7.35
25100.00,1.03,3.39,7.99,8.52,6.71,-0.64,-3.65,-9.82
25104.00,5.47,4.87,7.19,9.66,3.88,0.42,-5.87,-13.78
25108.00,4.66,6.98,6.83,5.31,2.68,-6.62,-10.93,-16.96
25112.00,7.75,10.78,6.95,6.84,-0.77,-5.91,-14.93,-17.53
25116.00,6.56,8.15,8.53,2.04,-1.64,-10.66,-14.05,-14.96
25120.00,8.60,9.06,6.26,-0.07,-4.95,-11.98,-15.46,-15.97
25124.00,8.20,5.51,2.08,-5.11,-12.04,-17.31,-14.70,-12.42
25128.00,7.31,6.93,1.00,-5.92,-12.92,-16.81,-17.79,-12.00
25132.00,5.69,1.87,-1.69,-7.63,-13.87,-14.58,-14.97,-5.62
25136.00,4.42,-0.53,-6.16,-10.84,-13.36,-12.85,-13.39,-4.05
25140.00,4.71,-5.59,-9.59,-13.73,-14.26,-13.88,-7.46,1.35
25144.00,0.37,-4.52,-11.84,-12.62,-16.15,-12.34,-2.43,6.42
25148.00,-3.04,-10.74,-13.36,-15.39,-13.94,-5.78,-0.37,12.92
25152.00,-4.77,-11.16,-13.73,-12.64,-12.60,-5.50,6.02,17.43
25156.00,-8.42,-12.76,-16.58,-11.02,-6.07,-0.66,12.71,24.17
25160.00,-11.34,-12.24,-12.49,-12.32,-4.10,7.45,15.36,23.99
25164.00,-12.80,-13.46,-12.76,-7.70,1.99,9.79,19.86,26.06
25168.00,-10.34,-10.93,-11.12,-5.89,3.27,16.60,24.51,29.67
25172.00,-14.61,-11.88,-4.61,0.75,10.83,18.60,25.62,28.39
25176.00,-14.55,-10.90,-2.78,7.01,14.42,21.06,26.21,29.42
25180.00,-9.71,-7.50,0.91,9.82,15.74,26.21,27.45,28.39
25184.00,-7.17,-3.15,6.52,12.66,19.80,26.02,25.80,26.86
25188.00,-4.43,0.54,9.35,17.00,23.32,26.96,27.63,19.20
25192.00,-5.94,2.33,11.64,18.90,26.95,25.20,25.38,19.57
25196.00,1.66,6.75,13.65,22.84,25.92,23.55,20.96,12.67
25200.00,5.76,13.63,17.78,24.92,24.28,24.03,18.49,6.61
25204.00,8.48,12.44,21.55,22.07,24.17,20.22,12.38,6.25
25208.00,12.40,18.22,21.28,25.38,21.77,14.84,10.09,2.82
25212.00,12.22,18.38,20.56,23.07,19.08,9.64,4.38,-3.89
25216.00,16.31,20.33,20.64,18.56,15.06,9.55,-0.25,-2.73
25220.00,15.86,18.69,19.34,18.99,11.73,5.89,-4.06,-7.67
25224.00,19.40,22.87,16.63,15.49,9.72,0.86,-4.28,-7.40
25228.00,20.32,18.49,16.72,12.70,4.31,-2.87,-4.32,-4.31
25232.00,20.97,15.72,12.04,8.65,0.49,-2.51,-4.66,-4.74
25236.00,16.01,15.61,8.22,3.78,-1.12,-6.75,-7.21,-2.91
25240.00,16.24,12.50,8.70,-0.31,-3.06,-5.79,-2.36,-0.34
25244.00,15.12,7.56,2.62,-0.55,-6.00,-4.30,-4.57,0.77
25248.00,12.74,6.67,3.42,-4.06,-3.62,-2.08,-1.96,3.22
25252.00,10.78,2.80,1.69,-4.05,-4.30,-0.59,-0.06,7.69
25256.00,5.79,0.04,-0.13,-3.34,-2.08,-1.98,6.05,10.53
25260.00,2.10,0.65,-0.69,-4.72,-3.64,0.81,6.20,8.65
25264.00,2.80,-3.67,-1.91,-4.03,-1.13,3.18,9.27,12.15
25268.00,-1.62,-3.03,-2.34,-2.63,4.94,5.16,11.51,11.68
25272.00,-1.55,-1.61,-1.39,3.02,6.41,9.82,10.05,8.81
25276.00,-1.42,-1.31,0.48,1.37,8.79,9.88,13.01,10.29
25280.00,-0.44,-2.76,0.09,7.21,8.27,11.07,10.08,5.00
25284.00,0.23,1.17,2.08,5.62,12.07,8.64,8.30,4.78
25288.00,0.37,2.03,4.65,6.69,8.29,8.94,8.15,0.07
25292.00,-1.45,5.15,6.19,9.49,11.57,7.18,5.51,-3.59
25296.00,2.25,7.47,10.50,9.52,11.03,7.96,-0.93,-5.67
25300.00,3.15,8.11,7.61,12.10,9.13,4.42,-1.13,-9.24
25304.00,5.95,9.94,9.30,7.19,7.67,-1.65,-6.28,-12.50
25308.00,6.47,10.09,7.68,9.30,1.34,-0.95,-7.99,-14.30
25312.00,10.18,11.87,10.57,6.67,2.44,-5.16,-11.65,-14.08
25316.00,8.37,8.21,7.49,3.12,-5.34,-7.49,-14.20,-15.57
25320.00,6.55,10.78,7.01,0.60,-5.98,-13.15,-14.72,-14.58
25324.00,6.77,6.48,1.29,-2.31,-9.13,-12.93,-16.69,-15.52
25328.00,7.56,6.62,1.81,-5.40,-10.50,-16.35,-17.45,-12.75
25332.00,4.39,3.33,-1.75,-9.11,-13.60,-16.45,-14.02,-7.42
25336.00,5.69,-2.36,-7.64,-10.30,-12.74,-13.55,-11.90,-3.44
25340.00,3.09,-1.50,-9.26,-13.60,-17.10,-13.75,-7.93,3.36
25344.00,1.06,-6.83,-11.92,-16.65,-14.28,-10.27,-2.63,5.62
25348.00,-2.33,-7.86,-11.34,-16.97,-13.32,-5.99,-0.03,14.02
25352.00,-7.31,-10.76,-12.52,-16.20,-11.10,-2.55,5.65,19.37
25356.00,-10.14,-10.38,-14.30,-11.82,-4.97,0.29,10.77,20.03
25360.00,-11.04,-11.63,-14.42,-11.27,-3.50,8.05,13.65,24.23
25364.00,-9.53,-16.12,-13.33,-9.52,-1.47,9.59,19.57,27.73
25368.00,-14.68,-13.42,-9.67,-4.57,5.88,12.23,22.32,31.28
25372.00,-14.59,-14.13,-5.30,2.10,10.12,16.45,25.95,27.12
25376.00,-15.17,-8.27,-4.78,4.75,14.14,21.57,27.40,27.38
25380.00,-12.28,-7.29,-1.00,7.02,15.16,25.32,28.47,25.83
25384.00,-12.24,-2.74,5.24,11.68,22.23,26.35,25.65,23.79
25388.00,-9.77,0.64,9.30,16.24,24.59,26.01,26.05,20.41
25392.00,-2.13,4.97,12.98,19.57,22.31,25.56,21.13,17.29
25396.00,-0.77,6.39,12.81,20.08,24.63,22.03,20.71,8.88
25400.00,0.06,8.43,19.11,20.63,24.80,19.72,16.38,7.75
25404.00,4.21,14.00,18.71,23.65,20.20,15.24,12.77,3.80
25408.00,8.59,13.59,21.16,21.13,19.93,12.56,4.60,-3.54
25412.00,9.30,18.43,18.48,19.22,15.39,11.59,2.87,-6.72
25416.00,12.63,17.45,22.26,16.21,11.68,8.29,-1.68,-8.27
25420.00,15.17,17.51,19.72,16.71,10.86,1.67,-2.95,-9.69
25424.00,14.59,19.35,16.87,13.43,7.72,0.48,-5.46,-8.06
25428.00,18.59,17.46,11.87,8.50,4.14,-4.37,-7.79,-8.18
25432.00,17.25,16.87,9.63,7.38,-0.88,-4.91,-8.89,-7.63
25436.00,16.59,13.81,6.13,0.67,-2.54,-8.90,-8.41,-5.52
25440.00,15.36,11.72,4.57,1.18,-6.60,-6.66,-7.53,-5.11
25444.00,10.64,5.28,-0.52,-2.13,-5.82,-9.72,-6.28,-3.66
25448.00,7.45,4.58,-1.71,-5.26,-6.16,-4.64,-6.47,-0.04
25452.00,8.76,0.83,-3.31,-5.00,-8.35,-5.21,-0.27,2.07
25456.00,4.78,-1.32,-3.52,-5.11,-8.26,-3.34,2.60,6.01
25460.00,0.57,-2.16,-6.47,-6.22,-3.82,0.52,3.00,7.51
25464.00,0.55,-2.26,-4.59,-6.04,-2.00,-1.50,4.24,8.20
25468.00,-0.66,-5.16,-7.48,-6.49,-0.00,0.73,5.78,7.79
25472.00,-2.99,-3.97,-5.97,-4.40,2.86,5.11,6.13,8.89
25476.00,-3.30,-6.83,-5.42,1.26,2.00,5.05,8.36,5.61
25480.00,-6.17,-5.43,-2.62,0.61,3.32,8.66,8.22,1.02
25484.00,-4.42,-4.57,0.06,1.05,6.05,6.98,3.49,1.54
25488.00,-4.16,-1.14,2.42,2.52,8.68,5.16,2.48,-4.92
25492.00,-2.63,1.16,4.37,6.42,8.31,2.67,1.39,-7.79
25496.00,-1.41,-0.90,5.05,7.09,3.34,0.54,-6.57,-8.79
25500.00,-1.64,5.17,4.11,5.22,4.71,-3.36,-5.99,-16.93
25504.00,3.18,4.89,6.81,3.93,0.76,-4.58,-11.15,-15.29
25508.00,3.70,5.47,4.47,2.45,0.85,-5.43,-14.93,-17.57
25512.00,5.20,3.59,2.63,2.52,-4.63,-12.13,-19.12,-22.07
25516.00,5.00,3.94,3.83,-2.95,-6.10,-12.56,-19.73,-21.15
25520.00,4.64,2.40,-0.41,-5.74,-12.10,-15.04,-20.16,-20.97
25524.00,2.94,1.37,-2.27,-9.79,-15.07,-18.14,-19.77,-20.09
25528.00,6.71,0.64,-2.24,-12.12,-15.50,-19.46,-21.82,-18.25
25532.00,4.71,0.59,-8.05,-14.01,-19.72,-19.32,-18.46,-12.92
25536.00,1.98,-1.60,-12.27,-14.81,-18.52,-20.59,-15.58,-9.87
25540.00,0.42,-8.68,-11.62,-18.77,-20.46,-16.03,-14.48,-2.70
25544.00,-6.15,-10.34,-16.86,-19.35,-17.52,-18.36,-6.24,4.06
25548.00,-5.80,-14.24,-18.66,-17.52,-17.47,-12.46,-2.69,8.15
25552.00,-10.18,-12.93,-17.60,-19.88,-15.10,-6.44,1.11,10.81
25556.00,-13.89,-18.28,-19.64,-18.00,-11.18,-6.25,7.97,17.05
25560.00,-15.35,-15.47,-17.45,-13.32,-6.73,-0.49,9.57,20.86
25564.00,-16.74,-16.41,-16.01,-13.44,-3.64,6.76,13.72,21.91
25568.00,-14.46,-15.63,-14.79,-7.62,-1.13,7.70,16.54,22.07
25572.00,-19.44,-18.01,-14.20,-5.94,5.21,10.72,18.84,25.56
25576.00,-15.35,-13.59,-8.53,-1.34,7.52,14.09,19.90,22.72
25580.00,-16.07,-10.11,-7.53,1.43,11.40,16.39,20.72,21.34
25584.00,-11.80,-9.56,0.98,5.06,14.92,21.38,20.79,16.12
25588.00,-12.61,-6.34,3.30,8.99,17.00,18.26,20.57,16.11
25592.00,-8.64,-2.52,5.74,13.48,17.07,17.03,18.08,8.79
25596.00,-6.53,0.59,7.65,15.66,18.44,15.90,10.81,3.82
25600.00,-0.63,5.01,10.33,14.78,15.53,13.49,8.19,2.47
25604.00,0.57,6.72,13.66,15.39,18.76,12.71,3.73,-4.02
25608.00,3.94,11.85,14.17,15.75,15.07,10.40,2.00,-9.62
25612.00,9.47,13.14,16.28,16.04,10.27,2.25,-3.35,-8.65
25616.00,7.93,14.58,13.45,12.33,8.37,-2.03,-5.28,-12.11
25620.00,13.45,14.37,15.31,9.69,3.11,-2.94,-9.40,-14.27
25624.00,14.40,11.67,9.69,7.06,-2.10,-6.24,-10.96,-17.15
25628.00,10.96,10.97,9.54,2.16,-4.08,-7.38,-15.72,-15.36
25632.00,13.87,9.33,4.71,1.94,-5.36,-10.43,-14.29,-16.97
25636.00,11.46,10.48,1.32,-1.43,-8.44,-14.63,-16.27,-13.67
25640.00,11.74,8.09,-1.22,-4.73,-10.52,-14.96,-13.24,-8.52
25644.00,8.36,0.87,-4.29,-6.45,-12.78,-13.35,-14.16,-7.90
25648.00,5.07,0.01,-7.25,-8.51,-11.94,-11.53,-9.41,-2.95
25652.00,0.86,-4.48,-6.80,-12.43,-11.52,-11.38,-7.56,-0.38
25656.00,-0.56,-7.51,-8.55,-10.71,-10.70,-11.00,-4.21,-1.97
25660.00,-3.77,-8.44,-11.92,-12.31,-7.78,-6.58,-2.53,2.65
25664.00,-4.69,-8.39,-8.42,-8.77,-10.14,-1.72,1.43,-0.48
25668.00,-8.14,-10.80,-11.56,-9.30,-4.08,-1.91,2.14,0.35
25672.00,-10.48,-7.46,-8.85,-5.27,-5.90,-1.19,3.17,-1.26
25676.00,-10.50,-7.99,-9.12,-4.84,0.94,2.79,3.62,0.23
25680.00,-7.60,-10.44,-7.38,-2.87,-1.22,0.69,-0.14,-3.92
25684.00,-8.08,-8.05,-6.06,0.88,0.48,1.90,-1.27,-8.31
25688.00,-6.63,-5.60,-3.06,0.60,2.02,0.50,-0.63,-10.60
25692.00,-8.31,-3.10,1.07,0.80,0.00,-0.76,-5.06,-11.10
25696.00,-6.15,-3.32,1.34,2.71,3.47,-0.51,-8.54,-18.73
25700.00,-2.01,1.74,-0.37,0.54,1.68,-5.10,-11.84,-17.96
25704.00,-3.32,2.14,2.99,-0.70,-0.84,-10.46,-16.62,-21.71
25708.00,-0.83,1.01,2.35,-1.30,-5.74,-13.96,-21.30,-26.46
25712.00,0.44,0.72,0.40,-0.64,-7.06,-16.34,-23.25,-26.30
25716.00,0.15,1.11,1.68,-4.56,-9.28,-16.97,-25.78,-28.00
25720.00,1.35,1.91,-4.02,-8.27,-16.08,-20.74,-25.49,-22.62
25724.00,3.16,-2.23,-7.00,-9.68,-15.83,-20.57,-26.34,-24.76
25728.00,3.62,-0.15,-9.41,-13.26,-22.06,-22.51,-26.78,-18.60
25732.00,2.13,-3.35,-11.71,-18.75,-22.79,-24.45,-20.63,-15.29
25736.00,-0.50,-6.30,-13.53,-20.76,-24.51,-26.09,-19.73,-13.98
25740.00,-5.90,-8.69,-16.04,-21.08,-23.07,-21.82,-16.15,-8.84
25744.00,-5.83,-12.43,-20.76,-22.59,-20.52,-18.29,-12.78,-1.54
25748.00,-8.83,-12.73,-18.38,-23.34,-20.84,-18.20,-6.62,2.89
25752.00,-12.22,-15.54,-22.01,-20.82,-16.88,-13.64,-1.40,8.39
25756.00,-15.85,-19.35,-23.21,-21.71,-16.84,-6.87,4.78,9.85
25760.00,-15.24,-19.64,-20.93,-18.16,-13.88,-4.63,9.56,14.66
25764.00,-15.90,-19.70,-20.71,-12.54,-5.90,3.95,12.14,20.17
25768.00,-20.88,-20.67,-15.59,-12.07,-4.73,8.95,14.34,18.16
25772.00,-20.58,-17.30,-16.69,-6.83,1.06,11.11,15.68,21.08
25776.00,-18.75,-15.40,-11.01,-2.41,5.34,12.25,16.25,19.72
25780.00,-18.42,-14.10,-5.26,1.10,8.01,16.40,20.32,16.79
25784.00,-16.92,-12.08,-4.88,3.15,13.87,19.77,17.30,14.54
25788.00,-14.77,-8.84,-0.17,6.64,13.69,16.42,15.83,9.18
25792.00,-10.66,-5.45,5.08,12.34,16.79,17.44,14.86,9.52
25796.00,-7.22,-1.38,8.70,12.47,17.46,15.83,12.01,5.39
25800.00,-5.72,2.72,12.96,15.89,15.98,13.04,7.08,0.30
25804.00,-2.03,8.43,14.76,16.23,15.33,12.89,2.38,-7.45
25808.00,5.45,11.70,14.76,15.80,10.40,9.04,-3.21,-8.88
25812.00,6.15,11.29,12.46,13.90,11.98,1.63,-3.33,-14.27
25816.00,8.61,15.56,16.49,14.12,4.63,1.59,-10.89,-15.29
25820.00,10.77,15.51,11.86,11.45,1.41,-6.51,-13.70,-14.62
25824.00,11.09,12.80,12.67,8.52,-0.15,-9.62,-12.51,-17.44
25828.00,10.40,13.03,11.02,1.18,-1.45,-11.45,-14.98,-14.94
25832.00,11.59,10.90,4.70,-1.99,-8.81,-13.02,-15.06,-16.88
25836.00,13.65,10.06,3.37,-5.33,-7.61,-13.97,-13.08,-13.98
25840.00,7.92,6.28,-1.27,-7.77,-9.49,-15.05,-12.27,-10.31
25844.00,8.46,2.54,-2.35,-8.92,-10.09,-14.83,-13.95,-7.85
25848.00,3.65,-1.51,-5.65,-9.82,-11.64,-10.53,-9.97,-3.56
25852.00,5.31,-0.76,-5.68,-11.49,-13.85,-10.33,-7.32,-4.23
25856.00,1.02,-2.92,-7.20,-11.50,-11.61,-7.50,-6.80,-0.65
25860.00,-3.57,-5.14,-10.51,-13.29,-11.00,-5.51,-1.69,3.35
25864.00,-4.88,-6.48,-10.40,-10.68,-8.38,-3.88,-2.23,2.17
25868.00,-3.69,-8.15,-12.39,-10.44,-2.87,-0.20,3.29,0.40
25872.00,-9.12,-10.00,-9.16,-6.52,-4.40,-0.53,1.78,-0.52
25876.00,-10.48,-10.24,-5.88,-4.43,1.63,2.51,4.92,2.23
25880.00,-9.08,-8.63,-3.09,0.38,0.90,0.48,3.39,-1.63
25884.00,-8.37,-6.26,-3.97,0.19,4.66,5.51,-0.01,-3.50
25888.00,-7.21,-3.36,0.59,3.00,4.85,4.68,-2.39,-9.39
25892.00,-7.02,-0.94,0.53,5.05,2.89,0.84,-5.30,-10.06
25896.00,-5.16,-2.78,1.65,5.92,2.46,-1.47,-5.44,-14.04
25900.00,-2.90,-1.30,3.42,1.40,2.92,-2.67,-10.11,-17.33
25904.00,1.46,1.02,3.90,5.08,0.61,-5.70,-15.61,-21.86
25908.00,3.53,3.19,4.77,2.33,-1.43,-8.28,-16.56,-23.10
25912.00,2.14,5.11,1.71,-0.03,-4.53,-13.67,-19.08,-21.92
25916.00,4.02,4.44,1.52,-4.27,-8.97,-17.85,-23.50,-25.48
25920.00,5.23,3.79,-1.40,-6.83,-11.59,-16.66,-22.19,-22.57
25924.00,3.02,-0.15,-0.98,-8.81,-17.55,-22.09,-24.60,-19.53
25928.00,2.15,-1.07,-3.82,-12.34,-19.09,-20.97,-19.58,-18.55
25932.00,0.07,-2.92,-8.85,-11.92,-17.46,-23.14,-17.42,-15.20
25936.00,1.07,-6.17,-11.42,-14.88,-21.80,-19.97,-17.74,-6.72
25940.00,-2.03,-6.54,-12.42,-17.05,-20.30,-20.09,-13.47,-2.14
25944.00,-5.75,-10.30,-17.55,-19.66,-22.29,-17.76,-8.77,2.43
25948.00,-8.64,-13.35,-15.96,-19.83,-19.49,-14.95,-5.24,5.19
25952.00,-11.11,-17.19,-18.13,-17.59,-13.85,-7.63,-0.88,10.51
25956.00,-10.16,-15.89,-20.79,-17.01,-13.27,-6.36,4.87,15.87
25960.00,-14.61,-19.15,-16.71,-13.49,-6.24,2.99,9.66,18.33
25964.00,-17.16,-16.36,-17.85,-14.10,-5.25,7.67,13.63,23.34
25968.00,-15.93,-16.93,-13.81,-6.69,2.58,9.76,19.39,24.31
25972.00,-14.49,-15.49,-9.11,-1.68,6.53,14.27,22.35,23.31
25976.00,-16.74,-13.24,-8.41,2.77,9.95,18.33,21.16,22.57
25980.00,-16.05,-9.71,-3.22,5.93,15.40,20.03,23.59,23.50
25984.00,-11.68,-9.63,1.72,9.42,18.77,22.19,21.67,21.30
25988.00,-10.36,-4.99,5.06,14.80,20.97,20.06,23.40,16.67
25992.00,-5.59,1.52,6.83,17.24,21.13,24.15,20.37,10.62
25996.00,-4.78,4.95,11.04,16.48,21.74,21.72,13.50,10.28
26000.00,-2.39,8.75,16.87,20.76,22.31,17.97,11.05,4.70
26004.00,5.59,13.33,15.99,21.69,17.88,13.13,9.27,0.70
26008.00,7.11,12.83,16.17,21.46,19.39,12.39,2.79,-5.22
26012.00,12.16,17.22,19.25,20.17,11.96,9.73,-2.29,-7.84
26016.00,11.21,15.92,19.32,17.83,11.03,2.39,-3.95,-11.36
26020.00,15.70,18.45,16.25,15.73,10.17,-0.83,-7.63,-8.51
26024.00,14.46,16.04,17.77,8.83,5.08,-0.48,-10.01,-12.09
26028.00,18.81,14.27,12.95,8.14,3.09,-7.16,-7.96,-10.59
26032.00,17.67,12.79,12.38,2.63,-3.83,-5.67,-8.83,-8.53
26036.00,14.02,14.61,7.22,2.98,-3.56,-6.21,-10.00,-5.33
26040.00,13.34,9.41,2.64,-0.17,-5.33,-6.66,-6.37,-4.37
26044.00,10.23,5.60,1.89,-4.13,-7.64,-10.00,-5.05,-1.38
26048.00,11.59,5.59,1.33,-4.44,-7.51,-8.01,-2.11,-1.03
26052.00,7.55,3.23,-3.03,-6.82,-9.25,-5.05,0.88,5.54
26056.00,5.73,-2.51,-2.31,-7.54,-3.75,-1.03,3.26,5.54
26060.00,3.30,-2.66,-3.94,-5.74,-5.03,0.20,2.04,7.64
26064.00,1.10,-4.97,-6.54,-7.58,-1.55,2.97,7.68,6.65
26068.00,-3.78,-7.17,-3.95,-3.21,-1.59,2.06,8.43,7.66
26072.00,-1.21,-3.32,-5.96,-2.48,0.34,7.39,8.94,9.63
26076.00,-5.70,-3.62,-3.55,1.64,4.26,5.39,10.74,6.93
26080.00,-2.05,-3.87,-1.74,1.68,7.32,9.87,6.89,3.61
26084.00,-5.76,-0.08,2.21,4.53,10.18,8.58,5.83,3.68
26088.00,-4.60,1.63,1.62,5.39,10.19,7.40,4.82,-0.60
26092.00,-0.73,0.99,7.16,9.42,6.44,8.18,0.25,-6.35
26096.00,-0.14,3.65,7.22,8.54,9.47,3.06,-3.17,-7.96
26100.00,1.61,7.13,9.39,9.12,7.20,0.68,-6.57,-12.99
26104.00,1.74,8.57,6.89,6.77,5.66,-0.11,-7.73,-15.10
26108.00,7.77,6.67,6.75,8.73,2.03,-4.57,-10.56,-14.87
26112.00,8.89,9.40,8.79,6.68,-0.27,-8.45,-12.76,-19.38
26116.00,5.79,9.50,7.13,2.99,-5.41,-8.43,-18.01,-17.74
26120.00,8.41,5.89,6.69,-0.38,-8.50,-14.91,-17.43,-16.04
26124.00,6.86,8.48,4.04,-2.73,-12.49,-17.24,-16.49,-11.91
26128.00,9.73,4.88,-0.23,-8.15,-13.60,-14.64,-16.83,-9.60
26132.00,3.76,2.03,-3.80,-8.05,-16.13,-16.09,-14.26,-7.32
26136.00,6.70,1.14,-6.90,-11.27,-14.51,-16.93,-9.87,-4.65
26140.00,0.86,-2.94,-9.25,-14.69,-16.01,-13.37,-9.46,2.79
26144.00,-1.79,-5.67,-10.30,-13.92,-16.97,-8.71,-4.34,8.28
26148.00,-2.02,-9.75,-13.73,-16.86,-13.79,-8.89,0.36,14.01
26152.00,-3.66,-12.82,-14.07,-12.18,-9.34,-5.19,8.65,18.78
26156.00,-9.88,-10.06,-12.58,-11.61,-9.59,0.52,13.83,20.52
26160.00,-9.93,-11.00,-15.71,-10.46,-2.36,7.06,15.77,25.53
26164.00,-10.96,-15.61,-11.97,-9.52,3.43,12.03,19.86,27.78
26168.00,-10.67,-10.51,-8.85,-4.89,5.26,17.03,23.96,28.04
26172.00,-13.88,-12.56,-7.21,-1.84,9.59,18.05,24.90,30.89
26176.00,-13.55,-11.24,-3.02,4.97,16.44,23.54,25.68,28.73
26180.00,-13.24,-8.32,-1.52,10.01,15.78,25.05,29.93,29.06
26184.00,-8.71,-1.51,2.91,11.42,22.91,25.83,27.32,23.23
26188.00,-8.68,2.06,6.40,16.52,25.28,28.20,25.68,23.74
26192.00,-4.11,2.73,13.17,18.49,23.99,27.65,21.40,19.29
26196.00,-0.34,7.95,17.67,22.78,24.30,25.11,19.79,15.31
26200.00,2.49,13.56,19.37,24.11,24.76,21.78,16.67,7.17
26204.00,8.02,15.75,21.86,24.39,24.93,20.96,13.88,2.46
26208.00,8.55,18.16,21.93,22.54,20.60,16.23,6.74,2.82
26212.00,11.24,16.67,22.25,20.01,16.48,12.40,6.15,-1.24
26216.00,14.41,21.69,19.71,19.85,16.34,10.44,-0.55,-4.16
26220.00,19.87,18.43,21.05,18.88,12.67,5.80,-1.55,-4.96
26224.00,16.57,22.62,21.05,12.19,8.02,1.30,-5.17,-6.88
26228.00,18.30,17.34,15.34,10.58,5.85,-1.13,-7.95,-8.86
26232.00,17.74,16.60,11.23,7.35,3.18,-4.17,-3.81,-3.73
26236.00,17.32,14.57,8.09,2.33,0.59,-3.39,-6.39,-2.77
26240.00,15.17,11.12,8.47,1.60,-3.06,-4.43,-3.51,0.12
26244.00,13.42,7.84,3.47,0.58,-5.82,-4.12,-2.07,0.84
26248.00,9.77,9.06,-0.40,-4.90,-3.31,-2.61,-0.70,4.78
26252.00,9.15,2.44,0.27,-3.26,-6.19,-1.82,3.92,4.41
26256.00,7.10,2.60,-4.02,-1.57,-3.20,-2.33,6.67,10.68
26260.00,3.24,-1.94,-2.19,-4.49,0.17,0.97,7.76,11.43
26264.00,4.16,-2.92,-2.78,-4.23,1.04,6.34,8.90,10.03
26268.00,-1.44,-3.09,-3.96,-2.60,2.49,8.42,9.05,12.29
26272.00,-2.72,-2.76,0.23,2.53,6.72,7.68,12.61,8.85
26276.00,-4.59,-3.32,-0.40,4.97,9.22,9.39,10.63,11.60
26280.00,-3.41,-3.83,0.54,5.83,8.66,12.34,10.17,6.64
26284.00,-4.03,1.83,3.97,8.69,9.71,10.22,9.63,3.20
26288.00,-2.28,2.60,7.47,8.49,12.05,9.81,8.68,2.13
26292.00,-1.95,2.99,6.31,7.26,9.56,9.90,2.46,-3.66
26296.00,2.67,3.77,9.11,10.26,7.36,5.00,2.47,-6.78
26300.00,4.25,7.88,10.37,8.24,7.48,3.33,-3.00,-7.33
26304.00,2.88,6.40,11.21,9.02,7.63,-0.31,-5.03,-12.31
26308.00,5.68,8.26,8.18,8.35,5.38,-4.31,-8.32,-16.91
26312.00,7.29,8.24,11.32,4.92,0.44,-4.96,-12.07,-15.38
26316.00,9.29,10.13,9.00,1.46,-1.37,-8.12,-14.35,-17.26
26320.00,9.59,10.56,6.40,2.33,-6.99,-11.46,-17.44,-14.36
26324.00,9.83,5.82,3.60,-3.43,-10.66,-11.71,-16.92,-11.27
26328.00,6.22,7.44,-0.44,-5.00,-12.40,-13.71,-14.40,-8.15
26332.00,8.78,1.42,-2.47,-8.65,-16.13,-14.55,-13.05,-7.27
26336.00,7.06,1.13,-4.80,-13.65,-13.34,-13.09,-8.16,-0.52
26340.00,0.12,-2.29,-10.93,-14.12,-12.82,-13.97,-8.75,4.13
26344.00,-0.18,-6.95,-10.71,-13.28,-14.34,-9.70,-2.46,9.33
26348.00,-3.05,-8.75,-12.56,-16.36,-13.11,-9.59,2.57,13.75
26352.00,-4.12,-12.92,-13.15,-11.90,-12.86,-2.90,5.42,19.35
26356.00,-7.34,-13.31,-12.64,-13.43,-6.48,3.34,10.77,21.26
26360.00,-8.99,-12.03,-11.71,-11.95,-5.58,6.19,17.94,27.01
26364.00,-12.72,-16.25,-14.82,-7.11,-0.20,11.33,17.75,27.48
26368.00,-15.21,-10.87,-8.81,-4.91,7.23,14.75,25.59,28.03
26372.00,-13.15,-14.31,-5.84,1.88,10.10,19.73,27.11,29.13
26376.00,-11.58,-12.23,-5.33,2.39,13.71,21.57,29.36,28.71
26380.00,-14.15,-9.48,-0.40,6.79,17.50,23.10,27.53,24.29
26384.00,-11.55,-2.09,1.38,11.18,21.95,23.43,26.68,25.96
26388.00,-6.99,0.65,7.26,17.55,24.53,23.25,25.20,19.68
26392.00,-4.22,4.84,11.90,20.99,24.66,24.68,20.37,13.71
26396.00,0.85,6.30,16.22,21.98,22.20,23.49,17.66,13.23
26400.00,2.98,11.60,18.27,22.07,23.25,22.63,13.42,7.92
26404.00,5.55,10.72,20.04,23.30,21.18,16.27,9.15,1.73
26408.00,8.86,15.81,18.77,24.02,17.40,14.27,8.65,-0.92
26412.00,9.73,16.07,18.08,20.93,16.26,8.69,3.68,-7.36
26416.00,13.22,19.14,21.70,17.55,11.02,4.32,0.50,-7.99
26420.00,14.27,17.77,20.89,15.73,8.53,2.73,-5.87,-9.52
26424.00,15.79,19.11,15.80,13.86,5.76,-1.50,-7.63,-11.31
26428.00,19.34,17.01,16.62,7.89,-0.24,-1.78,-9.52,-9.84
26432.00,18.10,13.75,10.36,6.97,0.76,-6.24,-7.79,-8.21
26436.00,13.69,13.08,7.48,3.92,-4.03,-5.30,-9.46,-8.38
26440.00,13.30,7.96,5.03,-3.23,-5.30,-6.46,-8.10,-2.22
26444.00,10.92,8.85,2.46,-4.93,-7.78,-10.11,-4.62,-1.13
26448.00,8.05,3.36,-1.45,-5.95,-9.55,-7.03,-1.71,1.16
26452.00,5.42,3.34,-2.27,-6.19,-5.21,-3.77,0.22,5.30
26456.00,3.48,-2.56,-5.08,-6.72,-5.47,-2.48,1.78,4.82
26460.00,2.76,-4.47,-4.92,-7.22,-5.38,0.41,0.79,8.46
26464.00,-2.84,-3.70,-6.86,-3.87,-3.78,1.22,5.07,7.14
26468.00,-1.95,-3.94,-8.07,-3.57,-0.61,2.73,8.06,5.51
26472.00,-1.86,-5.07,-5.57,-2.09,1.38,5.47,6.41,6.09
26476.00,-6.56,-3.84,-2.29,-2.33,3.09,8.28,9.54,3.90
26480.00,-6.77,-2.99,-0.61,3.72,3.41,8.25,5.81,3.90
26484.00,-4.91,-5.75,-1.38,3.83,7.78,4.81,2.05,-2.27
26488.00,-6.39,-1.51,-0.74,7.07,5.26,4.97,4.01,-2.42
26492.00,-2.60,-1.37,5.42,4.34,6.30,2.98,0.55,-7.23
26496.00,-4.11,2.11,4.00,5.17,3.37,3.38,-2.62,-12.69
26500.00,1.57,3.36,5.45,4.86,2.91,-0.18,-8.15,-13.17
26504.00,1.58,2.92,6.58,4.18,0.31,-1.87,-13.40,-16.07
26508.00,4.51,6.90,5.01,2.54,-1.81,-6.89,-15.38,-18.83
26512.00,6.59,7.76,6.70,1.13,-4.55,-8.95,-15.33,-22.21
26516.00,4.32,7.49,3.24,1.20,-9.60,-13.85,-20.74,-22.65
26520.00,7.90,4.33,2.94,-4.53,-12.46,-15.11,-19.44,-20.56
26524.00,6.84,1.51,-2.22,-9.20,-14.51,-18.12,-21.08,-18.79
26528.00,1.96,0.67,-3.68,-11.53,-15.33,-20.39,-22.77,-15.98
26532.00,1.61,-2.26,-5.32,-15.36,-20.80,-20.17,-16.32,-14.06
26536.00,-1.30,-4.88,-8.51,-16.93,-17.42,-21.23,-15.62,-8.17
26540.00,1.04,-6.15,-13.18,-17.51,-17.55,-18.67,-13.07,-4.95
26544.00,-1.98,-10.91,-13.21,-18.98,-20.66,-16.67,-8.96,-0.47
26548.00,-7.65,-14.44,-15.19,-21.66,-17.78,-13.46,-5.91,8.00
26552.00,-11.41,-14.11,-18.67,-20.30,-17.37,-8.43,-0.42,11.52
26556.00,-13.24,-18.26,-19.24,-17.03,-14.89,-6.58,6.89,16.28
26560.00,-16.18,-17.82,-20.59,-15.21,-7.61,1.31,8.34,21.27
26564.00,-14.75,-17.82,-17.79,-13.50,-5.61,5.32,12.44,22.95
26568.00,-14.75,-18.61,-13.04,-7.37,-2.51,10.85,16.51,24.38
26572.00,-14.86,-16.09,-14.03,-5.25,6.11,11.33,17.62,24.75
26576.00,-16.55,-14.79,-7.00,1.48,7.37,15.65,23.19,20.66
26580.00,-16.89,-12.21,-7.30,5.73,10.45,17.18,21.37,21.02
26584.00,-14.77,-7.03,-1.73,6.98,14.58,18.47,20.68,18.03
26588.00,-11.42,-6.68,2.59,12.58,17.58,20.27,17.85,11.20
26592.00,-6.48,-0.99,7.79,13.02,17.00,19.88,16.40,7.52
26596.00,-4.71,4.29,9.68,13.80,20.88,17.09,14.64,4.27
26600.00,-2.90,7.22,12.41,18.57,19.73,16.27,6.98,2.87
26604.00,-0.20,8.97,14.10,16.51,15.43,13.21,5.84,-4.37
26608.00,6.16,13.13,15.53,17.11,16.06,7.13,2.06,-5.91
26612.00,9.41,13.66,13.34,17.18,9.37,6.43,-3.72,-12.52
26616.00,9.56,13.06,15.56,12.39,7.32,1.39,-5.28,-12.28
26620.00,11.15,15.48,14.82,10.80,5.96,-4.37,-11.71,-17.07
26624.00,11.41,13.86,11.64,8.22,0.29,-7.83,-12.39,-17.90
26628.00,13.87,12.01,10.27,3.60,-1.26,-8.83,-12.04,-16.86
26632.00,10.55,10.18,7.55,-0.87,-4.86,-9.92,-15.59,-15.49
26636.00,11.52,10.68,4.52,-3.54,-10.31,-12.78,-12.06,-10.34
26640.00,11.47,4.69,-0.86,-7.58,-8.66,-13.89,-11.12,-9.84
26644.00,7.27,2.50,-0.73,-7.63,-12.47,-13.98,-11.08,-9.08
26648.00,3.41,-0.02,-7.30,-8.39,-13.31,-9.96,-8.08,-2.90
26652.00,1.55,-4.89,-6.39,-11.29,-13.70,-9.24,-8.34,-4.01
26656.00,0.95,-7.56,-11.90,-11.49,-10.49,-10.00,-3.28,0.45
26660.00,-1.14,-4.87,-11.82,-13.02,-8.69,-7.44,-2.84,2.47
26664.00,-3.75,-7.37,-11.07,-11.64,-9.40,-3.01,-2.51,0.26
26668.00,-8.25,-9.44,-10.62,-7.84,-5.45,-0.67,1.59,4.13
26672.00,-10.24,-10.72,-11.07,-5.16,-4.51,-1.89,0.59,2.70
26676.00,-6.72,-11.10,-7.25,-4.18,-3.76,1.78,-0.31,-0.38
26680.00,-9.40,-6.49,-6.08,-1.09,1.80,1.39,0.90,-4.57
26684.00,-8.34,-8.76,-5.26,0.74,0.54,0.08,-0.66,-5.57
26688.00,-9.54,-4.69,-2.70,2.09,0.34,0.88,-3.32,-9.60
26692.00,-8.29,-4.70,-2.13,3.05,3.36,-1.95,-3.92,-14.36
26696.00,-2.61,-1.48,1.15,0.47,-0.77,-4.78,-10.74,-13.81
26700.00,-4.58,-0.43,2.31,3.43,1.05,-4.58,-12.06,-18.38
26704.00,-0.06,1.42,1.46,2.03,-0.10,-6.52,-16.12,-19.94
26708.00,0.51,0.74,2.78,0.80,-6.41,-9.88,-19.78,-26.64
26712.00,1.24,2.36,-0.83,-0.86,-9.82,-16.09,-21.42,-24.00
26716.00,0.70,0.50,1.61,-4.67,-13.69,-17.73,-23.21,-23.59
26720.00,1.29,-0.46,-0.01,-8.93,-13.67,-20.12,-25.39,-27.19
26724.00,0.49,1.41,-6.38,-12.48,-17.98,-23.19,-26.09,-20.83
26728.00,3.38,-0.34,-6.79,-12.08,-19.86,-24.49,-25.81,-22.23
26732.00,-2.12,-3.98,-10.08,-15.42,-23.29,-26.66,-22.28,-14.84
26736.00,-1.91,-8.62,-13.60,-19.25,-24.21,-26.03,-21.24,-13.68
26740.00,-3.00,-12.20,-14.11,-20.74,-23.88,-23.10,-17.42,-9.13
26744.00,-8.41,-10.32,-20.39,-24.08,-21.52,-18.32,-9.91,-3.32
26748.00,-8.10,-13.15,-18.61,-24.43,-18.70,-15.38,-7.00,4.24
26752.00,-11.54,-16.80,-19.41,-20.22,-18.93,-12.44,-2.17,7.87
26756.00,-13.06,-17.81,-19.52,-21.62,-15.53,-6.30,2.93,13.35
26760.00,-14.59,-22.37,-21.09,-17.66,-9.70,-4.70,9.37,14.19
26764.00,-17.08,-20.43,-19.39,-16.60,-5.54,0.77,13.43,16.14
26768.00,-16.69,-17.48,-16.65,-10.97,-2.37,7.44,16.48,21.20
26772.00,-20.18,-16.76,-15.66,-7.02,0.18,12.44,18.22,19.79
26776.00,-16.68,-18.51,-10.19,-4.73,6.27,14.52,20.14,17.43
26780.00,-18.61,-14.06,-6.50,-0.30,9.52,15.88,18.62,16.18
26784.00,-13.58,-9.34,-1.94,6.88,10.65,16.93,19.79,13.13
26788.00,-11.93,-4.71,1.34,9.17,16.66,20.35,15.19,10.83
26792.00,-10.47,-2.64,3.96,9.47,15.37,15.51,15.52,6.79
26796.00,-6.16,0.41,9.19,14.22,19.06,16.19,9.08,4.96
26800.00,-5.38,2.96,8.93,17.57,15.39,13.13,9.01,-3.27
26804.00,0.19,9.33,12.98,14.74,12.90,9.51,4.95,-6.41
26808.00,3.23,11.80,12.42,14.07,12.31,6.81,-2.75,-11.53
26812.00,6.75,13.97,16.24,16.42,9.65,2.13,-5.24,-14.15
26816.00,8.43,11.70,14.59,10.71,6.50,0.34,-6.54,-14.58
26820.00,9.59,12.76,12.52,10.75,5.53,-2.35,-11.48,-13.82
26824.00,12.37,11.43,9.74,6.60,-2.71,-8.79,-13.16,-16.68
26828.00,13.76,11.86,10.69,3.56,-5.50,-9.12,-14.83,-13.99
26832.00,13.36,12.41,6.62,-0.01,-5.57,-13.82,-17.83,-15.96
26836.00,13.18,9.91,1.01,-5.02,-8.57,-15.73,-15.70,-15.51
26840.00,9.34,5.36,-1.71,-7.67,-12.41,-16.50,-16.23,-10.98
26844.00,9.68,3.12,-2.85,-9.26,-11.81,-13.88,-12.59,-9.04
26848.00,7.92,-2.15,-3.19,-10.55,-11.22,-11.38,-11.63,-7.14
26852.00,4.01,-0.38,-9.29,-13.04,-10.10,-10.74,-6.42,-1.08
26856.00,0.54,-3.42,-10.81,-11.27,-9.20,-7.81,-5.87,1.96
26860.00,-2.79,-4.93,-9.88,-10.78,-9.61,-3.88,-2.72,1.46
26864.00,-3.44,-9.90,-8.12,-12.02,-7.19,-2.46,-0.94,3.16
26868.00,-8.29,-10.15,-7.96,-9.74,-4.13,-2.03,3.31,2.40
26872.00,-9.54,-8.35,-8.89,-7.17,-0.82,0.49,2.03,2.18
26876.00,-6.21,-10.25,-6.96,-2.80,-2.15,1.00,4.59,1.58
26880.00,-6.12,-6.26,-5.07,-1.22,3.44,1.60,0.63,-0.82
26884.00,-9.10,-4.16,-2.68,-1.37,4.20,5.03,0.36,-2.18
26888.00,-4.47,-6.22,-0.03,4.05,2.68,1.88,-3.75,-7.66
26892.00,-5.77,-3.84,-1.57,4.42,2.34,2.34,-2.96,-11.77
26896.00,-2.51,-2.02,2.00,4.04,2.72,-3.22,-7.89,-16.22
26900.00,-4.28,2.48,5.58,4.74,1.25,-3.44,-10.97,-17.37
26904.00,-0.62,2.41,1.81,3.76,-0.27,-4.46,-13.92,-20.18
26908.00,1.88,3.16,3.85,1.00,-5.02,-12.28,-14.66,-24.49
26912.00,0.80,5.70,2.27,1.02,-7.07,-12.69,-18.14,-21.70
26916.00,1.36,3.12,3.52,-3.38,-11.85,-13.75,-20.07,-21.83
26920.00,6.36,3.17,0.48,-6.20,-13.46,-19.23,-21.71,-22.87
26924.00,5.16,2.69,-4.40,-6.62,-14.60,-22.09,-22.94,-20.89
26928.00,5.21,-1.26,-5.85,-10.60,-18.60,-19.86,-19.21,-15.04
26932.00,3.25,-0.67,-10.30,-15.02,-17.38,-23.79,-17.42,-12.73
26936.00,2.82,-2.61,-8.70,-15.81,-17.99,-22.57,-16.68,-8.55
26940.00,0.28,-8.68,-11.89,-17.53,-22.93,-19.78,-11.74,-5.27
26944.00,-2.98,-12.07,-13.87,-17.86,-17.66,-15.38,-8.90,2.22
26948.00,-9.14,-12.23,-15.87,-19.13,-17.68,-11.36,-1.66,5.61
26952.00,-6.96,-15.04,-20.26,-16.79,-17.47,-7.81,-1.10,11.76
26956.00,-9.29,-14.12,-17.41,-15.19,-9.96,-4.11,8.27,18.45
26960.00,-15.03,-15.06,-19.04,-13.68,-6.99,-0.62,12.74,22.00
26964.00,-15.66,-19.88,-18.37,-9.25,-4.17,3.82,12.99,20.30
26968.00,-16.12,-14.89,-12.60,-7.40,1.61,10.93,20.73,22.62
26972.00,-14.94,-16.25,-10.89,-3.96,5.71,11.89,21.77,24.75
26976.00,-15.24,-12.07,-9.74,-1.15,8.68,18.07,22.70,21.34
26980.00,-16.34,-10.01,-5.81,4.50,13.78,22.00,23.54,24.38
26984.00,-12.78,-7.41,1.83,8.95,16.76,20.99,20.75,19.06
26988.00,-7.72,-5.56,5.37,11.56,21.23,22.99,20.75,18.55
26992.00,-5.21,-0.48,7.44,16.23,18.51,24.05,19.68,13.04
26996.00,-5.49,5.24,10.99,18.49,18.88,22.15,16.46,7.78
27000.00,-1.95,7.98,15.71,19.17,21.37,17.64,13.83,1.51
27004.00,5.31,9.03,18.26,22.27,18.04,16.32,6.10,-1.63
27008.00,5.60,13.68,19.68,21.36,18.81,10.20,2.29,-2.43
27012.00,12.30,15.15,18.06,19.56,15.76,9.04,0.98,-9.46
27016.00,10.70,16.87,16.08,15.62,11.00,6.37,-4.38,-9.97
27020.00,14.91,18.03,19.24,11.84,5.91,-1.24,-8.29,-11.58
27024.00,14.51,15.07,14.57,8.99,4.78,-2.78,-6.88,-12.96
27028.00,16.78,16.79,12.29,9.64,-0.11,-6.30,-8.44,-10.82
27032.00,16.41,15.69,11.59,5.64,-4.31,-7.94,-10.30,-8.84
27036.00,15.19,12.24,5.47,-1.25,-2.40,-9.03,-9.04,-5.71
27040.00,12.13,11.66,4.53,0.24,-4.83,-8.26,-9.60,-4.71
27044.00,13.82,6.47,0.67,-1.64,-6.34,-10.29,-4.87,-3.55
27048.00,9.97,4.46,-0.06,-6.12,-7.70,-5.03,-2.04,0.35
27052.00,4.72,3.61,-3.24,-7.62,-6.09,-6.75,-2.26,3.26
27056.00,5.27,1.53,-2.45,-5.17,-5.60,-4.76,3.24,6.42
27060.00,3.12,-0.47,-8.06,-4.80,-5.21,1.22,5.19,9.71
27064.00,0.53,-2.02,-5.46,-5.32,-2.42,0.90,3.58,6.60
27068.00,-3.14,-2.83,-3.93,-1.52,-2.15,3.63,6.45,7.52
27072.00,-5.57,-5.80,-2.95,0.81,4.38,7.12,9.34,9.39
27076.00,-6.40,-3.52,-1.68,2.70,5.21,10.02,10.17,4.94
27080.00,-6.52,-5.40,-0.64,0.60,4.06,10.53,6.23,3.87
27084.00,-3.74,-4.05,0.89,4.73,6.77,6.61,5.98,2.79
27088.00,-2.82,-0.37,1.58,9.05,8.30,6.66,5.06,-2.50
27092.00,0.54,3.98,3.45,8.64,6.35,6.73,0.09,-4.43
27096.00,1.88,2.49,7.91,6.86,7.89,5.73,1.01,-9.31
27100.00,3.31,3.45,7.08,8.44,8.29,0.99,-6.17,-13.78
27104.00,4.03,7.15,7.43,7.90,6.51,1.10,-9.42,-13.88
27108.00,5.51,7.63,7.97,7.23,0.31,-6.41,-10.93,-16.18
27112.00,5.34,8.98,5.81,5.05,-3.26,-10.07,-13.48,-18.19
27116.00,8.47,9.65,3.98,4.34,-3.12,-12.61,-15.51,-15.77
27120.00,9.25,9.57,3.92,-2.56,-8.99,-10.85,-18.56,-18.00
27124.00,7.51,6.48,2.04,-3.32,-8.53,-14.69,-17.93,-12.02
27128.00,7.62,4.95,1.41,-7.57,-11.40,-16.15,-16.25,-11.20
27132.00,7.94,3.97,-2.57,-7.32,-15.97,-14.84,-16.42,-7.18
27136.00,5.52,1.93,-3.92,-13.87,-17.34,-13.60,-9.81,-4.27
27140.00,0.93,-5.38,-9.76,-15.19,-15.40,-15.69,-6.37,2.55
27144.00,0.18,-7.01,-13.59,-13.35,-15.34,-9.38,-3.21,9.20
27148.00,-2.86,-8.25,-10.71,-17.10,-10.92,-5.37,3.82,10.48
27152.00,-6.01,-8.06,-15.06,-12.59,-8.98,-0.92,8.83,17.61
27156.00,-5.61,-11.14,-13.24,-11.32,-4.80,-0.49,11.45,21.36
27160.00,-10.78,-11.41,-12.94,-10.43,-3.64,3.79,17.66,26.45
27164.00,-11.20,-14.36,-11.40,-4.81,0.09,13.32,20.24,28.64
27168.00,-14.14,-12.01,-10.31,-5.54,5.04,17.80,24.31,29.50
27172.00,-14.96,-13.82,-7.56,0.89,10.98,16.96,25.25,31.59
27176.00,-10.93,-10.28,-1.93,3.86,12.46,22.91,27.60,30.92
27180.00,-10.23,-7.58,-1.67,7.64,18.93,25.28,27.14,28.51
27184.00,-6.80,-3.45,4.99,12.52,23.18,24.96,28.38,23.42
27188.00,-5.57,-0.63,9.42,16.71,22.55,28.83,24.75,19.22
27192.00,-2.56,3.04,11.43,17.40,24.30,26.63,24.05,18.59
27196.00,-0.38,7.96,13.87,22.44,23.71,25.65,21.29,11.92
27200.00,2.97,12.45,20.86,25.44,23.88,22.01,16.02,6.78
27204.00,7.78,16.82,19.57,25.36,25.83,16.99,10.59,4.61
27208.00,10.86,14.93,23.69,24.52,20.60,18.11,9.25,1.61
27212.00,13.96,16.88,21.74,23.77,20.46,9.93,2.03,-4.96
27216.00,15.10,17.99,20.50,18.09,17.43,6.26,-0.68,-3.42
27220.00,17.02,20.43,20.03,18.27,13.57,2.13,-2.80,-8.45
27224.00,17.83,21.33,17.82,13.33,8.81,0.09,-2.51,-6.52
27228.00,19.45,20.73,17.85,9.32,6.12,-1.49,-7.79,-7.36
27232.00,18.07,18.35,15.68,5.40,3.13,-2.23,-3.94,-6.37
27236.00,16.50,15.59,11.63,3.15,-1.82,-4.17,-3.30,-1.73
27240.00,14.80,13.42,6.27,2.02,-4.39,-5.67,-2.14,-0.76
27244.00,13.48,11.23,4.21,-0.93,-2.60,-4.21,-3.36,0.20
27248.00,11.33,7.03,4.04,-2.62,-2.50,-4.28,-0.11,2.37
27252.00,9.88,6.08,0.24,-4.20,-3.84,-1.74,0.86,5.88
27256.00,5.53,1.53,-1.02,-4.08,-4.38,1.20,5.61,6.50
27260.00,3.82,-0.07,-2.24,-4.01,-1.94,2.85,5.16,8.96
27264.00,3.66,-0.13,-1.72,-2.88,-0.22,5.70,7.70,13.75
27268.00,1.72,-4.55,-1.92,-0.07,4.74,7.17,10.21,9.37
27272.00,-2.96,-1.33,-2.78,-1.71,4.49,9.21,10.59,12.46
27276.00,-3.80,-2.19,-0.19,0.41,7.78,10.86,10.61,11.19
27280.00,-2.33,0.65,-1.18,5.18,6.29,12.71,10.34,6.54
27284.00,-3.73,-2.12,3.09,9.33,9.45,8.66,10.79,3.56
27288.00,-2.25,3.64,5.80,10.32,12.81,12.42,6.38,0.33
27292.00,-1.15,1.12,5.50,7.65,9.97,7.64,5.73,-0.87
27296.00,1.30,3.02,7.08,8.39,9.00,6.17,1.62,-5.23
27300.00,4.93,6.90,7.92,7.94,8.34,3.82,-2.32,-7.54
27304.00,5.83,6.62,10.07,7.68,8.47,2.00,-3.92,-13.31
27308.00,8.15,9.96,9.50,9.42,5.15,-3.26,-8.97,-14.01
27312.00,7.83,7.09,7.37,3.33,1.41,-8.47,-10.96,-16.21
27316.00,6.95,8.17,9.13,3.20,-1.99,-11.81,-12.74,-15.56
27320.00,10.66,6.73,7.74,-0.25,-7.72,-13.01,-15.98,-13.31
27324.00,9.05,5.35,1.05,-5.47,-10.04,-13.85,-18.13,-14.21
27328.00,6.98,5.50,2.21,-8.23,-9.58,-17.33,-16.18,-10.80
27332.00,6.00,3.58,-3.46,-10.99,-12.61,-13.69,-14.34,-5.01
27336.00,3.45,-0.18,-6.35,-10.80,-16.41,-14.14,-10.49,-3.71
27340.00,3.00,-3.36,-7.33,-11.02,-16.60,-14.62,-8.19,1.32
27344.00,1.06,-5.32,-10.99,-13.59,-14.01,-9.77,-4.65,7.52
27348.00,-3.46,-6.87,-14.68,-13.52,-11.35,-8.61,3.39,10.79
27352.00,-4.58,-9.71,-15.69,-14.08,-9.03,-3.74,7.61,17.64
27356.00,-9.07,-11.54,-13.58,-12.80,-9.09,2.76,11.60,21.11
27360.00,-10.70,-15.47,-14.22,-10.34,-5.96,7.91,16.91,26.16
27364.00,-13.37,-14.87,-13.98,-5.25,0.71,9.65,18.67,25.62
27368.00,-13.58,-14.00,-11.43,-5.42,5.19,16.51,24.68,26.86
27372.00,-15.14,-9.89,-9.27,-1.11,10.67,18.30,23.35,30.02
27376.00,-12.90,-10.71,-4.54,4.96,13.20,20.15,26.72,29.94
27380.00,-9.70,-8.95,-2.22,5.82,16.56,25.21,28.46,24.27
27384.00,-11.79,-5.44,4.60,12.56,21.53,24.10,25.22,21.63
27388.00,-6.39,0.14,9.23,13.29,21.54,25.09,25.52,20.49
27392.00,-7.08,3.56,10.95,16.85,21.71,24.66,20.94,15.26
27396.00,-1.21,7.19,15.43,21.23,25.68,20.83,18.19,13.61
27400.00,0.33,10.40,18.26,22.85,25.72,19.57,14.67,5.91
27404.00,3.58,14.09,18.01,20.12,24.12,20.08,11.65,0.97
27408.00,7.73,16.67,21.78,23.03,17.40,16.02,6.07,-2.77
27412.00,13.00,18.18,19.35,18.22,17.11,10.80,3.74,-5.60
27416.00,12.57,16.25,17.70,20.06,13.73,4.03,0.16,-9.16
27420.00,15.26,19.06,20.07,17.43,8.16,1.34,-6.94,-6.72
27424.00,15.99,17.70,14.80,13.43,6.27,-1.71,-6.17,-10.65
27428.00,17.09,15.21,12.99,9.44,0.70,-2.94,-10.33,-8.33
27432.00,14.67,17.79,10.64,3.86,-0.91,-6.59,-7.67,-6.98
27436.00,14.21,12.72,7.30,-0.52,-4.62,-7.74,-6.26,-5.01
27440.00,12.68,12.10,3.14,0.33,-6.24,-7.11,-5.30,-2.14
27444.00,13.38,9.15,-0.76,-2.96,-8.35,-7.61,-5.24,-0.07
27448.00,8.75,4.84,0.15,-3.89,-7.05,-6.59,-4.61,-1.22
27452.00,8.41,3.56,-5.17,-5.11,-5.02,-7.09,-1.26,2.96
27456.00,3.06,0.32,-3.25,-6.96,-6.95,-3.43,-0.48,6.05
27460.00,-0.63,-4.28,-6.05,-9.00,-4.05,-1.13,3.43,5.80
27464.00,-0.98,-2.17,-8.80,-7.90,-0.96,-1.20,3.27,9.90
27468.00,-4.58,-7.84,-8.36,-2.95,-1.30,4.12,8.19,5.13
27472.00,-5.65,-4.37,-3.94,-0.90,3.51,4.61,5.32,4.60
27476.00,-2.79,-6.63,-6.42,-2.15,3.55,5.01,5.23,3.27
27480.00,-3.45,-5.45,-3.39,2.84,4.48,6.82,5.00,3.90
27484.00,-7.46,-2.70,-2.36,4.16,4.47,8.41,2.49,1.92
27488.00,-5.11,-4.13,1.17,2.82,6.94,6.28,0.74,-5.76
27492.00,-4.79,-0.81,3.72,6.08,5.01,3.64,-1.89,-7.66
27496.00,-0.29,1.54,2.20,6.52,6.16,1.34,-4.13,-9.61
27500.00,1.81,4.47,6.89,4.45,5.58,0.45,-6.92,-12.34
27504.00,0.61,6.95,8.09,4.08,-0.28,-3.44,-8.83,-18.38
27508.00,5.12,6.89,6.10,1.90,1.10,-7.52,-12.08,-17.32
27512.00,4.68,3.54,3.84,3.34,-3.59,-11.41,-18.36,-20.67
27516.00,5.08,6.84,2.89,0.39,-5.35,-13.05,-19.18,-21.00
27520.00,7.82,2.59,0.96,-5.11,-9.14,-17.47,-22.39,-20.53
27524.00,7.16,4.22,-2.31,-8.70,-12.52,-20.43,-22.24,-20.74
27528.00,5.65,-1.20,-2.24,-12.49,-14.10,-21.83,-18.83,-14.26
27532.00,1.40,-1.94,-4.93,-11.99,-20.77,-20.90,-16.42,-13.20
27536.00,-0.44,-3.59,-12.43,-15.14,-19.45,-21.39,-13.67,-8.86
27540.00,-2.24,-5.85,-10.68,-17.26,-20.60,-17.10,-10.55,-3.65
27544.00,-1.54,-11.59,-14.57,-20.33,-20.90,-14.11,-6.74,4.02
27548.00,-5.46,-13.06,-15.62,-21.30,-17.40,-11.22,-4.12,7.05
27552.00,-7.19,-13.25,-19.34,-19.56,-16.06,-7.08,1.98,9.04
27556.00,-12.62,-17.60,-20.63,-15.53,-13.69,-5.62,5.96,15.89
27560.00,-13.95,-17.94,-17.16,-13.06,-11.23,-1.34,10.15,21.01
27564.00,-15.32,-19.17,-18.13,-12.61,-4.40,3.81,15.88,21.57
27568.00,-15.94,-18.25,-16.46,-9.53,0.04,6.78,17.32,23.36
27572.00,-15.92,-16.01,-13.39,-3.17,5.15,11.87,20.81,21.91
27576.00,-16.85,-15.21,-7.85,1.04,10.57,15.35,19.66,23.70
27580.00,-14.88,-11.01,-6.80,3.23,10.50,16.49,21.29,20.49
27584.00,-13.82,-10.86,-2.07,8.95,13.62,20.90,22.00,17.69
27588.00,-11.35,-7.24,1.01,10.70,17.04,20.05,18.95,14.82
27592.00,-8.49,-1.63,6.95,13.54,19.54,19.00,14.52,11.58
27596.00,-7.88,1.33,8.50,16.20,20.95,17.64,12.96,3.24
27600.00,-4.14,6.79,10.55,19.30,18.00,16.00,9.82,2.19
27604.00,0.24,7.26,13.02,16.58,14.36,13.69,3.50,-2.46
27608.00,6.05,8.80,14.56,15.14,16.56,6.62,-2.07,-8.45
27612.00,9.24,11.26,17.83,14.83,9.87,3.18,-4.54,-8.70
27616.00,11.15,12.92,14.57,11.04,9.99,0.15,-8.04,-15.80
27620.00,10.45,12.94,15.79,10.28,2.24,-4.72,-11.06,-17.21
27624.00,13.02,15.71,13.78,9.57,0.72,-4.47,-14.73,-13.41
27628.00,13.59,11.06,10.24,4.68,-3.23,-9.65,-13.61,-16.53
27632.00,15.16,10.99,7.88,0.22,-5.28,-9.69,-12.63,-13.37
27636.00,10.93,9.96,3.25,-5.05,-6.71,-11.15,-14.27,-10.62
27640.00,10.17,5.16,2.28,-7.33,-9.39,-13.62,-15.49,-8.20
27644.00,7.14,3.77,-1.83,-7.42,-11.71,-14.14,-12.84,-8.68
27648.00,3.28,-1.15,-4.95,-9.03,-11.79,-13.34,-10.49,-4.08
27652.00,1.11,-0.69,-8.62,-10.77,-10.60,-12.12,-5.66,-3.97
27656.00,0.11,-5.35,-11.51,-11.38,-10.69,-7.19,-2.37,-2.96
27660.00,-4.16,-8.26,-8.26,-11.68,-12.14,-8.57,-4.70,-1.41
27664.00,-5.29,-9.34,-13.24,-8.86,-6.85,-2.17,-2.05,1.50
27668.00,-4.26,-10.81,-10.26,-8.13,-5.82,-4.14,2.97,1.59
27672.00,-10.16,-10.16,-10.38,-9.01,-2.19,-0.51,-0.40,1.80
27676.00,-7.03,-8.18,-5.86,-6.38,-1.41,1.85,0.72,0.43
27680.00,-6.55,-9.05,-4.42,-5.38,0.88,3.45,2.57,-4.74
27684.00,-11.13,-8.72,-3.29,-2.61,0.67,3.67,1.09,-4.38
27688.00,-10.01,-6.31,-4.13,1.39,3.53,3.49,-3.49,-8.30
27692.00,-5.17,-1.51,0.13,-0.21,1.82,1.05,-4.21,-13.88
27696.00,-4.83,-0.62,0.78,0.16,0.60,-1.81,-7.09,-13.97
27700.00,-5.27,1.50,2.29,3.68,0.39,-3.83,-11.77,-20.09
27704.00,-3.33,0.35,0.84,3.31,-4.95,-6.69,-17.01,-22.42
27708.00,-0.16,4.13,2.88,1.86,-3.45,-12.90,-17.08,-22.65
27712.00,0.22,1.17,-0.73,-2.75,-10.59,-17.42,-19.21,-26.79
27716.00,2.33,2.72,-0.88,-3.72,-12.64,-16.90,-23.05,-26.70
27720.00,3.40,3.39,-2.23,-6.41,-13.55,-20.25,-22.65,-27.43
27724.00,2.65,-0.29,-2.50,-9.38,-19.46,-21.69,-25.08,-22.15
27728.00,-0.53,-2.25,-5.56,-14.53,-18.07,-23.16,-24.68,-19.79
27732.00,1.95,-5.49,-12.16,-14.88,-23.69,-22.43,-20.68,-16.21
27736.00,-4.06,-9.36,-14.74,-18.93,-21.53,-25.19,-20.27,-10.43
27740.00,-1.62,-9.46,-15.52,-22.25,-23.60,-21.20,-17.86,-8.50
27744.00,-6.35,-13.36,-16.22,-21.19,-22.48,-21.35,-13.27,-3.62
27748.00,-9.08,-16.36,-18.17,-23.16,-21.30,-14.88,-6.39,2.04
27752.00,-13.22,-16.14,-19.78,-19.34,-19.78,-11.68,-0.79,8.02
27756.00,-12.68,-18.65,-20.78,-20.99,-14.89,-5.17,1.31,14.21
27760.00,-14.73,-20.84,-18.55,-20.24,-12.59,-3.05,7.91,14.01
27764.00,-17.17,-21.75,-18.94,-16.48,-9.25,3.61,13.30,20.22
27768.00,-18.73,-20.57,-18.76,-11.15,-3.94,7.78,12.73,18.87
27772.00,-20.94,-16.50,-12.90,-8.80,1.24,9.58,16.43,20.03
27776.00,-20.73,-14.19,-13.34,-2.10,3.38,14.72,19.47,17.16
27780.00,-15.72,-13.94,-6.57,-0.14,11.05,17.87,20.52,18.33
27784.00,-17.66,-12.31,-3.23,5.01,13.61,18.82,18.04,15.88
27788.00,-13.15,-5.19,-0.64,6.95,12.70,19.88,16.39,11.65
27792.00,-11.60,-2.90,3.67,10.22,14.91,19.15,12.51,8.48
27796.00,-9.22,-1.15,6.60,14.60,18.68,15.84,12.93,1.75
27800.00,-3.15,3.64,10.74,13.64,15.35,12.07,7.95,-3.69
27804.00,-0.98,6.45,12.37,13.68,16.66,10.29,2.96,-7.00
27808.00,3.22,10.42,14.33,16.03,10.59,5.67,1.24,-7.65
27812.00,6.87,12.78,16.29,14.57,11.33,4.79,-5.41,-12.42
27816.00,8.28,14.35,15.94,13.51,8.72,1.59,-9.66,-14.78
27820.00,10.54,11.84,15.59,8.54,0.65,-5.40,-12.86,-18.68
27824.00,13.77,13.35,13.43,6.24,-0.05,-6.28,-15.93,-19.27
27828.00,13.72,14.43,9.30,4.13,-3.59,-10.78,-12.90,-18.75
27832.00,11.65,11.43,7.54,-0.12,-4.49,-14.80,-17.32,-13.61
27836.00,13.67,6.40,1.26,-5.47,-7.18,-16.15,-13.33,-15.45
27840.00,9.63,4.07,2.26,-6.99,-11.03,-15.01,-14.40,-10.99
27844.00,9.82,3.76,-0.75,-9.53,-10.07,-12.15,-10.29,-6.31
27848.00,6.33,2.15,-4.55,-12.47,-10.84,-10.05,-10.60,-5.74
27852.00,3.71,-1.00,-9.51,-13.55,-10.96,-9.89,-6.77,-0.56
27856.00,1.77,-6.46,-7.16,-13.80,-9.74,-9.94,-3.15,1.82
27860.00,-2.78,-7.03,-8.83,-8.70,-8.75,-5.96,-3.36,1.10
27864.00,-4.64,-10.72,-12.75,-7.71,-6.36,-4.68,1.31,4.15
27868.00,-3.69,-7.33,-8.49,-7.08,-6.06,-1.71,0.86,1.73
27872.00,-9.03,-10.11,-8.54,-4.19,-1.77,1.02,0.36,1.26
27876.00,-7.47,-8.02,-5.36,-2.41,-1.50,1.04,5.09,1.11
27880.00,-7.67,-7.05,-7.89,0.32,2.04,3.99,4.09,-0.33
27884.00,-9.23,-7.63,-4.30,0.93,2.00,2.73,0.16,-4.81
27888.00,-5.15,-4.44,-1.71,-0.26,3.59,2.11,0.60,-6.23
27892.00,-6.61,-2.91,-1.66,1.26,2.17,-0.30,-5.00,-13.33
27896.00,-2.85,-1.94,0.53,1.67,1.97,-0.69,-9.27,-17.01
27900.00,-0.25,0.53,4.93,3.26,-1.20,-4.55,-11.88,-17.03
27904.00,-0.82,2.81,4.91,3.49,0.66,-7.70,-12.25,-19.74
27908.00,1.82,5.54,3.82,3.76,-2.13,-7.54,-18.39,-21.98
27912.00,4.03,3.45,5.07,-1.99,-5.25,-12.72,-17.25,-21.84
27916.00,3.40,2.37,1.89,-2.82,-10.65,-14.36,-23.68,-25.78
27920.00,5.02,0.85,-1.26,-4.47,-13.41,-17.85,-22.98,-22.96
27924.00,1.63,4.11,-1.87,-8.08,-17.19,-20.94,-24.81,-20.45
27928.00,4.95,-1.21,-5.26,-10.55,-19.77,-20.55,-19.64,-17.83
27932.00,0.21,-1.39,-7.19,-12.10,-21.78,-22.62,-17.97,-12.69
27936.00,2.61,-5.34,-12.14,-18.22,-19.14,-21.77,-14.68,-10.05
27940.00,-0.39,-9.26,-14.52,-15.94,-21.67,-20.55,-14.79,-4.49
27944.00,-3.87,-11.61,-15.19,-19.15,-19.10,-13.82,-6.64,3.25
27948.00,-6.66,-11.86,-15.31,-18.34,-18.07,-10.26,-3.23,7.84
27952.00,-8.76,-12.42,-16.59,-17.52,-15.62,-6.57,-0.95,12.67
27956.00,-10.46,-17.33,-16.10,-19.25,-10.07,-5.70,7.54,14.96
27960.00,-15.02,-18.44,-17.46,-16.27,-7.38,0.78,9.61,20.84
27964.00,-13.45,-15.27,-16.18,-9.59,-4.79,6.52,12.75,20.67
27968.00,-17.41,-16.21,-15.72,-7.46,0.08,11.69,18.45,21.57
27972.00,-14.84,-15.23,-8.69,-3.12,5.29,13.60,21.29,24.27
27976.00,-13.42,-13.45,-6.53,-0.91,11.63,16.21,21.83,21.85
27980.00,-12.15,-13.07,-5.15,5.63,11.66,18.84,21.84,20.53
27984.00,-14.55,-8.24,2.67,11.11,17.34,20.50,24.13,17.15
27988.00,-8.13,-3.73,5.83,12.72,17.73,20.84,20.80,17.77
27992.00,-6.63,2.05,8.35,16.14,20.26,19.31,17.55,10.37
27996.00,-2.55,2.03,11.18,19.22,18.76,18.86,15.26,7.44
28000.00,1.28,10.04,12.47,19.68,19.56,19.16,13.16,3.17
28004.00,3.82,12.64,16.84,19.74,17.16,14.90,8.67,-0.22
28008.00,9.31,14.05,16.32,21.22,18.17,10.92,4.25,-1.98
28012.00,8.69,13.93,21.21,20.14,15.45,9.65,1.39,-4.90
28016.00,12.58,18.32,18.56,14.50,10.75,5.01,-1.05,-8.82
28020.00,12.72,19.85,16.09,11.69,9.59,-0.57,-4.50,-12.34
28024.00,14.61,18.22,15.51,12.13,3.58,-1.05,-9.44,-9.09
28028.00,17.51,17.18,14.58,8.88,-0.20,-4.74,-9.43,-12.85
28032.00,16.07,16.76,10.91,2.88,-2.41,-9.27,-12.24,-10.28
28036.00,13.41,14.24,7.08,1.50,-3.20,-10.55,-7.82,-5.85
28040.00,11.32,11.70,5.51,-2.72,-4.96,-7.63,-6.75,-5.66
28044.00,12.38,5.14,-0.67,-1.99,-7.84,-10.74,-5.69,-0.91
28048.00,11.81,6.42,-0.75,-3.27,-5.44,-8.53,-2.95,0.06
28052.00,8.22,-0.53,-5.66,-6.32,-5.08,-4.46,-0.53,0.75
28056.00,6.49,0.05,-3.58,-6.93,-7.42,-3.19,0.81,7.40
28060.00,2.77,-3.14,-5.04,-8.19,-5.16,0.70,5.75,7.33
28064.00,-0.65,-3.78,-3.85,-6.78,-1.95,3.04,8.08,7.27
28068.00,-4.44,-3.02,-7.68,-3.95,-2.46,5.48,6.77,8.85
28072.00,-3.06,-7.34,-1.94,-1.84,4.19,5.80,7.89,6.12
28076.00,-6.15,-4.01,-3.01,2.74,4.23,8.58,7.77,6.88
28080.00,-2.86,-2.19,1.48,4.30,6.65,10.80,10.18,5.04
28084.00,-5.70,-1.62,-0.47,4.86,9.43,10.33,8.91,-0.74
28088.00,-3.44,0.51,1.01,7.00,7.56,10.36,6.27,-1.54
28092.00,-2.43,3.03,5.37,6.26,10.26,6.03,1.37,-4.17
28096.00,-1.67,5.66,7.59,8.41,5.43,4.92,-2.29,-8.92
28100.00,3.32,4.33,9.10,10.83,8.16,2.55,-3.81,-13.36
28104.00,3.96,8.58,6.30,9.28,5.45,-2.19,-9.79,-14.85
28108.00,7.20,8.46,6.52,8.23,2.52,-3.21,-11.44,-16.57
28112.00,8.95,6.91,6.31,2.11,0.64,-8.87,-12.63,-17.18
28116.00,8.03,7.90,8.15,2.41,-3.25,-8.15,-14.79,-15.33
28120.00,9.73,9.11,3.93,0.89,-6.79,-12.04,-17.82,-15.54
28124.00,6.72,6.44,1.77,-4.53,-11.71,-16.89,-14.73,-13.08
28128.00,7.67,3.54,-1.37,-5.58,-13.17,-13.71,-16.16,-13.03
28132.00,4.26,3.10,-5.62,-8.14,-14.27,-15.92,-13.15,-8.07
28136.00,4.82,-2.59,-4.10,-10.50,-16.97,-16.66,-10.69,-1.11
28140.00,4.28,-3.92,-9.39,-14.42,-17.70,-13.91,-9.47,-0.09
28144.00,-2.49,-4.10,-11.63,-16.87,-16.72,-10.17,-2.33,5.91
28148.00,-2.28,-9.03,-11.65,-15.64,-14.21,-5.04,0.07,12.90
28152.00,-5.64,-10.37,-12.02,-14.95,-10.50,-5.61,6.09,15.44
28156.00,-9.47,-11.31,-13.42,-11.65,-6.19,3.83,10.07,20.31
28160.00,-8.77,-12.53,-14.07,-9.74,-5.11,7.35,15.06,26.35
28164.00,-9.32,-14.05,-9.75,-7.93,2.75,10.88,19.50,25.65
28168.00,-9.90,-10.53,-11.50,-5.31,4.75,17.77,24.36,28.69
28172.00,-13.27,-9.63,-8.59,-1.53,12.04,20.47,26.11,29.88
28176.00,-13.67,-11.46,-1.27,7.34,14.23,23.90,29.80,31.20
28180.00,-9.10,-4.80,-0.86,9.61,19.05,26.48,28.78,28.98
28184.00,-8.46,-5.36,6.44,15.69,20.15,29.00,26.63,25.27
28188.00,-8.32,-1.37,8.80,14.56,22.77,27.75,24.73,19.45
28192.00,-2.12,4.77,11.25,21.71,25.98,25.75,25.66,18.77
28196.00,-1.08,8.36,14.17,23.59,27.80,26.98,19.87,10.87
28200.00,4.32,8.70,19.86,23.98,27.03,20.59,18.38,10.22
28204.00,4.97,16.16,22.08,21.39,24.75,21.27,14.06,2.82
28208.00,9.88,14.70,22.34,21.13,21.52,16.05,7.01,2.20
28212.00,11.79,19.09,24.10,23.36,20.20,10.59,3.39,-4.34
28216.00,15.71,21.86,21.99,18.18,15.70,7.18,-0.70,-3.78
28220.00,17.73,22.67,22.23,16.00,11.32,2.23,-3.96,-5.08
28224.00,17.08,20.02,20.59,15.09,5.90,2.82,-1.73,-7.54
28228.00,19.53,21.74,16.96,10.88,4.28,-3.26,-5.61,-5.26
28232.00,19.51,16.04,15.51,9.60,1.49,-2.83,-8.13,-4.77
28236.00,19.95,16.58,12.77,1.98,-0.08,-2.67,-5.61,-1.69
28240.00,17.65,13.36,8.99,3.75,-0.63,-7.08,-4.27,-0.82
28244.00,12.74,7.36,6.29,-1.61,-4.01,-6.87,-0.76,0.81
28248.00,11.33,5.75,2.42,-4.42,-6.82,-5.63,-1.37,2.34
28252.00,7.87,4.08,-2.73,-1.36,-6.07,-1.63,2.23,5.04
28256.00,4.29,3.91,-4.62,-3.36,-1.64,-0.87,2.56,9.52
28260.00,2.31,-1.18,-3.67,-1.44,-1.59,4.27,6.99,8.80
28264.00,1.06,-4.04,-4.89,-3.90,-0.61,2.67,10.71,12.26
28268.00,1.94,-3.33,-1.72,-2.04,0.67,5.59,11.76,11.04
28272.00,0.45,-3.06,-4.20,3.19,4.53,6.44,9.13,11.91
28276.00,-4.41,-4.95,-2.89,5.34,8.63,12.52,9.76,11.20
28280.00,-2.67,-2.57,1.65,3.90,8.22,12.83,10.68,8.61
28284.00,-4.22,1.31,2.16,7.16,9.91,10.12,7.94,3.53
28288.00,-0.73,2.09,7.44,6.92,9.99,9.40,6.58,0.96
28292.00,-2.38,2.01,7.12,8.39,12.94,10.65,1.98,-4.89
28296.00,-0.31,7.15,8.36,11.64,9.04,8.32,1.73,-8.30
28300.00,2.27,7.00,11.44,12.06,6.36,4.62,-4.96,-8.33
28304.00,3.59,6.51,9.00,9.17,7.09,0.74,-7.82,-13.02
28308.00,8.30,7.83,10.85,8.50,3.59,-3.03,-9.85,-16.88
28312.00,9.78,9.83,9.47,3.97,-0.81,-3.91,-12.81,-16.69
28316.00,9.90,11.17,5.32,0.69,-0.49,-10.19,-12.46,-13.73
28320.00,9.64,7.46,6.80,0.68,-7.01,-10.03,-14.19,-17.31
28324.00,8.88,7.33,2.93,-5.25,-9.97,-15.95,-15.03,-13.91
28328.00,6.11,3.23,-1.39,-8.01,-13.65,-13.15,-15.21,-10.59
28332.00,7.74,0.33,-4.59,-10.27,-12.39,-13.38,-12.12,-6.02
28336.00,4.66,1.20,-5.18,-12.36,-16.09,-15.70,-12.95,-2.45
28340.00,1.89,-4.41,-6.66,-11.12,-14.46,-14.83,-5.67,2.45
28344.00,0.04,-3.24,-10.82,-15.46,-16.28,-9.80,-0.67,9.31
28348.00,-1.23,-10.59,-13.87,-16.11,-13.04,-7.81,1.64,14.94
28352.00,-3.77,-11.25,-15.69,-16.65,-10.69,-4.67,5.17,17.24
28356.00,-7.01,-13.92,-14.11,-11.36,-9.67,2.32,10.01,20.69
28360.00,-10.97,-15.44,-14.54,-9.68,-2.43,4.74,14.96,23.10
28364.00,-12.53,-15.15,-14.68,-6.84,-0.87,10.62,22.38,25.43
28368.00,-13.23,-12.63,-10.33,-5.82,4.74,15.78,25.12,28.26
28372.00,-12.56,-10.44,-5.89,2.05,11.71,19.29,23.66,27.82
28376.00,-13.84,-9.73,-4.74,2.18,15.38,22.32,26.98,27.92
28380.00,-11.72,-8.90,-1.91,6.97,16.34,25.33,25.99,28.55
28384.00,-8.29,-6.52,3.97,13.01,22.20,24.81,26.04,21.01
28388.00,-9.44,-0.54,8.06,13.44,24.69,27.58,27.31,19.34
28392.00,-5.90,2.88,12.61,20.15,22.13,27.26,22.59,17.80
28396.00,0.42,4.19,16.23,21.73,24.53,24.30,18.08,11.70
28400.00,2.78,8.41,17.45,21.48,22.87,21.78,15.60,6.89
28404.00,6.42,12.76,19.73,22.10,19.87,17.21,11.96,1.52
28408.00,7.37,14.69,18.53,20.14,18.40,14.26,6.29,0.38
28412.00,11.81,15.39,18.32,19.92,16.30,9.42,-0.10,-7.28
28416.00,12.34,20.13,22.25,17.97,14.64,8.31,0.47,-9.13
28420.00,17.22,18.20,17.56,17.57,7.03,-0.14,-4.55,-8.50
28424.00,15.43,20.91,15.30,10.97,5.31,-0.28,-7.51,-11.20
28428.00,18.07,19.12,13.59,9.34,3.71,-5.45,-6.87,-7.36
28432.00,17.22,14.01,8.92,5.16,-3.59,-7.91,-8.71,-9.62
28436.00,14.67,15.53,10.09,3.83,-1.84,-5.77,-8.63,-4.64
28440.00,14.55,7.96,6.79,-2.94,-7.66,-8.37,-6.14,-5.33
28444.00,12.11,5.14,3.51,-4.46,-9.64,-7.96,-7.37,-2.35
28448.00,10.58,4.12,1.34,-6.47,-6.26,-8.77,-2.32,2.88
28452.00,8.33,2.04,-2.36,-8.00,-5.84,-3.12,-1.94,5.25
28456.00,4.74,0.12,-6.55,-4.64,-8.91,-5.24,1.44,6.30
28460.00,-0.96,-2.71,-7.96,-7.21,-3.58,-3.39,3.65,6.78
28464.00,-0.57,-5.93,-8.96,-7.79,-1.14,-0.24,6.76,5.29
28468.00,-3.17,-5.29,-7.47,-6.28,1.24,2.05,5.23,6.07
28472.00,-6.68,-8.41,-6.84,-1.15,3.61,4.89,9.42,8.51
28476.00,-3.46,-6.45,-2.96,-1.39,2.47,8.53,5.59,6.64
28480.00,-4.51,-7.02,0.12,-0.01,4.43,4.57,7.26,4.94
28484.00,-2.87,-4.86,1.73,5.30,7.25,5.05,5.72,-0.17
28488.00,-6.36,-2.84,-0.30,3.95,5.66,4.80,3.67,-5.88
28492.00,-5.06,-1.42,1.31,5.16,8.81,4.56,0.59,-6.22
28496.00,0.84,0.27,4.88,7.14,3.77,2.19,-4.63,-10.19
28500.00,0.33,1.68,4.79,5.30,2.03,-3.01,-5.61,-12.37
28504.00,3.36,4.27,7.02,3.88,1.78,-2.70,-13.06,-16.28
28508.00,5.13,4.44,5.19,3.99,0.20,-8.88,-12.93,-18.33
28512.00,5.20,7.31,6.48,3.68,-3.20,-11.18,-16.86,-21.24
28516.00,7.39,4.25,0.96,-1.85,-6.92,-13.37,-19.57,-23.19
28520.00,3.94,6.06,1.92,-3.92,-9.57,-17.87,-22.23,-20.76
28524.00,3.76,1.07,-2.59,-9.64,-14.70,-17.29,-22.23,-18.52
28528.00,4.56,1.51,-2.74,-12.50,-16.58,-21.35,-17.90,-15.40
28532.00,4.06,-1.55,-4.81,-12.88,-19.76,-22.28,-19.98,-10.68
28536.00,1.13,-5.76,-8.62,-16.61,-20.70,-17.91,-17.68,-8.31
28540.00,0.92,-5.73,-14.30,-19.35,-20.42,-17.98,-13.16,-5.25
28544.00,-4.82,-7.62,-13.13,-17.52,-21.21,-14.17,-7.00,1.69
28548.00,-6.68,-12.16,-16.33,-17.15,-20.07,-13.24,-2.61,5.61
28552.00,-11.15,-12.63,-16.49,-20.96,-14.84,-8.74,-0.47,9.02
28556.00,-13.86,-14.80,-20.27,-17.48,-10.65,-3.11,5.48,17.86
28560.00,-16.16,-18.73,-17.58,-14.04,-7.81,-0.06,10.45,17.99
28564.00,-17.00,-18.95,-15.24,-11.73,-5.14,4.55,13.72,19.75
28568.00,-17.62,-16.92,-15.87,-11.10,-0.19,7.29,17.22,22.11
28572.00,-18.36,-18.09,-13.02,-6.15,5.47,14.31,18.09,21.90
28576.00,-18.52,-15.99,-10.47,0.40,7.24,14.42,18.88,21.99
28580.00,-17.10,-12.54,-7.63,5.51,10.52,16.77,21.74,22.42
28584.00,-12.85,-11.21,-0.27,6.51,14.97,20.30,19.46,15.19
28588.00,-10.44,-6.88,2.41,12.18,15.10,19.40,18.08,13.74
28592.00,-6.95,0.76,5.04,12.69,18.75,19.40,14.86,9.31
28596.00,-7.58,4.06,9.41,14.61,16.29,16.19,12.47,6.52
28600.00,-1.85,3.51,10.71,19.07,19.04,15.39,8.24,1.22
28604.00,-0.32,6.89,13.29,19.10,18.20,14.16,5.28,-2.05
28608.00,6.50,12.91,15.54,15.84,12.28,9.35,2.68,-9.37
28612.00,6.58,12.19,14.10,13.58,9.39,4.55,-2.96,-10.68
28616.00,9.45,14.59,16.88,13.61,8.88,1.63,-8.63,-13.87
28620.00,9.51,16.98,14.60,10.32,5.84,-2.66,-9.72,-15.48
28624.00,11.03,15.29,12.15,7.80,-1.02,-5.36,-13.88,-18.20
28628.00,12.06,12.54,9.09,4.50,-4.45,-11.10,-16.57,-17.16
28632.00,14.05,12.46,4.28,-0.43,-4.30,-12.97,-13.43,-15.73
28636.00,13.28,10.16,1.12,-4.23,-11.49,-11.42,-14.09,-14.86
28640.00,12.28,6.82,-1.08,-7.79,-10.47,-13.61,-14.75,-9.17
28644.00,9.32,4.26,-2.86,-10.63,-10.25,-14.03,-13.38,-7.07
28648.00,3.10,-0.55,-7.07,-12.41,-10.44,-14.68,-8.06,-4.55
28652.00,2.00,-3.77,-8.92,-9.91,-13.70,-10.29,-8.55,-0.32
28656.00,2.57,-6.26,-9.32,-13.94,-12.79,-11.11,-6.55,0.78
28660.00,-0.98,-7.60,-12.08,-11.60,-10.29,-6.03,-2.14,2.86
28664.00,-6.53,-8.16,-9.47,-12.61,-8.17,-3.24,0.73,-0.66
28668.00,-8.03,-10.32,-11.78,-7.05,-3.69,-2.91,-0.23,3.54
28672.00,-9.92,-8.47,-7.32,-7.42,-5.12,2.03,3.70,0.95
28676.00,-11.04,-8.87,-10.17,-5.30,-2.30,1.01,4.07,1.01
28680.00,-7.41,-10.52,-8.69,-5.53,-0.90,3.49,-0.35,-2.54
28684.00,-6.80,-5.44,-6.09,-2.87,-0.45,2.75,0.57,-3.47
28688.00,-9.08,-7.86,-4.62,-0.82,3.31,1.01,-5.16,-9.93
28692.00,-5.21,-5.26,1.43,0.80,1.58,0.21,-4.68,-15.00
28696.00,-3.37,-1.41,0.76,1.71,2.47,-4.28,-7.91,-17.10
28700.00,-1.26,0.02,1.18,-0.32,1.96,-7.69,-13.93,-17.21
28704.00,-1.60,-0.16,2.98,3.34,-2.81,-6.86,-16.14,-20.55
28708.00,1.47,1.22,2.09,-0.68,-4.31,-13.42,-18.32,-22.72
28712.00,0.36,4.81,1.01,-4.31,-8.19,-16.87,-20.39,-25.82
28716.00,3.53,1.41,0.43,-6.78,-13.82,-17.38,-23.68,-25.83
28720.00,3.15,3.59,-4.45,-7.60,-13.71,-21.68,-25.27,-26.60
28724.00,2.31,0.01,-7.15,-9.79,-20.02,-24.52,-22.82,-22.98
28728.00,1.92,-1.08,-5.67,-12.16,-20.02,-22.59,-22.74,-19.59
28732.00,-1.19,-2.03,-11.10,-15.93,-23.22,-23.97,-22.71,-18.84
28736.00,-1.71,-6.14,-12.75,-17.28,-21.58,-24.07,-18.45,-14.38
28740.00,-4.52,-12.07,-17.14,-19.78,-25.45,-20.02,-14.35,-5.20
28744.00,-5.57,-12.93,-18.19,-22.96,-24.23,-21.73,-10.34,-1.35
28748.00,-10.49,-14.02,-22.50,-22.18,-19.30,-18.01,-5.21,2.12
28752.00,-11.22,-17.85,-21.49,-19.55,-19.01,-12.00,-3.89,5.83
28756.00,-15.32,-17.62,-23.77,-20.31,-13.84,-4.97,2.50,14.11
28760.00,-14.47,-20.93,-19.17,-18.18,-11.17,-4.28,9.10,17.24
28764.00,-20.31,-22.64,-17.85,-13.92,-7.16,0.10,10.77,17.01
28768.00,-20.14,-17.48,-18.08,-9.30,-1.29,4.94,14.89,17.37
28772.00,-17.34,-17.26,-12.05,-7.30,0.55,9.40,15.76,19.18
28776.00,-20.54,-15.14,-12.09,-1.26,7.83,13.67,16.61,17.12
28780.00,-15.60,-12.25,-5.85,-0.49,10.27,15.62,21.50,18.58
28784.00,-16.65,-11.90,-2.47,5.27,14.37,15.94,18.04,13.41
28788.00,-10.83,-6.02,3.06,10.45,14.69,17.40,16.76,13.79
28792.00,-11.91,-1.26,2.52,14.06,14.99,17.30,14.10,9.13
28796.00,-5.00,1.10,7.17,13.00,17.89,17.27,9.27,0.67
28800.00,-3.47,1.59,10.22,16.93,13.96,11.91,5.87,0.75
28804.00,-0.60,5.22,14.83,16.18,16.01,11.69,5.29,-3.44
28808.00,4.62,9.46,15.42,17.21,12.43,8.08,1.26,-7.91
28812.00,4.37,12.41,15.20,15.35,9.46,5.38,-6.31,-12.89
28816.00,6.61,14.07,15.67,10.77,7.74,-0.64,-10.00,-16.01
28820.00,10.34,11.46,14.32,10.43,5.31,-5.51,-12.01,-14.07
28824.00,10.15,11.80,9.79,7.82,-1.04,-8.44,-11.26,-14.43
28828.00,13.16,13.93,10.51,3.67,-4.37,-9.07,-17.06,-14.10
28832.00,14.26,11.01,4.20,0.01,-7.92,-13.21,-17.32,-14.34
28836.00,9.24,10.29,3.65,-5.10,-10.43,-11.35,-13.35,-12.89
28840.00,12.13,7.79,1.22,-6.06,-10.15,-13.08,-12.89,-8.38
28844.00,10.08,1.28,-4.73,-7.62,-14.64,-11.59,-13.93,-6.03
28848.00,4.48,-1.41,-4.16,-8.05,-12.69,-11.88,-9.60,-7.66
28852.00,3.65,-0.16,-8.20,-11.87,-13.29,-9.93,-8.72,-5.17
28856.00,0.35,-3.91,-10.64,-11.22,-9.11,-7.49,-2.70,-1.99
28860.00,-0.82,-8.06,-11.28,-13.58,-7.31,-6.65,-0.20,0.56
28864.00,-5.44,-7.30,-10.42,-8.80,-8.47,-2.37,1.21,1.03
28868.00,-5.71,-7.62,-12.12,-10.96,-4.70,-1.94,1.97,4.94
28872.00,-5.72,-8.53,-8.86,-4.57,-1.60,-0.97,0.99,-0.16
28876.00,-7.10,-8.08,-7.65,-5.79,-0.53,3.40,1.56,-1.68
28880.00,-6.04,-9.34,-3.09,0.38,3.44,4.97,4.25,-1.77
28884.00,-8.93,-7.08,-2.86,-1.29,0.31,5.02,-1.03,-5.67
28888.00,-6.19,-4.01,0.09,1.14,5.47,2.38,-0.97,-7.47
28892.00,-5.87,-3.66,2.45,1.09,1.15,1.11,-4.69,-10.72
28896.00,-3.30,1.41,2.52,4.12,3.99,1.21,-7.71,-15.15
28900.00,-3.66,2.05,4.26,3.04,0.73,-1.79,-10.61,-17.21
28904.00,-1.03,0.61,4.85,4.10,-1.84,-4.99,-11.39,-21.57
28908.00,-0.55,1.14,4.78,2.62,-5.35,-8.50,-18.97,-22.14
28912.00,1.47,3.66,2.17,-1.78,-6.47,-12.64,-19.23,-23.56
28916.00,3.51,4.17,2.53,-1.93,-11.52,-18.16,-21.46,-25.55
28920.00,4.93,5.08,-1.64,-4.83,-13.56,-17.83,-22.80,-20.18
28924.00,2.72,2.35,-1.15,-7.15,-16.69,-22.14,-22.00,-20.15
28928.00,5.43,1.56,-6.51,-12.84,-19.38,-19.57,-22.01,-16.72
28932.00,1.03,-2.16,-9.71,-14.99,-20.02,-23.50,-22.05,-14.85
28936.00,-1.88,-4.38,-11.12,-17.57,-20.16,-18.48,-15.10,-10.82
28940.00,-2.65,-8.01,-13.29,-18.30,-21.22,-21.41,-13.53,-3.12
28944.00,-5.06,-10.58,-13.92,-18.34,-19.53,-15.94,-9.04,-0.24
28948.00,-6.83,-12.02,-17.98,-19.14,-19.91,-13.22,-3.16,6.96
28952.00,-7.53,-14.32,-17.38,-17.77,-14.66,-10.00,3.23,11.11
28956.00,-12.26,-18.59,-18.97,-18.18,-11.08,-3.08,3.86,17.99
28960.00,-12.54,-19.14,-15.43,-15.42,-10.29,1.79,13.44,21.17
28964.00,-15.57,-17.87,-17.45,-11.08,-4.68,4.86,13.36,22.79
28968.00,-14.57,-17.32,-15.64,-7.00,1.31,8.91,20.89,23.79
28972.00,-18.43,-13.18,-9.46,-5.01,7.05,15.71,21.30,22.69
28976.00,-16.62,-13.01,-5.93,-0.52,11.47,19.09,21.97,26.04
28980.00,-13.95,-9.65,-5.65,4.02,12.25,18.12,25.11,20.82
28984.00,-12.83,-9.25,-0.66,7.40,19.02,22.14,24.23,21.06
28988.00,-8.70,-2.77,5.28,12.45,17.07,23.43,20.11,13.57
28992.00,-7.26,-1.62,9.89,14.69,19.94,20.15,18.50,13.84
28996.00,-6.00,5.18,10.06,18.78,20.45,20.59,15.67,9.68
29000.00,-0.29,6.36,15.99,20.62,19.66,18.60,9.42,3.70
29004.00,2.02,11.26,18.24,21.55,19.02,15.17,7.18,1.65
29008.00,7.45,16.06,18.83,21.89,17.68,9.19,1.62,-3.96
29012.00,10.35,14.50,16.52,16.34,15.56,7.22,1.64,-5.96
29016.00,11.84,18.62,16.69,18.29,13.48,6.48,-2.16,-7.63
29020.00,13.42,15.65,16.15,13.01,9.41,-1.32,-4.22,-11.58
29024.00,17.52,17.53,17.26,12.14,2.18,-4.78,-8.25,-12.77
29028.00,17.02,17.51,10.73,7.60,-0.91,-7.37,-11.45,-10.23
29032.00,14.24,16.51,10.81,6.34,-0.34,-6.71,-8.84,-11.78
29036.00,15.11,13.61,9.83,3.44,-4.96,-6.38,-10.33,-9.56
29040.00,11.66,8.65,2.14,-1.08,-7.09,-10.17,-10.07,-5.57
29044.00,9.64,6.74,-0.93,-3.77,-9.93,-8.55,-6.60,-2.39
29048.00,11.40,5.74,-1.61,-7.53,-5.63,-9.05,-4.25,0.42
29052.00,4.72,3.84,-3.54,-8.49,-7.72,-7.10,-0.20,1.75
29056.00,3.66,1.14,-5.66,-4.98,-6.93,-1.87,-0.66,3.96
29060.00,4.06,-2.98,-6.48,-6.58,-2.48,-2.85,1.82,7.19
29064.00,-0.74,-2.36,-3.35,-7.10,-4.21,1.63,5.83,8.53
29068.00,-0.45,-3.68,-5.30,-2.13,-1.58,4.72,8.49,9.08
29072.00,-2.09,-5.93,-2.32,-0.58,3.67,5.63,6.42,10.06
29076.00,-1.93,-6.33,-3.32,0.62,4.69,6.50,6.11,7.03
29080.00,-6.18,-1.49,-2.29,0.51,4.10,9.08,9.15,4.40
29084.00,-3.78,-2.18,-0.02,2.86,5.80,8.90,4.34,0.42
29088.00,-2.47,-2.20,5.03,6.56,7.86,8.11,5.89,-2.07
29092.00,1.04,-0.27,7.03,9.59,7.97,4.48,1.04,-7.23
29096.00,-1.45,2.89,5.58,6.52,6.18,4.58,-3.06,-10.01
29100.00,2.03,6.02,10.36,6.11,8.60,-0.18,-4.55,-13.93
29104.00,1.45,5.35,10.40,6.97,3.72,-3.22,-7.21,-15.92
29108.00,5.79,6.20,10.59,8.41,3.05,-3.39,-10.93,-15.11
29112.00,7.80,8.29,8.48,5.10,-0.09,-7.24,-12.53,-19.45
29116.00,6.08,9.18,4.77,0.15,-5.87,-12.99,-17.02,-18.29
29120.00,8.94,8.48,5.03,0.31,-7.02,-11.15,-17.63,-13.88
29124.00,9.41,7.47,0.50,-3.71,-9.37,-16.78,-14.87,-12.37
29128.00,9.71,3.98,-0.64,-4.45,-12.10,-16.69,-13.49,-12.10
29132.00,6.92,0.55,-5.90,-8.83,-13.10,-15.97,-12.69,-7.80
29136.00,3.88,-0.55,-5.81,-10.64,-17.63,-14.05,-12.57,-2.24
29140.00,3.89,-3.05,-10.52,-13.35,-13.14,-13.05,-5.61,2.99
29144.00,-0.91,-6.91,-13.57,-12.18,-15.44,-11.16,-1.97,6.57
29148.00,-1.76,-9.06,-12.14,-13.54,-14.72,-5.63,3.43,12.70
29152.00,-6.42,-9.61,-13.64,-15.38,-11.15,-4.74,7.19,19.41
29156.00,-6.02,-13.89,-15.49,-11.62,-7.98,-0.01,13.82,23.97
29160.00,-9.66,-13.09,-12.05,-9.37,-3.25,8.40,18.79,26.88
29164.00,-11.79,-13.83,-13.21,-9.13,0.40,13.00,22.43,26.83
29168.00,-14.01,-13.02,-9.39,-1.54,3.55,15.67,25.01,30.89
29172.00,-13.43,-13.42,-4.60,2.22,9.82,17.74,26.28,31.03
29176.00,-13.94,-10.34,-3.86,7.19,12.30,23.78,29.82,31.62
29180.00,-10.55,-4.33,0.66,8.61,18.20,24.99,26.63,29.51
29184.00,-7.37,-4.18,5.99,12.48,20.43,25.06,29.36,24.54
29188.00,-6.18,1.29,8.87,14.45,21.28,28.46,24.42,19.83
29192.00,-5.90,5.93,14.43,19.05,26.16,27.73,22.67,16.03
29196.00,-2.08,7.57,13.12,20.70,23.11,25.40,21.45,12.19
29200.00,4.35,13.51,20.88,21.30,26.21,21.06,14.82,7.48
29204.00,8.54,14.59,20.39,23.58,21.74,21.32,11.12,3.18
29208.00,12.11,15.98,22.94,24.62,19.97,14.20,6.74,-1.10
29212.00,12.82,17.25,21.93,21.58,17.72,13.67,4.43,-3.00
29216.00,13.59,19.95,21.60,19.48,14.31,7.43,1.14,-4.75
29220.00,15.66,20.55,19.76,15.86,9.89,5.03,0.09,-7.12
29224.00,19.52,20.14,17.83,14.40,9.60,2.47,-6.18,-5.27
29228.00,20.43,20.80,18.49,9.20,4.61,-1.52,-3.94,-6.94
29232.00,21.36,19.55,11.24,8.98,2.37,-2.26,-7.37,-3.97
29236.00,16.01,16.79,8.04,4.23,1.31,-3.67,-4.36,-4.66
29240.00,18.36,12.94,8.70,1.35,-4.82,-4.80,-7.09,0.31
29244.00,16.05,9.46,6.49,-1.72,-4.10,-3.79,-0.79,2.89
29248.00,13.59,8.53,0.18,-2.74,-7.07,-2.36,-1.77,5.07
29252.00,8.64,6.28,-2.11,-1.43,-2.67,-1.79,1.32,5.75
29256.00,7.99,-0.22,-2.08,-3.38,-5.65,0.76,3.73,10.95
29260.00,5.73,1.71,-3.39,-4.32,-1.89,2.81,7.27,13.03
29264.00,2.72,-3.19,-5.29,-2.77,0.02,3.42,10.72,13.05
29268.00,-0.38,-3.61,-3.62,-2.00,0.36,8.49,11.28,9.49
29272.00,-3.80,-1.69,-4.54,-0.20,3.72,10.07,8.92,11.48
29276.00,-0.89,-3.03,1.11,1.94,6.37,10.43,11.18,9.91
29280.00,-3.82,-1.44,1.08,3.97,8.65,12.96,9.10,9.13
29284.00,-3.62,1.71,2.26,5.23,10.98,10.23,7.26,2.36
29288.00,-3.37,3.49,4.08,6.49,10.50,12.18,7.29,2.48
29292.00,-0.68,5.40,6.86,9.92,8.72,7.47,3.62,-1.98
29296.00,1.95,7.45,8.13,12.52,11.60,6.94,0.55,-5.00
29300.00,1.81,9.24,9.53,12.42,10.26,4.31,-1.29,-8.88
29304.00,4.96,9.48,10.02,7.52,7.94,-0.44,-4.95,-11.15
29308.00,8.53,10.16,10.32,10.07,4.76,-5.04,-10.06,-14.68
29312.00,7.07,7.85,6.81,7.39,1.19,-4.27,-12.22,-13.82
29316.00,8.75,8.74,5.05,5.17,-1.11,-8.04,-14.81,-18.48
29320.00,9.30,9.04,5.75,-2.20,-7.00,-13.85,-13.88,-16.22
29324.00,6.59,6.24,4.25,-4.97,-7.25,-15.49,-13.79,-14.80
29328.00,5.92,6.68,-1.35,-5.86,-9.91,-14.17,-13.70,-8.22
29332.00,6.38,0.88,-5.04,-10.97,-16.09,-16.70,-12.22,-7.84
29336.00,3.66,-1.85,-5.65,-13.09,-15.39,-17.18,-9.07,-0.52
29340.00,3.06,-3.75,-10.13,-13.39,-15.23,-15.64,-5.85,2.25
29344.00,2.18,-4.76,-12.00,-16.35,-13.18,-9.88,-0.59,7.59
29348.00,-2.81,-8.76,-11.05,-14.09,-12.32,-8.32,3.98,11.39
29352.00,-4.27,-11.82,-14.53,-14.78,-9.62,-2.13,6.06,17.37
29356.00,-8.66,-14.00,-16.52,-12.36,-5.16,1.36,13.92,23.59
29360.00,-10.16,-10.94,-16.21,-8.69,-4.35,4.22,18.08,25.34
29364.00,-11.97,-12.79,-11.72,-5.60,1.16,8.98,17.90,28.19
29368.00,-12.78,-13.88,-12.53,-1.98,4.99,16.16,21.86,29.67
29372.00,-11.51,-12.79,-8.77,0.39,11.35,20.51,25.97,28.18
29376.00,-12.38,-9.42,-4.92,3.80,11.80,21.33,28.13,29.61
29380.00,-12.88,-7.55,-2.56,9.67,14.95,24.58,26.54,24.03
29384.00,-8.09,-2.22,4.76,13.17,20.25,23.73,27.67,24.84
29388.00,-9.73,-1.19,9.20,13.63,23.55,24.79,24.09,17.94
29392.00,-2.17,0.64,11.12,17.08,22.73,26.19,22.70,16.92
29396.00,-1.15,4.09,15.31,22.92,21.63,23.55,19.46,10.82
29400.00,3.16,10.24,15.71,20.08,25.72,18.38,16.69,7.20
29404.00,3.70,10.54,20.80,22.10,19.54,17.43,9.47,3.45
29408.00,8.90,16.86,18.37,21.30,21.24,11.63,6.27,-2.52
29412.00,10.33,18.55,21.52,19.03,16.77,8.87,3.55,-4.18
29416.00,13.86,16.64,17.79,16.96,13.29,3.85,-0.26,-5.75
29420.00,17.24,18.46,19.65,17.21,7.88,4.04,-3.86,-8.59
29424.00,16.47,16.08,19.06,12.31,3.16,-2.33,-5.70,-8.05
29428.00,17.87,18.71,12.79,7.58,1.18,-3.24,-9.37,-11.54
29432.00,14.58,15.58,12.15,5.69,-2.10,-6.07,-10.64,-8.14
29436.00,14.63,15.52,7.21,3.83,-2.00,-5.43,-6.99,-7.26
29440.00,12.00,12.59,2.97,-0.98,-5.45,-9.91,-8.70,-6.72
29444.00,12.06,9.58,4.17,-2.55,-7.88,-7.32,-4.58,-2.04
29448.00,7.00,6.83,-2.43,-5.34,-5.68,-5.51,-5.49,2.58
29452.00,8.43,0.49,-3.73,-6.16,-9.34,-5.21,-2.44,3.97
29456.00,1.49,-3.10,-5.14,-6.78,-6.14,-4.49,0.42,3.22
29460.00,0.34,-0.85,-4.92,-8.20,-5.33,-1.18,1.01,5.09
29464.00,-2.36,-4.42,-4.99,-6.52,-1.72,-0.45,4.16,7.16
29468.00,-2.71,-8.12,-4.24,-6.37,-2.83,4.04,5.74,9.28
29472.00,-5.91,-4.15,-7.03,-3.78,3.33,3.01,7.80,5.35
29476.00,-3.40,-7.71,-4.01,1.54,2.82,7.58,6.78,2.78
29480.00,-4.41,-5.06,-3.89,0.37,5.80,5.63,7.50,3.60
29484.00,-7.33,-5.95,-1.53,4.20,7.63,8.63,4.18,-1.00
29488.00,-6.03,0.20,0.29,6.08,6.43,7.94,4.56,-4.51
29492.00,-1.13,0.35,2.02,7.24,4.33,4.99,-2.12,-7.74
29496.00,-2.98,-0.22,6.10,4.87,7.45,3.38,-3.48,-11.43
29500.00,0.70,1.10,6.02,5.69,2.26,-0.85,-5.99,-16.49
29504.00,2.25,6.05,6.62,5.91,0.84,-3.29,-8.82,-15.63
29508.00,2.11,7.79,7.02,3.02,-1.78,-5.23,-14.38,-17.36
29512.00,3.76,5.40,4.87,1.53,-2.15,-9.34,-19.23,-19.00
29516.00,4.68,4.37,2.52,1.04,-9.64,-12.23,-21.15,-19.18
29520.00,5.21,5.80,2.87,-5.33,-8.50,-16.07,-19.22,-18.17
29524.00,5.39,3.67,-3.76,-8.64,-15.38,-20.32,-18.94,-18.16
29528.00,4.41,-1.02,-2.03,-11.72,-15.90,-19.64,-20.48,-16.58
29532.00,0.68,0.38,-5.56,-13.73,-16.10,-20.73,-17.05,-12.57
29536.00,2.22,-5.67,-7.84,-17.21,-17.48,-20.92,-14.32,-7.70
29540.00,-2.23,-5.69,-12.15,-19.94,-20.74,-20.75,-12.15,-4.31
29544.00,-1.74,-11.08,-15.23,-20.09,-17.30,-16.77,-7.74,4.08
29548.00,-7.50,-11.37,-14.84,-19.39,-16.41,-11.09,-4.65,8.92
29552.00,-8.98,-14.35,-18.53,-17.19,-15.96,-7.53,2.42,13.28
29556.00,-10.66,-16.61,-17.02,-15.39,-10.21,-6.16,5.21,17.49
29560.00,-12.04,-16.91,-19.97,-16.65,-7.19,-0.61,8.05,17.12
29564.00,-14.81,-18.75,-16.11,-14.90,-4.34,5.14,12.07,20.04
29568.00,-16.29,-19.44,-15.97,-7.71,-1.08,7.42,17.53,22.53
29572.00,-15.11,-15.38,-11.32,-5.89,2.81,13.15,21.81,20.87
29576.00,-14.58,-15.06,-8.42,-1.37,9.19,18.21,18.93,20.45
29580.00,-15.15,-13.59,-3.94,1.70,11.70,19.13,19.38,17.96
29584.00,-12.75,-6.72,0.98,6.56,15.88,19.08,18.29,15.09
29588.00,-12.32,-4.23,2.19,12.99,19.17,18.60,18.25,15.81
29592.00,-11.13,-1.04,6.28,12.15,20.78,19.55,15.93,9.84
29596.00,-7.27,1.49,7.93,13.27,18.82,17.58,10.70,7.28
29600.00,0.23,7.90,12.50,18.99,19.27,17.32,9.01,-0.33
29604.00,1.63,7.23,14.94,14.91,15.99,10.31,6.38,-4.48
29608.00,2.64,10.48,15.37,18.28,13.34,10.58,0.96,-9.45
29612.00,5.53,13.56,17.86,12.92,9.63,4.21,-5.96,-9.90
29616.00,12.05,15.50,13.92,11.81,9.87,-2.10,-8.88,-11.72
29620.00,13.18,13.30,13.72,8.33,1.87,-1.31,-8.90,-14.81
29624.00,15.07,11.81,13.97,5.46,-0.17,-7.01,-10.69,-15.52
29628.00,12.40,11.25,7.54,2.97,-3.45,-9.07,-15.77,-13.98
29632.00,13.83,12.23,4.24,0.64,-5.51,-9.41,-14.61,-15.36
29636.00,12.80,7.46,5.27,-2.37,-7.58,-12.46,-16.73,-15.16
29640.00,9.08,7.03,0.88,-7.40,-9.25,-11.41,-10.95,-12.50
29644.00,6.70,0.84,-1.63,-7.45,-12.02,-15.32,-13.15,-5.53
29648.00,6.48,2.35,-7.11,-8.09,-12.31,-11.25,-8.81,-7.70
29652.00,3.40,-2.38,-9.32,-11.20,-13.55,-11.44,-5.18,-5.01
29656.00,1.82,-3.51,-10.07,-12.32,-10.61,-7.29,-2.97,1.57
29660.00,-2.29,-5.18,-9.07,-13.05,-8.05,-8.90,-2.25,-0.32
29664.00,-4.04,-7.42,-12.26,-9.37,-5.93,-4.15,0.07,2.47
29668.00,-4.17,-7.63,-11.67,-9.71,-7.78,-1.72,1.50,-0.44
29672.00,-8.01,-10.25,-7.81,-8.61,-6.06,-0.20,1.16,1.32
29676.00,-10.02,-9.03,-6.40,-5.11,-3.97,1.83,0.52,-1.27
29680.00,-10.48,-8.53,-7.99,-4.39,-1.43,3.23,-0.48,-1.02
29684.00,-7.30,-7.88,-3.16,-1.46,1.78,3.27,-1.30,-5.72
29688.00,-7.02,-5.32,-1.47,2.38,3.77,3.23,-1.07,-8.43
29692.00,-4.63,-4.80,-1.06,2.59,2.19,-1.62,-3.93,-12.66
29696.00,-6.40,-0.10,-0.69,1.86,0.46,-2.51,-10.27,-17.95
29700.00,-1.53,2.09,0.59,3.32,-1.50,-5.08,-11.55,-18.73
29704.00,-4.02,3.34,-0.04,-0.22,-1.55,-10.69,-14.77,-21.24
29708.00,-2.37,1.71,-0.14,-0.57,-4.02,-13.84,-19.37,-25.53
29712.00,1.87,1.41,1.71,-0.67,-9.35,-15.52,-21.52,-27.71
29716.00,0.41,3.58,1.40,-6.56,-10.99,-18.73,-21.78,-28.19
29720.00,1.79,0.34,-1.92,-6.28,-12.37,-23.09,-23.36,-23.87
29724.00,1.91,-0.05,-6.72,-11.98,-18.33,-23.96,-27.14,-22.99
29728.00,3.04,-4.33,-9.47,-12.24,-17.78,-23.58,-23.25,-19.29
29732.00,-2.28,-4.34,-10.69,-17.09,-20.75,-26.70,-23.92,-16.79
29736.00,-0.59,-8.74,-12.15,-20.91,-23.86,-22.34,-19.98,-12.47
29740.00,-4.69,-9.99,-15.27,-22.25,-21.04,-21.51,-14.32,-5.87
29744.00,-5.21,-14.77,-18.61,-21.54,-23.51,-19.44,-10.91,-3.94
29748.00,-10.65,-15.79,-19.83,-24.07,-19.76,-16.05,-6.45,4.31
29752.00,-10.48,-16.95,-21.20,-21.31,-20.11,-11.44,-0.19,9.38
29756.00,-14.06,-19.56,-23.81,-19.68,-17.54,-9.85,4.32,10.29
29760.00,-15.69,-20.32,-20.12,-19.76,-11.69,-0.51,7.82,13.65
29764.00,-18.55,-20.07,-19.62,-15.40,-6.30,3.69,9.74,16.59
29768.00,-18.26,-21.05,-17.51,-9.63,-1.87,4.91,15.40,19.45
29772.00,-18.75,-20.42,-13.28,-7.27,2.28,8.71,19.61,20.27
29776.00,-20.47,-15.85,-13.05,-5.38,6.05,13.16,19.83,21.82
29780.00,-16.34,-12.49,-7.58,-0.06,10.02,16.69,19.87,16.21
29784.00,-14.28,-10.68,-2.00,5.07,11.79,15.71,18.54,15.56
29788.00,-10.99,-9.51,2.15,8.37,14.33,17.76,19.22,12.89
29792.00,-10.64,-2.28,6.98,10.66,15.11,19.79,13.80,6.02
29796.00,-4.75,-0.06,5.64,13.02,17.70,16.73,10.67,2.82
29800.00,-5.20,3.64,8.73,16.71,17.16,11.23,5.59,-0.72
29804.00,0.98,4.90,14.04,14.83,15.88,10.14,3.52,-5.92
29808.00,5.69,11.08,13.87,14.66,12.23,9.20,-2.09,-10.76
29812.00,4.50,10.73,13.88,12.03,11.60,1.02,-5.94,-14.49
29816.00,10.87,11.59,16.02,13.78,8.74,0.53,-9.55,-16.03
29820.00,9.60,14.94,11.99,7.71,5.40,-3.09,-9.12,-16.15
29824.00,14.23,14.42,9.79,7.07,-0.91,-9.16,-12.15,-18.96
29828.00,15.01,11.73,7.86,5.53,-6.27,-11.72,-14.04,-15.11
29832.00,11.95,12.42,6.19,-1.25,-5.79,-12.76,-17.34,-12.78
29836.00,13.13,10.36,3.91,-4.18,-8.07,-14.37,-15.84,-14.57
29840.00,11.68,4.56,-1.10,-7.26,-13.75,-15.99,-14.16,-9.83
29844.00,8.81,4.57,-4.24,-7.69,-13.30,-11.35,-14.42,-6.50
29848.00,5.61,0.74,-3.11,-12.20,-14.61,-10.78,-10.41,-3.14
29852.00,1.59,-2.41,-9.35,-10.93,-14.69,-10.50,-6.14,-2.54
29856.00,1.31,-7.20,-10.35,-13.23,-12.40,-9.06,-3.75,-1.47
29860.00,-1.88,-8.60,-10.63,-9.00,-8.08,-7.66,-4.45,-1.02
29864.00,-1.95,-9.59,-12.49,-9.62,-9.15,-3.52,-0.61,2.62
29868.00,-7.12,-9.10,-9.06,-6.48,-6.33,-2.55,1.63,0.78
29872.00,-9.79,-8.45,-10.93,-6.93,-2.58,1.76,3.31,3.41
29876.00,-6.97,-7.44,-7.46,-5.99,0.57,-0.30,1.75,-0.75
29880.00,-8.96,-9.19,-3.98,-3.70,1.71,4.30,3.25,-0.57
29884.00,-6.36,-5.03,-4.98,0.98,3.17,2.36,2.04,-3.83
29888.00,-8.01,-4.91,-3.57,3.89,4.51,1.54,-2.72,-7.62
29892.00,-6.17,-4.36,0.95,0.45,1.70,3.35,-5.78,-10.80
29896.00,-2.45,-2.71,3.11,2.45,3.32,-0.71,-6.24,-13.76
29900.00,-0.91,-0.84,3.93,3.80,0.65,-3.10,-9.55,-16.10
29904.00,-1.92,2.02,5.16,0.76,1.08,-4.72,-16.19,-19.80
29908.00,3.63,3.48,2.45,0.86,-5.18,-12.26,-16.68,-20.87
29912.00,4.36,3.79,2.11,-0.38,-5.81,-12.42,-17.50,-22.97
29916.00,1.85,6.25,3.70,-3.33,-9.16,-14.21,-23.17,-23.12
29920.00,2.66,2.71,-2.17,-8.00,-10.93,-20.34,-20.05,-24.67
29924.00,2.38,4.32,-1.31,-6.40,-15.00,-18.00,-23.17,-22.89
29928.00,5.65,-1.68,-6.67,-13.62,-16.12,-22.15,-20.95,-15.18
29932.00,1.16,-1.84,-7.53,-13.36,-18.47,-22.25,-19.89,-12.74
29936.00,-0.83,-6.74,-11.75,-17.54,-18.95,-21.28,-19.26,-9.66
29940.00,-1.30,-7.23,-14.26,-20.20,-20.15,-21.16,-12.24,-3.46
29944.00,-1.95,-10.03,-15.51,-19.11,-21.76,-18.66,-6.90,0.02
29948.00,-6.26,-12.54,-17.78,-21.59,-17.98,-11.33,-1.69,9.13
29952.00,-8.74,-14.02,-17.52,-19.49,-15.52,-10.47,2.54,13.24
29956.00,-12.37,-17.26,-16.26,-15.13,-13.01,-3.28,8.53,17.11
29960.00,-14.58,-15.45,-19.19,-13.17,-6.22,-1.30,10.18,17.71
29964.00,-15.03,-19.07,-18.58,-9.66,-2.22,3.97,17.31,20.83
29968.00,-14.91,-14.72,-15.73,-7.02,2.04,9.28,16.35,24.41
29972.00,-16.55,-17.63,-12.75,-3.88,4.19,13.44,22.53,25.83
29976.00,-14.02,-15.46,-5.67,0.11,10.40,19.40,21.51,22.98
29980.00,-12.57,-12.65,-2.80,4.35,11.37,22.66,21.25,20.39
29984.00,-13.11,-7.92,1.91,8.23,16.69,19.93,20.80,18.55
29988.00,-9.30,-3.30,5.41,14.80,17.89,20.80,19.60,17.54
29992.00,-6.65,-1.34,7.48,13.18,20.88,22.85,17.49,11.21
29996.00,-1.16,2.41,10.46,16.48,23.28,21.80,15.00,7.70
